trial,size,q,bot,outcome,steps,ship_seed,fire_seed,start,button,fire_start,rules,max_steps
0,60,0.3,bot1,burned,49,4880824594678194950,11664742628902093556,"(46, 18)","(15, 42)","(10, 45)",fireproof_button_v1,5000
0,60,0.3,bot2,burned,82,4880824594678194950,11664742628902093556,"(46, 18)","(15, 42)","(10, 45)",fireproof_button_v1,5000
0,60,0.3,bot3,burned,82,4880824594678194950,11664742628902093556,"(46, 18)","(15, 42)","(10, 45)",fireproof_button_v1,5000
0,60,0.3,bot4,burned,82,4880824594678194950,11664742628902093556,"(46, 18)","(15, 42)","(10, 45)",fireproof_button_v1,5000
1,60,0.3,bot1,success,29,7434173445672908301,7897010962943082706,"(6, 14)","(7, 18)","(58, 19)",fireproof_button_v1,5000
1,60,0.3,bot2,success,29,7434173445672908301,7897010962943082706,"(6, 14)","(7, 18)","(58, 19)",fireproof_button_v1,5000
1,60,0.3,bot3,success,29,7434173445672908301,7897010962943082706,"(6, 14)","(7, 18)","(58, 19)",fireproof_button_v1,5000
1,60,0.3,bot4,success,29,7434173445672908301,7897010962943082706,"(6, 14)","(7, 18)","(58, 19)",fireproof_button_v1,5000
2,60,0.3,bot1,success,11,190044780898357816,14023807499922203729,"(40, 28)","(39, 32)","(36, 17)",fireproof_button_v1,5000
2,60,0.3,bot2,success,11,190044780898357816,14023807499922203729,"(40, 28)","(39, 32)","(36, 17)",fireproof_button_v1,5000
2,60,0.3,bot3,success,11,190044780898357816,14023807499922203729,"(40, 28)","(39, 32)","(36, 17)",fireproof_button_v1,5000
2,60,0.3,bot4,success,11,190044780898357816,14023807499922203729,"(40, 28)","(39, 32)","(36, 17)",fireproof_button_v1,5000
3,60,0.3,bot1,success,62,3089524822988826655,54019993988281164,"(12, 29)","(17, 2)","(14, 40)",fireproof_button_v1,5000
3,60,0.3,bot2,success,62,3089524822988826655,54019993988281164,"(12, 29)","(17, 2)","(14, 40)",fireproof_button_v1,5000
3,60,0.3,bot3,success,62,3089524822988826655,54019993988281164,"(12, 29)","(17, 2)","(14, 40)",fireproof_button_v1,5000
3,60,0.3,bot4,success,62,3089524822988826655,54019993988281164,"(12, 29)","(17, 2)","(14, 40)",fireproof_button_v1,5000
4,60,0.3,bot1,success,67,7200924597947737724,12869857448877790166,"(53, 27)","(13, 46)","(48, 49)",fireproof_button_v1,5000
4,60,0.3,bot2,success,67,7200924597947737724,12869857448877790166,"(53, 27)","(13, 46)","(48, 49)",fireproof_button_v1,5000
4,60,0.3,bot3,success,67,7200924597947737724,12869857448877790166,"(53, 27)","(13, 46)","(48, 49)",fireproof_button_v1,5000
4,60,0.3,bot4,success,69,7200924597947737724,12869857448877790166,"(53, 27)","(13, 46)","(48, 49)",fireproof_button_v1,5000
5,60,0.3,bot1,success,27,29590395963640831,9244739118753925031,"(43, 19)","(57, 6)","(29, 59)",fireproof_button_v1,5000
5,60,0.3,bot2,success,27,29590395963640831,9244739118753925031,"(43, 19)","(57, 6)","(29, 59)",fireproof_button_v1,5000
5,60,0.3,bot3,success,27,29590395963640831,9244739118753925031,"(43, 19)","(57, 6)","(29, 59)",fireproof_button_v1,5000
5,60,0.3,bot4,success,27,29590395963640831,9244739118753925031,"(43, 19)","(57, 6)","(29, 59)",fireproof_button_v1,5000
6,60,0.3,bot1,success,86,11115947756913735232,2011943981993310560,"(58, 50)","(2, 24)","(42, 8)",fireproof_button_v1,5000
6,60,0.3,bot2,success,86,11115947756913735232,2011943981993310560,"(58, 50)","(2, 24)","(42, 8)",fireproof_button_v1,5000
6,60,0.3,bot3,success,86,11115947756913735232,2011943981993310560,"(58, 50)","(2, 24)","(42, 8)",fireproof_button_v1,5000
6,60,0.3,bot4,success,86,11115947756913735232,2011943981993310560,"(58, 50)","(2, 24)","(42, 8)",fireproof_button_v1,5000
7,60,0.3,bot1,success,31,12073152625733776718,10782032324221570598,"(2, 25)","(24, 30)","(46, 25)",fireproof_button_v1,5000
7,60,0.3,bot2,success,31,12073152625733776718,10782032324221570598,"(2, 25)","(24, 30)","(46, 25)",fireproof_button_v1,5000
7,60,0.3,bot3,success,31,12073152625733776718,10782032324221570598,"(2, 25)","(24, 30)","(46, 25)",fireproof_button_v1,5000
7,60,0.3,bot4,success,31,12073152625733776718,10782032324221570598,"(2, 25)","(24, 30)","(46, 25)",fireproof_button_v1,5000
8,60,0.3,bot1,success,53,11743655260410519506,1856811041664994791,"(51, 50)","(38, 30)","(44, 21)",fireproof_button_v1,5000
8,60,0.3,bot2,success,53,11743655260410519506,1856811041664994791,"(51, 50)","(38, 30)","(44, 21)",fireproof_button_v1,5000
8,60,0.3,bot3,success,53,11743655260410519506,1856811041664994791,"(51, 50)","(38, 30)","(44, 21)",fireproof_button_v1,5000
8,60,0.3,bot4,success,53,11743655260410519506,1856811041664994791,"(51, 50)","(38, 30)","(44, 21)",fireproof_button_v1,5000
9,60,0.3,bot1,burned,41,16686013007667620998,3395385325925554459,"(1, 13)","(9, 54)","(22, 37)",fireproof_button_v1,5000
9,60,0.3,bot2,success,95,16686013007667620998,3395385325925554459,"(1, 13)","(9, 54)","(22, 37)",fireproof_button_v1,5000
9,60,0.3,bot3,success,89,16686013007667620998,3395385325925554459,"(1, 13)","(9, 54)","(22, 37)",fireproof_button_v1,5000
9,60,0.3,bot4,success,87,16686013007667620998,3395385325925554459,"(1, 13)","(9, 54)","(22, 37)",fireproof_button_v1,5000
10,60,0.3,bot1,success,30,12643015253476691188,10072399572341532096,"(3, 36)","(11, 16)","(49, 11)",fireproof_button_v1,5000
10,60,0.3,bot2,success,30,12643015253476691188,10072399572341532096,"(3, 36)","(11, 16)","(49, 11)",fireproof_button_v1,5000
10,60,0.3,bot3,success,30,12643015253476691188,10072399572341532096,"(3, 36)","(11, 16)","(49, 11)",fireproof_button_v1,5000
10,60,0.3,bot4,success,30,12643015253476691188,10072399572341532096,"(3, 36)","(11, 16)","(49, 11)",fireproof_button_v1,5000
11,60,0.3,bot1,success,57,6974531123761774286,107003726430271329,"(4, 32)","(37, 10)","(48, 2)",fireproof_button_v1,5000
11,60,0.3,bot2,success,57,6974531123761774286,107003726430271329,"(4, 32)","(37, 10)","(48, 2)",fireproof_button_v1,5000
11,60,0.3,bot3,success,57,6974531123761774286,107003726430271329,"(4, 32)","(37, 10)","(48, 2)",fireproof_button_v1,5000
11,60,0.3,bot4,success,57,6974531123761774286,107003726430271329,"(4, 32)","(37, 10)","(48, 2)",fireproof_button_v1,5000
12,60,0.3,bot1,success,43,12169866840543649484,12257238153054129314,"(55, 25)","(36, 45)","(22, 3)",fireproof_button_v1,5000
12,60,0.3,bot2,success,43,12169866840543649484,12257238153054129314,"(55, 25)","(36, 45)","(22, 3)",fireproof_button_v1,5000
12,60,0.3,bot3,success,43,12169866840543649484,12257238153054129314,"(55, 25)","(36, 45)","(22, 3)",fireproof_button_v1,5000
12,60,0.3,bot4,success,43,12169866840543649484,12257238153054129314,"(55, 25)","(36, 45)","(22, 3)",fireproof_button_v1,5000
13,60,0.3,bot1,success,62,8753361800908370736,15323122353375758727,"(58, 56)","(28, 30)","(41, 20)",fireproof_button_v1,5000
13,60,0.3,bot2,success,62,8753361800908370736,15323122353375758727,"(58, 56)","(28, 30)","(41, 20)",fireproof_button_v1,5000
13,60,0.3,bot3,success,62,8753361800908370736,15323122353375758727,"(58, 56)","(28, 30)","(41, 20)",fireproof_button_v1,5000
13,60,0.3,bot4,success,74,8753361800908370736,15323122353375758727,"(58, 56)","(28, 30)","(41, 20)",fireproof_button_v1,5000
14,60,0.3,bot1,success,68,13103426541318369294,4124248507702786754,"(25, 1)","(46, 44)","(4, 35)",fireproof_button_v1,5000
14,60,0.3,bot2,success,68,13103426541318369294,4124248507702786754,"(25, 1)","(46, 44)","(4, 35)",fireproof_button_v1,5000
14,60,0.3,bot3,success,68,13103426541318369294,4124248507702786754,"(25, 1)","(46, 44)","(4, 35)",fireproof_button_v1,5000
14,60,0.3,bot4,success,68,13103426541318369294,4124248507702786754,"(25, 1)","(46, 44)","(4, 35)",fireproof_button_v1,5000
15,60,0.3,bot1,success,26,13353517274135524166,4563957599021304973,"(0, 13)","(4, 1)","(6, 46)",fireproof_button_v1,5000
15,60,0.3,bot2,success,26,13353517274135524166,4563957599021304973,"(0, 13)","(4, 1)","(6, 46)",fireproof_button_v1,5000
15,60,0.3,bot3,success,26,13353517274135524166,4563957599021304973,"(0, 13)","(4, 1)","(6, 46)",fireproof_button_v1,5000
15,60,0.3,bot4,success,26,13353517274135524166,4563957599021304973,"(0, 13)","(4, 1)","(6, 46)",fireproof_button_v1,5000
16,60,0.3,bot1,success,23,6722688550903174626,16047268709442246565,"(19, 56)","(26, 52)","(51, 13)",fireproof_button_v1,5000
16,60,0.3,bot2,success,23,6722688550903174626,16047268709442246565,"(19, 56)","(26, 52)","(51, 13)",fireproof_button_v1,5000
16,60,0.3,bot3,success,23,6722688550903174626,16047268709442246565,"(19, 56)","(26, 52)","(51, 13)",fireproof_button_v1,5000
16,60,0.3,bot4,success,23,6722688550903174626,16047268709442246565,"(19, 56)","(26, 52)","(51, 13)",fireproof_button_v1,5000
17,60,0.3,bot1,success,27,1192763341511364698,12788225915484070153,"(26, 16)","(10, 23)","(28, 19)",fireproof_button_v1,5000
17,60,0.3,bot2,success,27,1192763341511364698,12788225915484070153,"(26, 16)","(10, 23)","(28, 19)",fireproof_button_v1,5000
17,60,0.3,bot3,success,27,1192763341511364698,12788225915484070153,"(26, 16)","(10, 23)","(28, 19)",fireproof_button_v1,5000
17,60,0.3,bot4,success,27,1192763341511364698,12788225915484070153,"(26, 16)","(10, 23)","(28, 19)",fireproof_button_v1,5000
18,60,0.3,bot1,success,47,17029238078065195515,5995704077868082507,"(48, 10)","(23, 0)","(2, 30)",fireproof_button_v1,5000
18,60,0.3,bot2,success,47,17029238078065195515,5995704077868082507,"(48, 10)","(23, 0)","(2, 30)",fireproof_button_v1,5000
18,60,0.3,bot3,success,47,17029238078065195515,5995704077868082507,"(48, 10)","(23, 0)","(2, 30)",fireproof_button_v1,5000
18,60,0.3,bot4,success,47,17029238078065195515,5995704077868082507,"(48, 10)","(23, 0)","(2, 30)",fireproof_button_v1,5000
19,60,0.3,bot1,success,23,872528859645135428,6904496652261514426,"(26, 0)","(34, 13)","(6, 3)",fireproof_button_v1,5000
19,60,0.3,bot2,success,23,872528859645135428,6904496652261514426,"(26, 0)","(34, 13)","(6, 3)",fireproof_button_v1,5000
19,60,0.3,bot3,success,23,872528859645135428,6904496652261514426,"(26, 0)","(34, 13)","(6, 3)",fireproof_button_v1,5000
19,60,0.3,bot4,success,23,872528859645135428,6904496652261514426,"(26, 0)","(34, 13)","(6, 3)",fireproof_button_v1,5000
20,60,0.3,bot1,success,25,3413630357792764216,9772871442633011079,"(31, 47)","(48, 43)","(50, 28)",fireproof_button_v1,5000
20,60,0.3,bot2,success,25,3413630357792764216,9772871442633011079,"(31, 47)","(48, 43)","(50, 28)",fireproof_button_v1,5000
20,60,0.3,bot3,success,25,3413630357792764216,9772871442633011079,"(31, 47)","(48, 43)","(50, 28)",fireproof_button_v1,5000
20,60,0.3,bot4,success,25,3413630357792764216,9772871442633011079,"(31, 47)","(48, 43)","(50, 28)",fireproof_button_v1,5000
21,60,0.3,bot1,success,90,18338254382558802791,1907405162898698062,"(57, 26)","(3, 52)","(37, 18)",fireproof_button_v1,5000
21,60,0.3,bot2,success,90,18338254382558802791,1907405162898698062,"(57, 26)","(3, 52)","(37, 18)",fireproof_button_v1,5000
21,60,0.3,bot3,success,90,18338254382558802791,1907405162898698062,"(57, 26)","(3, 52)","(37, 18)",fireproof_button_v1,5000
21,60,0.3,bot4,success,90,18338254382558802791,1907405162898698062,"(57, 26)","(3, 52)","(37, 18)",fireproof_button_v1,5000
22,60,0.3,bot1,success,17,8355219778883487779,8096035844045680651,"(22, 27)","(33, 31)","(25, 4)",fireproof_button_v1,5000
22,60,0.3,bot2,success,17,8355219778883487779,8096035844045680651,"(22, 27)","(33, 31)","(25, 4)",fireproof_button_v1,5000
22,60,0.3,bot3,success,17,8355219778883487779,8096035844045680651,"(22, 27)","(33, 31)","(25, 4)",fireproof_button_v1,5000
22,60,0.3,bot4,success,17,8355219778883487779,8096035844045680651,"(22, 27)","(33, 31)","(25, 4)",fireproof_button_v1,5000
23,60,0.3,bot1,success,80,2583530930750118365,2465581008236522698,"(53, 16)","(6, 7)","(51, 25)",fireproof_button_v1,5000
23,60,0.3,bot2,success,80,2583530930750118365,2465581008236522698,"(53, 16)","(6, 7)","(51, 25)",fireproof_button_v1,5000
23,60,0.3,bot3,success,80,2583530930750118365,2465581008236522698,"(53, 16)","(6, 7)","(51, 25)",fireproof_button_v1,5000
23,60,0.3,bot4,success,80,2583530930750118365,2465581008236522698,"(53, 16)","(6, 7)","(51, 25)",fireproof_button_v1,5000
24,60,0.3,bot1,success,13,11900009873124677140,7422340041022067975,"(9, 6)","(3, 11)","(16, 13)",fireproof_button_v1,5000
24,60,0.3,bot2,success,13,11900009873124677140,7422340041022067975,"(9, 6)","(3, 11)","(16, 13)",fireproof_button_v1,5000
24,60,0.3,bot3,success,13,11900009873124677140,7422340041022067975,"(9, 6)","(3, 11)","(16, 13)",fireproof_button_v1,5000
24,60,0.3,bot4,success,13,11900009873124677140,7422340041022067975,"(9, 6)","(3, 11)","(16, 13)",fireproof_button_v1,5000
25,60,0.3,bot1,success,16,10062127116859626498,7265544783151429057,"(9, 40)","(19, 44)","(3, 31)",fireproof_button_v1,5000
25,60,0.3,bot2,success,16,10062127116859626498,7265544783151429057,"(9, 40)","(19, 44)","(3, 31)",fireproof_button_v1,5000
25,60,0.3,bot3,success,16,10062127116859626498,7265544783151429057,"(9, 40)","(19, 44)","(3, 31)",fireproof_button_v1,5000
25,60,0.3,bot4,success,16,10062127116859626498,7265544783151429057,"(9, 40)","(19, 44)","(3, 31)",fireproof_button_v1,5000
26,60,0.3,bot1,success,65,13015132447289096183,11989341080458020828,"(6, 56)","(39, 30)","(19, 17)",fireproof_button_v1,5000
26,60,0.3,bot2,success,65,13015132447289096183,11989341080458020828,"(6, 56)","(39, 30)","(19, 17)",fireproof_button_v1,5000
26,60,0.3,bot3,success,65,13015132447289096183,11989341080458020828,"(6, 56)","(39, 30)","(19, 17)",fireproof_button_v1,5000
26,60,0.3,bot4,success,65,13015132447289096183,11989341080458020828,"(6, 56)","(39, 30)","(19, 17)",fireproof_button_v1,5000
27,60,0.3,bot1,burned,11,17777043434284915870,12125717870251304547,"(36, 34)","(24, 0)","(38, 33)",fireproof_button_v1,5000
27,60,0.3,bot2,success,64,17777043434284915870,12125717870251304547,"(36, 34)","(24, 0)","(38, 33)",fireproof_button_v1,5000
27,60,0.3,bot3,success,64,17777043434284915870,12125717870251304547,"(36, 34)","(24, 0)","(38, 33)",fireproof_button_v1,5000
27,60,0.3,bot4,success,66,17777043434284915870,12125717870251304547,"(36, 34)","(24, 0)","(38, 33)",fireproof_button_v1,5000
28,60,0.3,bot1,success,30,7890645797771421578,3604246435333879237,"(9, 42)","(29, 42)","(25, 57)",fireproof_button_v1,5000
28,60,0.3,bot2,success,30,7890645797771421578,3604246435333879237,"(9, 42)","(29, 42)","(25, 57)",fireproof_button_v1,5000
28,60,0.3,bot3,success,30,7890645797771421578,3604246435333879237,"(9, 42)","(29, 42)","(25, 57)",fireproof_button_v1,5000
28,60,0.3,bot4,success,30,7890645797771421578,3604246435333879237,"(9, 42)","(29, 42)","(25, 57)",fireproof_button_v1,5000
29,60,0.3,bot1,success,42,13961848152786509642,13271404712709201425,"(16, 13)","(12, 37)","(35, 57)",fireproof_button_v1,5000
29,60,0.3,bot2,success,42,13961848152786509642,13271404712709201425,"(16, 13)","(12, 37)","(35, 57)",fireproof_button_v1,5000
29,60,0.3,bot3,success,42,13961848152786509642,13271404712709201425,"(16, 13)","(12, 37)","(35, 57)",fireproof_button_v1,5000
29,60,0.3,bot4,success,42,13961848152786509642,13271404712709201425,"(16, 13)","(12, 37)","(35, 57)",fireproof_button_v1,5000
30,60,0.3,bot1,success,59,10162661091477293867,5994367973503966298,"(46, 44)","(0, 49)","(54, 50)",fireproof_button_v1,5000
30,60,0.3,bot2,success,59,10162661091477293867,5994367973503966298,"(46, 44)","(0, 49)","(54, 50)",fireproof_button_v1,5000
30,60,0.3,bot3,success,59,10162661091477293867,5994367973503966298,"(46, 44)","(0, 49)","(54, 50)",fireproof_button_v1,5000
30,60,0.3,bot4,success,59,10162661091477293867,5994367973503966298,"(46, 44)","(0, 49)","(54, 50)",fireproof_button_v1,5000
31,60,0.3,bot1,success,74,876847791849809744,1440337296139658493,"(48, 8)","(6, 28)","(56, 12)",fireproof_button_v1,5000
31,60,0.3,bot2,success,74,876847791849809744,1440337296139658493,"(48, 8)","(6, 28)","(56, 12)",fireproof_button_v1,5000
31,60,0.3,bot3,success,74,876847791849809744,1440337296139658493,"(48, 8)","(6, 28)","(56, 12)",fireproof_button_v1,5000
31,60,0.3,bot4,success,74,876847791849809744,1440337296139658493,"(48, 8)","(6, 28)","(56, 12)",fireproof_button_v1,5000
32,60,0.3,bot1,success,54,11669073881494733466,12149657571158373275,"(15, 8)","(43, 30)","(19, 58)",fireproof_button_v1,5000
32,60,0.3,bot2,success,54,11669073881494733466,12149657571158373275,"(15, 8)","(43, 30)","(19, 58)",fireproof_button_v1,5000
32,60,0.3,bot3,success,54,11669073881494733466,12149657571158373275,"(15, 8)","(43, 30)","(19, 58)",fireproof_button_v1,5000
32,60,0.3,bot4,success,54,11669073881494733466,12149657571158373275,"(15, 8)","(43, 30)","(19, 58)",fireproof_button_v1,5000
33,60,0.3,bot1,success,35,5793772243922519604,1685004472550987456,"(26, 9)","(18, 34)","(50, 40)",fireproof_button_v1,5000
33,60,0.3,bot2,success,35,5793772243922519604,1685004472550987456,"(26, 9)","(18, 34)","(50, 40)",fireproof_button_v1,5000
33,60,0.3,bot3,success,35,5793772243922519604,1685004472550987456,"(26, 9)","(18, 34)","(50, 40)",fireproof_button_v1,5000
33,60,0.3,bot4,success,35,5793772243922519604,1685004472550987456,"(26, 9)","(18, 34)","(50, 40)",fireproof_button_v1,5000
34,60,0.3,bot1,success,47,12619618500344548895,16589625518926449567,"(1, 9)","(0, 35)","(6, 53)",fireproof_button_v1,5000
34,60,0.3,bot2,success,47,12619618500344548895,16589625518926449567,"(1, 9)","(0, 35)","(6, 53)",fireproof_button_v1,5000
34,60,0.3,bot3,success,47,12619618500344548895,16589625518926449567,"(1, 9)","(0, 35)","(6, 53)",fireproof_button_v1,5000
34,60,0.3,bot4,success,47,12619618500344548895,16589625518926449567,"(1, 9)","(0, 35)","(6, 53)",fireproof_button_v1,5000
35,60,0.3,bot1,success,31,16562062649373835180,3318716858119892643,"(30, 52)","(46, 37)","(32, 59)",fireproof_button_v1,5000
35,60,0.3,bot2,success,31,16562062649373835180,3318716858119892643,"(30, 52)","(46, 37)","(32, 59)",fireproof_button_v1,5000
35,60,0.3,bot3,success,31,16562062649373835180,3318716858119892643,"(30, 52)","(46, 37)","(32, 59)",fireproof_button_v1,5000
35,60,0.3,bot4,success,31,16562062649373835180,3318716858119892643,"(30, 52)","(46, 37)","(32, 59)",fireproof_button_v1,5000
36,60,0.3,bot1,success,54,18164057384909504287,18096897267944748992,"(0, 14)","(35, 25)","(22, 58)",fireproof_button_v1,5000
36,60,0.3,bot2,success,54,18164057384909504287,18096897267944748992,"(0, 14)","(35, 25)","(22, 58)",fireproof_button_v1,5000
36,60,0.3,bot3,success,54,18164057384909504287,18096897267944748992,"(0, 14)","(35, 25)","(22, 58)",fireproof_button_v1,5000
36,60,0.3,bot4,success,54,18164057384909504287,18096897267944748992,"(0, 14)","(35, 25)","(22, 58)",fireproof_button_v1,5000
37,60,0.3,bot1,success,39,4867056470450240029,1589547339802678519,"(49, 45)","(58, 17)","(22, 49)",fireproof_button_v1,5000
37,60,0.3,bot2,success,39,4867056470450240029,1589547339802678519,"(49, 45)","(58, 17)","(22, 49)",fireproof_button_v1,5000
37,60,0.3,bot3,success,39,4867056470450240029,1589547339802678519,"(49, 45)","(58, 17)","(22, 49)",fireproof_button_v1,5000
37,60,0.3,bot4,success,39,4867056470450240029,1589547339802678519,"(49, 45)","(58, 17)","(22, 49)",fireproof_button_v1,5000
38,60,0.3,bot1,success,13,15229443422142801630,4124352305686834551,"(29, 0)","(33, 5)","(37, 30)",fireproof_button_v1,5000
38,60,0.3,bot2,success,13,15229443422142801630,4124352305686834551,"(29, 0)","(33, 5)","(37, 30)",fireproof_button_v1,5000
38,60,0.3,bot3,success,13,15229443422142801630,4124352305686834551,"(29, 0)","(33, 5)","(37, 30)",fireproof_button_v1,5000
38,60,0.3,bot4,success,13,15229443422142801630,4124352305686834551,"(29, 0)","(33, 5)","(37, 30)",fireproof_button_v1,5000
39,60,0.3,bot1,success,20,2427986563880397145,16971872151537353636,"(33, 29)","(39, 15)","(41, 32)",fireproof_button_v1,5000
39,60,0.3,bot2,success,20,2427986563880397145,16971872151537353636,"(33, 29)","(39, 15)","(41, 32)",fireproof_button_v1,5000
39,60,0.3,bot3,success,20,2427986563880397145,16971872151537353636,"(33, 29)","(39, 15)","(41, 32)",fireproof_button_v1,5000
39,60,0.3,bot4,success,20,2427986563880397145,16971872151537353636,"(33, 29)","(39, 15)","(41, 32)",fireproof_button_v1,5000
40,60,0.3,bot1,burned,19,3742178724375267938,7098156698687163111,"(38, 55)","(37, 9)","(41, 43)",fireproof_button_v1,5000
40,60,0.3,bot2,success,95,3742178724375267938,7098156698687163111,"(38, 55)","(37, 9)","(41, 43)",fireproof_button_v1,5000
40,60,0.3,bot3,success,91,3742178724375267938,7098156698687163111,"(38, 55)","(37, 9)","(41, 43)",fireproof_button_v1,5000
40,60,0.3,bot4,success,91,3742178724375267938,7098156698687163111,"(38, 55)","(37, 9)","(41, 43)",fireproof_button_v1,5000
41,60,0.3,bot1,success,45,8642793514452072891,12605349181003446228,"(53, 14)","(20, 14)","(12, 32)",fireproof_button_v1,5000
41,60,0.3,bot2,success,45,8642793514452072891,12605349181003446228,"(53, 14)","(20, 14)","(12, 32)",fireproof_button_v1,5000
41,60,0.3,bot3,success,45,8642793514452072891,12605349181003446228,"(53, 14)","(20, 14)","(12, 32)",fireproof_button_v1,5000
41,60,0.3,bot4,success,45,8642793514452072891,12605349181003446228,"(53, 14)","(20, 14)","(12, 32)",fireproof_button_v1,5000
42,60,0.3,bot1,burned,15,6831678955795621920,16546334619187092008,"(36, 59)","(31, 17)","(32, 47)",fireproof_button_v1,5000
42,60,0.3,bot2,success,79,6831678955795621920,16546334619187092008,"(36, 59)","(31, 17)","(32, 47)",fireproof_button_v1,5000
42,60,0.3,bot3,success,79,6831678955795621920,16546334619187092008,"(36, 59)","(31, 17)","(32, 47)",fireproof_button_v1,5000
42,60,0.3,bot4,success,83,6831678955795621920,16546334619187092008,"(36, 59)","(31, 17)","(32, 47)",fireproof_button_v1,5000
43,60,0.3,bot1,success,51,17960749900291348577,15114058637942341231,"(41, 17)","(3, 16)","(4, 51)",fireproof_button_v1,5000
43,60,0.3,bot2,success,51,17960749900291348577,15114058637942341231,"(41, 17)","(3, 16)","(4, 51)",fireproof_button_v1,5000
43,60,0.3,bot3,success,51,17960749900291348577,15114058637942341231,"(41, 17)","(3, 16)","(4, 51)",fireproof_button_v1,5000
43,60,0.3,bot4,success,51,17960749900291348577,15114058637942341231,"(41, 17)","(3, 16)","(4, 51)",fireproof_button_v1,5000
44,60,0.3,bot1,success,15,13192441391178578424,14599197643657534525,"(56, 21)","(48, 20)","(44, 11)",fireproof_button_v1,5000
44,60,0.3,bot2,success,15,13192441391178578424,14599197643657534525,"(56, 21)","(48, 20)","(44, 11)",fireproof_button_v1,5000
44,60,0.3,bot3,success,15,13192441391178578424,14599197643657534525,"(56, 21)","(48, 20)","(44, 11)",fireproof_button_v1,5000
44,60,0.3,bot4,success,15,13192441391178578424,14599197643657534525,"(56, 21)","(48, 20)","(44, 11)",fireproof_button_v1,5000
45,60,0.3,bot1,success,80,6151432771010730405,8824476945100395890,"(6, 25)","(55, 46)","(34, 20)",fireproof_button_v1,5000
45,60,0.3,bot2,success,80,6151432771010730405,8824476945100395890,"(6, 25)","(55, 46)","(34, 20)",fireproof_button_v1,5000
45,60,0.3,bot3,success,80,6151432771010730405,8824476945100395890,"(6, 25)","(55, 46)","(34, 20)",fireproof_button_v1,5000
45,60,0.3,bot4,success,82,6151432771010730405,8824476945100395890,"(6, 25)","(55, 46)","(34, 20)",fireproof_button_v1,5000
46,60,0.3,bot1,success,86,16203651906934175873,2755235530290208288,"(54, 13)","(1, 32)","(51, 39)",fireproof_button_v1,5000
46,60,0.3,bot2,success,86,16203651906934175873,2755235530290208288,"(54, 13)","(1, 32)","(51, 39)",fireproof_button_v1,5000
46,60,0.3,bot3,success,86,16203651906934175873,2755235530290208288,"(54, 13)","(1, 32)","(51, 39)",fireproof_button_v1,5000
46,60,0.3,bot4,success,86,16203651906934175873,2755235530290208288,"(54, 13)","(1, 32)","(51, 39)",fireproof_button_v1,5000
47,60,0.3,bot1,success,19,16576857284816487903,16933012228770398203,"(50, 28)","(43, 40)","(6, 16)",fireproof_button_v1,5000
47,60,0.3,bot2,success,19,16576857284816487903,16933012228770398203,"(50, 28)","(43, 40)","(6, 16)",fireproof_button_v1,5000
47,60,0.3,bot3,success,19,16576857284816487903,16933012228770398203,"(50, 28)","(43, 40)","(6, 16)",fireproof_button_v1,5000
47,60,0.3,bot4,success,19,16576857284816487903,16933012228770398203,"(50, 28)","(43, 40)","(6, 16)",fireproof_button_v1,5000
48,60,0.3,bot1,success,50,10818763723939486642,7548670190462501290,"(21, 26)","(49, 8)","(27, 33)",fireproof_button_v1,5000
48,60,0.3,bot2,success,50,10818763723939486642,7548670190462501290,"(21, 26)","(49, 8)","(27, 33)",fireproof_button_v1,5000
48,60,0.3,bot3,success,50,10818763723939486642,7548670190462501290,"(21, 26)","(49, 8)","(27, 33)",fireproof_button_v1,5000
48,60,0.3,bot4,success,50,10818763723939486642,7548670190462501290,"(21, 26)","(49, 8)","(27, 33)",fireproof_button_v1,5000
49,60,0.3,bot1,success,48,10189018670956358800,12965415009637705068,"(44, 48)","(33, 11)","(59, 6)",fireproof_button_v1,5000
49,60,0.3,bot2,success,48,10189018670956358800,12965415009637705068,"(44, 48)","(33, 11)","(59, 6)",fireproof_button_v1,5000
49,60,0.3,bot3,success,48,10189018670956358800,12965415009637705068,"(44, 48)","(33, 11)","(59, 6)",fireproof_button_v1,5000
49,60,0.3,bot4,success,48,10189018670956358800,12965415009637705068,"(44, 48)","(33, 11)","(59, 6)",fireproof_button_v1,5000
50,60,0.3,bot1,burned,38,16285618115668512550,16996000043092458609,"(45, 6)","(56, 44)","(51, 26)",fireproof_button_v1,5000
50,60,0.3,bot2,burned,61,16285618115668512550,16996000043092458609,"(45, 6)","(56, 44)","(51, 26)",fireproof_button_v1,5000
50,60,0.3,bot3,burned,60,16285618115668512550,16996000043092458609,"(45, 6)","(56, 44)","(51, 26)",fireproof_button_v1,5000
50,60,0.3,bot4,success,79,16285618115668512550,16996000043092458609,"(45, 6)","(56, 44)","(51, 26)",fireproof_button_v1,5000
51,60,0.3,bot1,success,68,1103663332571957643,4429417069752233861,"(49, 16)","(15, 48)","(45, 41)",fireproof_button_v1,5000
51,60,0.3,bot2,success,68,1103663332571957643,4429417069752233861,"(49, 16)","(15, 48)","(45, 41)",fireproof_button_v1,5000
51,60,0.3,bot3,success,68,1103663332571957643,4429417069752233861,"(49, 16)","(15, 48)","(45, 41)",fireproof_button_v1,5000
51,60,0.3,bot4,success,68,1103663332571957643,4429417069752233861,"(49, 16)","(15, 48)","(45, 41)",fireproof_button_v1,5000
52,60,0.3,bot1,success,25,15356956618612356779,8810739973327585091,"(7, 8)","(5, 25)","(47, 9)",fireproof_button_v1,5000
52,60,0.3,bot2,success,25,15356956618612356779,8810739973327585091,"(7, 8)","(5, 25)","(47, 9)",fireproof_button_v1,5000
52,60,0.3,bot3,success,25,15356956618612356779,8810739973327585091,"(7, 8)","(5, 25)","(47, 9)",fireproof_button_v1,5000
52,60,0.3,bot4,success,25,15356956618612356779,8810739973327585091,"(7, 8)","(5, 25)","(47, 9)",fireproof_button_v1,5000
53,60,0.3,bot1,success,24,3347260967220492386,10235422953420516841,"(43, 30)","(51, 18)","(31, 57)",fireproof_button_v1,5000
53,60,0.3,bot2,success,24,3347260967220492386,10235422953420516841,"(43, 30)","(51, 18)","(31, 57)",fireproof_button_v1,5000
53,60,0.3,bot3,success,24,3347260967220492386,10235422953420516841,"(43, 30)","(51, 18)","(31, 57)",fireproof_button_v1,5000
53,60,0.3,bot4,success,24,3347260967220492386,10235422953420516841,"(43, 30)","(51, 18)","(31, 57)",fireproof_button_v1,5000
54,60,0.3,bot1,success,23,3750553126766265827,10125635937400689670,"(15, 26)","(13, 45)","(5, 31)",fireproof_button_v1,5000
54,60,0.3,bot2,success,23,3750553126766265827,10125635937400689670,"(15, 26)","(13, 45)","(5, 31)",fireproof_button_v1,5000
54,60,0.3,bot3,success,23,3750553126766265827,10125635937400689670,"(15, 26)","(13, 45)","(5, 31)",fireproof_button_v1,5000
54,60,0.3,bot4,success,23,3750553126766265827,10125635937400689670,"(15, 26)","(13, 45)","(5, 31)",fireproof_button_v1,5000
55,60,0.3,bot1,success,64,4923655026296347750,4099552487712418791,"(19, 36)","(3, 2)","(20, 4)",fireproof_button_v1,5000
55,60,0.3,bot2,success,64,4923655026296347750,4099552487712418791,"(19, 36)","(3, 2)","(20, 4)",fireproof_button_v1,5000
55,60,0.3,bot3,success,64,4923655026296347750,4099552487712418791,"(19, 36)","(3, 2)","(20, 4)",fireproof_button_v1,5000
55,60,0.3,bot4,success,64,4923655026296347750,4099552487712418791,"(19, 36)","(3, 2)","(20, 4)",fireproof_button_v1,5000
56,60,0.3,bot1,success,65,3953158600772623661,2920057003408685321,"(53, 53)","(26, 23)","(43, 6)",fireproof_button_v1,5000
56,60,0.3,bot2,success,65,3953158600772623661,2920057003408685321,"(53, 53)","(26, 23)","(43, 6)",fireproof_button_v1,5000
56,60,0.3,bot3,success,65,3953158600772623661,2920057003408685321,"(53, 53)","(26, 23)","(43, 6)",fireproof_button_v1,5000
56,60,0.3,bot4,success,65,3953158600772623661,2920057003408685321,"(53, 53)","(26, 23)","(43, 6)",fireproof_button_v1,5000
57,60,0.3,bot1,success,37,1072766797153309108,13313089559408914182,"(34, 44)","(20, 29)","(18, 1)",fireproof_button_v1,5000
57,60,0.3,bot2,success,37,1072766797153309108,13313089559408914182,"(34, 44)","(20, 29)","(18, 1)",fireproof_button_v1,5000
57,60,0.3,bot3,success,37,1072766797153309108,13313089559408914182,"(34, 44)","(20, 29)","(18, 1)",fireproof_button_v1,5000
57,60,0.3,bot4,success,37,1072766797153309108,13313089559408914182,"(34, 44)","(20, 29)","(18, 1)",fireproof_button_v1,5000
58,60,0.3,bot1,success,87,8163867005698714084,13099575784370758921,"(42, 52)","(24, 1)","(57, 13)",fireproof_button_v1,5000
58,60,0.3,bot2,success,87,8163867005698714084,13099575784370758921,"(42, 52)","(24, 1)","(57, 13)",fireproof_button_v1,5000
58,60,0.3,bot3,success,87,8163867005698714084,13099575784370758921,"(42, 52)","(24, 1)","(57, 13)",fireproof_button_v1,5000
58,60,0.3,bot4,success,87,8163867005698714084,13099575784370758921,"(42, 52)","(24, 1)","(57, 13)",fireproof_button_v1,5000
59,60,0.3,bot1,success,84,3557110435295371816,14788249542485837532,"(2, 12)","(53, 41)","(10, 53)",fireproof_button_v1,5000
59,60,0.3,bot2,success,84,3557110435295371816,14788249542485837532,"(2, 12)","(53, 41)","(10, 53)",fireproof_button_v1,5000
59,60,0.3,bot3,success,84,3557110435295371816,14788249542485837532,"(2, 12)","(53, 41)","(10, 53)",fireproof_button_v1,5000
59,60,0.3,bot4,success,84,3557110435295371816,14788249542485837532,"(2, 12)","(53, 41)","(10, 53)",fireproof_button_v1,5000
60,60,0.3,bot1,success,31,16224631360599587725,6687499714904998776,"(45, 36)","(36, 48)","(13, 49)",fireproof_button_v1,5000
60,60,0.3,bot2,success,31,16224631360599587725,6687499714904998776,"(45, 36)","(36, 48)","(13, 49)",fireproof_button_v1,5000
60,60,0.3,bot3,success,31,16224631360599587725,6687499714904998776,"(45, 36)","(36, 48)","(13, 49)",fireproof_button_v1,5000
60,60,0.3,bot4,success,31,16224631360599587725,6687499714904998776,"(45, 36)","(36, 48)","(13, 49)",fireproof_button_v1,5000
61,60,0.3,bot1,success,21,8756067437947956045,3017699416307732348,"(18, 46)","(31, 38)","(1, 50)",fireproof_button_v1,5000
61,60,0.3,bot2,success,21,8756067437947956045,3017699416307732348,"(18, 46)","(31, 38)","(1, 50)",fireproof_button_v1,5000
61,60,0.3,bot3,success,21,8756067437947956045,3017699416307732348,"(18, 46)","(31, 38)","(1, 50)",fireproof_button_v1,5000
61,60,0.3,bot4,success,21,8756067437947956045,3017699416307732348,"(18, 46)","(31, 38)","(1, 50)",fireproof_button_v1,5000
62,60,0.3,bot1,success,53,13856547721669259272,7619884627258391988,"(35, 42)","(10, 16)","(41, 8)",fireproof_button_v1,5000
62,60,0.3,bot2,success,53,13856547721669259272,7619884627258391988,"(35, 42)","(10, 16)","(41, 8)",fireproof_button_v1,5000
62,60,0.3,bot3,success,53,13856547721669259272,7619884627258391988,"(35, 42)","(10, 16)","(41, 8)",fireproof_button_v1,5000
62,60,0.3,bot4,success,53,13856547721669259272,7619884627258391988,"(35, 42)","(10, 16)","(41, 8)",fireproof_button_v1,5000
63,60,0.3,bot1,success,69,7657688236868932702,17579418092505061134,"(7, 13)","(52, 29)","(22, 39)",fireproof_button_v1,5000
63,60,0.3,bot2,success,69,7657688236868932702,17579418092505061134,"(7, 13)","(52, 29)","(22, 39)",fireproof_button_v1,5000
63,60,0.3,bot3,success,69,7657688236868932702,17579418092505061134,"(7, 13)","(52, 29)","(22, 39)",fireproof_button_v1,5000
63,60,0.3,bot4,success,73,7657688236868932702,17579418092505061134,"(7, 13)","(52, 29)","(22, 39)",fireproof_button_v1,5000
64,60,0.3,bot1,success,33,14284773672015554670,10358099514680972613,"(22, 29)","(14, 54)","(45, 31)",fireproof_button_v1,5000
64,60,0.3,bot2,success,33,14284773672015554670,10358099514680972613,"(22, 29)","(14, 54)","(45, 31)",fireproof_button_v1,5000
64,60,0.3,bot3,success,33,14284773672015554670,10358099514680972613,"(22, 29)","(14, 54)","(45, 31)",fireproof_button_v1,5000
64,60,0.3,bot4,success,33,14284773672015554670,10358099514680972613,"(22, 29)","(14, 54)","(45, 31)",fireproof_button_v1,5000
65,60,0.3,bot1,success,48,11294121130959732420,5973857323127390611,"(13, 17)","(44, 18)","(59, 51)",fireproof_button_v1,5000
65,60,0.3,bot2,success,48,11294121130959732420,5973857323127390611,"(13, 17)","(44, 18)","(59, 51)",fireproof_button_v1,5000
65,60,0.3,bot3,success,48,11294121130959732420,5973857323127390611,"(13, 17)","(44, 18)","(59, 51)",fireproof_button_v1,5000
65,60,0.3,bot4,success,48,11294121130959732420,5973857323127390611,"(13, 17)","(44, 18)","(59, 51)",fireproof_button_v1,5000
66,60,0.3,bot1,success,56,1369162825813096950,9852429762588619984,"(45, 30)","(11, 12)","(38, 0)",fireproof_button_v1,5000
66,60,0.3,bot2,success,56,1369162825813096950,9852429762588619984,"(45, 30)","(11, 12)","(38, 0)",fireproof_button_v1,5000
66,60,0.3,bot3,success,56,1369162825813096950,9852429762588619984,"(45, 30)","(11, 12)","(38, 0)",fireproof_button_v1,5000
66,60,0.3,bot4,success,56,1369162825813096950,9852429762588619984,"(45, 30)","(11, 12)","(38, 0)",fireproof_button_v1,5000
67,60,0.3,bot1,success,56,1450717964203788319,6627338767651034990,"(7, 39)","(5, 1)","(33, 58)",fireproof_button_v1,5000
67,60,0.3,bot2,success,56,1450717964203788319,6627338767651034990,"(7, 39)","(5, 1)","(33, 58)",fireproof_button_v1,5000
67,60,0.3,bot3,success,56,1450717964203788319,6627338767651034990,"(7, 39)","(5, 1)","(33, 58)",fireproof_button_v1,5000
67,60,0.3,bot4,success,56,1450717964203788319,6627338767651034990,"(7, 39)","(5, 1)","(33, 58)",fireproof_button_v1,5000
68,60,0.3,bot1,success,14,5589921418207934666,4168162857362850842,"(33, 45)","(35, 37)","(23, 55)",fireproof_button_v1,5000
68,60,0.3,bot2,success,14,5589921418207934666,4168162857362850842,"(33, 45)","(35, 37)","(23, 55)",fireproof_button_v1,5000
68,60,0.3,bot3,success,14,5589921418207934666,4168162857362850842,"(33, 45)","(35, 37)","(23, 55)",fireproof_button_v1,5000
68,60,0.3,bot4,success,14,5589921418207934666,4168162857362850842,"(33, 45)","(35, 37)","(23, 55)",fireproof_button_v1,5000
69,60,0.3,bot1,success,42,3542019613725377307,1755425380881883381,"(46, 54)","(47, 29)","(52, 57)",fireproof_button_v1,5000
69,60,0.3,bot2,success,42,3542019613725377307,1755425380881883381,"(46, 54)","(47, 29)","(52, 57)",fireproof_button_v1,5000
69,60,0.3,bot3,success,42,3542019613725377307,1755425380881883381,"(46, 54)","(47, 29)","(52, 57)",fireproof_button_v1,5000
69,60,0.3,bot4,success,42,3542019613725377307,1755425380881883381,"(46, 54)","(47, 29)","(52, 57)",fireproof_button_v1,5000
70,60,0.3,bot1,success,37,1442883193662157064,13945961867482724928,"(11, 14)","(13, 37)","(32, 58)",fireproof_button_v1,5000
70,60,0.3,bot2,success,37,1442883193662157064,13945961867482724928,"(11, 14)","(13, 37)","(32, 58)",fireproof_button_v1,5000
70,60,0.3,bot3,success,37,1442883193662157064,13945961867482724928,"(11, 14)","(13, 37)","(32, 58)",fireproof_button_v1,5000
70,60,0.3,bot4,success,37,1442883193662157064,13945961867482724928,"(11, 14)","(13, 37)","(32, 58)",fireproof_button_v1,5000
71,60,0.3,bot1,success,66,16610372953262257748,14571968601597260991,"(17, 4)","(53, 6)","(25, 49)",fireproof_button_v1,5000
71,60,0.3,bot2,success,66,16610372953262257748,14571968601597260991,"(17, 4)","(53, 6)","(25, 49)",fireproof_button_v1,5000
71,60,0.3,bot3,success,66,16610372953262257748,14571968601597260991,"(17, 4)","(53, 6)","(25, 49)",fireproof_button_v1,5000
71,60,0.3,bot4,success,66,16610372953262257748,14571968601597260991,"(17, 4)","(53, 6)","(25, 49)",fireproof_button_v1,5000
72,60,0.3,bot1,success,57,246339614477943935,3159358631398411816,"(12, 43)","(46, 20)","(6, 7)",fireproof_button_v1,5000
72,60,0.3,bot2,success,57,246339614477943935,3159358631398411816,"(12, 43)","(46, 20)","(6, 7)",fireproof_button_v1,5000
72,60,0.3,bot3,success,57,246339614477943935,3159358631398411816,"(12, 43)","(46, 20)","(6, 7)",fireproof_button_v1,5000
72,60,0.3,bot4,success,57,246339614477943935,3159358631398411816,"(12, 43)","(46, 20)","(6, 7)",fireproof_button_v1,5000
73,60,0.3,bot1,success,42,8321633301688383745,16560885325691822585,"(49, 9)","(30, 28)","(13, 12)",fireproof_button_v1,5000
73,60,0.3,bot2,success,42,8321633301688383745,16560885325691822585,"(49, 9)","(30, 28)","(13, 12)",fireproof_button_v1,5000
73,60,0.3,bot3,success,42,8321633301688383745,16560885325691822585,"(49, 9)","(30, 28)","(13, 12)",fireproof_button_v1,5000
73,60,0.3,bot4,success,42,8321633301688383745,16560885325691822585,"(49, 9)","(30, 28)","(13, 12)",fireproof_button_v1,5000
74,60,0.3,bot1,success,61,1710738993193496523,4134326608824290364,"(10, 22)","(45, 0)","(5, 52)",fireproof_button_v1,5000
74,60,0.3,bot2,success,61,1710738993193496523,4134326608824290364,"(10, 22)","(45, 0)","(5, 52)",fireproof_button_v1,5000
74,60,0.3,bot3,success,61,1710738993193496523,4134326608824290364,"(10, 22)","(45, 0)","(5, 52)",fireproof_button_v1,5000
74,60,0.3,bot4,success,61,1710738993193496523,4134326608824290364,"(10, 22)","(45, 0)","(5, 52)",fireproof_button_v1,5000
75,60,0.3,bot1,burned,42,10074435032397392580,5182292333529658586,"(32, 5)","(6, 57)","(23, 32)",fireproof_button_v1,5000
75,60,0.3,bot2,success,104,10074435032397392580,5182292333529658586,"(32, 5)","(6, 57)","(23, 32)",fireproof_button_v1,5000
75,60,0.3,bot3,success,102,10074435032397392580,5182292333529658586,"(32, 5)","(6, 57)","(23, 32)",fireproof_button_v1,5000
75,60,0.3,bot4,success,100,10074435032397392580,5182292333529658586,"(32, 5)","(6, 57)","(23, 32)",fireproof_button_v1,5000
76,60,0.3,bot1,burned,43,483112505804619541,6115184310786818368,"(0, 52)","(24, 21)","(18, 24)",fireproof_button_v1,5000
76,60,0.3,bot2,burned,102,483112505804619541,6115184310786818368,"(0, 52)","(24, 21)","(18, 24)",fireproof_button_v1,5000
76,60,0.3,bot3,burned,102,483112505804619541,6115184310786818368,"(0, 52)","(24, 21)","(18, 24)",fireproof_button_v1,5000
76,60,0.3,bot4,burned,102,483112505804619541,6115184310786818368,"(0, 52)","(24, 21)","(18, 24)",fireproof_button_v1,5000
77,60,0.3,bot1,success,52,5053914572487730510,10134605590626449522,"(16, 53)","(36, 37)","(43, 27)",fireproof_button_v1,5000
77,60,0.3,bot2,success,52,5053914572487730510,10134605590626449522,"(16, 53)","(36, 37)","(43, 27)",fireproof_button_v1,5000
77,60,0.3,bot3,success,52,5053914572487730510,10134605590626449522,"(16, 53)","(36, 37)","(43, 27)",fireproof_button_v1,5000
77,60,0.3,bot4,success,52,5053914572487730510,10134605590626449522,"(16, 53)","(36, 37)","(43, 27)",fireproof_button_v1,5000
78,60,0.3,bot1,burned,60,11279980806606996893,9003187861059063291,"(44, 57)","(56, 2)","(52, 5)",fireproof_button_v1,5000
78,60,0.3,bot2,burned,199,11279980806606996893,9003187861059063291,"(44, 57)","(56, 2)","(52, 5)",fireproof_button_v1,5000
78,60,0.3,bot3,burned,199,11279980806606996893,9003187861059063291,"(44, 57)","(56, 2)","(52, 5)",fireproof_button_v1,5000
78,60,0.3,bot4,burned,199,11279980806606996893,9003187861059063291,"(44, 57)","(56, 2)","(52, 5)",fireproof_button_v1,5000
79,60,0.3,bot1,burned,38,9349879771597309770,7869788826728503638,"(42, 10)","(16, 37)","(20, 44)",fireproof_button_v1,5000
79,60,0.3,bot2,burned,64,9349879771597309770,7869788826728503638,"(42, 10)","(16, 37)","(20, 44)",fireproof_button_v1,5000
79,60,0.3,bot3,burned,95,9349879771597309770,7869788826728503638,"(42, 10)","(16, 37)","(20, 44)",fireproof_button_v1,5000
79,60,0.3,bot4,burned,64,9349879771597309770,7869788826728503638,"(42, 10)","(16, 37)","(20, 44)",fireproof_button_v1,5000
80,60,0.3,bot1,success,45,12252018704943823390,3767367856393626543,"(51, 2)","(47, 33)","(57, 35)",fireproof_button_v1,5000
80,60,0.3,bot2,success,45,12252018704943823390,3767367856393626543,"(51, 2)","(47, 33)","(57, 35)",fireproof_button_v1,5000
80,60,0.3,bot3,success,45,12252018704943823390,3767367856393626543,"(51, 2)","(47, 33)","(57, 35)",fireproof_button_v1,5000
80,60,0.3,bot4,success,45,12252018704943823390,3767367856393626543,"(51, 2)","(47, 33)","(57, 35)",fireproof_button_v1,5000
81,60,0.3,bot1,success,56,14814465687295105738,3452163538487654293,"(34, 28)","(0, 10)","(52, 38)",fireproof_button_v1,5000
81,60,0.3,bot2,success,56,14814465687295105738,3452163538487654293,"(34, 28)","(0, 10)","(52, 38)",fireproof_button_v1,5000
81,60,0.3,bot3,success,56,14814465687295105738,3452163538487654293,"(34, 28)","(0, 10)","(52, 38)",fireproof_button_v1,5000
81,60,0.3,bot4,success,56,14814465687295105738,3452163538487654293,"(34, 28)","(0, 10)","(52, 38)",fireproof_button_v1,5000
82,60,0.3,bot1,success,7,2298679108499846903,6689875367913177993,"(41, 41)","(46, 39)","(43, 5)",fireproof_button_v1,5000
82,60,0.3,bot2,success,7,2298679108499846903,6689875367913177993,"(41, 41)","(46, 39)","(43, 5)",fireproof_button_v1,5000
82,60,0.3,bot3,success,7,2298679108499846903,6689875367913177993,"(41, 41)","(46, 39)","(43, 5)",fireproof_button_v1,5000
82,60,0.3,bot4,success,7,2298679108499846903,6689875367913177993,"(41, 41)","(46, 39)","(43, 5)",fireproof_button_v1,5000
83,60,0.3,bot1,success,55,11272178990003679698,2925918746213149366,"(46, 44)","(27, 12)","(17, 45)",fireproof_button_v1,5000
83,60,0.3,bot2,success,55,11272178990003679698,2925918746213149366,"(46, 44)","(27, 12)","(17, 45)",fireproof_button_v1,5000
83,60,0.3,bot3,success,55,11272178990003679698,2925918746213149366,"(46, 44)","(27, 12)","(17, 45)",fireproof_button_v1,5000
83,60,0.3,bot4,success,55,11272178990003679698,2925918746213149366,"(46, 44)","(27, 12)","(17, 45)",fireproof_button_v1,5000
84,60,0.3,bot1,success,36,7347688936258056241,8425034717336862459,"(40, 35)","(57, 54)","(26, 21)",fireproof_button_v1,5000
84,60,0.3,bot2,success,36,7347688936258056241,8425034717336862459,"(40, 35)","(57, 54)","(26, 21)",fireproof_button_v1,5000
84,60,0.3,bot3,success,36,7347688936258056241,8425034717336862459,"(40, 35)","(57, 54)","(26, 21)",fireproof_button_v1,5000
84,60,0.3,bot4,success,36,7347688936258056241,8425034717336862459,"(40, 35)","(57, 54)","(26, 21)",fireproof_button_v1,5000
85,60,0.3,bot1,success,21,7973262429049148517,12439505034381013298,"(45, 13)","(56, 5)","(14, 22)",fireproof_button_v1,5000
85,60,0.3,bot2,success,21,7973262429049148517,12439505034381013298,"(45, 13)","(56, 5)","(14, 22)",fireproof_button_v1,5000
85,60,0.3,bot3,success,21,7973262429049148517,12439505034381013298,"(45, 13)","(56, 5)","(14, 22)",fireproof_button_v1,5000
85,60,0.3,bot4,success,21,7973262429049148517,12439505034381013298,"(45, 13)","(56, 5)","(14, 22)",fireproof_button_v1,5000
86,60,0.3,bot1,success,88,6195066843349853306,14637588028243322319,"(8, 13)","(57, 46)","(6, 50)",fireproof_button_v1,5000
86,60,0.3,bot2,success,88,6195066843349853306,14637588028243322319,"(8, 13)","(57, 46)","(6, 50)",fireproof_button_v1,5000
86,60,0.3,bot3,success,88,6195066843349853306,14637588028243322319,"(8, 13)","(57, 46)","(6, 50)",fireproof_button_v1,5000
86,60,0.3,bot4,success,88,6195066843349853306,14637588028243322319,"(8, 13)","(57, 46)","(6, 50)",fireproof_button_v1,5000
87,60,0.3,bot1,success,52,7274403961362838143,1798490597007718525,"(55, 31)","(32, 48)","(1, 7)",fireproof_button_v1,5000
87,60,0.3,bot2,success,52,7274403961362838143,1798490597007718525,"(55, 31)","(32, 48)","(1, 7)",fireproof_button_v1,5000
87,60,0.3,bot3,success,52,7274403961362838143,1798490597007718525,"(55, 31)","(32, 48)","(1, 7)",fireproof_button_v1,5000
87,60,0.3,bot4,success,52,7274403961362838143,1798490597007718525,"(55, 31)","(32, 48)","(1, 7)",fireproof_button_v1,5000
88,60,0.3,bot1,success,39,17930968916994540990,2501165762556636041,"(9, 21)","(32, 33)","(51, 18)",fireproof_button_v1,5000
88,60,0.3,bot2,success,39,17930968916994540990,2501165762556636041,"(9, 21)","(32, 33)","(51, 18)",fireproof_button_v1,5000
88,60,0.3,bot3,success,39,17930968916994540990,2501165762556636041,"(9, 21)","(32, 33)","(51, 18)",fireproof_button_v1,5000
88,60,0.3,bot4,success,39,17930968916994540990,2501165762556636041,"(9, 21)","(32, 33)","(51, 18)",fireproof_button_v1,5000
89,60,0.3,bot1,success,34,5586614508782600608,11917931204114149785,"(14, 56)","(1, 37)","(55, 22)",fireproof_button_v1,5000
89,60,0.3,bot2,success,34,5586614508782600608,11917931204114149785,"(14, 56)","(1, 37)","(55, 22)",fireproof_button_v1,5000
89,60,0.3,bot3,success,34,5586614508782600608,11917931204114149785,"(14, 56)","(1, 37)","(55, 22)",fireproof_button_v1,5000
89,60,0.3,bot4,success,34,5586614508782600608,11917931204114149785,"(14, 56)","(1, 37)","(55, 22)",fireproof_button_v1,5000
90,60,0.3,bot1,success,15,10401990900434668367,772650075119707460,"(18, 44)","(22, 51)","(24, 47)",fireproof_button_v1,5000
90,60,0.3,bot2,success,15,10401990900434668367,772650075119707460,"(18, 44)","(22, 51)","(24, 47)",fireproof_button_v1,5000
90,60,0.3,bot3,success,15,10401990900434668367,772650075119707460,"(18, 44)","(22, 51)","(24, 47)",fireproof_button_v1,5000
90,60,0.3,bot4,success,15,10401990900434668367,772650075119707460,"(18, 44)","(22, 51)","(24, 47)",fireproof_button_v1,5000
91,60,0.3,bot1,success,36,3104518063408638271,5712618820614347175,"(1, 7)","(5, 29)","(58, 59)",fireproof_button_v1,5000
91,60,0.3,bot2,success,36,3104518063408638271,5712618820614347175,"(1, 7)","(5, 29)","(58, 59)",fireproof_button_v1,5000
91,60,0.3,bot3,success,36,3104518063408638271,5712618820614347175,"(1, 7)","(5, 29)","(58, 59)",fireproof_button_v1,5000
91,60,0.3,bot4,success,36,3104518063408638271,5712618820614347175,"(1, 7)","(5, 29)","(58, 59)",fireproof_button_v1,5000
92,60,0.3,bot1,success,44,8843223649761382335,8593201826706993370,"(47, 54)","(19, 56)","(15, 1)",fireproof_button_v1,5000
92,60,0.3,bot2,success,44,8843223649761382335,8593201826706993370,"(47, 54)","(19, 56)","(15, 1)",fireproof_button_v1,5000
92,60,0.3,bot3,success,44,8843223649761382335,8593201826706993370,"(47, 54)","(19, 56)","(15, 1)",fireproof_button_v1,5000
92,60,0.3,bot4,success,44,8843223649761382335,8593201826706993370,"(47, 54)","(19, 56)","(15, 1)",fireproof_button_v1,5000
93,60,0.3,bot1,success,53,8707344339461757806,1829640659831509256,"(55, 30)","(27, 43)","(31, 20)",fireproof_button_v1,5000
93,60,0.3,bot2,success,53,8707344339461757806,1829640659831509256,"(55, 30)","(27, 43)","(31, 20)",fireproof_button_v1,5000
93,60,0.3,bot3,success,53,8707344339461757806,1829640659831509256,"(55, 30)","(27, 43)","(31, 20)",fireproof_button_v1,5000
93,60,0.3,bot4,success,53,8707344339461757806,1829640659831509256,"(55, 30)","(27, 43)","(31, 20)",fireproof_button_v1,5000
94,60,0.3,bot1,success,21,15746561070211369333,12426120980271393838,"(23, 58)","(35, 55)","(50, 8)",fireproof_button_v1,5000
94,60,0.3,bot2,success,21,15746561070211369333,12426120980271393838,"(23, 58)","(35, 55)","(50, 8)",fireproof_button_v1,5000
94,60,0.3,bot3,success,21,15746561070211369333,12426120980271393838,"(23, 58)","(35, 55)","(50, 8)",fireproof_button_v1,5000
94,60,0.3,bot4,success,21,15746561070211369333,12426120980271393838,"(23, 58)","(35, 55)","(50, 8)",fireproof_button_v1,5000
95,60,0.3,bot1,success,28,12007112354501134117,15720586598597187797,"(30, 18)","(11, 15)","(2, 4)",fireproof_button_v1,5000
95,60,0.3,bot2,success,28,12007112354501134117,15720586598597187797,"(30, 18)","(11, 15)","(2, 4)",fireproof_button_v1,5000
95,60,0.3,bot3,success,28,12007112354501134117,15720586598597187797,"(30, 18)","(11, 15)","(2, 4)",fireproof_button_v1,5000
95,60,0.3,bot4,success,28,12007112354501134117,15720586598597187797,"(30, 18)","(11, 15)","(2, 4)",fireproof_button_v1,5000
96,60,0.3,bot1,success,43,1755644247936875542,6689839285349005845,"(33, 54)","(6, 48)","(57, 2)",fireproof_button_v1,5000
96,60,0.3,bot2,success,43,1755644247936875542,6689839285349005845,"(33, 54)","(6, 48)","(57, 2)",fireproof_button_v1,5000
96,60,0.3,bot3,success,43,1755644247936875542,6689839285349005845,"(33, 54)","(6, 48)","(57, 2)",fireproof_button_v1,5000
96,60,0.3,bot4,success,43,1755644247936875542,6689839285349005845,"(33, 54)","(6, 48)","(57, 2)",fireproof_button_v1,5000
97,60,0.3,bot1,success,46,3675956103230624859,2812586664632574595,"(26, 37)","(51, 56)","(32, 57)",fireproof_button_v1,5000
97,60,0.3,bot2,success,46,3675956103230624859,2812586664632574595,"(26, 37)","(51, 56)","(32, 57)",fireproof_button_v1,5000
97,60,0.3,bot3,success,46,3675956103230624859,2812586664632574595,"(26, 37)","(51, 56)","(32, 57)",fireproof_button_v1,5000
97,60,0.3,bot4,success,48,3675956103230624859,2812586664632574595,"(26, 37)","(51, 56)","(32, 57)",fireproof_button_v1,5000
98,60,0.3,bot1,burned,36,12127052556318363744,7880031523302506319,"(41, 11)","(13, 47)","(35, 38)",fireproof_button_v1,5000
98,60,0.3,bot2,burned,80,12127052556318363744,7880031523302506319,"(41, 11)","(13, 47)","(35, 38)",fireproof_button_v1,5000
98,60,0.3,bot3,success,82,12127052556318363744,7880031523302506319,"(41, 11)","(13, 47)","(35, 38)",fireproof_button_v1,5000
98,60,0.3,bot4,success,92,12127052556318363744,7880031523302506319,"(41, 11)","(13, 47)","(35, 38)",fireproof_button_v1,5000
99,60,0.3,bot1,success,56,15644469634326307438,814420016670213873,"(41, 48)","(42, 5)","(4, 48)",fireproof_button_v1,5000
99,60,0.3,bot2,success,56,15644469634326307438,814420016670213873,"(41, 48)","(42, 5)","(4, 48)",fireproof_button_v1,5000
99,60,0.3,bot3,success,56,15644469634326307438,814420016670213873,"(41, 48)","(42, 5)","(4, 48)",fireproof_button_v1,5000
99,60,0.3,bot4,success,56,15644469634326307438,814420016670213873,"(41, 48)","(42, 5)","(4, 48)",fireproof_button_v1,5000
100,60,0.3,bot1,success,66,16649743003456178045,8267754849544396219,"(22, 42)","(55, 53)","(34, 0)",fireproof_button_v1,5000
100,60,0.3,bot2,success,66,16649743003456178045,8267754849544396219,"(22, 42)","(55, 53)","(34, 0)",fireproof_button_v1,5000
100,60,0.3,bot3,success,66,16649743003456178045,8267754849544396219,"(22, 42)","(55, 53)","(34, 0)",fireproof_button_v1,5000
100,60,0.3,bot4,success,66,16649743003456178045,8267754849544396219,"(22, 42)","(55, 53)","(34, 0)",fireproof_button_v1,5000
101,60,0.3,bot1,success,76,99057329776517330,15522126039300474089,"(58, 1)","(9, 18)","(16, 37)",fireproof_button_v1,5000
101,60,0.3,bot2,success,76,99057329776517330,15522126039300474089,"(58, 1)","(9, 18)","(16, 37)",fireproof_button_v1,5000
101,60,0.3,bot3,success,76,99057329776517330,15522126039300474089,"(58, 1)","(9, 18)","(16, 37)",fireproof_button_v1,5000
101,60,0.3,bot4,success,76,99057329776517330,15522126039300474089,"(58, 1)","(9, 18)","(16, 37)",fireproof_button_v1,5000
102,60,0.3,bot1,success,24,4448831324647088912,6171716919598447725,"(30, 27)","(18, 39)","(31, 1)",fireproof_button_v1,5000
102,60,0.3,bot2,success,24,4448831324647088912,6171716919598447725,"(30, 27)","(18, 39)","(31, 1)",fireproof_button_v1,5000
102,60,0.3,bot3,success,24,4448831324647088912,6171716919598447725,"(30, 27)","(18, 39)","(31, 1)",fireproof_button_v1,5000
102,60,0.3,bot4,success,24,4448831324647088912,6171716919598447725,"(30, 27)","(18, 39)","(31, 1)",fireproof_button_v1,5000
103,60,0.3,bot1,burned,49,13391320263494962304,12997767187510925587,"(41, 54)","(25, 1)","(9, 20)",fireproof_button_v1,5000
103,60,0.3,bot2,burned,102,13391320263494962304,12997767187510925587,"(41, 54)","(25, 1)","(9, 20)",fireproof_button_v1,5000
103,60,0.3,bot3,burned,115,13391320263494962304,12997767187510925587,"(41, 54)","(25, 1)","(9, 20)",fireproof_button_v1,5000
103,60,0.3,bot4,burned,110,13391320263494962304,12997767187510925587,"(41, 54)","(25, 1)","(9, 20)",fireproof_button_v1,5000
104,60,0.3,bot1,success,45,9707384167555846159,1119775979659180718,"(38, 19)","(58, 22)","(41, 54)",fireproof_button_v1,5000
104,60,0.3,bot2,success,45,9707384167555846159,1119775979659180718,"(38, 19)","(58, 22)","(41, 54)",fireproof_button_v1,5000
104,60,0.3,bot3,success,45,9707384167555846159,1119775979659180718,"(38, 19)","(58, 22)","(41, 54)",fireproof_button_v1,5000
104,60,0.3,bot4,success,45,9707384167555846159,1119775979659180718,"(38, 19)","(58, 22)","(41, 54)",fireproof_button_v1,5000
105,60,0.3,bot1,burned,13,13699458858937330744,12364651927695157828,"(59, 9)","(3, 32)","(45, 8)",fireproof_button_v1,5000
105,60,0.3,bot2,burned,13,13699458858937330744,12364651927695157828,"(59, 9)","(3, 32)","(45, 8)",fireproof_button_v1,5000
105,60,0.3,bot3,success,107,13699458858937330744,12364651927695157828,"(59, 9)","(3, 32)","(45, 8)",fireproof_button_v1,5000
105,60,0.3,bot4,success,107,13699458858937330744,12364651927695157828,"(59, 9)","(3, 32)","(45, 8)",fireproof_button_v1,5000
106,60,0.3,bot1,success,20,8680317046518217341,11052942006539404372,"(8, 15)","(17, 18)","(55, 14)",fireproof_button_v1,5000
106,60,0.3,bot2,success,20,8680317046518217341,11052942006539404372,"(8, 15)","(17, 18)","(55, 14)",fireproof_button_v1,5000
106,60,0.3,bot3,success,20,8680317046518217341,11052942006539404372,"(8, 15)","(17, 18)","(55, 14)",fireproof_button_v1,5000
106,60,0.3,bot4,success,20,8680317046518217341,11052942006539404372,"(8, 15)","(17, 18)","(55, 14)",fireproof_button_v1,5000
107,60,0.3,bot1,success,68,7944917459501626948,1947214712636521458,"(39, 47)","(4, 58)","(44, 21)",fireproof_button_v1,5000
107,60,0.3,bot2,success,68,7944917459501626948,1947214712636521458,"(39, 47)","(4, 58)","(44, 21)",fireproof_button_v1,5000
107,60,0.3,bot3,success,68,7944917459501626948,1947214712636521458,"(39, 47)","(4, 58)","(44, 21)",fireproof_button_v1,5000
107,60,0.3,bot4,success,68,7944917459501626948,1947214712636521458,"(39, 47)","(4, 58)","(44, 21)",fireproof_button_v1,5000
108,60,0.3,bot1,success,36,12916901522115687935,15526323353330396436,"(22, 54)","(32, 34)","(36, 52)",fireproof_button_v1,5000
108,60,0.3,bot2,success,36,12916901522115687935,15526323353330396436,"(22, 54)","(32, 34)","(36, 52)",fireproof_button_v1,5000
108,60,0.3,bot3,success,36,12916901522115687935,15526323353330396436,"(22, 54)","(32, 34)","(36, 52)",fireproof_button_v1,5000
108,60,0.3,bot4,success,40,12916901522115687935,15526323353330396436,"(22, 54)","(32, 34)","(36, 52)",fireproof_button_v1,5000
109,60,0.3,bot1,success,68,10564700336554900943,11653995876474034014,"(32, 0)","(51, 45)","(51, 19)",fireproof_button_v1,5000
109,60,0.3,bot2,success,68,10564700336554900943,11653995876474034014,"(32, 0)","(51, 45)","(51, 19)",fireproof_button_v1,5000
109,60,0.3,bot3,success,68,10564700336554900943,11653995876474034014,"(32, 0)","(51, 45)","(51, 19)",fireproof_button_v1,5000
109,60,0.3,bot4,success,68,10564700336554900943,11653995876474034014,"(32, 0)","(51, 45)","(51, 19)",fireproof_button_v1,5000
110,60,0.3,bot1,success,41,2854775839352308776,11245826487870129975,"(41, 22)","(18, 40)","(58, 11)",fireproof_button_v1,5000
110,60,0.3,bot2,success,41,2854775839352308776,11245826487870129975,"(41, 22)","(18, 40)","(58, 11)",fireproof_button_v1,5000
110,60,0.3,bot3,success,41,2854775839352308776,11245826487870129975,"(41, 22)","(18, 40)","(58, 11)",fireproof_button_v1,5000
110,60,0.3,bot4,success,41,2854775839352308776,11245826487870129975,"(41, 22)","(18, 40)","(58, 11)",fireproof_button_v1,5000
111,60,0.3,bot1,success,99,7701310854148806347,7994675188594479379,"(1, 57)","(47, 8)","(40, 39)",fireproof_button_v1,5000
111,60,0.3,bot2,success,99,7701310854148806347,7994675188594479379,"(1, 57)","(47, 8)","(40, 39)",fireproof_button_v1,5000
111,60,0.3,bot3,success,99,7701310854148806347,7994675188594479379,"(1, 57)","(47, 8)","(40, 39)",fireproof_button_v1,5000
111,60,0.3,bot4,success,101,7701310854148806347,7994675188594479379,"(1, 57)","(47, 8)","(40, 39)",fireproof_button_v1,5000
112,60,0.3,bot1,success,35,10139313648557106792,17537663676810535605,"(46, 5)","(28, 16)","(20, 35)",fireproof_button_v1,5000
112,60,0.3,bot2,success,35,10139313648557106792,17537663676810535605,"(46, 5)","(28, 16)","(20, 35)",fireproof_button_v1,5000
112,60,0.3,bot3,success,35,10139313648557106792,17537663676810535605,"(46, 5)","(28, 16)","(20, 35)",fireproof_button_v1,5000
112,60,0.3,bot4,success,35,10139313648557106792,17537663676810535605,"(46, 5)","(28, 16)","(20, 35)",fireproof_button_v1,5000
113,60,0.3,bot1,success,44,3859989026724355268,11728851072519639580,"(15, 41)","(1, 21)","(7, 51)",fireproof_button_v1,5000
113,60,0.3,bot2,success,44,3859989026724355268,11728851072519639580,"(15, 41)","(1, 21)","(7, 51)",fireproof_button_v1,5000
113,60,0.3,bot3,success,44,3859989026724355268,11728851072519639580,"(15, 41)","(1, 21)","(7, 51)",fireproof_button_v1,5000
113,60,0.3,bot4,success,44,3859989026724355268,11728851072519639580,"(15, 41)","(1, 21)","(7, 51)",fireproof_button_v1,5000
114,60,0.3,bot1,success,39,7366942696380253198,5322967216764097252,"(40, 19)","(40, 46)","(21, 8)",fireproof_button_v1,5000
114,60,0.3,bot2,success,39,7366942696380253198,5322967216764097252,"(40, 19)","(40, 46)","(21, 8)",fireproof_button_v1,5000
114,60,0.3,bot3,success,39,7366942696380253198,5322967216764097252,"(40, 19)","(40, 46)","(21, 8)",fireproof_button_v1,5000
114,60,0.3,bot4,success,39,7366942696380253198,5322967216764097252,"(40, 19)","(40, 46)","(21, 8)",fireproof_button_v1,5000
115,60,0.3,bot1,burned,43,17224143730539700686,14448334496224044884,"(36, 42)","(0, 27)","(3, 40)",fireproof_button_v1,5000
115,60,0.3,bot2,burned,79,17224143730539700686,14448334496224044884,"(36, 42)","(0, 27)","(3, 40)",fireproof_button_v1,5000
115,60,0.3,bot3,burned,84,17224143730539700686,14448334496224044884,"(36, 42)","(0, 27)","(3, 40)",fireproof_button_v1,5000
115,60,0.3,bot4,burned,79,17224143730539700686,14448334496224044884,"(36, 42)","(0, 27)","(3, 40)",fireproof_button_v1,5000
116,60,0.3,bot1,success,32,15006981257267274837,7729304366344430870,"(12, 10)","(4, 28)","(7, 5)",fireproof_button_v1,5000
116,60,0.3,bot2,success,32,15006981257267274837,7729304366344430870,"(12, 10)","(4, 28)","(7, 5)",fireproof_button_v1,5000
116,60,0.3,bot3,success,32,15006981257267274837,7729304366344430870,"(12, 10)","(4, 28)","(7, 5)",fireproof_button_v1,5000
116,60,0.3,bot4,success,32,15006981257267274837,7729304366344430870,"(12, 10)","(4, 28)","(7, 5)",fireproof_button_v1,5000
117,60,0.3,bot1,success,24,17446179185535530425,6937254265067943954,"(34, 13)","(17, 10)","(47, 1)",fireproof_button_v1,5000
117,60,0.3,bot2,success,24,17446179185535530425,6937254265067943954,"(34, 13)","(17, 10)","(47, 1)",fireproof_button_v1,5000
117,60,0.3,bot3,success,24,17446179185535530425,6937254265067943954,"(34, 13)","(17, 10)","(47, 1)",fireproof_button_v1,5000
117,60,0.3,bot4,success,24,17446179185535530425,6937254265067943954,"(34, 13)","(17, 10)","(47, 1)",fireproof_button_v1,5000
118,60,0.3,bot1,success,69,17334591302161865004,8703500972236120115,"(18, 11)","(59, 3)","(1, 52)",fireproof_button_v1,5000
118,60,0.3,bot2,success,69,17334591302161865004,8703500972236120115,"(18, 11)","(59, 3)","(1, 52)",fireproof_button_v1,5000
118,60,0.3,bot3,success,69,17334591302161865004,8703500972236120115,"(18, 11)","(59, 3)","(1, 52)",fireproof_button_v1,5000
118,60,0.3,bot4,success,69,17334591302161865004,8703500972236120115,"(18, 11)","(59, 3)","(1, 52)",fireproof_button_v1,5000
119,60,0.3,bot1,success,62,7479049724361061194,12535651285456852297,"(14, 3)","(2, 41)","(27, 35)",fireproof_button_v1,5000
119,60,0.3,bot2,success,62,7479049724361061194,12535651285456852297,"(14, 3)","(2, 41)","(27, 35)",fireproof_button_v1,5000
119,60,0.3,bot3,success,62,7479049724361061194,12535651285456852297,"(14, 3)","(2, 41)","(27, 35)",fireproof_button_v1,5000
119,60,0.3,bot4,success,62,7479049724361061194,12535651285456852297,"(14, 3)","(2, 41)","(27, 35)",fireproof_button_v1,5000
120,60,0.3,bot1,burned,28,5157363931580501988,1904411496446030774,"(11, 44)","(57, 38)","(25, 34)",fireproof_button_v1,5000
120,60,0.3,bot2,success,72,5157363931580501988,1904411496446030774,"(11, 44)","(57, 38)","(25, 34)",fireproof_button_v1,5000
120,60,0.3,bot3,success,72,5157363931580501988,1904411496446030774,"(11, 44)","(57, 38)","(25, 34)",fireproof_button_v1,5000
120,60,0.3,bot4,success,80,5157363931580501988,1904411496446030774,"(11, 44)","(57, 38)","(25, 34)",fireproof_button_v1,5000
121,60,0.3,bot1,success,32,9838401870070375703,18387747136875489354,"(49, 34)","(56, 51)","(56, 10)",fireproof_button_v1,5000
121,60,0.3,bot2,success,32,9838401870070375703,18387747136875489354,"(49, 34)","(56, 51)","(56, 10)",fireproof_button_v1,5000
121,60,0.3,bot3,success,32,9838401870070375703,18387747136875489354,"(49, 34)","(56, 51)","(56, 10)",fireproof_button_v1,5000
121,60,0.3,bot4,success,32,9838401870070375703,18387747136875489354,"(49, 34)","(56, 51)","(56, 10)",fireproof_button_v1,5000
122,60,0.3,bot1,success,29,5306434044303592689,11151224020310660167,"(12, 36)","(16, 15)","(59, 15)",fireproof_button_v1,5000
122,60,0.3,bot2,success,29,5306434044303592689,11151224020310660167,"(12, 36)","(16, 15)","(59, 15)",fireproof_button_v1,5000
122,60,0.3,bot3,success,29,5306434044303592689,11151224020310660167,"(12, 36)","(16, 15)","(59, 15)",fireproof_button_v1,5000
122,60,0.3,bot4,success,29,5306434044303592689,11151224020310660167,"(12, 36)","(16, 15)","(59, 15)",fireproof_button_v1,5000
123,60,0.3,bot1,success,19,18358770440598859737,17577363798934474411,"(34, 20)","(46, 19)","(38, 35)",fireproof_button_v1,5000
123,60,0.3,bot2,success,19,18358770440598859737,17577363798934474411,"(34, 20)","(46, 19)","(38, 35)",fireproof_button_v1,5000
123,60,0.3,bot3,success,19,18358770440598859737,17577363798934474411,"(34, 20)","(46, 19)","(38, 35)",fireproof_button_v1,5000
123,60,0.3,bot4,success,19,18358770440598859737,17577363798934474411,"(34, 20)","(46, 19)","(38, 35)",fireproof_button_v1,5000
124,60,0.3,bot1,burned,18,18075905964452948283,17258744215095189646,"(32, 45)","(12, 24)","(26, 36)",fireproof_button_v1,5000
124,60,0.3,bot2,burned,66,18075905964452948283,17258744215095189646,"(32, 45)","(12, 24)","(26, 36)",fireproof_button_v1,5000
124,60,0.3,bot3,burned,69,18075905964452948283,17258744215095189646,"(32, 45)","(12, 24)","(26, 36)",fireproof_button_v1,5000
124,60,0.3,bot4,success,65,18075905964452948283,17258744215095189646,"(32, 45)","(12, 24)","(26, 36)",fireproof_button_v1,5000
125,60,0.3,bot1,success,105,9959560901285792986,9517552634890726334,"(59, 19)","(6, 55)","(59, 6)",fireproof_button_v1,5000
125,60,0.3,bot2,success,105,9959560901285792986,9517552634890726334,"(59, 19)","(6, 55)","(59, 6)",fireproof_button_v1,5000
125,60,0.3,bot3,success,105,9959560901285792986,9517552634890726334,"(59, 19)","(6, 55)","(59, 6)",fireproof_button_v1,5000
125,60,0.3,bot4,success,105,9959560901285792986,9517552634890726334,"(59, 19)","(6, 55)","(59, 6)",fireproof_button_v1,5000
126,60,0.3,bot1,success,39,7957145891827506190,8247118178937422682,"(24, 1)","(41, 23)","(53, 42)",fireproof_button_v1,5000
126,60,0.3,bot2,success,39,7957145891827506190,8247118178937422682,"(24, 1)","(41, 23)","(53, 42)",fireproof_button_v1,5000
126,60,0.3,bot3,success,39,7957145891827506190,8247118178937422682,"(24, 1)","(41, 23)","(53, 42)",fireproof_button_v1,5000
126,60,0.3,bot4,success,39,7957145891827506190,8247118178937422682,"(24, 1)","(41, 23)","(53, 42)",fireproof_button_v1,5000
127,60,0.3,bot1,success,67,7621045113940868953,16974843668186237264,"(1, 40)","(0, 16)","(6, 4)",fireproof_button_v1,5000
127,60,0.3,bot2,success,67,7621045113940868953,16974843668186237264,"(1, 40)","(0, 16)","(6, 4)",fireproof_button_v1,5000
127,60,0.3,bot3,success,67,7621045113940868953,16974843668186237264,"(1, 40)","(0, 16)","(6, 4)",fireproof_button_v1,5000
127,60,0.3,bot4,success,67,7621045113940868953,16974843668186237264,"(1, 40)","(0, 16)","(6, 4)",fireproof_button_v1,5000
128,60,0.3,bot1,success,13,13372959409975610714,13748328933389778421,"(33, 58)","(24, 54)","(52, 54)",fireproof_button_v1,5000
128,60,0.3,bot2,success,13,13372959409975610714,13748328933389778421,"(33, 58)","(24, 54)","(52, 54)",fireproof_button_v1,5000
128,60,0.3,bot3,success,13,13372959409975610714,13748328933389778421,"(33, 58)","(24, 54)","(52, 54)",fireproof_button_v1,5000
128,60,0.3,bot4,success,13,13372959409975610714,13748328933389778421,"(33, 58)","(24, 54)","(52, 54)",fireproof_button_v1,5000
129,60,0.3,bot1,burned,48,8111643625495037628,1734033151365551598,"(3, 3)","(51, 23)","(12, 22)",fireproof_button_v1,5000
129,60,0.3,bot2,success,102,8111643625495037628,1734033151365551598,"(3, 3)","(51, 23)","(12, 22)",fireproof_button_v1,5000
129,60,0.3,bot3,success,100,8111643625495037628,1734033151365551598,"(3, 3)","(51, 23)","(12, 22)",fireproof_button_v1,5000
129,60,0.3,bot4,success,92,8111643625495037628,1734033151365551598,"(3, 3)","(51, 23)","(12, 22)",fireproof_button_v1,5000
130,60,0.3,bot1,success,82,18141946605993994217,1463922445060969517,"(49, 51)","(27, 1)","(37, 45)",fireproof_button_v1,5000
130,60,0.3,bot2,success,82,18141946605993994217,1463922445060969517,"(49, 51)","(27, 1)","(37, 45)",fireproof_button_v1,5000
130,60,0.3,bot3,success,82,18141946605993994217,1463922445060969517,"(49, 51)","(27, 1)","(37, 45)",fireproof_button_v1,5000
130,60,0.3,bot4,success,94,18141946605993994217,1463922445060969517,"(49, 51)","(27, 1)","(37, 45)",fireproof_button_v1,5000
131,60,0.3,bot1,success,33,5622806285100786173,3472905302389563902,"(36, 22)","(53, 6)","(46, 31)",fireproof_button_v1,5000
131,60,0.3,bot2,success,33,5622806285100786173,3472905302389563902,"(36, 22)","(53, 6)","(46, 31)",fireproof_button_v1,5000
131,60,0.3,bot3,success,33,5622806285100786173,3472905302389563902,"(36, 22)","(53, 6)","(46, 31)",fireproof_button_v1,5000
131,60,0.3,bot4,success,33,5622806285100786173,3472905302389563902,"(36, 22)","(53, 6)","(46, 31)",fireproof_button_v1,5000
132,60,0.3,bot1,success,19,13216513585598518003,14422928367921837507,"(22, 40)","(23, 28)","(50, 32)",fireproof_button_v1,5000
132,60,0.3,bot2,success,19,13216513585598518003,14422928367921837507,"(22, 40)","(23, 28)","(50, 32)",fireproof_button_v1,5000
132,60,0.3,bot3,success,19,13216513585598518003,14422928367921837507,"(22, 40)","(23, 28)","(50, 32)",fireproof_button_v1,5000
132,60,0.3,bot4,success,19,13216513585598518003,14422928367921837507,"(22, 40)","(23, 28)","(50, 32)",fireproof_button_v1,5000
133,60,0.3,bot1,success,69,7242267219318444720,13610980015357678127,"(52, 20)","(3, 30)","(25, 7)",fireproof_button_v1,5000
133,60,0.3,bot2,success,69,7242267219318444720,13610980015357678127,"(52, 20)","(3, 30)","(25, 7)",fireproof_button_v1,5000
133,60,0.3,bot3,success,69,7242267219318444720,13610980015357678127,"(52, 20)","(3, 30)","(25, 7)",fireproof_button_v1,5000
133,60,0.3,bot4,success,69,7242267219318444720,13610980015357678127,"(52, 20)","(3, 30)","(25, 7)",fireproof_button_v1,5000
134,60,0.3,bot1,success,15,3429590977604162908,17775146008741524329,"(6, 53)","(10, 44)","(13, 59)",fireproof_button_v1,5000
134,60,0.3,bot2,success,15,3429590977604162908,17775146008741524329,"(6, 53)","(10, 44)","(13, 59)",fireproof_button_v1,5000
134,60,0.3,bot3,success,15,3429590977604162908,17775146008741524329,"(6, 53)","(10, 44)","(13, 59)",fireproof_button_v1,5000
134,60,0.3,bot4,success,15,3429590977604162908,17775146008741524329,"(6, 53)","(10, 44)","(13, 59)",fireproof_button_v1,5000
135,60,0.3,bot1,success,39,10279534040184214986,4395524240029266121,"(53, 57)","(38, 39)","(28, 17)",fireproof_button_v1,5000
135,60,0.3,bot2,success,39,10279534040184214986,4395524240029266121,"(53, 57)","(38, 39)","(28, 17)",fireproof_button_v1,5000
135,60,0.3,bot3,success,39,10279534040184214986,4395524240029266121,"(53, 57)","(38, 39)","(28, 17)",fireproof_button_v1,5000
135,60,0.3,bot4,success,39,10279534040184214986,4395524240029266121,"(53, 57)","(38, 39)","(28, 17)",fireproof_button_v1,5000
136,60,0.3,bot1,success,53,9858926621340552244,16358218815510785272,"(31, 39)","(1, 34)","(41, 30)",fireproof_button_v1,5000
136,60,0.3,bot2,success,53,9858926621340552244,16358218815510785272,"(31, 39)","(1, 34)","(41, 30)",fireproof_button_v1,5000
136,60,0.3,bot3,success,53,9858926621340552244,16358218815510785272,"(31, 39)","(1, 34)","(41, 30)",fireproof_button_v1,5000
136,60,0.3,bot4,success,53,9858926621340552244,16358218815510785272,"(31, 39)","(1, 34)","(41, 30)",fireproof_button_v1,5000
137,60,0.3,bot1,success,40,5249018202036749991,15642169363652612367,"(40, 20)","(15, 9)","(33, 57)",fireproof_button_v1,5000
137,60,0.3,bot2,success,40,5249018202036749991,15642169363652612367,"(40, 20)","(15, 9)","(33, 57)",fireproof_button_v1,5000
137,60,0.3,bot3,success,40,5249018202036749991,15642169363652612367,"(40, 20)","(15, 9)","(33, 57)",fireproof_button_v1,5000
137,60,0.3,bot4,success,40,5249018202036749991,15642169363652612367,"(40, 20)","(15, 9)","(33, 57)",fireproof_button_v1,5000
138,60,0.3,bot1,success,79,984588247076267869,9302280529678590585,"(22, 8)","(2, 55)","(9, 14)",fireproof_button_v1,5000
138,60,0.3,bot2,success,79,984588247076267869,9302280529678590585,"(22, 8)","(2, 55)","(9, 14)",fireproof_button_v1,5000
138,60,0.3,bot3,success,79,984588247076267869,9302280529678590585,"(22, 8)","(2, 55)","(9, 14)",fireproof_button_v1,5000
138,60,0.3,bot4,success,79,984588247076267869,9302280529678590585,"(22, 8)","(2, 55)","(9, 14)",fireproof_button_v1,5000
139,60,0.3,bot1,burned,56,7207278768631691777,13661715237278879704,"(4, 11)","(35, 36)","(17, 50)",fireproof_button_v1,5000
139,60,0.3,bot2,burned,85,7207278768631691777,13661715237278879704,"(4, 11)","(35, 36)","(17, 50)",fireproof_button_v1,5000
139,60,0.3,bot3,burned,85,7207278768631691777,13661715237278879704,"(4, 11)","(35, 36)","(17, 50)",fireproof_button_v1,5000
139,60,0.3,bot4,burned,107,7207278768631691777,13661715237278879704,"(4, 11)","(35, 36)","(17, 50)",fireproof_button_v1,5000
140,60,0.3,bot1,success,39,13938520994641545529,1995744342328735530,"(14, 35)","(3, 7)","(28, 57)",fireproof_button_v1,5000
140,60,0.3,bot2,success,39,13938520994641545529,1995744342328735530,"(14, 35)","(3, 7)","(28, 57)",fireproof_button_v1,5000
140,60,0.3,bot3,success,39,13938520994641545529,1995744342328735530,"(14, 35)","(3, 7)","(28, 57)",fireproof_button_v1,5000
140,60,0.3,bot4,success,39,13938520994641545529,1995744342328735530,"(14, 35)","(3, 7)","(28, 57)",fireproof_button_v1,5000
141,60,0.3,bot1,success,38,3612647783934845708,14507098402946032056,"(30, 54)","(49, 49)","(44, 27)",fireproof_button_v1,5000
141,60,0.3,bot2,success,38,3612647783934845708,14507098402946032056,"(30, 54)","(49, 49)","(44, 27)",fireproof_button_v1,5000
141,60,0.3,bot3,success,38,3612647783934845708,14507098402946032056,"(30, 54)","(49, 49)","(44, 27)",fireproof_button_v1,5000
141,60,0.3,bot4,success,38,3612647783934845708,14507098402946032056,"(30, 54)","(49, 49)","(44, 27)",fireproof_button_v1,5000
142,60,0.3,bot1,success,16,1436909440641413690,18296657151366995144,"(25, 32)","(18, 27)","(50, 43)",fireproof_button_v1,5000
142,60,0.3,bot2,success,16,1436909440641413690,18296657151366995144,"(25, 32)","(18, 27)","(50, 43)",fireproof_button_v1,5000
142,60,0.3,bot3,success,16,1436909440641413690,18296657151366995144,"(25, 32)","(18, 27)","(50, 43)",fireproof_button_v1,5000
142,60,0.3,bot4,success,16,1436909440641413690,18296657151366995144,"(25, 32)","(18, 27)","(50, 43)",fireproof_button_v1,5000
143,60,0.3,bot1,burned,39,2699063646083195388,12253456739887030842,"(8, 19)","(46, 2)","(40, 9)",fireproof_button_v1,5000
143,60,0.3,bot2,burned,84,2699063646083195388,12253456739887030842,"(8, 19)","(46, 2)","(40, 9)",fireproof_button_v1,5000
143,60,0.3,bot3,burned,84,2699063646083195388,12253456739887030842,"(8, 19)","(46, 2)","(40, 9)",fireproof_button_v1,5000
143,60,0.3,bot4,burned,84,2699063646083195388,12253456739887030842,"(8, 19)","(46, 2)","(40, 9)",fireproof_button_v1,5000
144,60,0.3,bot1,success,66,33994307183027607,13227699956052299190,"(8, 29)","(59, 30)","(24, 53)",fireproof_button_v1,5000
144,60,0.3,bot2,success,66,33994307183027607,13227699956052299190,"(8, 29)","(59, 30)","(24, 53)",fireproof_button_v1,5000
144,60,0.3,bot3,success,66,33994307183027607,13227699956052299190,"(8, 29)","(59, 30)","(24, 53)",fireproof_button_v1,5000
144,60,0.3,bot4,success,66,33994307183027607,13227699956052299190,"(8, 29)","(59, 30)","(24, 53)",fireproof_button_v1,5000
145,60,0.3,bot1,success,57,1501685537300735807,11504575967006707440,"(46, 38)","(11, 54)","(46, 52)",fireproof_button_v1,5000
145,60,0.3,bot2,success,57,1501685537300735807,11504575967006707440,"(46, 38)","(11, 54)","(46, 52)",fireproof_button_v1,5000
145,60,0.3,bot3,success,57,1501685537300735807,11504575967006707440,"(46, 38)","(11, 54)","(46, 52)",fireproof_button_v1,5000
145,60,0.3,bot4,success,57,1501685537300735807,11504575967006707440,"(46, 38)","(11, 54)","(46, 52)",fireproof_button_v1,5000
146,60,0.3,bot1,success,43,9983059101459733712,11339232370536992563,"(5, 59)","(10, 31)","(49, 52)",fireproof_button_v1,5000
146,60,0.3,bot2,success,43,9983059101459733712,11339232370536992563,"(5, 59)","(10, 31)","(49, 52)",fireproof_button_v1,5000
146,60,0.3,bot3,success,43,9983059101459733712,11339232370536992563,"(5, 59)","(10, 31)","(49, 52)",fireproof_button_v1,5000
146,60,0.3,bot4,success,43,9983059101459733712,11339232370536992563,"(5, 59)","(10, 31)","(49, 52)",fireproof_button_v1,5000
147,60,0.3,bot1,success,60,2235000716929741284,14196691289694495550,"(17, 33)","(55, 15)","(48, 50)",fireproof_button_v1,5000
147,60,0.3,bot2,success,60,2235000716929741284,14196691289694495550,"(17, 33)","(55, 15)","(48, 50)",fireproof_button_v1,5000
147,60,0.3,bot3,success,60,2235000716929741284,14196691289694495550,"(17, 33)","(55, 15)","(48, 50)",fireproof_button_v1,5000
147,60,0.3,bot4,success,60,2235000716929741284,14196691289694495550,"(17, 33)","(55, 15)","(48, 50)",fireproof_button_v1,5000
148,60,0.3,bot1,success,59,10460015374678902432,6019305739818090925,"(45, 8)","(18, 36)","(1, 25)",fireproof_button_v1,5000
148,60,0.3,bot2,success,59,10460015374678902432,6019305739818090925,"(45, 8)","(18, 36)","(1, 25)",fireproof_button_v1,5000
148,60,0.3,bot3,success,59,10460015374678902432,6019305739818090925,"(45, 8)","(18, 36)","(1, 25)",fireproof_button_v1,5000
148,60,0.3,bot4,success,59,10460015374678902432,6019305739818090925,"(45, 8)","(18, 36)","(1, 25)",fireproof_button_v1,5000
149,60,0.3,bot1,burned,15,15607275350935035521,1671378932039022229,"(47, 14)","(31, 30)","(39, 21)",fireproof_button_v1,5000
149,60,0.3,bot2,burned,97,15607275350935035521,1671378932039022229,"(47, 14)","(31, 30)","(39, 21)",fireproof_button_v1,5000
149,60,0.3,bot3,burned,107,15607275350935035521,1671378932039022229,"(47, 14)","(31, 30)","(39, 21)",fireproof_button_v1,5000
149,60,0.3,bot4,success,50,15607275350935035521,1671378932039022229,"(47, 14)","(31, 30)","(39, 21)",fireproof_button_v1,5000
150,60,0.3,bot1,success,33,11014301618998858939,13675893049701331487,"(27, 48)","(7, 37)","(40, 22)",fireproof_button_v1,5000
150,60,0.3,bot2,success,33,11014301618998858939,13675893049701331487,"(27, 48)","(7, 37)","(40, 22)",fireproof_button_v1,5000
150,60,0.3,bot3,success,33,11014301618998858939,13675893049701331487,"(27, 48)","(7, 37)","(40, 22)",fireproof_button_v1,5000
150,60,0.3,bot4,success,33,11014301618998858939,13675893049701331487,"(27, 48)","(7, 37)","(40, 22)",fireproof_button_v1,5000
151,60,0.3,bot1,success,70,11381007575554009645,16635988237339215230,"(45, 46)","(18, 9)","(14, 54)",fireproof_button_v1,5000
151,60,0.3,bot2,success,70,11381007575554009645,16635988237339215230,"(45, 46)","(18, 9)","(14, 54)",fireproof_button_v1,5000
151,60,0.3,bot3,success,70,11381007575554009645,16635988237339215230,"(45, 46)","(18, 9)","(14, 54)",fireproof_button_v1,5000
151,60,0.3,bot4,success,72,11381007575554009645,16635988237339215230,"(45, 46)","(18, 9)","(14, 54)",fireproof_button_v1,5000
152,60,0.3,bot1,success,11,67555959112354573,13193916964744439356,"(50, 59)","(44, 56)","(54, 58)",fireproof_button_v1,5000
152,60,0.3,bot2,success,11,67555959112354573,13193916964744439356,"(50, 59)","(44, 56)","(54, 58)",fireproof_button_v1,5000
152,60,0.3,bot3,success,11,67555959112354573,13193916964744439356,"(50, 59)","(44, 56)","(54, 58)",fireproof_button_v1,5000
152,60,0.3,bot4,success,11,67555959112354573,13193916964744439356,"(50, 59)","(44, 56)","(54, 58)",fireproof_button_v1,5000
153,60,0.3,bot1,success,41,17577330692628092349,14806645993061818428,"(57, 49)","(49, 20)","(14, 47)",fireproof_button_v1,5000
153,60,0.3,bot2,success,41,17577330692628092349,14806645993061818428,"(57, 49)","(49, 20)","(14, 47)",fireproof_button_v1,5000
153,60,0.3,bot3,success,41,17577330692628092349,14806645993061818428,"(57, 49)","(49, 20)","(14, 47)",fireproof_button_v1,5000
153,60,0.3,bot4,success,41,17577330692628092349,14806645993061818428,"(57, 49)","(49, 20)","(14, 47)",fireproof_button_v1,5000
154,60,0.3,bot1,success,50,12244351404687708200,8363632600606426177,"(4, 5)","(15, 38)","(2, 0)",fireproof_button_v1,5000
154,60,0.3,bot2,success,50,12244351404687708200,8363632600606426177,"(4, 5)","(15, 38)","(2, 0)",fireproof_button_v1,5000
154,60,0.3,bot3,success,50,12244351404687708200,8363632600606426177,"(4, 5)","(15, 38)","(2, 0)",fireproof_button_v1,5000
154,60,0.3,bot4,success,50,12244351404687708200,8363632600606426177,"(4, 5)","(15, 38)","(2, 0)",fireproof_button_v1,5000
155,60,0.3,bot1,success,18,7721569449308607488,13415200094563692341,"(55, 39)","(44, 40)","(23, 24)",fireproof_button_v1,5000
155,60,0.3,bot2,success,18,7721569449308607488,13415200094563692341,"(55, 39)","(44, 40)","(23, 24)",fireproof_button_v1,5000
155,60,0.3,bot3,success,18,7721569449308607488,13415200094563692341,"(55, 39)","(44, 40)","(23, 24)",fireproof_button_v1,5000
155,60,0.3,bot4,success,18,7721569449308607488,13415200094563692341,"(55, 39)","(44, 40)","(23, 24)",fireproof_button_v1,5000
156,60,0.3,bot1,success,49,4274080264054266975,11892465152249004726,"(23, 10)","(1, 33)","(40, 23)",fireproof_button_v1,5000
156,60,0.3,bot2,success,49,4274080264054266975,11892465152249004726,"(23, 10)","(1, 33)","(40, 23)",fireproof_button_v1,5000
156,60,0.3,bot3,success,49,4274080264054266975,11892465152249004726,"(23, 10)","(1, 33)","(40, 23)",fireproof_button_v1,5000
156,60,0.3,bot4,success,49,4274080264054266975,11892465152249004726,"(23, 10)","(1, 33)","(40, 23)",fireproof_button_v1,5000
157,60,0.3,bot1,success,46,10331917448556859297,12876719080352252943,"(19, 48)","(3, 50)","(56, 51)",fireproof_button_v1,5000
157,60,0.3,bot2,success,46,10331917448556859297,12876719080352252943,"(19, 48)","(3, 50)","(56, 51)",fireproof_button_v1,5000
157,60,0.3,bot3,success,46,10331917448556859297,12876719080352252943,"(19, 48)","(3, 50)","(56, 51)",fireproof_button_v1,5000
157,60,0.3,bot4,success,46,10331917448556859297,12876719080352252943,"(19, 48)","(3, 50)","(56, 51)",fireproof_button_v1,5000
158,60,0.3,bot1,success,26,4543287275818283178,5795832523997537342,"(10, 42)","(7, 35)","(0, 19)",fireproof_button_v1,5000
158,60,0.3,bot2,success,26,4543287275818283178,5795832523997537342,"(10, 42)","(7, 35)","(0, 19)",fireproof_button_v1,5000
158,60,0.3,bot3,success,26,4543287275818283178,5795832523997537342,"(10, 42)","(7, 35)","(0, 19)",fireproof_button_v1,5000
158,60,0.3,bot4,success,26,4543287275818283178,5795832523997537342,"(10, 42)","(7, 35)","(0, 19)",fireproof_button_v1,5000
159,60,0.3,bot1,success,71,6201983680314225834,855013943382193018,"(10, 52)","(37, 10)","(10, 3)",fireproof_button_v1,5000
159,60,0.3,bot2,success,71,6201983680314225834,855013943382193018,"(10, 52)","(37, 10)","(10, 3)",fireproof_button_v1,5000
159,60,0.3,bot3,success,71,6201983680314225834,855013943382193018,"(10, 52)","(37, 10)","(10, 3)",fireproof_button_v1,5000
159,60,0.3,bot4,success,71,6201983680314225834,855013943382193018,"(10, 52)","(37, 10)","(10, 3)",fireproof_button_v1,5000
160,60,0.3,bot1,success,49,5868081819510194930,8824571851500712695,"(26, 29)","(44, 18)","(8, 5)",fireproof_button_v1,5000
160,60,0.3,bot2,success,49,5868081819510194930,8824571851500712695,"(26, 29)","(44, 18)","(8, 5)",fireproof_button_v1,5000
160,60,0.3,bot3,success,49,5868081819510194930,8824571851500712695,"(26, 29)","(44, 18)","(8, 5)",fireproof_button_v1,5000
160,60,0.3,bot4,success,49,5868081819510194930,8824571851500712695,"(26, 29)","(44, 18)","(8, 5)",fireproof_button_v1,5000
161,60,0.3,bot1,success,56,1904491734351273627,9714778181762373848,"(41, 44)","(24, 15)","(56, 46)",fireproof_button_v1,5000
161,60,0.3,bot2,success,56,1904491734351273627,9714778181762373848,"(41, 44)","(24, 15)","(56, 46)",fireproof_button_v1,5000
161,60,0.3,bot3,success,56,1904491734351273627,9714778181762373848,"(41, 44)","(24, 15)","(56, 46)",fireproof_button_v1,5000
161,60,0.3,bot4,success,56,1904491734351273627,9714778181762373848,"(41, 44)","(24, 15)","(56, 46)",fireproof_button_v1,5000
162,60,0.3,bot1,success,52,7466018197001089832,4624259836527768661,"(26, 23)","(14, 59)","(59, 40)",fireproof_button_v1,5000
162,60,0.3,bot2,success,52,7466018197001089832,4624259836527768661,"(26, 23)","(14, 59)","(59, 40)",fireproof_button_v1,5000
162,60,0.3,bot3,success,52,7466018197001089832,4624259836527768661,"(26, 23)","(14, 59)","(59, 40)",fireproof_button_v1,5000
162,60,0.3,bot4,success,52,7466018197001089832,4624259836527768661,"(26, 23)","(14, 59)","(59, 40)",fireproof_button_v1,5000
163,60,0.3,bot1,success,4,14429751322840905541,4459893262121628238,"(17, 59)","(20, 58)","(42, 57)",fireproof_button_v1,5000
163,60,0.3,bot2,success,4,14429751322840905541,4459893262121628238,"(17, 59)","(20, 58)","(42, 57)",fireproof_button_v1,5000
163,60,0.3,bot3,success,4,14429751322840905541,4459893262121628238,"(17, 59)","(20, 58)","(42, 57)",fireproof_button_v1,5000
163,60,0.3,bot4,success,4,14429751322840905541,4459893262121628238,"(17, 59)","(20, 58)","(42, 57)",fireproof_button_v1,5000
164,60,0.3,bot1,success,50,2198306881154948498,11495429655177237506,"(31, 20)","(5, 44)","(50, 28)",fireproof_button_v1,5000
164,60,0.3,bot2,success,50,2198306881154948498,11495429655177237506,"(31, 20)","(5, 44)","(50, 28)",fireproof_button_v1,5000
164,60,0.3,bot3,success,50,2198306881154948498,11495429655177237506,"(31, 20)","(5, 44)","(50, 28)",fireproof_button_v1,5000
164,60,0.3,bot4,success,50,2198306881154948498,11495429655177237506,"(31, 20)","(5, 44)","(50, 28)",fireproof_button_v1,5000
165,60,0.3,bot1,success,42,4322665673433156532,17406743558031448956,"(11, 29)","(39, 33)","(15, 40)",fireproof_button_v1,5000
165,60,0.3,bot2,success,42,4322665673433156532,17406743558031448956,"(11, 29)","(39, 33)","(15, 40)",fireproof_button_v1,5000
165,60,0.3,bot3,success,42,4322665673433156532,17406743558031448956,"(11, 29)","(39, 33)","(15, 40)",fireproof_button_v1,5000
165,60,0.3,bot4,success,46,4322665673433156532,17406743558031448956,"(11, 29)","(39, 33)","(15, 40)",fireproof_button_v1,5000
166,60,0.3,bot1,success,13,7251095629745046249,11473891402706358282,"(36, 44)","(44, 41)","(39, 4)",fireproof_button_v1,5000
166,60,0.3,bot2,success,13,7251095629745046249,11473891402706358282,"(36, 44)","(44, 41)","(39, 4)",fireproof_button_v1,5000
166,60,0.3,bot3,success,13,7251095629745046249,11473891402706358282,"(36, 44)","(44, 41)","(39, 4)",fireproof_button_v1,5000
166,60,0.3,bot4,success,13,7251095629745046249,11473891402706358282,"(36, 44)","(44, 41)","(39, 4)",fireproof_button_v1,5000
167,60,0.3,bot1,success,70,4030730637543422349,17770128983987300768,"(51, 25)","(1, 33)","(0, 16)",fireproof_button_v1,5000
167,60,0.3,bot2,success,70,4030730637543422349,17770128983987300768,"(51, 25)","(1, 33)","(0, 16)",fireproof_button_v1,5000
167,60,0.3,bot3,success,70,4030730637543422349,17770128983987300768,"(51, 25)","(1, 33)","(0, 16)",fireproof_button_v1,5000
167,60,0.3,bot4,success,74,4030730637543422349,17770128983987300768,"(51, 25)","(1, 33)","(0, 16)",fireproof_button_v1,5000
168,60,0.3,bot1,success,42,12730724826322458522,3072606334222826586,"(32, 28)","(16, 54)","(43, 36)",fireproof_button_v1,5000
168,60,0.3,bot2,success,42,12730724826322458522,3072606334222826586,"(32, 28)","(16, 54)","(43, 36)",fireproof_button_v1,5000
168,60,0.3,bot3,success,42,12730724826322458522,3072606334222826586,"(32, 28)","(16, 54)","(43, 36)",fireproof_button_v1,5000
168,60,0.3,bot4,success,42,12730724826322458522,3072606334222826586,"(32, 28)","(16, 54)","(43, 36)",fireproof_button_v1,5000
169,60,0.3,bot1,success,75,7580082257516962997,6885822285620641039,"(4, 4)","(42, 37)","(18, 51)",fireproof_button_v1,5000
169,60,0.3,bot2,success,75,7580082257516962997,6885822285620641039,"(4, 4)","(42, 37)","(18, 51)",fireproof_button_v1,5000
169,60,0.3,bot3,success,75,7580082257516962997,6885822285620641039,"(4, 4)","(42, 37)","(18, 51)",fireproof_button_v1,5000
169,60,0.3,bot4,success,77,7580082257516962997,6885822285620641039,"(4, 4)","(42, 37)","(18, 51)",fireproof_button_v1,5000
170,60,0.3,bot1,success,44,10054912140281589988,8699633519363029498,"(46, 34)","(18, 22)","(40, 12)",fireproof_button_v1,5000
170,60,0.3,bot2,success,44,10054912140281589988,8699633519363029498,"(46, 34)","(18, 22)","(40, 12)",fireproof_button_v1,5000
170,60,0.3,bot3,success,44,10054912140281589988,8699633519363029498,"(46, 34)","(18, 22)","(40, 12)",fireproof_button_v1,5000
170,60,0.3,bot4,success,44,10054912140281589988,8699633519363029498,"(46, 34)","(18, 22)","(40, 12)",fireproof_button_v1,5000
171,60,0.3,bot1,success,52,5627251152498414365,16141582987320977697,"(51, 38)","(17, 30)","(46, 47)",fireproof_button_v1,5000
171,60,0.3,bot2,success,52,5627251152498414365,16141582987320977697,"(51, 38)","(17, 30)","(46, 47)",fireproof_button_v1,5000
171,60,0.3,bot3,success,52,5627251152498414365,16141582987320977697,"(51, 38)","(17, 30)","(46, 47)",fireproof_button_v1,5000
171,60,0.3,bot4,success,52,5627251152498414365,16141582987320977697,"(51, 38)","(17, 30)","(46, 47)",fireproof_button_v1,5000
172,60,0.3,bot1,success,51,13878032373487835104,17986436195647987177,"(3, 39)","(41, 34)","(59, 29)",fireproof_button_v1,5000
172,60,0.3,bot2,success,51,13878032373487835104,17986436195647987177,"(3, 39)","(41, 34)","(59, 29)",fireproof_button_v1,5000
172,60,0.3,bot3,success,51,13878032373487835104,17986436195647987177,"(3, 39)","(41, 34)","(59, 29)",fireproof_button_v1,5000
172,60,0.3,bot4,success,51,13878032373487835104,17986436195647987177,"(3, 39)","(41, 34)","(59, 29)",fireproof_button_v1,5000
173,60,0.3,bot1,success,54,6347161509566769135,16634406965599732584,"(29, 35)","(43, 5)","(20, 49)",fireproof_button_v1,5000
173,60,0.3,bot2,success,54,6347161509566769135,16634406965599732584,"(29, 35)","(43, 5)","(20, 49)",fireproof_button_v1,5000
173,60,0.3,bot3,success,54,6347161509566769135,16634406965599732584,"(29, 35)","(43, 5)","(20, 49)",fireproof_button_v1,5000
173,60,0.3,bot4,success,54,6347161509566769135,16634406965599732584,"(29, 35)","(43, 5)","(20, 49)",fireproof_button_v1,5000
174,60,0.3,bot1,success,35,12403014007882488291,189753551907497850,"(59, 36)","(58, 58)","(45, 35)",fireproof_button_v1,5000
174,60,0.3,bot2,success,35,12403014007882488291,189753551907497850,"(59, 36)","(58, 58)","(45, 35)",fireproof_button_v1,5000
174,60,0.3,bot3,success,35,12403014007882488291,189753551907497850,"(59, 36)","(58, 58)","(45, 35)",fireproof_button_v1,5000
174,60,0.3,bot4,success,35,12403014007882488291,189753551907497850,"(59, 36)","(58, 58)","(45, 35)",fireproof_button_v1,5000
175,60,0.3,bot1,success,70,10582234650824574056,9799290945476957717,"(7, 11)","(4, 58)","(0, 30)",fireproof_button_v1,5000
175,60,0.3,bot2,success,70,10582234650824574056,9799290945476957717,"(7, 11)","(4, 58)","(0, 30)",fireproof_button_v1,5000
175,60,0.3,bot3,success,70,10582234650824574056,9799290945476957717,"(7, 11)","(4, 58)","(0, 30)",fireproof_button_v1,5000
175,60,0.3,bot4,success,88,10582234650824574056,9799290945476957717,"(7, 11)","(4, 58)","(0, 30)",fireproof_button_v1,5000
176,60,0.3,bot1,success,83,3633653765985791053,17493405756440119899,"(4, 43)","(36, 4)","(40, 56)",fireproof_button_v1,5000
176,60,0.3,bot2,success,83,3633653765985791053,17493405756440119899,"(4, 43)","(36, 4)","(40, 56)",fireproof_button_v1,5000
176,60,0.3,bot3,success,83,3633653765985791053,17493405756440119899,"(4, 43)","(36, 4)","(40, 56)",fireproof_button_v1,5000
176,60,0.3,bot4,success,83,3633653765985791053,17493405756440119899,"(4, 43)","(36, 4)","(40, 56)",fireproof_button_v1,5000
177,60,0.3,bot1,success,47,7538995468876307534,3364519776462486998,"(2, 23)","(35, 27)","(29, 14)",fireproof_button_v1,5000
177,60,0.3,bot2,success,47,7538995468876307534,3364519776462486998,"(2, 23)","(35, 27)","(29, 14)",fireproof_button_v1,5000
177,60,0.3,bot3,success,47,7538995468876307534,3364519776462486998,"(2, 23)","(35, 27)","(29, 14)",fireproof_button_v1,5000
177,60,0.3,bot4,success,47,7538995468876307534,3364519776462486998,"(2, 23)","(35, 27)","(29, 14)",fireproof_button_v1,5000
178,60,0.3,bot1,success,71,10062176967572412952,17651751633770282608,"(47, 28)","(17, 29)","(50, 38)",fireproof_button_v1,5000
178,60,0.3,bot2,success,71,10062176967572412952,17651751633770282608,"(47, 28)","(17, 29)","(50, 38)",fireproof_button_v1,5000
178,60,0.3,bot3,success,71,10062176967572412952,17651751633770282608,"(47, 28)","(17, 29)","(50, 38)",fireproof_button_v1,5000
178,60,0.3,bot4,success,71,10062176967572412952,17651751633770282608,"(47, 28)","(17, 29)","(50, 38)",fireproof_button_v1,5000
179,60,0.3,bot1,burned,29,17873962300812687003,9996233804124633750,"(41, 49)","(16, 56)","(19, 44)",fireproof_button_v1,5000
179,60,0.3,bot2,burned,33,17873962300812687003,9996233804124633750,"(41, 49)","(16, 56)","(19, 44)",fireproof_button_v1,5000
179,60,0.3,bot3,success,66,17873962300812687003,9996233804124633750,"(41, 49)","(16, 56)","(19, 44)",fireproof_button_v1,5000
179,60,0.3,bot4,success,40,17873962300812687003,9996233804124633750,"(41, 49)","(16, 56)","(19, 44)",fireproof_button_v1,5000
180,60,0.3,bot1,burned,51,11485479685467725675,13243352558681544368,"(59, 44)","(32, 1)","(40, 12)",fireproof_button_v1,5000
180,60,0.3,bot2,burned,91,11485479685467725675,13243352558681544368,"(59, 44)","(32, 1)","(40, 12)",fireproof_button_v1,5000
180,60,0.3,bot3,burned,91,11485479685467725675,13243352558681544368,"(59, 44)","(32, 1)","(40, 12)",fireproof_button_v1,5000
180,60,0.3,bot4,burned,91,11485479685467725675,13243352558681544368,"(59, 44)","(32, 1)","(40, 12)",fireproof_button_v1,5000
181,60,0.3,bot1,success,63,16393991652124015639,5976667333493864897,"(46, 9)","(37, 51)","(18, 29)",fireproof_button_v1,5000
181,60,0.3,bot2,success,63,16393991652124015639,5976667333493864897,"(46, 9)","(37, 51)","(18, 29)",fireproof_button_v1,5000
181,60,0.3,bot3,success,63,16393991652124015639,5976667333493864897,"(46, 9)","(37, 51)","(18, 29)",fireproof_button_v1,5000
181,60,0.3,bot4,success,63,16393991652124015639,5976667333493864897,"(46, 9)","(37, 51)","(18, 29)",fireproof_button_v1,5000
182,60,0.3,bot1,success,14,6647697720860533224,1631001040349517736,"(19, 47)","(12, 40)","(41, 13)",fireproof_button_v1,5000
182,60,0.3,bot2,success,14,6647697720860533224,1631001040349517736,"(19, 47)","(12, 40)","(41, 13)",fireproof_button_v1,5000
182,60,0.3,bot3,success,14,6647697720860533224,1631001040349517736,"(19, 47)","(12, 40)","(41, 13)",fireproof_button_v1,5000
182,60,0.3,bot4,success,14,6647697720860533224,1631001040349517736,"(19, 47)","(12, 40)","(41, 13)",fireproof_button_v1,5000
183,60,0.3,bot1,success,44,4450811100707411135,6265686106918238465,"(43, 42)","(37, 20)","(46, 59)",fireproof_button_v1,5000
183,60,0.3,bot2,success,44,4450811100707411135,6265686106918238465,"(43, 42)","(37, 20)","(46, 59)",fireproof_button_v1,5000
183,60,0.3,bot3,success,44,4450811100707411135,6265686106918238465,"(43, 42)","(37, 20)","(46, 59)",fireproof_button_v1,5000
183,60,0.3,bot4,success,44,4450811100707411135,6265686106918238465,"(43, 42)","(37, 20)","(46, 59)",fireproof_button_v1,5000
184,60,0.3,bot1,success,74,15659247510136043539,12534368479984516193,"(53, 11)","(2, 22)","(51, 50)",fireproof_button_v1,5000
184,60,0.3,bot2,success,74,15659247510136043539,12534368479984516193,"(53, 11)","(2, 22)","(51, 50)",fireproof_button_v1,5000
184,60,0.3,bot3,success,74,15659247510136043539,12534368479984516193,"(53, 11)","(2, 22)","(51, 50)",fireproof_button_v1,5000
184,60,0.3,bot4,success,74,15659247510136043539,12534368479984516193,"(53, 11)","(2, 22)","(51, 50)",fireproof_button_v1,5000
185,60,0.3,bot1,success,84,6870588803384720222,2973263108736303274,"(26, 0)","(50, 54)","(30, 22)",fireproof_button_v1,5000
185,60,0.3,bot2,success,84,6870588803384720222,2973263108736303274,"(26, 0)","(50, 54)","(30, 22)",fireproof_button_v1,5000
185,60,0.3,bot3,success,84,6870588803384720222,2973263108736303274,"(26, 0)","(50, 54)","(30, 22)",fireproof_button_v1,5000
185,60,0.3,bot4,success,98,6870588803384720222,2973263108736303274,"(26, 0)","(50, 54)","(30, 22)",fireproof_button_v1,5000
186,60,0.3,bot1,success,46,15382568041391069635,16679586140589023037,"(30, 46)","(1, 59)","(44, 32)",fireproof_button_v1,5000
186,60,0.3,bot2,success,46,15382568041391069635,16679586140589023037,"(30, 46)","(1, 59)","(44, 32)",fireproof_button_v1,5000
186,60,0.3,bot3,success,46,15382568041391069635,16679586140589023037,"(30, 46)","(1, 59)","(44, 32)",fireproof_button_v1,5000
186,60,0.3,bot4,success,46,15382568041391069635,16679586140589023037,"(30, 46)","(1, 59)","(44, 32)",fireproof_button_v1,5000
187,60,0.3,bot1,success,53,14134332710642736455,16847482853253524585,"(32, 29)","(56, 52)","(43, 11)",fireproof_button_v1,5000
187,60,0.3,bot2,success,53,14134332710642736455,16847482853253524585,"(32, 29)","(56, 52)","(43, 11)",fireproof_button_v1,5000
187,60,0.3,bot3,success,53,14134332710642736455,16847482853253524585,"(32, 29)","(56, 52)","(43, 11)",fireproof_button_v1,5000
187,60,0.3,bot4,success,53,14134332710642736455,16847482853253524585,"(32, 29)","(56, 52)","(43, 11)",fireproof_button_v1,5000
188,60,0.3,bot1,success,55,3082179737845400219,7442369618652297899,"(31, 44)","(57, 59)","(40, 6)",fireproof_button_v1,5000
188,60,0.3,bot2,success,55,3082179737845400219,7442369618652297899,"(31, 44)","(57, 59)","(40, 6)",fireproof_button_v1,5000
188,60,0.3,bot3,success,55,3082179737845400219,7442369618652297899,"(31, 44)","(57, 59)","(40, 6)",fireproof_button_v1,5000
188,60,0.3,bot4,success,55,3082179737845400219,7442369618652297899,"(31, 44)","(57, 59)","(40, 6)",fireproof_button_v1,5000
189,60,0.3,bot1,success,28,3763979753673757875,1468977745397738338,"(19, 9)","(38, 2)","(23, 14)",fireproof_button_v1,5000
189,60,0.3,bot2,success,28,3763979753673757875,1468977745397738338,"(19, 9)","(38, 2)","(23, 14)",fireproof_button_v1,5000
189,60,0.3,bot3,success,28,3763979753673757875,1468977745397738338,"(19, 9)","(38, 2)","(23, 14)",fireproof_button_v1,5000
189,60,0.3,bot4,success,28,3763979753673757875,1468977745397738338,"(19, 9)","(38, 2)","(23, 14)",fireproof_button_v1,5000
190,60,0.3,bot1,success,74,9590256908327191854,13678629006001744156,"(3, 24)","(54, 33)","(47, 15)",fireproof_button_v1,5000
190,60,0.3,bot2,success,74,9590256908327191854,13678629006001744156,"(3, 24)","(54, 33)","(47, 15)",fireproof_button_v1,5000
190,60,0.3,bot3,success,74,9590256908327191854,13678629006001744156,"(3, 24)","(54, 33)","(47, 15)",fireproof_button_v1,5000
190,60,0.3,bot4,success,74,9590256908327191854,13678629006001744156,"(3, 24)","(54, 33)","(47, 15)",fireproof_button_v1,5000
191,60,0.3,bot1,success,32,2127356048166562098,7100942695096427202,"(44, 37)","(29, 52)","(8, 30)",fireproof_button_v1,5000
191,60,0.3,bot2,success,32,2127356048166562098,7100942695096427202,"(44, 37)","(29, 52)","(8, 30)",fireproof_button_v1,5000
191,60,0.3,bot3,success,32,2127356048166562098,7100942695096427202,"(44, 37)","(29, 52)","(8, 30)",fireproof_button_v1,5000
191,60,0.3,bot4,success,32,2127356048166562098,7100942695096427202,"(44, 37)","(29, 52)","(8, 30)",fireproof_button_v1,5000
192,60,0.3,bot1,success,40,646934680910281979,9235665934536491184,"(29, 3)","(36, 30)","(4, 24)",fireproof_button_v1,5000
192,60,0.3,bot2,success,40,646934680910281979,9235665934536491184,"(29, 3)","(36, 30)","(4, 24)",fireproof_button_v1,5000
192,60,0.3,bot3,success,40,646934680910281979,9235665934536491184,"(29, 3)","(36, 30)","(4, 24)",fireproof_button_v1,5000
192,60,0.3,bot4,success,40,646934680910281979,9235665934536491184,"(29, 3)","(36, 30)","(4, 24)",fireproof_button_v1,5000
193,60,0.3,bot1,success,69,16314061451429927638,10091658620576639569,"(2, 53)","(40, 28)","(55, 47)",fireproof_button_v1,5000
193,60,0.3,bot2,success,69,16314061451429927638,10091658620576639569,"(2, 53)","(40, 28)","(55, 47)",fireproof_button_v1,5000
193,60,0.3,bot3,success,69,16314061451429927638,10091658620576639569,"(2, 53)","(40, 28)","(55, 47)",fireproof_button_v1,5000
193,60,0.3,bot4,success,71,16314061451429927638,10091658620576639569,"(2, 53)","(40, 28)","(55, 47)",fireproof_button_v1,5000
194,60,0.3,bot1,success,58,7707196774501171944,2515867836972133413,"(9, 26)","(26, 53)","(39, 13)",fireproof_button_v1,5000
194,60,0.3,bot2,success,58,7707196774501171944,2515867836972133413,"(9, 26)","(26, 53)","(39, 13)",fireproof_button_v1,5000
194,60,0.3,bot3,success,58,7707196774501171944,2515867836972133413,"(9, 26)","(26, 53)","(39, 13)",fireproof_button_v1,5000
194,60,0.3,bot4,success,58,7707196774501171944,2515867836972133413,"(9, 26)","(26, 53)","(39, 13)",fireproof_button_v1,5000
195,60,0.3,bot1,success,49,855849139256353665,17500536765138223464,"(45, 58)","(28, 30)","(12, 46)",fireproof_button_v1,5000
195,60,0.3,bot2,success,49,855849139256353665,17500536765138223464,"(45, 58)","(28, 30)","(12, 46)",fireproof_button_v1,5000
195,60,0.3,bot3,success,49,855849139256353665,17500536765138223464,"(45, 58)","(28, 30)","(12, 46)",fireproof_button_v1,5000
195,60,0.3,bot4,success,49,855849139256353665,17500536765138223464,"(45, 58)","(28, 30)","(12, 46)",fireproof_button_v1,5000
196,60,0.3,bot1,success,41,3297321967569039880,15696605515614621104,"(27, 27)","(41, 42)","(4, 12)",fireproof_button_v1,5000
196,60,0.3,bot2,success,41,3297321967569039880,15696605515614621104,"(27, 27)","(41, 42)","(4, 12)",fireproof_button_v1,5000
196,60,0.3,bot3,success,41,3297321967569039880,15696605515614621104,"(27, 27)","(41, 42)","(4, 12)",fireproof_button_v1,5000
196,60,0.3,bot4,success,41,3297321967569039880,15696605515614621104,"(27, 27)","(41, 42)","(4, 12)",fireproof_button_v1,5000
197,60,0.3,bot1,success,10,8196681608354700492,3347643750732241616,"(34, 43)","(30, 39)","(49, 22)",fireproof_button_v1,5000
197,60,0.3,bot2,success,10,8196681608354700492,3347643750732241616,"(34, 43)","(30, 39)","(49, 22)",fireproof_button_v1,5000
197,60,0.3,bot3,success,10,8196681608354700492,3347643750732241616,"(34, 43)","(30, 39)","(49, 22)",fireproof_button_v1,5000
197,60,0.3,bot4,success,10,8196681608354700492,3347643750732241616,"(34, 43)","(30, 39)","(49, 22)",fireproof_button_v1,5000
198,60,0.3,bot1,success,37,13855255123434480002,13517918138364958295,"(14, 11)","(2, 28)","(17, 54)",fireproof_button_v1,5000
198,60,0.3,bot2,success,37,13855255123434480002,13517918138364958295,"(14, 11)","(2, 28)","(17, 54)",fireproof_button_v1,5000
198,60,0.3,bot3,success,37,13855255123434480002,13517918138364958295,"(14, 11)","(2, 28)","(17, 54)",fireproof_button_v1,5000
198,60,0.3,bot4,success,37,13855255123434480002,13517918138364958295,"(14, 11)","(2, 28)","(17, 54)",fireproof_button_v1,5000
199,60,0.3,bot1,success,26,137048652259588374,5770928212184532325,"(48, 32)","(39, 27)","(39, 56)",fireproof_button_v1,5000
199,60,0.3,bot2,success,26,137048652259588374,5770928212184532325,"(48, 32)","(39, 27)","(39, 56)",fireproof_button_v1,5000
199,60,0.3,bot3,success,26,137048652259588374,5770928212184532325,"(48, 32)","(39, 27)","(39, 56)",fireproof_button_v1,5000
199,60,0.3,bot4,success,26,137048652259588374,5770928212184532325,"(48, 32)","(39, 27)","(39, 56)",fireproof_button_v1,5000
200,60,0.3,bot1,success,26,4785732257118570110,5446075323714202226,"(32, 37)","(45, 24)","(50, 21)",fireproof_button_v1,5000
200,60,0.3,bot2,success,26,4785732257118570110,5446075323714202226,"(32, 37)","(45, 24)","(50, 21)",fireproof_button_v1,5000
200,60,0.3,bot3,success,26,4785732257118570110,5446075323714202226,"(32, 37)","(45, 24)","(50, 21)",fireproof_button_v1,5000
200,60,0.3,bot4,success,26,4785732257118570110,5446075323714202226,"(32, 37)","(45, 24)","(50, 21)",fireproof_button_v1,5000
201,60,0.3,bot1,burned,26,4092228206512011743,9675745729264468502,"(1, 25)","(42, 59)","(10, 44)",fireproof_button_v1,5000
201,60,0.3,bot2,burned,71,4092228206512011743,9675745729264468502,"(1, 25)","(42, 59)","(10, 44)",fireproof_button_v1,5000
201,60,0.3,bot3,burned,50,4092228206512011743,9675745729264468502,"(1, 25)","(42, 59)","(10, 44)",fireproof_button_v1,5000
201,60,0.3,bot4,success,83,4092228206512011743,9675745729264468502,"(1, 25)","(42, 59)","(10, 44)",fireproof_button_v1,5000
202,60,0.3,bot1,success,38,16483887295007793130,8415140586052511976,"(32, 27)","(33, 34)","(18, 46)",fireproof_button_v1,5000
202,60,0.3,bot2,success,38,16483887295007793130,8415140586052511976,"(32, 27)","(33, 34)","(18, 46)",fireproof_button_v1,5000
202,60,0.3,bot3,success,38,16483887295007793130,8415140586052511976,"(32, 27)","(33, 34)","(18, 46)",fireproof_button_v1,5000
202,60,0.3,bot4,success,38,16483887295007793130,8415140586052511976,"(32, 27)","(33, 34)","(18, 46)",fireproof_button_v1,5000
203,60,0.3,bot1,success,36,16425368038066614751,12627225277779048829,"(42, 30)","(57, 47)","(55, 5)",fireproof_button_v1,5000
203,60,0.3,bot2,success,36,16425368038066614751,12627225277779048829,"(42, 30)","(57, 47)","(55, 5)",fireproof_button_v1,5000
203,60,0.3,bot3,success,36,16425368038066614751,12627225277779048829,"(42, 30)","(57, 47)","(55, 5)",fireproof_button_v1,5000
203,60,0.3,bot4,success,36,16425368038066614751,12627225277779048829,"(42, 30)","(57, 47)","(55, 5)",fireproof_button_v1,5000
204,60,0.3,bot1,success,35,8979150940013906064,7313356221226471577,"(57, 52)","(36, 38)","(0, 3)",fireproof_button_v1,5000
204,60,0.3,bot2,success,35,8979150940013906064,7313356221226471577,"(57, 52)","(36, 38)","(0, 3)",fireproof_button_v1,5000
204,60,0.3,bot3,success,35,8979150940013906064,7313356221226471577,"(57, 52)","(36, 38)","(0, 3)",fireproof_button_v1,5000
204,60,0.3,bot4,success,35,8979150940013906064,7313356221226471577,"(57, 52)","(36, 38)","(0, 3)",fireproof_button_v1,5000
205,60,0.3,bot1,success,54,4658830042346554486,9203735240605245934,"(25, 3)","(57, 15)","(55, 54)",fireproof_button_v1,5000
205,60,0.3,bot2,success,54,4658830042346554486,9203735240605245934,"(25, 3)","(57, 15)","(55, 54)",fireproof_button_v1,5000
205,60,0.3,bot3,success,54,4658830042346554486,9203735240605245934,"(25, 3)","(57, 15)","(55, 54)",fireproof_button_v1,5000
205,60,0.3,bot4,success,54,4658830042346554486,9203735240605245934,"(25, 3)","(57, 15)","(55, 54)",fireproof_button_v1,5000
206,60,0.3,bot1,success,66,11476638397893070888,331724773358607384,"(5, 14)","(46, 5)","(22, 0)",fireproof_button_v1,5000
206,60,0.3,bot2,success,66,11476638397893070888,331724773358607384,"(5, 14)","(46, 5)","(22, 0)",fireproof_button_v1,5000
206,60,0.3,bot3,success,66,11476638397893070888,331724773358607384,"(5, 14)","(46, 5)","(22, 0)",fireproof_button_v1,5000
206,60,0.3,bot4,success,66,11476638397893070888,331724773358607384,"(5, 14)","(46, 5)","(22, 0)",fireproof_button_v1,5000
207,60,0.3,bot1,success,38,16299771536079477742,12007171014169858836,"(24, 24)","(51, 27)","(17, 45)",fireproof_button_v1,5000
207,60,0.3,bot2,success,38,16299771536079477742,12007171014169858836,"(24, 24)","(51, 27)","(17, 45)",fireproof_button_v1,5000
207,60,0.3,bot3,success,38,16299771536079477742,12007171014169858836,"(24, 24)","(51, 27)","(17, 45)",fireproof_button_v1,5000
207,60,0.3,bot4,success,38,16299771536079477742,12007171014169858836,"(24, 24)","(51, 27)","(17, 45)",fireproof_button_v1,5000
208,60,0.3,bot1,success,28,6287280180723459869,17313928950521844834,"(30, 9)","(14, 3)","(14, 17)",fireproof_button_v1,5000
208,60,0.3,bot2,success,28,6287280180723459869,17313928950521844834,"(30, 9)","(14, 3)","(14, 17)",fireproof_button_v1,5000
208,60,0.3,bot3,success,28,6287280180723459869,17313928950521844834,"(30, 9)","(14, 3)","(14, 17)",fireproof_button_v1,5000
208,60,0.3,bot4,success,28,6287280180723459869,17313928950521844834,"(30, 9)","(14, 3)","(14, 17)",fireproof_button_v1,5000
209,60,0.3,bot1,success,36,11019232785966834434,16237367281754475104,"(37, 39)","(59, 35)","(0, 58)",fireproof_button_v1,5000
209,60,0.3,bot2,success,36,11019232785966834434,16237367281754475104,"(37, 39)","(59, 35)","(0, 58)",fireproof_button_v1,5000
209,60,0.3,bot3,success,36,11019232785966834434,16237367281754475104,"(37, 39)","(59, 35)","(0, 58)",fireproof_button_v1,5000
209,60,0.3,bot4,success,36,11019232785966834434,16237367281754475104,"(37, 39)","(59, 35)","(0, 58)",fireproof_button_v1,5000
210,60,0.3,bot1,success,33,426529144811499932,13962712917916685905,"(1, 7)","(13, 28)","(5, 51)",fireproof_button_v1,5000
210,60,0.3,bot2,success,33,426529144811499932,13962712917916685905,"(1, 7)","(13, 28)","(5, 51)",fireproof_button_v1,5000
210,60,0.3,bot3,success,33,426529144811499932,13962712917916685905,"(1, 7)","(13, 28)","(5, 51)",fireproof_button_v1,5000
210,60,0.3,bot4,success,33,426529144811499932,13962712917916685905,"(1, 7)","(13, 28)","(5, 51)",fireproof_button_v1,5000
211,60,0.3,bot1,success,24,4807340542205618382,3784978868208317676,"(1, 5)","(5, 19)","(56, 53)",fireproof_button_v1,5000
211,60,0.3,bot2,success,24,4807340542205618382,3784978868208317676,"(1, 5)","(5, 19)","(56, 53)",fireproof_button_v1,5000
211,60,0.3,bot3,success,24,4807340542205618382,3784978868208317676,"(1, 5)","(5, 19)","(56, 53)",fireproof_button_v1,5000
211,60,0.3,bot4,success,24,4807340542205618382,3784978868208317676,"(1, 5)","(5, 19)","(56, 53)",fireproof_button_v1,5000
212,60,0.3,bot1,success,39,6866527415465430333,1822538321850154429,"(54, 1)","(43, 19)","(48, 51)",fireproof_button_v1,5000
212,60,0.3,bot2,success,39,6866527415465430333,1822538321850154429,"(54, 1)","(43, 19)","(48, 51)",fireproof_button_v1,5000
212,60,0.3,bot3,success,39,6866527415465430333,1822538321850154429,"(54, 1)","(43, 19)","(48, 51)",fireproof_button_v1,5000
212,60,0.3,bot4,success,39,6866527415465430333,1822538321850154429,"(54, 1)","(43, 19)","(48, 51)",fireproof_button_v1,5000
213,60,0.3,bot1,success,77,9301229424120810,17867598754063880423,"(4, 30)","(57, 24)","(2, 40)",fireproof_button_v1,5000
213,60,0.3,bot2,success,77,9301229424120810,17867598754063880423,"(4, 30)","(57, 24)","(2, 40)",fireproof_button_v1,5000
213,60,0.3,bot3,success,77,9301229424120810,17867598754063880423,"(4, 30)","(57, 24)","(2, 40)",fireproof_button_v1,5000
213,60,0.3,bot4,success,77,9301229424120810,17867598754063880423,"(4, 30)","(57, 24)","(2, 40)",fireproof_button_v1,5000
214,60,0.3,bot1,success,42,5224763934825951852,17753209168165916230,"(34, 35)","(53, 58)","(37, 40)",fireproof_button_v1,5000
214,60,0.3,bot2,success,42,5224763934825951852,17753209168165916230,"(34, 35)","(53, 58)","(37, 40)",fireproof_button_v1,5000
214,60,0.3,bot3,success,42,5224763934825951852,17753209168165916230,"(34, 35)","(53, 58)","(37, 40)",fireproof_button_v1,5000
214,60,0.3,bot4,success,42,5224763934825951852,17753209168165916230,"(34, 35)","(53, 58)","(37, 40)",fireproof_button_v1,5000
215,60,0.3,bot1,success,48,4599362612613516035,2241479709567784208,"(38, 51)","(7, 44)","(6, 34)",fireproof_button_v1,5000
215,60,0.3,bot2,success,48,4599362612613516035,2241479709567784208,"(38, 51)","(7, 44)","(6, 34)",fireproof_button_v1,5000
215,60,0.3,bot3,success,48,4599362612613516035,2241479709567784208,"(38, 51)","(7, 44)","(6, 34)",fireproof_button_v1,5000
215,60,0.3,bot4,success,48,4599362612613516035,2241479709567784208,"(38, 51)","(7, 44)","(6, 34)",fireproof_button_v1,5000
216,60,0.3,bot1,success,24,6839535481866615474,11005280405403021757,"(34, 37)","(46, 41)","(43, 14)",fireproof_button_v1,5000
216,60,0.3,bot2,success,24,6839535481866615474,11005280405403021757,"(34, 37)","(46, 41)","(43, 14)",fireproof_button_v1,5000
216,60,0.3,bot3,success,24,6839535481866615474,11005280405403021757,"(34, 37)","(46, 41)","(43, 14)",fireproof_button_v1,5000
216,60,0.3,bot4,success,24,6839535481866615474,11005280405403021757,"(34, 37)","(46, 41)","(43, 14)",fireproof_button_v1,5000
217,60,0.3,bot1,success,51,17276684521881113009,7908076961741121085,"(37, 6)","(52, 34)","(58, 23)",fireproof_button_v1,5000
217,60,0.3,bot2,success,51,17276684521881113009,7908076961741121085,"(37, 6)","(52, 34)","(58, 23)",fireproof_button_v1,5000
217,60,0.3,bot3,success,51,17276684521881113009,7908076961741121085,"(37, 6)","(52, 34)","(58, 23)",fireproof_button_v1,5000
217,60,0.3,bot4,success,51,17276684521881113009,7908076961741121085,"(37, 6)","(52, 34)","(58, 23)",fireproof_button_v1,5000
218,60,0.3,bot1,success,34,12463330387313869122,11406987959251396449,"(5, 8)","(24, 11)","(43, 20)",fireproof_button_v1,5000
218,60,0.3,bot2,success,34,12463330387313869122,11406987959251396449,"(5, 8)","(24, 11)","(43, 20)",fireproof_button_v1,5000
218,60,0.3,bot3,success,34,12463330387313869122,11406987959251396449,"(5, 8)","(24, 11)","(43, 20)",fireproof_button_v1,5000
218,60,0.3,bot4,success,34,12463330387313869122,11406987959251396449,"(5, 8)","(24, 11)","(43, 20)",fireproof_button_v1,5000
219,60,0.3,bot1,burned,79,5355507978805254612,8430189496596096720,"(59, 59)","(12, 17)","(5, 29)",fireproof_button_v1,5000
219,60,0.3,bot2,burned,100,5355507978805254612,8430189496596096720,"(59, 59)","(12, 17)","(5, 29)",fireproof_button_v1,5000
219,60,0.3,bot3,burned,100,5355507978805254612,8430189496596096720,"(59, 59)","(12, 17)","(5, 29)",fireproof_button_v1,5000
219,60,0.3,bot4,burned,99,5355507978805254612,8430189496596096720,"(59, 59)","(12, 17)","(5, 29)",fireproof_button_v1,5000
220,60,0.3,bot1,success,35,16491170433444793828,16224187540795026382,"(27, 37)","(52, 31)","(59, 32)",fireproof_button_v1,5000
220,60,0.3,bot2,success,35,16491170433444793828,16224187540795026382,"(27, 37)","(52, 31)","(59, 32)",fireproof_button_v1,5000
220,60,0.3,bot3,success,35,16491170433444793828,16224187540795026382,"(27, 37)","(52, 31)","(59, 32)",fireproof_button_v1,5000
220,60,0.3,bot4,success,35,16491170433444793828,16224187540795026382,"(27, 37)","(52, 31)","(59, 32)",fireproof_button_v1,5000
221,60,0.3,bot1,success,25,8784696092633342061,10394209671647229888,"(58, 2)","(44, 13)","(3, 39)",fireproof_button_v1,5000
221,60,0.3,bot2,success,25,8784696092633342061,10394209671647229888,"(58, 2)","(44, 13)","(3, 39)",fireproof_button_v1,5000
221,60,0.3,bot3,success,25,8784696092633342061,10394209671647229888,"(58, 2)","(44, 13)","(3, 39)",fireproof_button_v1,5000
221,60,0.3,bot4,success,25,8784696092633342061,10394209671647229888,"(58, 2)","(44, 13)","(3, 39)",fireproof_button_v1,5000
222,60,0.3,bot1,success,24,17453166728821979778,16040133303599154614,"(33, 51)","(23, 49)","(15, 44)",fireproof_button_v1,5000
222,60,0.3,bot2,success,24,17453166728821979778,16040133303599154614,"(33, 51)","(23, 49)","(15, 44)",fireproof_button_v1,5000
222,60,0.3,bot3,success,24,17453166728821979778,16040133303599154614,"(33, 51)","(23, 49)","(15, 44)",fireproof_button_v1,5000
222,60,0.3,bot4,success,24,17453166728821979778,16040133303599154614,"(33, 51)","(23, 49)","(15, 44)",fireproof_button_v1,5000
223,60,0.3,bot1,success,62,16788982184178995825,788678564524790471,"(10, 13)","(26, 49)","(40, 48)",fireproof_button_v1,5000
223,60,0.3,bot2,success,62,16788982184178995825,788678564524790471,"(10, 13)","(26, 49)","(40, 48)",fireproof_button_v1,5000
223,60,0.3,bot3,success,62,16788982184178995825,788678564524790471,"(10, 13)","(26, 49)","(40, 48)",fireproof_button_v1,5000
223,60,0.3,bot4,success,64,16788982184178995825,788678564524790471,"(10, 13)","(26, 49)","(40, 48)",fireproof_button_v1,5000
224,60,0.3,bot1,burned,33,7927599889975602136,242751278291741660,"(21, 52)","(56, 48)","(40, 49)",fireproof_button_v1,5000
224,60,0.3,bot2,burned,137,7927599889975602136,242751278291741660,"(21, 52)","(56, 48)","(40, 49)",fireproof_button_v1,5000
224,60,0.3,bot3,burned,133,7927599889975602136,242751278291741660,"(21, 52)","(56, 48)","(40, 49)",fireproof_button_v1,5000
224,60,0.3,bot4,burned,137,7927599889975602136,242751278291741660,"(21, 52)","(56, 48)","(40, 49)",fireproof_button_v1,5000
225,60,0.3,bot1,success,70,8313925857008697808,11612632305386914461,"(11, 2)","(16, 23)","(29, 18)",fireproof_button_v1,5000
225,60,0.3,bot2,success,70,8313925857008697808,11612632305386914461,"(11, 2)","(16, 23)","(29, 18)",fireproof_button_v1,5000
225,60,0.3,bot3,success,70,8313925857008697808,11612632305386914461,"(11, 2)","(16, 23)","(29, 18)",fireproof_button_v1,5000
225,60,0.3,bot4,success,70,8313925857008697808,11612632305386914461,"(11, 2)","(16, 23)","(29, 18)",fireproof_button_v1,5000
226,60,0.3,bot1,success,32,16239036740196055323,4646236539070086256,"(10, 32)","(26, 24)","(10, 34)",fireproof_button_v1,5000
226,60,0.3,bot2,success,32,16239036740196055323,4646236539070086256,"(10, 32)","(26, 24)","(10, 34)",fireproof_button_v1,5000
226,60,0.3,bot3,success,32,16239036740196055323,4646236539070086256,"(10, 32)","(26, 24)","(10, 34)",fireproof_button_v1,5000
226,60,0.3,bot4,success,32,16239036740196055323,4646236539070086256,"(10, 32)","(26, 24)","(10, 34)",fireproof_button_v1,5000
227,60,0.3,bot1,burned,66,4053468511354521920,8751336330811353961,"(3, 43)","(54, 15)","(52, 7)",fireproof_button_v1,5000
227,60,0.3,bot2,burned,135,4053468511354521920,8751336330811353961,"(3, 43)","(54, 15)","(52, 7)",fireproof_button_v1,5000
227,60,0.3,bot3,burned,135,4053468511354521920,8751336330811353961,"(3, 43)","(54, 15)","(52, 7)",fireproof_button_v1,5000
227,60,0.3,bot4,burned,135,4053468511354521920,8751336330811353961,"(3, 43)","(54, 15)","(52, 7)",fireproof_button_v1,5000
228,60,0.3,bot1,success,25,5034837844679487520,17800172437066845372,"(43, 51)","(28, 47)","(39, 39)",fireproof_button_v1,5000
228,60,0.3,bot2,success,25,5034837844679487520,17800172437066845372,"(43, 51)","(28, 47)","(39, 39)",fireproof_button_v1,5000
228,60,0.3,bot3,success,25,5034837844679487520,17800172437066845372,"(43, 51)","(28, 47)","(39, 39)",fireproof_button_v1,5000
228,60,0.3,bot4,success,29,5034837844679487520,17800172437066845372,"(43, 51)","(28, 47)","(39, 39)",fireproof_button_v1,5000
229,60,0.3,bot1,success,94,3556811767396984538,612112022837376057,"(50, 8)","(9, 57)","(58, 42)",fireproof_button_v1,5000
229,60,0.3,bot2,success,94,3556811767396984538,612112022837376057,"(50, 8)","(9, 57)","(58, 42)",fireproof_button_v1,5000
229,60,0.3,bot3,success,94,3556811767396984538,612112022837376057,"(50, 8)","(9, 57)","(58, 42)",fireproof_button_v1,5000
229,60,0.3,bot4,success,94,3556811767396984538,612112022837376057,"(50, 8)","(9, 57)","(58, 42)",fireproof_button_v1,5000
230,60,0.3,bot1,success,23,14637593017133226646,6743642115213226491,"(14, 50)","(27, 40)","(29, 26)",fireproof_button_v1,5000
230,60,0.3,bot2,success,23,14637593017133226646,6743642115213226491,"(14, 50)","(27, 40)","(29, 26)",fireproof_button_v1,5000
230,60,0.3,bot3,success,23,14637593017133226646,6743642115213226491,"(14, 50)","(27, 40)","(29, 26)",fireproof_button_v1,5000
230,60,0.3,bot4,success,23,14637593017133226646,6743642115213226491,"(14, 50)","(27, 40)","(29, 26)",fireproof_button_v1,5000
231,60,0.3,bot1,success,43,15886326806994122332,8171096234128991388,"(16, 5)","(41, 15)","(22, 15)",fireproof_button_v1,5000
231,60,0.3,bot2,success,43,15886326806994122332,8171096234128991388,"(16, 5)","(41, 15)","(22, 15)",fireproof_button_v1,5000
231,60,0.3,bot3,success,43,15886326806994122332,8171096234128991388,"(16, 5)","(41, 15)","(22, 15)",fireproof_button_v1,5000
231,60,0.3,bot4,success,43,15886326806994122332,8171096234128991388,"(16, 5)","(41, 15)","(22, 15)",fireproof_button_v1,5000
232,60,0.3,bot1,success,64,3281305597252330439,9552535635156215017,"(5, 31)","(40, 50)","(16, 4)",fireproof_button_v1,5000
232,60,0.3,bot2,success,64,3281305597252330439,9552535635156215017,"(5, 31)","(40, 50)","(16, 4)",fireproof_button_v1,5000
232,60,0.3,bot3,success,64,3281305597252330439,9552535635156215017,"(5, 31)","(40, 50)","(16, 4)",fireproof_button_v1,5000
232,60,0.3,bot4,success,64,3281305597252330439,9552535635156215017,"(5, 31)","(40, 50)","(16, 4)",fireproof_button_v1,5000
233,60,0.3,bot1,success,24,1247085013237762712,8669944402388565667,"(30, 43)","(31, 54)","(42, 23)",fireproof_button_v1,5000
233,60,0.3,bot2,success,24,1247085013237762712,8669944402388565667,"(30, 43)","(31, 54)","(42, 23)",fireproof_button_v1,5000
233,60,0.3,bot3,success,24,1247085013237762712,8669944402388565667,"(30, 43)","(31, 54)","(42, 23)",fireproof_button_v1,5000
233,60,0.3,bot4,success,24,1247085013237762712,8669944402388565667,"(30, 43)","(31, 54)","(42, 23)",fireproof_button_v1,5000
234,60,0.3,bot1,success,38,9216543649763240156,1589162027868569057,"(13, 10)","(42, 15)","(36, 47)",fireproof_button_v1,5000
234,60,0.3,bot2,success,38,9216543649763240156,1589162027868569057,"(13, 10)","(42, 15)","(36, 47)",fireproof_button_v1,5000
234,60,0.3,bot3,success,38,9216543649763240156,1589162027868569057,"(13, 10)","(42, 15)","(36, 47)",fireproof_button_v1,5000
234,60,0.3,bot4,success,38,9216543649763240156,1589162027868569057,"(13, 10)","(42, 15)","(36, 47)",fireproof_button_v1,5000
235,60,0.3,bot1,success,58,13615227246171351952,9749074379599787094,"(54, 27)","(36, 1)","(25, 37)",fireproof_button_v1,5000
235,60,0.3,bot2,success,58,13615227246171351952,9749074379599787094,"(54, 27)","(36, 1)","(25, 37)",fireproof_button_v1,5000
235,60,0.3,bot3,success,58,13615227246171351952,9749074379599787094,"(54, 27)","(36, 1)","(25, 37)",fireproof_button_v1,5000
235,60,0.3,bot4,success,58,13615227246171351952,9749074379599787094,"(54, 27)","(36, 1)","(25, 37)",fireproof_button_v1,5000
236,60,0.3,bot1,success,31,15626237123664452202,5141663589476477393,"(36, 11)","(28, 26)","(24, 9)",fireproof_button_v1,5000
236,60,0.3,bot2,success,31,15626237123664452202,5141663589476477393,"(36, 11)","(28, 26)","(24, 9)",fireproof_button_v1,5000
236,60,0.3,bot3,success,31,15626237123664452202,5141663589476477393,"(36, 11)","(28, 26)","(24, 9)",fireproof_button_v1,5000
236,60,0.3,bot4,success,35,15626237123664452202,5141663589476477393,"(36, 11)","(28, 26)","(24, 9)",fireproof_button_v1,5000
237,60,0.3,bot1,success,63,14415194917510073242,9944194073128903067,"(52, 46)","(33, 6)","(35, 53)",fireproof_button_v1,5000
237,60,0.3,bot2,success,63,14415194917510073242,9944194073128903067,"(52, 46)","(33, 6)","(35, 53)",fireproof_button_v1,5000
237,60,0.3,bot3,success,63,14415194917510073242,9944194073128903067,"(52, 46)","(33, 6)","(35, 53)",fireproof_button_v1,5000
237,60,0.3,bot4,success,63,14415194917510073242,9944194073128903067,"(52, 46)","(33, 6)","(35, 53)",fireproof_button_v1,5000
238,60,0.3,bot1,success,59,6894619838854347698,8911131190035166805,"(23, 36)","(37, 7)","(7, 11)",fireproof_button_v1,5000
238,60,0.3,bot2,success,59,6894619838854347698,8911131190035166805,"(23, 36)","(37, 7)","(7, 11)",fireproof_button_v1,5000
238,60,0.3,bot3,success,59,6894619838854347698,8911131190035166805,"(23, 36)","(37, 7)","(7, 11)",fireproof_button_v1,5000
238,60,0.3,bot4,success,59,6894619838854347698,8911131190035166805,"(23, 36)","(37, 7)","(7, 11)",fireproof_button_v1,5000
239,60,0.3,bot1,success,75,3765859907331277712,7851685633595575900,"(19, 2)","(29, 47)","(0, 58)",fireproof_button_v1,5000
239,60,0.3,bot2,success,75,3765859907331277712,7851685633595575900,"(19, 2)","(29, 47)","(0, 58)",fireproof_button_v1,5000
239,60,0.3,bot3,success,75,3765859907331277712,7851685633595575900,"(19, 2)","(29, 47)","(0, 58)",fireproof_button_v1,5000
239,60,0.3,bot4,success,75,3765859907331277712,7851685633595575900,"(19, 2)","(29, 47)","(0, 58)",fireproof_button_v1,5000
240,60,0.3,bot1,burned,29,11176795735213762918,17148889188179474156,"(35, 29)","(54, 19)","(56, 17)",fireproof_button_v1,5000
240,60,0.3,bot2,burned,84,11176795735213762918,17148889188179474156,"(35, 29)","(54, 19)","(56, 17)",fireproof_button_v1,5000
240,60,0.3,bot3,burned,84,11176795735213762918,17148889188179474156,"(35, 29)","(54, 19)","(56, 17)",fireproof_button_v1,5000
240,60,0.3,bot4,burned,84,11176795735213762918,17148889188179474156,"(35, 29)","(54, 19)","(56, 17)",fireproof_button_v1,5000
241,60,0.3,bot1,success,16,12202608930151701858,9339573059956228892,"(55, 16)","(58, 27)","(31, 55)",fireproof_button_v1,5000
241,60,0.3,bot2,success,16,12202608930151701858,9339573059956228892,"(55, 16)","(58, 27)","(31, 55)",fireproof_button_v1,5000
241,60,0.3,bot3,success,16,12202608930151701858,9339573059956228892,"(55, 16)","(58, 27)","(31, 55)",fireproof_button_v1,5000
241,60,0.3,bot4,success,16,12202608930151701858,9339573059956228892,"(55, 16)","(58, 27)","(31, 55)",fireproof_button_v1,5000
242,60,0.3,bot1,success,39,9010894773932737588,754300914653007805,"(7, 4)","(29, 21)","(45, 12)",fireproof_button_v1,5000
242,60,0.3,bot2,success,39,9010894773932737588,754300914653007805,"(7, 4)","(29, 21)","(45, 12)",fireproof_button_v1,5000
242,60,0.3,bot3,success,39,9010894773932737588,754300914653007805,"(7, 4)","(29, 21)","(45, 12)",fireproof_button_v1,5000
242,60,0.3,bot4,success,39,9010894773932737588,754300914653007805,"(7, 4)","(29, 21)","(45, 12)",fireproof_button_v1,5000
243,60,0.3,bot1,success,43,15962686233097672702,11036619860885889718,"(29, 11)","(46, 31)","(29, 2)",fireproof_button_v1,5000
243,60,0.3,bot2,success,43,15962686233097672702,11036619860885889718,"(29, 11)","(46, 31)","(29, 2)",fireproof_button_v1,5000
243,60,0.3,bot3,success,43,15962686233097672702,11036619860885889718,"(29, 11)","(46, 31)","(29, 2)",fireproof_button_v1,5000
243,60,0.3,bot4,success,43,15962686233097672702,11036619860885889718,"(29, 11)","(46, 31)","(29, 2)",fireproof_button_v1,5000
244,60,0.3,bot1,success,42,12097669716080123869,8194089023327479564,"(25, 23)","(58, 28)","(42, 11)",fireproof_button_v1,5000
244,60,0.3,bot2,success,42,12097669716080123869,8194089023327479564,"(25, 23)","(58, 28)","(42, 11)",fireproof_button_v1,5000
244,60,0.3,bot3,success,42,12097669716080123869,8194089023327479564,"(25, 23)","(58, 28)","(42, 11)",fireproof_button_v1,5000
244,60,0.3,bot4,success,42,12097669716080123869,8194089023327479564,"(25, 23)","(58, 28)","(42, 11)",fireproof_button_v1,5000
245,60,0.3,bot1,success,64,11307554942307205040,9126600051145741850,"(47, 20)","(10, 43)","(43, 49)",fireproof_button_v1,5000
245,60,0.3,bot2,success,64,11307554942307205040,9126600051145741850,"(47, 20)","(10, 43)","(43, 49)",fireproof_button_v1,5000
245,60,0.3,bot3,success,64,11307554942307205040,9126600051145741850,"(47, 20)","(10, 43)","(43, 49)",fireproof_button_v1,5000
245,60,0.3,bot4,success,64,11307554942307205040,9126600051145741850,"(47, 20)","(10, 43)","(43, 49)",fireproof_button_v1,5000
246,60,0.3,bot1,success,4,15270268461333308471,1504291569863501922,"(48, 28)","(50, 30)","(40, 30)",fireproof_button_v1,5000
246,60,0.3,bot2,success,4,15270268461333308471,1504291569863501922,"(48, 28)","(50, 30)","(40, 30)",fireproof_button_v1,5000
246,60,0.3,bot3,success,4,15270268461333308471,1504291569863501922,"(48, 28)","(50, 30)","(40, 30)",fireproof_button_v1,5000
246,60,0.3,bot4,success,4,15270268461333308471,1504291569863501922,"(48, 28)","(50, 30)","(40, 30)",fireproof_button_v1,5000
247,60,0.3,bot1,success,65,16124648258039070300,3306128649649680565,"(1, 0)","(48, 4)","(35, 38)",fireproof_button_v1,5000
247,60,0.3,bot2,success,65,16124648258039070300,3306128649649680565,"(1, 0)","(48, 4)","(35, 38)",fireproof_button_v1,5000
247,60,0.3,bot3,success,65,16124648258039070300,3306128649649680565,"(1, 0)","(48, 4)","(35, 38)",fireproof_button_v1,5000
247,60,0.3,bot4,success,65,16124648258039070300,3306128649649680565,"(1, 0)","(48, 4)","(35, 38)",fireproof_button_v1,5000
248,60,0.3,bot1,success,36,11094937211718406735,110263485455129935,"(36, 29)","(55, 18)","(29, 54)",fireproof_button_v1,5000
248,60,0.3,bot2,success,36,11094937211718406735,110263485455129935,"(36, 29)","(55, 18)","(29, 54)",fireproof_button_v1,5000
248,60,0.3,bot3,success,36,11094937211718406735,110263485455129935,"(36, 29)","(55, 18)","(29, 54)",fireproof_button_v1,5000
248,60,0.3,bot4,success,36,11094937211718406735,110263485455129935,"(36, 29)","(55, 18)","(29, 54)",fireproof_button_v1,5000
249,60,0.3,bot1,success,68,14950233194559268495,7444558455070544544,"(6, 9)","(43, 34)","(31, 38)",fireproof_button_v1,5000
249,60,0.3,bot2,success,68,14950233194559268495,7444558455070544544,"(6, 9)","(43, 34)","(31, 38)",fireproof_button_v1,5000
249,60,0.3,bot3,burned,100,14950233194559268495,7444558455070544544,"(6, 9)","(43, 34)","(31, 38)",fireproof_button_v1,5000
249,60,0.3,bot4,burned,81,14950233194559268495,7444558455070544544,"(6, 9)","(43, 34)","(31, 38)",fireproof_button_v1,5000
250,60,0.3,bot1,success,60,2926476182144847717,17020742373622290847,"(55, 56)","(20, 43)","(55, 55)",fireproof_button_v1,5000
250,60,0.3,bot2,success,60,2926476182144847717,17020742373622290847,"(55, 56)","(20, 43)","(55, 55)",fireproof_button_v1,5000
250,60,0.3,bot3,success,60,2926476182144847717,17020742373622290847,"(55, 56)","(20, 43)","(55, 55)",fireproof_button_v1,5000
250,60,0.3,bot4,success,60,2926476182144847717,17020742373622290847,"(55, 56)","(20, 43)","(55, 55)",fireproof_button_v1,5000
251,60,0.3,bot1,burned,20,3682251784003145643,16975907375567954762,"(56, 53)","(46, 5)","(46, 36)",fireproof_button_v1,5000
251,60,0.3,bot2,burned,51,3682251784003145643,16975907375567954762,"(56, 53)","(46, 5)","(46, 36)",fireproof_button_v1,5000
251,60,0.3,bot3,burned,44,3682251784003145643,16975907375567954762,"(56, 53)","(46, 5)","(46, 36)",fireproof_button_v1,5000
251,60,0.3,bot4,burned,51,3682251784003145643,16975907375567954762,"(56, 53)","(46, 5)","(46, 36)",fireproof_button_v1,5000
252,60,0.3,bot1,success,30,14862403252988665955,1903363422121640564,"(0, 39)","(4, 19)","(49, 26)",fireproof_button_v1,5000
252,60,0.3,bot2,success,30,14862403252988665955,1903363422121640564,"(0, 39)","(4, 19)","(49, 26)",fireproof_button_v1,5000
252,60,0.3,bot3,success,30,14862403252988665955,1903363422121640564,"(0, 39)","(4, 19)","(49, 26)",fireproof_button_v1,5000
252,60,0.3,bot4,success,30,14862403252988665955,1903363422121640564,"(0, 39)","(4, 19)","(49, 26)",fireproof_button_v1,5000
253,60,0.3,bot1,success,64,5212781571973842902,680539380339649850,"(56, 58)","(23, 37)","(3, 51)",fireproof_button_v1,5000
253,60,0.3,bot2,success,64,5212781571973842902,680539380339649850,"(56, 58)","(23, 37)","(3, 51)",fireproof_button_v1,5000
253,60,0.3,bot3,success,64,5212781571973842902,680539380339649850,"(56, 58)","(23, 37)","(3, 51)",fireproof_button_v1,5000
253,60,0.3,bot4,success,64,5212781571973842902,680539380339649850,"(56, 58)","(23, 37)","(3, 51)",fireproof_button_v1,5000
254,60,0.3,bot1,success,41,13159450211279266893,5823218153178521498,"(9, 40)","(30, 32)","(33, 8)",fireproof_button_v1,5000
254,60,0.3,bot2,success,41,13159450211279266893,5823218153178521498,"(9, 40)","(30, 32)","(33, 8)",fireproof_button_v1,5000
254,60,0.3,bot3,success,41,13159450211279266893,5823218153178521498,"(9, 40)","(30, 32)","(33, 8)",fireproof_button_v1,5000
254,60,0.3,bot4,success,41,13159450211279266893,5823218153178521498,"(9, 40)","(30, 32)","(33, 8)",fireproof_button_v1,5000
255,60,0.3,bot1,burned,51,3951769169156140164,3314854442072479693,"(37, 14)","(37, 56)","(33, 59)",fireproof_button_v1,5000
255,60,0.3,bot2,success,108,3951769169156140164,3314854442072479693,"(37, 14)","(37, 56)","(33, 59)",fireproof_button_v1,5000
255,60,0.3,bot3,success,100,3951769169156140164,3314854442072479693,"(37, 14)","(37, 56)","(33, 59)",fireproof_button_v1,5000
255,60,0.3,bot4,success,116,3951769169156140164,3314854442072479693,"(37, 14)","(37, 56)","(33, 59)",fireproof_button_v1,5000
256,60,0.3,bot1,success,19,10760258380445285297,3804623792610097511,"(21, 2)","(4, 2)","(30, 58)",fireproof_button_v1,5000
256,60,0.3,bot2,success,19,10760258380445285297,3804623792610097511,"(21, 2)","(4, 2)","(30, 58)",fireproof_button_v1,5000
256,60,0.3,bot3,success,19,10760258380445285297,3804623792610097511,"(21, 2)","(4, 2)","(30, 58)",fireproof_button_v1,5000
256,60,0.3,bot4,success,19,10760258380445285297,3804623792610097511,"(21, 2)","(4, 2)","(30, 58)",fireproof_button_v1,5000
257,60,0.3,bot1,success,56,9486444424449308455,16423990029176620261,"(36, 6)","(8, 28)","(35, 16)",fireproof_button_v1,5000
257,60,0.3,bot2,success,56,9486444424449308455,16423990029176620261,"(36, 6)","(8, 28)","(35, 16)",fireproof_button_v1,5000
257,60,0.3,bot3,success,56,9486444424449308455,16423990029176620261,"(36, 6)","(8, 28)","(35, 16)",fireproof_button_v1,5000
257,60,0.3,bot4,success,56,9486444424449308455,16423990029176620261,"(36, 6)","(8, 28)","(35, 16)",fireproof_button_v1,5000
258,60,0.3,bot1,success,13,14293675707133373013,655064134189255629,"(4, 7)","(9, 15)","(6, 45)",fireproof_button_v1,5000
258,60,0.3,bot2,success,13,14293675707133373013,655064134189255629,"(4, 7)","(9, 15)","(6, 45)",fireproof_button_v1,5000
258,60,0.3,bot3,success,13,14293675707133373013,655064134189255629,"(4, 7)","(9, 15)","(6, 45)",fireproof_button_v1,5000
258,60,0.3,bot4,success,13,14293675707133373013,655064134189255629,"(4, 7)","(9, 15)","(6, 45)",fireproof_button_v1,5000
259,60,0.3,bot1,success,42,17660978681691318101,1935608661202539819,"(15, 27)","(15, 53)","(40, 47)",fireproof_button_v1,5000
259,60,0.3,bot2,success,42,17660978681691318101,1935608661202539819,"(15, 27)","(15, 53)","(40, 47)",fireproof_button_v1,5000
259,60,0.3,bot3,success,42,17660978681691318101,1935608661202539819,"(15, 27)","(15, 53)","(40, 47)",fireproof_button_v1,5000
259,60,0.3,bot4,success,42,17660978681691318101,1935608661202539819,"(15, 27)","(15, 53)","(40, 47)",fireproof_button_v1,5000
260,60,0.3,bot1,success,24,15894766801512901790,13690813334617095762,"(36, 32)","(30, 20)","(13, 18)",fireproof_button_v1,5000
260,60,0.3,bot2,success,24,15894766801512901790,13690813334617095762,"(36, 32)","(30, 20)","(13, 18)",fireproof_button_v1,5000
260,60,0.3,bot3,success,24,15894766801512901790,13690813334617095762,"(36, 32)","(30, 20)","(13, 18)",fireproof_button_v1,5000
260,60,0.3,bot4,success,24,15894766801512901790,13690813334617095762,"(36, 32)","(30, 20)","(13, 18)",fireproof_button_v1,5000
261,60,0.3,bot1,success,27,14165357654793807775,17720266336825770938,"(45, 16)","(40, 30)","(22, 49)",fireproof_button_v1,5000
261,60,0.3,bot2,success,27,14165357654793807775,17720266336825770938,"(45, 16)","(40, 30)","(22, 49)",fireproof_button_v1,5000
261,60,0.3,bot3,success,27,14165357654793807775,17720266336825770938,"(45, 16)","(40, 30)","(22, 49)",fireproof_button_v1,5000
261,60,0.3,bot4,success,27,14165357654793807775,17720266336825770938,"(45, 16)","(40, 30)","(22, 49)",fireproof_button_v1,5000
262,60,0.3,bot1,success,33,11880088575057028473,16735329766584791730,"(25, 45)","(41, 28)","(4, 10)",fireproof_button_v1,5000
262,60,0.3,bot2,success,33,11880088575057028473,16735329766584791730,"(25, 45)","(41, 28)","(4, 10)",fireproof_button_v1,5000
262,60,0.3,bot3,success,33,11880088575057028473,16735329766584791730,"(25, 45)","(41, 28)","(4, 10)",fireproof_button_v1,5000
262,60,0.3,bot4,success,33,11880088575057028473,16735329766584791730,"(25, 45)","(41, 28)","(4, 10)",fireproof_button_v1,5000
263,60,0.3,bot1,burned,45,17107781672072452788,3664762326915616877,"(48, 52)","(30, 27)","(24, 26)",fireproof_button_v1,5000
263,60,0.3,bot2,success,51,17107781672072452788,3664762326915616877,"(48, 52)","(30, 27)","(24, 26)",fireproof_button_v1,5000
263,60,0.3,bot3,success,51,17107781672072452788,3664762326915616877,"(48, 52)","(30, 27)","(24, 26)",fireproof_button_v1,5000
263,60,0.3,bot4,success,51,17107781672072452788,3664762326915616877,"(48, 52)","(30, 27)","(24, 26)",fireproof_button_v1,5000
264,60,0.3,bot1,success,56,8348470635752718439,2513657584806697983,"(11, 28)","(37, 52)","(29, 36)",fireproof_button_v1,5000
264,60,0.3,bot2,success,56,8348470635752718439,2513657584806697983,"(11, 28)","(37, 52)","(29, 36)",fireproof_button_v1,5000
264,60,0.3,bot3,success,56,8348470635752718439,2513657584806697983,"(11, 28)","(37, 52)","(29, 36)",fireproof_button_v1,5000
264,60,0.3,bot4,success,56,8348470635752718439,2513657584806697983,"(11, 28)","(37, 52)","(29, 36)",fireproof_button_v1,5000
265,60,0.3,bot1,success,54,6729292578680875471,2209351919210356023,"(9, 23)","(40, 40)","(10, 50)",fireproof_button_v1,5000
265,60,0.3,bot2,success,54,6729292578680875471,2209351919210356023,"(9, 23)","(40, 40)","(10, 50)",fireproof_button_v1,5000
265,60,0.3,bot3,success,54,6729292578680875471,2209351919210356023,"(9, 23)","(40, 40)","(10, 50)",fireproof_button_v1,5000
265,60,0.3,bot4,success,54,6729292578680875471,2209351919210356023,"(9, 23)","(40, 40)","(10, 50)",fireproof_button_v1,5000
266,60,0.3,bot1,success,31,4451769395136261525,16115261241325715897,"(14, 25)","(2, 36)","(15, 20)",fireproof_button_v1,5000
266,60,0.3,bot2,success,31,4451769395136261525,16115261241325715897,"(14, 25)","(2, 36)","(15, 20)",fireproof_button_v1,5000
266,60,0.3,bot3,success,31,4451769395136261525,16115261241325715897,"(14, 25)","(2, 36)","(15, 20)",fireproof_button_v1,5000
266,60,0.3,bot4,success,31,4451769395136261525,16115261241325715897,"(14, 25)","(2, 36)","(15, 20)",fireproof_button_v1,5000
267,60,0.3,bot1,success,39,13802488972392856927,14486085315181474033,"(7, 29)","(8, 55)","(0, 10)",fireproof_button_v1,5000
267,60,0.3,bot2,success,39,13802488972392856927,14486085315181474033,"(7, 29)","(8, 55)","(0, 10)",fireproof_button_v1,5000
267,60,0.3,bot3,success,39,13802488972392856927,14486085315181474033,"(7, 29)","(8, 55)","(0, 10)",fireproof_button_v1,5000
267,60,0.3,bot4,success,39,13802488972392856927,14486085315181474033,"(7, 29)","(8, 55)","(0, 10)",fireproof_button_v1,5000
268,60,0.3,bot1,success,92,1087451816603255455,2516419039718889619,"(42, 0)","(55, 59)","(16, 29)",fireproof_button_v1,5000
268,60,0.3,bot2,success,92,1087451816603255455,2516419039718889619,"(42, 0)","(55, 59)","(16, 29)",fireproof_button_v1,5000
268,60,0.3,bot3,success,92,1087451816603255455,2516419039718889619,"(42, 0)","(55, 59)","(16, 29)",fireproof_button_v1,5000
268,60,0.3,bot4,success,92,1087451816603255455,2516419039718889619,"(42, 0)","(55, 59)","(16, 29)",fireproof_button_v1,5000
269,60,0.3,bot1,success,64,17502002709107769167,12620180014023878276,"(20, 16)","(29, 59)","(59, 45)",fireproof_button_v1,5000
269,60,0.3,bot2,success,64,17502002709107769167,12620180014023878276,"(20, 16)","(29, 59)","(59, 45)",fireproof_button_v1,5000
269,60,0.3,bot3,success,64,17502002709107769167,12620180014023878276,"(20, 16)","(29, 59)","(59, 45)",fireproof_button_v1,5000
269,60,0.3,bot4,success,64,17502002709107769167,12620180014023878276,"(20, 16)","(29, 59)","(59, 45)",fireproof_button_v1,5000
270,60,0.3,bot1,success,28,16968823673976268498,7599651521197188070,"(36, 39)","(50, 47)","(11, 52)",fireproof_button_v1,5000
270,60,0.3,bot2,success,28,16968823673976268498,7599651521197188070,"(36, 39)","(50, 47)","(11, 52)",fireproof_button_v1,5000
270,60,0.3,bot3,success,28,16968823673976268498,7599651521197188070,"(36, 39)","(50, 47)","(11, 52)",fireproof_button_v1,5000
270,60,0.3,bot4,success,28,16968823673976268498,7599651521197188070,"(36, 39)","(50, 47)","(11, 52)",fireproof_button_v1,5000
271,60,0.3,bot1,success,12,9237561855301385013,6591940737290318086,"(33, 23)","(37, 19)","(54, 14)",fireproof_button_v1,5000
271,60,0.3,bot2,success,12,9237561855301385013,6591940737290318086,"(33, 23)","(37, 19)","(54, 14)",fireproof_button_v1,5000
271,60,0.3,bot3,success,12,9237561855301385013,6591940737290318086,"(33, 23)","(37, 19)","(54, 14)",fireproof_button_v1,5000
271,60,0.3,bot4,success,12,9237561855301385013,6591940737290318086,"(33, 23)","(37, 19)","(54, 14)",fireproof_button_v1,5000
272,60,0.3,bot1,success,31,6957865847499245655,13883246887317514786,"(19, 46)","(25, 27)","(32, 13)",fireproof_button_v1,5000
272,60,0.3,bot2,success,31,6957865847499245655,13883246887317514786,"(19, 46)","(25, 27)","(32, 13)",fireproof_button_v1,5000
272,60,0.3,bot3,success,31,6957865847499245655,13883246887317514786,"(19, 46)","(25, 27)","(32, 13)",fireproof_button_v1,5000
272,60,0.3,bot4,success,31,6957865847499245655,13883246887317514786,"(19, 46)","(25, 27)","(32, 13)",fireproof_button_v1,5000
273,60,0.3,bot1,success,39,14919647909963795279,9993895442656804120,"(5, 43)","(7, 24)","(47, 33)",fireproof_button_v1,5000
273,60,0.3,bot2,success,39,14919647909963795279,9993895442656804120,"(5, 43)","(7, 24)","(47, 33)",fireproof_button_v1,5000
273,60,0.3,bot3,success,39,14919647909963795279,9993895442656804120,"(5, 43)","(7, 24)","(47, 33)",fireproof_button_v1,5000
273,60,0.3,bot4,success,39,14919647909963795279,9993895442656804120,"(5, 43)","(7, 24)","(47, 33)",fireproof_button_v1,5000
274,60,0.3,bot1,success,45,7409539951443644932,17174063002165071724,"(17, 57)","(37, 38)","(52, 18)",fireproof_button_v1,5000
274,60,0.3,bot2,success,45,7409539951443644932,17174063002165071724,"(17, 57)","(37, 38)","(52, 18)",fireproof_button_v1,5000
274,60,0.3,bot3,success,45,7409539951443644932,17174063002165071724,"(17, 57)","(37, 38)","(52, 18)",fireproof_button_v1,5000
274,60,0.3,bot4,success,45,7409539951443644932,17174063002165071724,"(17, 57)","(37, 38)","(52, 18)",fireproof_button_v1,5000
275,60,0.3,bot1,burned,6,10157086130056080655,11096276051362655653,"(54, 4)","(50, 46)","(54, 8)",fireproof_button_v1,5000
275,60,0.3,bot2,success,72,10157086130056080655,11096276051362655653,"(54, 4)","(50, 46)","(54, 8)",fireproof_button_v1,5000
275,60,0.3,bot3,success,78,10157086130056080655,11096276051362655653,"(54, 4)","(50, 46)","(54, 8)",fireproof_button_v1,5000
275,60,0.3,bot4,success,76,10157086130056080655,11096276051362655653,"(54, 4)","(50, 46)","(54, 8)",fireproof_button_v1,5000
276,60,0.3,bot1,success,21,15907515756124282634,17418921627810743455,"(56, 45)","(42, 40)","(32, 17)",fireproof_button_v1,5000
276,60,0.3,bot2,success,21,15907515756124282634,17418921627810743455,"(56, 45)","(42, 40)","(32, 17)",fireproof_button_v1,5000
276,60,0.3,bot3,success,21,15907515756124282634,17418921627810743455,"(56, 45)","(42, 40)","(32, 17)",fireproof_button_v1,5000
276,60,0.3,bot4,success,21,15907515756124282634,17418921627810743455,"(56, 45)","(42, 40)","(32, 17)",fireproof_button_v1,5000
277,60,0.3,bot1,success,55,8583497675263980536,15277680960376038350,"(11, 53)","(22, 23)","(57, 16)",fireproof_button_v1,5000
277,60,0.3,bot2,success,55,8583497675263980536,15277680960376038350,"(11, 53)","(22, 23)","(57, 16)",fireproof_button_v1,5000
277,60,0.3,bot3,success,55,8583497675263980536,15277680960376038350,"(11, 53)","(22, 23)","(57, 16)",fireproof_button_v1,5000
277,60,0.3,bot4,success,55,8583497675263980536,15277680960376038350,"(11, 53)","(22, 23)","(57, 16)",fireproof_button_v1,5000
278,60,0.3,bot1,success,24,3987326921830232882,7711468835426481571,"(15, 33)","(17, 45)","(52, 54)",fireproof_button_v1,5000
278,60,0.3,bot2,success,24,3987326921830232882,7711468835426481571,"(15, 33)","(17, 45)","(52, 54)",fireproof_button_v1,5000
278,60,0.3,bot3,success,24,3987326921830232882,7711468835426481571,"(15, 33)","(17, 45)","(52, 54)",fireproof_button_v1,5000
278,60,0.3,bot4,success,24,3987326921830232882,7711468835426481571,"(15, 33)","(17, 45)","(52, 54)",fireproof_button_v1,5000
279,60,0.3,bot1,success,25,15425007586990880652,14825440375171877608,"(8, 55)","(20, 58)","(30, 2)",fireproof_button_v1,5000
279,60,0.3,bot2,success,25,15425007586990880652,14825440375171877608,"(8, 55)","(20, 58)","(30, 2)",fireproof_button_v1,5000
279,60,0.3,bot3,success,25,15425007586990880652,14825440375171877608,"(8, 55)","(20, 58)","(30, 2)",fireproof_button_v1,5000
279,60,0.3,bot4,success,25,15425007586990880652,14825440375171877608,"(8, 55)","(20, 58)","(30, 2)",fireproof_button_v1,5000
280,60,0.3,bot1,success,77,12783598730066431530,991510909587631016,"(25, 57)","(11, 16)","(18, 5)",fireproof_button_v1,5000
280,60,0.3,bot2,success,77,12783598730066431530,991510909587631016,"(25, 57)","(11, 16)","(18, 5)",fireproof_button_v1,5000
280,60,0.3,bot3,success,77,12783598730066431530,991510909587631016,"(25, 57)","(11, 16)","(18, 5)",fireproof_button_v1,5000
280,60,0.3,bot4,success,77,12783598730066431530,991510909587631016,"(25, 57)","(11, 16)","(18, 5)",fireproof_button_v1,5000
281,60,0.3,bot1,success,28,9157469711306435336,14624472706607266635,"(6, 29)","(0, 49)","(43, 47)",fireproof_button_v1,5000
281,60,0.3,bot2,success,28,9157469711306435336,14624472706607266635,"(6, 29)","(0, 49)","(43, 47)",fireproof_button_v1,5000
281,60,0.3,bot3,success,28,9157469711306435336,14624472706607266635,"(6, 29)","(0, 49)","(43, 47)",fireproof_button_v1,5000
281,60,0.3,bot4,success,28,9157469711306435336,14624472706607266635,"(6, 29)","(0, 49)","(43, 47)",fireproof_button_v1,5000
282,60,0.3,bot1,burned,11,9992207478520044755,4559571037910532398,"(38, 41)","(7, 30)","(27, 42)",fireproof_button_v1,5000
282,60,0.3,bot2,success,48,9992207478520044755,4559571037910532398,"(38, 41)","(7, 30)","(27, 42)",fireproof_button_v1,5000
282,60,0.3,bot3,success,48,9992207478520044755,4559571037910532398,"(38, 41)","(7, 30)","(27, 42)",fireproof_button_v1,5000
282,60,0.3,bot4,success,52,9992207478520044755,4559571037910532398,"(38, 41)","(7, 30)","(27, 42)",fireproof_button_v1,5000
283,60,0.3,bot1,success,55,11499034800090230371,16070142556626271409,"(55, 20)","(37, 53)","(9, 10)",fireproof_button_v1,5000
283,60,0.3,bot2,success,55,11499034800090230371,16070142556626271409,"(55, 20)","(37, 53)","(9, 10)",fireproof_button_v1,5000
283,60,0.3,bot3,success,55,11499034800090230371,16070142556626271409,"(55, 20)","(37, 53)","(9, 10)",fireproof_button_v1,5000
283,60,0.3,bot4,success,55,11499034800090230371,16070142556626271409,"(55, 20)","(37, 53)","(9, 10)",fireproof_button_v1,5000
284,60,0.3,bot1,burned,51,15965139646884060843,8305269216474290513,"(52, 57)","(8, 8)","(30, 26)",fireproof_button_v1,5000
284,60,0.3,bot2,burned,98,15965139646884060843,8305269216474290513,"(52, 57)","(8, 8)","(30, 26)",fireproof_button_v1,5000
284,60,0.3,bot3,burned,87,15965139646884060843,8305269216474290513,"(52, 57)","(8, 8)","(30, 26)",fireproof_button_v1,5000
284,60,0.3,bot4,burned,98,15965139646884060843,8305269216474290513,"(52, 57)","(8, 8)","(30, 26)",fireproof_button_v1,5000
285,60,0.3,bot1,success,48,4087856764915487870,1682771934507444309,"(38, 16)","(14, 36)","(17, 53)",fireproof_button_v1,5000
285,60,0.3,bot2,success,48,4087856764915487870,1682771934507444309,"(38, 16)","(14, 36)","(17, 53)",fireproof_button_v1,5000
285,60,0.3,bot3,success,48,4087856764915487870,1682771934507444309,"(38, 16)","(14, 36)","(17, 53)",fireproof_button_v1,5000
285,60,0.3,bot4,success,48,4087856764915487870,1682771934507444309,"(38, 16)","(14, 36)","(17, 53)",fireproof_button_v1,5000
286,60,0.3,bot1,success,43,1192489777932623164,2188778194063372542,"(5, 59)","(19, 34)","(31, 58)",fireproof_button_v1,5000
286,60,0.3,bot2,success,43,1192489777932623164,2188778194063372542,"(5, 59)","(19, 34)","(31, 58)",fireproof_button_v1,5000
286,60,0.3,bot3,success,43,1192489777932623164,2188778194063372542,"(5, 59)","(19, 34)","(31, 58)",fireproof_button_v1,5000
286,60,0.3,bot4,success,43,1192489777932623164,2188778194063372542,"(5, 59)","(19, 34)","(31, 58)",fireproof_button_v1,5000
287,60,0.3,bot1,success,57,4894337198346002775,12768539973494978951,"(25, 33)","(29, 4)","(5, 45)",fireproof_button_v1,5000
287,60,0.3,bot2,success,57,4894337198346002775,12768539973494978951,"(25, 33)","(29, 4)","(5, 45)",fireproof_button_v1,5000
287,60,0.3,bot3,success,57,4894337198346002775,12768539973494978951,"(25, 33)","(29, 4)","(5, 45)",fireproof_button_v1,5000
287,60,0.3,bot4,success,57,4894337198346002775,12768539973494978951,"(25, 33)","(29, 4)","(5, 45)",fireproof_button_v1,5000
288,60,0.3,bot1,success,54,15296243298651137409,16537336190744951482,"(8, 8)","(47, 7)","(54, 26)",fireproof_button_v1,5000
288,60,0.3,bot2,success,54,15296243298651137409,16537336190744951482,"(8, 8)","(47, 7)","(54, 26)",fireproof_button_v1,5000
288,60,0.3,bot3,success,54,15296243298651137409,16537336190744951482,"(8, 8)","(47, 7)","(54, 26)",fireproof_button_v1,5000
288,60,0.3,bot4,success,54,15296243298651137409,16537336190744951482,"(8, 8)","(47, 7)","(54, 26)",fireproof_button_v1,5000
289,60,0.3,bot1,success,58,10064915082130407325,3578587188082682331,"(6, 21)","(47, 12)","(6, 28)",fireproof_button_v1,5000
289,60,0.3,bot2,success,58,10064915082130407325,3578587188082682331,"(6, 21)","(47, 12)","(6, 28)",fireproof_button_v1,5000
289,60,0.3,bot3,success,58,10064915082130407325,3578587188082682331,"(6, 21)","(47, 12)","(6, 28)",fireproof_button_v1,5000
289,60,0.3,bot4,success,58,10064915082130407325,3578587188082682331,"(6, 21)","(47, 12)","(6, 28)",fireproof_button_v1,5000
290,60,0.3,bot1,success,50,10263137831971622845,16596608510732402765,"(15, 42)","(49, 46)","(28, 27)",fireproof_button_v1,5000
290,60,0.3,bot2,success,50,10263137831971622845,16596608510732402765,"(15, 42)","(49, 46)","(28, 27)",fireproof_button_v1,5000
290,60,0.3,bot3,success,50,10263137831971622845,16596608510732402765,"(15, 42)","(49, 46)","(28, 27)",fireproof_button_v1,5000
290,60,0.3,bot4,success,50,10263137831971622845,16596608510732402765,"(15, 42)","(49, 46)","(28, 27)",fireproof_button_v1,5000
291,60,0.3,bot1,burned,57,8404684429284438898,16099110140517056068,"(59, 13)","(13, 55)","(31, 23)",fireproof_button_v1,5000
291,60,0.3,bot2,burned,57,8404684429284438898,16099110140517056068,"(59, 13)","(13, 55)","(31, 23)",fireproof_button_v1,5000
291,60,0.3,bot3,success,96,8404684429284438898,16099110140517056068,"(59, 13)","(13, 55)","(31, 23)",fireproof_button_v1,5000
291,60,0.3,bot4,success,100,8404684429284438898,16099110140517056068,"(59, 13)","(13, 55)","(31, 23)",fireproof_button_v1,5000
292,60,0.3,bot1,success,52,15633437082740337817,18287561605607680167,"(19, 22)","(8, 49)","(19, 54)",fireproof_button_v1,5000
292,60,0.3,bot2,success,52,15633437082740337817,18287561605607680167,"(19, 22)","(8, 49)","(19, 54)",fireproof_button_v1,5000
292,60,0.3,bot3,success,52,15633437082740337817,18287561605607680167,"(19, 22)","(8, 49)","(19, 54)",fireproof_button_v1,5000
292,60,0.3,bot4,success,54,15633437082740337817,18287561605607680167,"(19, 22)","(8, 49)","(19, 54)",fireproof_button_v1,5000
293,60,0.3,bot1,success,22,15780802081529622004,11419203012709754982,"(19, 52)","(35, 48)","(14, 41)",fireproof_button_v1,5000
293,60,0.3,bot2,success,22,15780802081529622004,11419203012709754982,"(19, 52)","(35, 48)","(14, 41)",fireproof_button_v1,5000
293,60,0.3,bot3,success,22,15780802081529622004,11419203012709754982,"(19, 52)","(35, 48)","(14, 41)",fireproof_button_v1,5000
293,60,0.3,bot4,success,22,15780802081529622004,11419203012709754982,"(19, 52)","(35, 48)","(14, 41)",fireproof_button_v1,5000
294,60,0.3,bot1,success,15,2302135680673543550,11438951478415625101,"(18, 18)","(16, 13)","(54, 56)",fireproof_button_v1,5000
294,60,0.3,bot2,success,15,2302135680673543550,11438951478415625101,"(18, 18)","(16, 13)","(54, 56)",fireproof_button_v1,5000
294,60,0.3,bot3,success,15,2302135680673543550,11438951478415625101,"(18, 18)","(16, 13)","(54, 56)",fireproof_button_v1,5000
294,60,0.3,bot4,success,15,2302135680673543550,11438951478415625101,"(18, 18)","(16, 13)","(54, 56)",fireproof_button_v1,5000
295,60,0.3,bot1,success,52,1640769374695409050,10607497793225059590,"(27, 44)","(22, 13)","(3, 44)",fireproof_button_v1,5000
295,60,0.3,bot2,success,52,1640769374695409050,10607497793225059590,"(27, 44)","(22, 13)","(3, 44)",fireproof_button_v1,5000
295,60,0.3,bot3,success,52,1640769374695409050,10607497793225059590,"(27, 44)","(22, 13)","(3, 44)",fireproof_button_v1,5000
295,60,0.3,bot4,success,52,1640769374695409050,10607497793225059590,"(27, 44)","(22, 13)","(3, 44)",fireproof_button_v1,5000
296,60,0.3,bot1,burned,67,1318346839345667445,12510625066277320951,"(55, 50)","(3, 14)","(14, 3)",fireproof_button_v1,5000
296,60,0.3,bot2,burned,137,1318346839345667445,12510625066277320951,"(55, 50)","(3, 14)","(14, 3)",fireproof_button_v1,5000
296,60,0.3,bot3,burned,160,1318346839345667445,12510625066277320951,"(55, 50)","(3, 14)","(14, 3)",fireproof_button_v1,5000
296,60,0.3,bot4,burned,137,1318346839345667445,12510625066277320951,"(55, 50)","(3, 14)","(14, 3)",fireproof_button_v1,5000
297,60,0.3,bot1,success,37,5756808992633852767,9765259093810619829,"(39, 52)","(22, 56)","(24, 28)",fireproof_button_v1,5000
297,60,0.3,bot2,success,37,5756808992633852767,9765259093810619829,"(39, 52)","(22, 56)","(24, 28)",fireproof_button_v1,5000
297,60,0.3,bot3,success,37,5756808992633852767,9765259093810619829,"(39, 52)","(22, 56)","(24, 28)",fireproof_button_v1,5000
297,60,0.3,bot4,success,37,5756808992633852767,9765259093810619829,"(39, 52)","(22, 56)","(24, 28)",fireproof_button_v1,5000
298,60,0.3,bot1,success,29,6590299780821635006,3720227041806848922,"(45, 49)","(29, 42)","(28, 1)",fireproof_button_v1,5000
298,60,0.3,bot2,success,29,6590299780821635006,3720227041806848922,"(45, 49)","(29, 42)","(28, 1)",fireproof_button_v1,5000
298,60,0.3,bot3,success,29,6590299780821635006,3720227041806848922,"(45, 49)","(29, 42)","(28, 1)",fireproof_button_v1,5000
298,60,0.3,bot4,success,29,6590299780821635006,3720227041806848922,"(45, 49)","(29, 42)","(28, 1)",fireproof_button_v1,5000
299,60,0.3,bot1,burned,19,12286453505216784409,8110511627861478499,"(42, 1)","(8, 32)","(32, 15)",fireproof_button_v1,5000
299,60,0.3,bot2,burned,23,12286453505216784409,8110511627861478499,"(42, 1)","(8, 32)","(32, 15)",fireproof_button_v1,5000
299,60,0.3,bot3,burned,101,12286453505216784409,8110511627861478499,"(42, 1)","(8, 32)","(32, 15)",fireproof_button_v1,5000
299,60,0.3,bot4,burned,23,12286453505216784409,8110511627861478499,"(42, 1)","(8, 32)","(32, 15)",fireproof_button_v1,5000
