trial,size,q,bot,outcome,steps,ship_seed,fire_seed,start,button,fire_start,rules,max_steps
0,60,0.0,bot1,success,57,4880824594678194950,11664742628902093556,"(46, 18)","(15, 42)","(10, 45)",fireproof_button_v1,5000
0,60,0.0,bot2,success,57,4880824594678194950,11664742628902093556,"(46, 18)","(15, 42)","(10, 45)",fireproof_button_v1,5000
0,60,0.0,bot3,success,57,4880824594678194950,11664742628902093556,"(46, 18)","(15, 42)","(10, 45)",fireproof_button_v1,5000
0,60,0.0,bot4,success,57,4880824594678194950,11664742628902093556,"(46, 18)","(15, 42)","(10, 45)",fireproof_button_v1,5000
0,60,0.1,bot1,success,57,4880824594678194950,11664742628902093556,"(46, 18)","(15, 42)","(10, 45)",fireproof_button_v1,5000
0,60,0.1,bot2,success,57,4880824594678194950,11664742628902093556,"(46, 18)","(15, 42)","(10, 45)",fireproof_button_v1,5000
0,60,0.1,bot3,success,57,4880824594678194950,11664742628902093556,"(46, 18)","(15, 42)","(10, 45)",fireproof_button_v1,5000
0,60,0.1,bot4,success,57,4880824594678194950,11664742628902093556,"(46, 18)","(15, 42)","(10, 45)",fireproof_button_v1,5000
0,60,0.2,bot1,success,57,4880824594678194950,11664742628902093556,"(46, 18)","(15, 42)","(10, 45)",fireproof_button_v1,5000
0,60,0.2,bot2,success,57,4880824594678194950,11664742628902093556,"(46, 18)","(15, 42)","(10, 45)",fireproof_button_v1,5000
0,60,0.2,bot3,success,57,4880824594678194950,11664742628902093556,"(46, 18)","(15, 42)","(10, 45)",fireproof_button_v1,5000
0,60,0.2,bot4,success,57,4880824594678194950,11664742628902093556,"(46, 18)","(15, 42)","(10, 45)",fireproof_button_v1,5000
0,60,0.3,bot1,burned,49,4880824594678194950,11664742628902093556,"(46, 18)","(15, 42)","(10, 45)",fireproof_button_v1,5000
0,60,0.3,bot2,burned,82,4880824594678194950,11664742628902093556,"(46, 18)","(15, 42)","(10, 45)",fireproof_button_v1,5000
0,60,0.3,bot3,burned,82,4880824594678194950,11664742628902093556,"(46, 18)","(15, 42)","(10, 45)",fireproof_button_v1,5000
0,60,0.3,bot4,burned,82,4880824594678194950,11664742628902093556,"(46, 18)","(15, 42)","(10, 45)",fireproof_button_v1,5000
0,60,0.4,bot1,burned,43,4880824594678194950,11664742628902093556,"(46, 18)","(15, 42)","(10, 45)",fireproof_button_v1,5000
0,60,0.4,bot2,burned,71,4880824594678194950,11664742628902093556,"(46, 18)","(15, 42)","(10, 45)",fireproof_button_v1,5000
0,60,0.4,bot3,burned,71,4880824594678194950,11664742628902093556,"(46, 18)","(15, 42)","(10, 45)",fireproof_button_v1,5000
0,60,0.4,bot4,burned,71,4880824594678194950,11664742628902093556,"(46, 18)","(15, 42)","(10, 45)",fireproof_button_v1,5000
0,60,0.5,bot1,burned,45,4880824594678194950,11664742628902093556,"(46, 18)","(15, 42)","(10, 45)",fireproof_button_v1,5000
0,60,0.5,bot2,burned,87,4880824594678194950,11664742628902093556,"(46, 18)","(15, 42)","(10, 45)",fireproof_button_v1,5000
0,60,0.5,bot3,burned,87,4880824594678194950,11664742628902093556,"(46, 18)","(15, 42)","(10, 45)",fireproof_button_v1,5000
0,60,0.5,bot4,burned,87,4880824594678194950,11664742628902093556,"(46, 18)","(15, 42)","(10, 45)",fireproof_button_v1,5000
0,60,0.6,bot1,burned,45,4880824594678194950,11664742628902093556,"(46, 18)","(15, 42)","(10, 45)",fireproof_button_v1,5000
0,60,0.6,bot2,burned,76,4880824594678194950,11664742628902093556,"(46, 18)","(15, 42)","(10, 45)",fireproof_button_v1,5000
0,60,0.6,bot3,burned,76,4880824594678194950,11664742628902093556,"(46, 18)","(15, 42)","(10, 45)",fireproof_button_v1,5000
0,60,0.6,bot4,burned,76,4880824594678194950,11664742628902093556,"(46, 18)","(15, 42)","(10, 45)",fireproof_button_v1,5000
0,60,0.7,bot1,burned,36,4880824594678194950,11664742628902093556,"(46, 18)","(15, 42)","(10, 45)",fireproof_button_v1,5000
0,60,0.7,bot2,burned,73,4880824594678194950,11664742628902093556,"(46, 18)","(15, 42)","(10, 45)",fireproof_button_v1,5000
0,60,0.7,bot3,burned,73,4880824594678194950,11664742628902093556,"(46, 18)","(15, 42)","(10, 45)",fireproof_button_v1,5000
0,60,0.7,bot4,burned,73,4880824594678194950,11664742628902093556,"(46, 18)","(15, 42)","(10, 45)",fireproof_button_v1,5000
0,60,0.8,bot1,burned,38,4880824594678194950,11664742628902093556,"(46, 18)","(15, 42)","(10, 45)",fireproof_button_v1,5000
0,60,0.8,bot2,burned,59,4880824594678194950,11664742628902093556,"(46, 18)","(15, 42)","(10, 45)",fireproof_button_v1,5000
0,60,0.8,bot3,burned,59,4880824594678194950,11664742628902093556,"(46, 18)","(15, 42)","(10, 45)",fireproof_button_v1,5000
0,60,0.8,bot4,burned,59,4880824594678194950,11664742628902093556,"(46, 18)","(15, 42)","(10, 45)",fireproof_button_v1,5000
0,60,0.9,bot1,burned,36,4880824594678194950,11664742628902093556,"(46, 18)","(15, 42)","(10, 45)",fireproof_button_v1,5000
0,60,0.9,bot2,burned,58,4880824594678194950,11664742628902093556,"(46, 18)","(15, 42)","(10, 45)",fireproof_button_v1,5000
0,60,0.9,bot3,burned,58,4880824594678194950,11664742628902093556,"(46, 18)","(15, 42)","(10, 45)",fireproof_button_v1,5000
0,60,0.9,bot4,burned,58,4880824594678194950,11664742628902093556,"(46, 18)","(15, 42)","(10, 45)",fireproof_button_v1,5000
0,60,1.0,bot1,burned,34,4880824594678194950,11664742628902093556,"(46, 18)","(15, 42)","(10, 45)",fireproof_button_v1,5000
0,60,1.0,bot2,burned,53,4880824594678194950,11664742628902093556,"(46, 18)","(15, 42)","(10, 45)",fireproof_button_v1,5000
0,60,1.0,bot3,burned,53,4880824594678194950,11664742628902093556,"(46, 18)","(15, 42)","(10, 45)",fireproof_button_v1,5000
0,60,1.0,bot4,burned,53,4880824594678194950,11664742628902093556,"(46, 18)","(15, 42)","(10, 45)",fireproof_button_v1,5000
1,60,0.0,bot1,success,29,7434173445672908301,7897010962943082706,"(6, 14)","(7, 18)","(58, 19)",fireproof_button_v1,5000
1,60,0.0,bot2,success,29,7434173445672908301,7897010962943082706,"(6, 14)","(7, 18)","(58, 19)",fireproof_button_v1,5000
1,60,0.0,bot3,success,29,7434173445672908301,7897010962943082706,"(6, 14)","(7, 18)","(58, 19)",fireproof_button_v1,5000
1,60,0.0,bot4,success,29,7434173445672908301,7897010962943082706,"(6, 14)","(7, 18)","(58, 19)",fireproof_button_v1,5000
1,60,0.1,bot1,success,29,7434173445672908301,7897010962943082706,"(6, 14)","(7, 18)","(58, 19)",fireproof_button_v1,5000
1,60,0.1,bot2,success,29,7434173445672908301,7897010962943082706,"(6, 14)","(7, 18)","(58, 19)",fireproof_button_v1,5000
1,60,0.1,bot3,success,29,7434173445672908301,7897010962943082706,"(6, 14)","(7, 18)","(58, 19)",fireproof_button_v1,5000
1,60,0.1,bot4,success,29,7434173445672908301,7897010962943082706,"(6, 14)","(7, 18)","(58, 19)",fireproof_button_v1,5000
1,60,0.2,bot1,success,29,7434173445672908301,7897010962943082706,"(6, 14)","(7, 18)","(58, 19)",fireproof_button_v1,5000
1,60,0.2,bot2,success,29,7434173445672908301,7897010962943082706,"(6, 14)","(7, 18)","(58, 19)",fireproof_button_v1,5000
1,60,0.2,bot3,success,29,7434173445672908301,7897010962943082706,"(6, 14)","(7, 18)","(58, 19)",fireproof_button_v1,5000
1,60,0.2,bot4,success,29,7434173445672908301,7897010962943082706,"(6, 14)","(7, 18)","(58, 19)",fireproof_button_v1,5000
1,60,0.3,bot1,success,29,7434173445672908301,7897010962943082706,"(6, 14)","(7, 18)","(58, 19)",fireproof_button_v1,5000
1,60,0.3,bot2,success,29,7434173445672908301,7897010962943082706,"(6, 14)","(7, 18)","(58, 19)",fireproof_button_v1,5000
1,60,0.3,bot3,success,29,7434173445672908301,7897010962943082706,"(6, 14)","(7, 18)","(58, 19)",fireproof_button_v1,5000
1,60,0.3,bot4,success,29,7434173445672908301,7897010962943082706,"(6, 14)","(7, 18)","(58, 19)",fireproof_button_v1,5000
1,60,0.4,bot1,success,29,7434173445672908301,7897010962943082706,"(6, 14)","(7, 18)","(58, 19)",fireproof_button_v1,5000
1,60,0.4,bot2,success,29,7434173445672908301,7897010962943082706,"(6, 14)","(7, 18)","(58, 19)",fireproof_button_v1,5000
1,60,0.4,bot3,success,29,7434173445672908301,7897010962943082706,"(6, 14)","(7, 18)","(58, 19)",fireproof_button_v1,5000
1,60,0.4,bot4,success,29,7434173445672908301,7897010962943082706,"(6, 14)","(7, 18)","(58, 19)",fireproof_button_v1,5000
1,60,0.5,bot1,success,29,7434173445672908301,7897010962943082706,"(6, 14)","(7, 18)","(58, 19)",fireproof_button_v1,5000
1,60,0.5,bot2,success,29,7434173445672908301,7897010962943082706,"(6, 14)","(7, 18)","(58, 19)",fireproof_button_v1,5000
1,60,0.5,bot3,success,29,7434173445672908301,7897010962943082706,"(6, 14)","(7, 18)","(58, 19)",fireproof_button_v1,5000
1,60,0.5,bot4,success,29,7434173445672908301,7897010962943082706,"(6, 14)","(7, 18)","(58, 19)",fireproof_button_v1,5000
1,60,0.6,bot1,success,29,7434173445672908301,7897010962943082706,"(6, 14)","(7, 18)","(58, 19)",fireproof_button_v1,5000
1,60,0.6,bot2,success,29,7434173445672908301,7897010962943082706,"(6, 14)","(7, 18)","(58, 19)",fireproof_button_v1,5000
1,60,0.6,bot3,success,29,7434173445672908301,7897010962943082706,"(6, 14)","(7, 18)","(58, 19)",fireproof_button_v1,5000
1,60,0.6,bot4,success,29,7434173445672908301,7897010962943082706,"(6, 14)","(7, 18)","(58, 19)",fireproof_button_v1,5000
1,60,0.7,bot1,success,29,7434173445672908301,7897010962943082706,"(6, 14)","(7, 18)","(58, 19)",fireproof_button_v1,5000
1,60,0.7,bot2,success,29,7434173445672908301,7897010962943082706,"(6, 14)","(7, 18)","(58, 19)",fireproof_button_v1,5000
1,60,0.7,bot3,success,29,7434173445672908301,7897010962943082706,"(6, 14)","(7, 18)","(58, 19)",fireproof_button_v1,5000
1,60,0.7,bot4,success,29,7434173445672908301,7897010962943082706,"(6, 14)","(7, 18)","(58, 19)",fireproof_button_v1,5000
1,60,0.8,bot1,success,29,7434173445672908301,7897010962943082706,"(6, 14)","(7, 18)","(58, 19)",fireproof_button_v1,5000
1,60,0.8,bot2,success,29,7434173445672908301,7897010962943082706,"(6, 14)","(7, 18)","(58, 19)",fireproof_button_v1,5000
1,60,0.8,bot3,success,29,7434173445672908301,7897010962943082706,"(6, 14)","(7, 18)","(58, 19)",fireproof_button_v1,5000
1,60,0.8,bot4,success,29,7434173445672908301,7897010962943082706,"(6, 14)","(7, 18)","(58, 19)",fireproof_button_v1,5000
1,60,0.9,bot1,success,29,7434173445672908301,7897010962943082706,"(6, 14)","(7, 18)","(58, 19)",fireproof_button_v1,5000
1,60,0.9,bot2,success,29,7434173445672908301,7897010962943082706,"(6, 14)","(7, 18)","(58, 19)",fireproof_button_v1,5000
1,60,0.9,bot3,success,29,7434173445672908301,7897010962943082706,"(6, 14)","(7, 18)","(58, 19)",fireproof_button_v1,5000
1,60,0.9,bot4,success,29,7434173445672908301,7897010962943082706,"(6, 14)","(7, 18)","(58, 19)",fireproof_button_v1,5000
1,60,1.0,bot1,success,29,7434173445672908301,7897010962943082706,"(6, 14)","(7, 18)","(58, 19)",fireproof_button_v1,5000
1,60,1.0,bot2,success,29,7434173445672908301,7897010962943082706,"(6, 14)","(7, 18)","(58, 19)",fireproof_button_v1,5000
1,60,1.0,bot3,success,29,7434173445672908301,7897010962943082706,"(6, 14)","(7, 18)","(58, 19)",fireproof_button_v1,5000
1,60,1.0,bot4,success,29,7434173445672908301,7897010962943082706,"(6, 14)","(7, 18)","(58, 19)",fireproof_button_v1,5000
2,60,0.0,bot1,success,11,190044780898357816,14023807499922203729,"(40, 28)","(39, 32)","(36, 17)",fireproof_button_v1,5000
2,60,0.0,bot2,success,11,190044780898357816,14023807499922203729,"(40, 28)","(39, 32)","(36, 17)",fireproof_button_v1,5000
2,60,0.0,bot3,success,11,190044780898357816,14023807499922203729,"(40, 28)","(39, 32)","(36, 17)",fireproof_button_v1,5000
2,60,0.0,bot4,success,11,190044780898357816,14023807499922203729,"(40, 28)","(39, 32)","(36, 17)",fireproof_button_v1,5000
2,60,0.1,bot1,success,11,190044780898357816,14023807499922203729,"(40, 28)","(39, 32)","(36, 17)",fireproof_button_v1,5000
2,60,0.1,bot2,success,11,190044780898357816,14023807499922203729,"(40, 28)","(39, 32)","(36, 17)",fireproof_button_v1,5000
2,60,0.1,bot3,success,11,190044780898357816,14023807499922203729,"(40, 28)","(39, 32)","(36, 17)",fireproof_button_v1,5000
2,60,0.1,bot4,success,11,190044780898357816,14023807499922203729,"(40, 28)","(39, 32)","(36, 17)",fireproof_button_v1,5000
2,60,0.2,bot1,success,11,190044780898357816,14023807499922203729,"(40, 28)","(39, 32)","(36, 17)",fireproof_button_v1,5000
2,60,0.2,bot2,success,11,190044780898357816,14023807499922203729,"(40, 28)","(39, 32)","(36, 17)",fireproof_button_v1,5000
2,60,0.2,bot3,success,11,190044780898357816,14023807499922203729,"(40, 28)","(39, 32)","(36, 17)",fireproof_button_v1,5000
2,60,0.2,bot4,success,11,190044780898357816,14023807499922203729,"(40, 28)","(39, 32)","(36, 17)",fireproof_button_v1,5000
2,60,0.3,bot1,success,11,190044780898357816,14023807499922203729,"(40, 28)","(39, 32)","(36, 17)",fireproof_button_v1,5000
2,60,0.3,bot2,success,11,190044780898357816,14023807499922203729,"(40, 28)","(39, 32)","(36, 17)",fireproof_button_v1,5000
2,60,0.3,bot3,success,11,190044780898357816,14023807499922203729,"(40, 28)","(39, 32)","(36, 17)",fireproof_button_v1,5000
2,60,0.3,bot4,success,11,190044780898357816,14023807499922203729,"(40, 28)","(39, 32)","(36, 17)",fireproof_button_v1,5000
2,60,0.4,bot1,success,11,190044780898357816,14023807499922203729,"(40, 28)","(39, 32)","(36, 17)",fireproof_button_v1,5000
2,60,0.4,bot2,success,11,190044780898357816,14023807499922203729,"(40, 28)","(39, 32)","(36, 17)",fireproof_button_v1,5000
2,60,0.4,bot3,success,11,190044780898357816,14023807499922203729,"(40, 28)","(39, 32)","(36, 17)",fireproof_button_v1,5000
2,60,0.4,bot4,success,11,190044780898357816,14023807499922203729,"(40, 28)","(39, 32)","(36, 17)",fireproof_button_v1,5000
2,60,0.5,bot1,success,11,190044780898357816,14023807499922203729,"(40, 28)","(39, 32)","(36, 17)",fireproof_button_v1,5000
2,60,0.5,bot2,success,11,190044780898357816,14023807499922203729,"(40, 28)","(39, 32)","(36, 17)",fireproof_button_v1,5000
2,60,0.5,bot3,success,11,190044780898357816,14023807499922203729,"(40, 28)","(39, 32)","(36, 17)",fireproof_button_v1,5000
2,60,0.5,bot4,success,11,190044780898357816,14023807499922203729,"(40, 28)","(39, 32)","(36, 17)",fireproof_button_v1,5000
2,60,0.6,bot1,success,11,190044780898357816,14023807499922203729,"(40, 28)","(39, 32)","(36, 17)",fireproof_button_v1,5000
2,60,0.6,bot2,success,11,190044780898357816,14023807499922203729,"(40, 28)","(39, 32)","(36, 17)",fireproof_button_v1,5000
2,60,0.6,bot3,success,11,190044780898357816,14023807499922203729,"(40, 28)","(39, 32)","(36, 17)",fireproof_button_v1,5000
2,60,0.6,bot4,success,11,190044780898357816,14023807499922203729,"(40, 28)","(39, 32)","(36, 17)",fireproof_button_v1,5000
2,60,0.7,bot1,success,11,190044780898357816,14023807499922203729,"(40, 28)","(39, 32)","(36, 17)",fireproof_button_v1,5000
2,60,0.7,bot2,success,11,190044780898357816,14023807499922203729,"(40, 28)","(39, 32)","(36, 17)",fireproof_button_v1,5000
2,60,0.7,bot3,success,11,190044780898357816,14023807499922203729,"(40, 28)","(39, 32)","(36, 17)",fireproof_button_v1,5000
2,60,0.7,bot4,success,11,190044780898357816,14023807499922203729,"(40, 28)","(39, 32)","(36, 17)",fireproof_button_v1,5000
2,60,0.8,bot1,success,11,190044780898357816,14023807499922203729,"(40, 28)","(39, 32)","(36, 17)",fireproof_button_v1,5000
2,60,0.8,bot2,success,11,190044780898357816,14023807499922203729,"(40, 28)","(39, 32)","(36, 17)",fireproof_button_v1,5000
2,60,0.8,bot3,success,11,190044780898357816,14023807499922203729,"(40, 28)","(39, 32)","(36, 17)",fireproof_button_v1,5000
2,60,0.8,bot4,success,11,190044780898357816,14023807499922203729,"(40, 28)","(39, 32)","(36, 17)",fireproof_button_v1,5000
2,60,0.9,bot1,success,11,190044780898357816,14023807499922203729,"(40, 28)","(39, 32)","(36, 17)",fireproof_button_v1,5000
2,60,0.9,bot2,success,11,190044780898357816,14023807499922203729,"(40, 28)","(39, 32)","(36, 17)",fireproof_button_v1,5000
2,60,0.9,bot3,success,11,190044780898357816,14023807499922203729,"(40, 28)","(39, 32)","(36, 17)",fireproof_button_v1,5000
2,60,0.9,bot4,success,11,190044780898357816,14023807499922203729,"(40, 28)","(39, 32)","(36, 17)",fireproof_button_v1,5000
2,60,1.0,bot1,success,11,190044780898357816,14023807499922203729,"(40, 28)","(39, 32)","(36, 17)",fireproof_button_v1,5000
2,60,1.0,bot2,success,11,190044780898357816,14023807499922203729,"(40, 28)","(39, 32)","(36, 17)",fireproof_button_v1,5000
2,60,1.0,bot3,success,11,190044780898357816,14023807499922203729,"(40, 28)","(39, 32)","(36, 17)",fireproof_button_v1,5000
2,60,1.0,bot4,success,11,190044780898357816,14023807499922203729,"(40, 28)","(39, 32)","(36, 17)",fireproof_button_v1,5000
3,60,0.0,bot1,success,62,3089524822988826655,54019993988281164,"(12, 29)","(17, 2)","(14, 40)",fireproof_button_v1,5000
3,60,0.0,bot2,success,62,3089524822988826655,54019993988281164,"(12, 29)","(17, 2)","(14, 40)",fireproof_button_v1,5000
3,60,0.0,bot3,success,62,3089524822988826655,54019993988281164,"(12, 29)","(17, 2)","(14, 40)",fireproof_button_v1,5000
3,60,0.0,bot4,success,62,3089524822988826655,54019993988281164,"(12, 29)","(17, 2)","(14, 40)",fireproof_button_v1,5000
3,60,0.1,bot1,success,62,3089524822988826655,54019993988281164,"(12, 29)","(17, 2)","(14, 40)",fireproof_button_v1,5000
3,60,0.1,bot2,success,62,3089524822988826655,54019993988281164,"(12, 29)","(17, 2)","(14, 40)",fireproof_button_v1,5000
3,60,0.1,bot3,success,62,3089524822988826655,54019993988281164,"(12, 29)","(17, 2)","(14, 40)",fireproof_button_v1,5000
3,60,0.1,bot4,success,62,3089524822988826655,54019993988281164,"(12, 29)","(17, 2)","(14, 40)",fireproof_button_v1,5000
3,60,0.2,bot1,success,62,3089524822988826655,54019993988281164,"(12, 29)","(17, 2)","(14, 40)",fireproof_button_v1,5000
3,60,0.2,bot2,success,62,3089524822988826655,54019993988281164,"(12, 29)","(17, 2)","(14, 40)",fireproof_button_v1,5000
3,60,0.2,bot3,success,62,3089524822988826655,54019993988281164,"(12, 29)","(17, 2)","(14, 40)",fireproof_button_v1,5000
3,60,0.2,bot4,success,62,3089524822988826655,54019993988281164,"(12, 29)","(17, 2)","(14, 40)",fireproof_button_v1,5000
3,60,0.3,bot1,success,62,3089524822988826655,54019993988281164,"(12, 29)","(17, 2)","(14, 40)",fireproof_button_v1,5000
3,60,0.3,bot2,success,62,3089524822988826655,54019993988281164,"(12, 29)","(17, 2)","(14, 40)",fireproof_button_v1,5000
3,60,0.3,bot3,success,62,3089524822988826655,54019993988281164,"(12, 29)","(17, 2)","(14, 40)",fireproof_button_v1,5000
3,60,0.3,bot4,success,62,3089524822988826655,54019993988281164,"(12, 29)","(17, 2)","(14, 40)",fireproof_button_v1,5000
3,60,0.4,bot1,success,62,3089524822988826655,54019993988281164,"(12, 29)","(17, 2)","(14, 40)",fireproof_button_v1,5000
3,60,0.4,bot2,success,62,3089524822988826655,54019993988281164,"(12, 29)","(17, 2)","(14, 40)",fireproof_button_v1,5000
3,60,0.4,bot3,success,62,3089524822988826655,54019993988281164,"(12, 29)","(17, 2)","(14, 40)",fireproof_button_v1,5000
3,60,0.4,bot4,success,62,3089524822988826655,54019993988281164,"(12, 29)","(17, 2)","(14, 40)",fireproof_button_v1,5000
3,60,0.5,bot1,success,62,3089524822988826655,54019993988281164,"(12, 29)","(17, 2)","(14, 40)",fireproof_button_v1,5000
3,60,0.5,bot2,success,62,3089524822988826655,54019993988281164,"(12, 29)","(17, 2)","(14, 40)",fireproof_button_v1,5000
3,60,0.5,bot3,success,62,3089524822988826655,54019993988281164,"(12, 29)","(17, 2)","(14, 40)",fireproof_button_v1,5000
3,60,0.5,bot4,success,62,3089524822988826655,54019993988281164,"(12, 29)","(17, 2)","(14, 40)",fireproof_button_v1,5000
3,60,0.6,bot1,success,62,3089524822988826655,54019993988281164,"(12, 29)","(17, 2)","(14, 40)",fireproof_button_v1,5000
3,60,0.6,bot2,success,62,3089524822988826655,54019993988281164,"(12, 29)","(17, 2)","(14, 40)",fireproof_button_v1,5000
3,60,0.6,bot3,success,62,3089524822988826655,54019993988281164,"(12, 29)","(17, 2)","(14, 40)",fireproof_button_v1,5000
3,60,0.6,bot4,success,62,3089524822988826655,54019993988281164,"(12, 29)","(17, 2)","(14, 40)",fireproof_button_v1,5000
3,60,0.7,bot1,success,62,3089524822988826655,54019993988281164,"(12, 29)","(17, 2)","(14, 40)",fireproof_button_v1,5000
3,60,0.7,bot2,success,62,3089524822988826655,54019993988281164,"(12, 29)","(17, 2)","(14, 40)",fireproof_button_v1,5000
3,60,0.7,bot3,success,62,3089524822988826655,54019993988281164,"(12, 29)","(17, 2)","(14, 40)",fireproof_button_v1,5000
3,60,0.7,bot4,success,62,3089524822988826655,54019993988281164,"(12, 29)","(17, 2)","(14, 40)",fireproof_button_v1,5000
3,60,0.8,bot1,burned,50,3089524822988826655,54019993988281164,"(12, 29)","(17, 2)","(14, 40)",fireproof_button_v1,5000
3,60,0.8,bot2,burned,52,3089524822988826655,54019993988281164,"(12, 29)","(17, 2)","(14, 40)",fireproof_button_v1,5000
3,60,0.8,bot3,burned,52,3089524822988826655,54019993988281164,"(12, 29)","(17, 2)","(14, 40)",fireproof_button_v1,5000
3,60,0.8,bot4,burned,52,3089524822988826655,54019993988281164,"(12, 29)","(17, 2)","(14, 40)",fireproof_button_v1,5000
3,60,0.9,bot1,burned,41,3089524822988826655,54019993988281164,"(12, 29)","(17, 2)","(14, 40)",fireproof_button_v1,5000
3,60,0.9,bot2,burned,41,3089524822988826655,54019993988281164,"(12, 29)","(17, 2)","(14, 40)",fireproof_button_v1,5000
3,60,0.9,bot3,burned,48,3089524822988826655,54019993988281164,"(12, 29)","(17, 2)","(14, 40)",fireproof_button_v1,5000
3,60,0.9,bot4,burned,41,3089524822988826655,54019993988281164,"(12, 29)","(17, 2)","(14, 40)",fireproof_button_v1,5000
3,60,1.0,bot1,burned,40,3089524822988826655,54019993988281164,"(12, 29)","(17, 2)","(14, 40)",fireproof_button_v1,5000
3,60,1.0,bot2,burned,44,3089524822988826655,54019993988281164,"(12, 29)","(17, 2)","(14, 40)",fireproof_button_v1,5000
3,60,1.0,bot3,burned,44,3089524822988826655,54019993988281164,"(12, 29)","(17, 2)","(14, 40)",fireproof_button_v1,5000
3,60,1.0,bot4,burned,44,3089524822988826655,54019993988281164,"(12, 29)","(17, 2)","(14, 40)",fireproof_button_v1,5000
4,60,0.0,bot1,success,67,7200924597947737724,12869857448877790166,"(53, 27)","(13, 46)","(48, 49)",fireproof_button_v1,5000
4,60,0.0,bot2,success,67,7200924597947737724,12869857448877790166,"(53, 27)","(13, 46)","(48, 49)",fireproof_button_v1,5000
4,60,0.0,bot3,success,67,7200924597947737724,12869857448877790166,"(53, 27)","(13, 46)","(48, 49)",fireproof_button_v1,5000
4,60,0.0,bot4,success,67,7200924597947737724,12869857448877790166,"(53, 27)","(13, 46)","(48, 49)",fireproof_button_v1,5000
4,60,0.1,bot1,success,67,7200924597947737724,12869857448877790166,"(53, 27)","(13, 46)","(48, 49)",fireproof_button_v1,5000
4,60,0.1,bot2,success,67,7200924597947737724,12869857448877790166,"(53, 27)","(13, 46)","(48, 49)",fireproof_button_v1,5000
4,60,0.1,bot3,success,67,7200924597947737724,12869857448877790166,"(53, 27)","(13, 46)","(48, 49)",fireproof_button_v1,5000
4,60,0.1,bot4,success,67,7200924597947737724,12869857448877790166,"(53, 27)","(13, 46)","(48, 49)",fireproof_button_v1,5000
4,60,0.2,bot1,success,67,7200924597947737724,12869857448877790166,"(53, 27)","(13, 46)","(48, 49)",fireproof_button_v1,5000
4,60,0.2,bot2,success,67,7200924597947737724,12869857448877790166,"(53, 27)","(13, 46)","(48, 49)",fireproof_button_v1,5000
4,60,0.2,bot3,success,67,7200924597947737724,12869857448877790166,"(53, 27)","(13, 46)","(48, 49)",fireproof_button_v1,5000
4,60,0.2,bot4,success,69,7200924597947737724,12869857448877790166,"(53, 27)","(13, 46)","(48, 49)",fireproof_button_v1,5000
4,60,0.3,bot1,success,67,7200924597947737724,12869857448877790166,"(53, 27)","(13, 46)","(48, 49)",fireproof_button_v1,5000
4,60,0.3,bot2,success,67,7200924597947737724,12869857448877790166,"(53, 27)","(13, 46)","(48, 49)",fireproof_button_v1,5000
4,60,0.3,bot3,success,67,7200924597947737724,12869857448877790166,"(53, 27)","(13, 46)","(48, 49)",fireproof_button_v1,5000
4,60,0.3,bot4,success,69,7200924597947737724,12869857448877790166,"(53, 27)","(13, 46)","(48, 49)",fireproof_button_v1,5000
4,60,0.4,bot1,success,67,7200924597947737724,12869857448877790166,"(53, 27)","(13, 46)","(48, 49)",fireproof_button_v1,5000
4,60,0.4,bot2,success,67,7200924597947737724,12869857448877790166,"(53, 27)","(13, 46)","(48, 49)",fireproof_button_v1,5000
4,60,0.4,bot3,success,67,7200924597947737724,12869857448877790166,"(53, 27)","(13, 46)","(48, 49)",fireproof_button_v1,5000
4,60,0.4,bot4,success,67,7200924597947737724,12869857448877790166,"(53, 27)","(13, 46)","(48, 49)",fireproof_button_v1,5000
4,60,0.5,bot1,success,67,7200924597947737724,12869857448877790166,"(53, 27)","(13, 46)","(48, 49)",fireproof_button_v1,5000
4,60,0.5,bot2,success,67,7200924597947737724,12869857448877790166,"(53, 27)","(13, 46)","(48, 49)",fireproof_button_v1,5000
4,60,0.5,bot3,success,67,7200924597947737724,12869857448877790166,"(53, 27)","(13, 46)","(48, 49)",fireproof_button_v1,5000
4,60,0.5,bot4,success,67,7200924597947737724,12869857448877790166,"(53, 27)","(13, 46)","(48, 49)",fireproof_button_v1,5000
4,60,0.6,bot1,success,67,7200924597947737724,12869857448877790166,"(53, 27)","(13, 46)","(48, 49)",fireproof_button_v1,5000
4,60,0.6,bot2,success,67,7200924597947737724,12869857448877790166,"(53, 27)","(13, 46)","(48, 49)",fireproof_button_v1,5000
4,60,0.6,bot3,success,67,7200924597947737724,12869857448877790166,"(53, 27)","(13, 46)","(48, 49)",fireproof_button_v1,5000
4,60,0.6,bot4,success,67,7200924597947737724,12869857448877790166,"(53, 27)","(13, 46)","(48, 49)",fireproof_button_v1,5000
4,60,0.7,bot1,burned,40,7200924597947737724,12869857448877790166,"(53, 27)","(13, 46)","(48, 49)",fireproof_button_v1,5000
4,60,0.7,bot2,burned,54,7200924597947737724,12869857448877790166,"(53, 27)","(13, 46)","(48, 49)",fireproof_button_v1,5000
4,60,0.7,bot3,burned,54,7200924597947737724,12869857448877790166,"(53, 27)","(13, 46)","(48, 49)",fireproof_button_v1,5000
4,60,0.7,bot4,burned,54,7200924597947737724,12869857448877790166,"(53, 27)","(13, 46)","(48, 49)",fireproof_button_v1,5000
4,60,0.8,bot1,burned,31,7200924597947737724,12869857448877790166,"(53, 27)","(13, 46)","(48, 49)",fireproof_button_v1,5000
4,60,0.8,bot2,burned,31,7200924597947737724,12869857448877790166,"(53, 27)","(13, 46)","(48, 49)",fireproof_button_v1,5000
4,60,0.8,bot3,burned,50,7200924597947737724,12869857448877790166,"(53, 27)","(13, 46)","(48, 49)",fireproof_button_v1,5000
4,60,0.8,bot4,burned,31,7200924597947737724,12869857448877790166,"(53, 27)","(13, 46)","(48, 49)",fireproof_button_v1,5000
4,60,0.9,bot1,burned,19,7200924597947737724,12869857448877790166,"(53, 27)","(13, 46)","(48, 49)",fireproof_button_v1,5000
4,60,0.9,bot2,burned,58,7200924597947737724,12869857448877790166,"(53, 27)","(13, 46)","(48, 49)",fireproof_button_v1,5000
4,60,0.9,bot3,burned,60,7200924597947737724,12869857448877790166,"(53, 27)","(13, 46)","(48, 49)",fireproof_button_v1,5000
4,60,0.9,bot4,burned,58,7200924597947737724,12869857448877790166,"(53, 27)","(13, 46)","(48, 49)",fireproof_button_v1,5000
4,60,1.0,bot1,burned,19,7200924597947737724,12869857448877790166,"(53, 27)","(13, 46)","(48, 49)",fireproof_button_v1,5000
4,60,1.0,bot2,burned,40,7200924597947737724,12869857448877790166,"(53, 27)","(13, 46)","(48, 49)",fireproof_button_v1,5000
4,60,1.0,bot3,burned,40,7200924597947737724,12869857448877790166,"(53, 27)","(13, 46)","(48, 49)",fireproof_button_v1,5000
4,60,1.0,bot4,burned,40,7200924597947737724,12869857448877790166,"(53, 27)","(13, 46)","(48, 49)",fireproof_button_v1,5000
5,60,0.0,bot1,success,27,29590395963640831,9244739118753925031,"(43, 19)","(57, 6)","(29, 59)",fireproof_button_v1,5000
5,60,0.0,bot2,success,27,29590395963640831,9244739118753925031,"(43, 19)","(57, 6)","(29, 59)",fireproof_button_v1,5000
5,60,0.0,bot3,success,27,29590395963640831,9244739118753925031,"(43, 19)","(57, 6)","(29, 59)",fireproof_button_v1,5000
5,60,0.0,bot4,success,27,29590395963640831,9244739118753925031,"(43, 19)","(57, 6)","(29, 59)",fireproof_button_v1,5000
5,60,0.1,bot1,success,27,29590395963640831,9244739118753925031,"(43, 19)","(57, 6)","(29, 59)",fireproof_button_v1,5000
5,60,0.1,bot2,success,27,29590395963640831,9244739118753925031,"(43, 19)","(57, 6)","(29, 59)",fireproof_button_v1,5000
5,60,0.1,bot3,success,27,29590395963640831,9244739118753925031,"(43, 19)","(57, 6)","(29, 59)",fireproof_button_v1,5000
5,60,0.1,bot4,success,27,29590395963640831,9244739118753925031,"(43, 19)","(57, 6)","(29, 59)",fireproof_button_v1,5000
5,60,0.2,bot1,success,27,29590395963640831,9244739118753925031,"(43, 19)","(57, 6)","(29, 59)",fireproof_button_v1,5000
5,60,0.2,bot2,success,27,29590395963640831,9244739118753925031,"(43, 19)","(57, 6)","(29, 59)",fireproof_button_v1,5000
5,60,0.2,bot3,success,27,29590395963640831,9244739118753925031,"(43, 19)","(57, 6)","(29, 59)",fireproof_button_v1,5000
5,60,0.2,bot4,success,27,29590395963640831,9244739118753925031,"(43, 19)","(57, 6)","(29, 59)",fireproof_button_v1,5000
5,60,0.3,bot1,success,27,29590395963640831,9244739118753925031,"(43, 19)","(57, 6)","(29, 59)",fireproof_button_v1,5000
5,60,0.3,bot2,success,27,29590395963640831,9244739118753925031,"(43, 19)","(57, 6)","(29, 59)",fireproof_button_v1,5000
5,60,0.3,bot3,success,27,29590395963640831,9244739118753925031,"(43, 19)","(57, 6)","(29, 59)",fireproof_button_v1,5000
5,60,0.3,bot4,success,27,29590395963640831,9244739118753925031,"(43, 19)","(57, 6)","(29, 59)",fireproof_button_v1,5000
5,60,0.4,bot1,success,27,29590395963640831,9244739118753925031,"(43, 19)","(57, 6)","(29, 59)",fireproof_button_v1,5000
5,60,0.4,bot2,success,27,29590395963640831,9244739118753925031,"(43, 19)","(57, 6)","(29, 59)",fireproof_button_v1,5000
5,60,0.4,bot3,success,27,29590395963640831,9244739118753925031,"(43, 19)","(57, 6)","(29, 59)",fireproof_button_v1,5000
5,60,0.4,bot4,success,27,29590395963640831,9244739118753925031,"(43, 19)","(57, 6)","(29, 59)",fireproof_button_v1,5000
5,60,0.5,bot1,success,27,29590395963640831,9244739118753925031,"(43, 19)","(57, 6)","(29, 59)",fireproof_button_v1,5000
5,60,0.5,bot2,success,27,29590395963640831,9244739118753925031,"(43, 19)","(57, 6)","(29, 59)",fireproof_button_v1,5000
5,60,0.5,bot3,success,27,29590395963640831,9244739118753925031,"(43, 19)","(57, 6)","(29, 59)",fireproof_button_v1,5000
5,60,0.5,bot4,success,27,29590395963640831,9244739118753925031,"(43, 19)","(57, 6)","(29, 59)",fireproof_button_v1,5000
5,60,0.6,bot1,success,27,29590395963640831,9244739118753925031,"(43, 19)","(57, 6)","(29, 59)",fireproof_button_v1,5000
5,60,0.6,bot2,success,27,29590395963640831,9244739118753925031,"(43, 19)","(57, 6)","(29, 59)",fireproof_button_v1,5000
5,60,0.6,bot3,success,27,29590395963640831,9244739118753925031,"(43, 19)","(57, 6)","(29, 59)",fireproof_button_v1,5000
5,60,0.6,bot4,success,27,29590395963640831,9244739118753925031,"(43, 19)","(57, 6)","(29, 59)",fireproof_button_v1,5000
5,60,0.7,bot1,success,27,29590395963640831,9244739118753925031,"(43, 19)","(57, 6)","(29, 59)",fireproof_button_v1,5000
5,60,0.7,bot2,success,27,29590395963640831,9244739118753925031,"(43, 19)","(57, 6)","(29, 59)",fireproof_button_v1,5000
5,60,0.7,bot3,success,27,29590395963640831,9244739118753925031,"(43, 19)","(57, 6)","(29, 59)",fireproof_button_v1,5000
5,60,0.7,bot4,success,27,29590395963640831,9244739118753925031,"(43, 19)","(57, 6)","(29, 59)",fireproof_button_v1,5000
5,60,0.8,bot1,success,27,29590395963640831,9244739118753925031,"(43, 19)","(57, 6)","(29, 59)",fireproof_button_v1,5000
5,60,0.8,bot2,success,27,29590395963640831,9244739118753925031,"(43, 19)","(57, 6)","(29, 59)",fireproof_button_v1,5000
5,60,0.8,bot3,success,27,29590395963640831,9244739118753925031,"(43, 19)","(57, 6)","(29, 59)",fireproof_button_v1,5000
5,60,0.8,bot4,success,27,29590395963640831,9244739118753925031,"(43, 19)","(57, 6)","(29, 59)",fireproof_button_v1,5000
5,60,0.9,bot1,success,27,29590395963640831,9244739118753925031,"(43, 19)","(57, 6)","(29, 59)",fireproof_button_v1,5000
5,60,0.9,bot2,success,27,29590395963640831,9244739118753925031,"(43, 19)","(57, 6)","(29, 59)",fireproof_button_v1,5000
5,60,0.9,bot3,success,27,29590395963640831,9244739118753925031,"(43, 19)","(57, 6)","(29, 59)",fireproof_button_v1,5000
5,60,0.9,bot4,success,27,29590395963640831,9244739118753925031,"(43, 19)","(57, 6)","(29, 59)",fireproof_button_v1,5000
5,60,1.0,bot1,success,27,29590395963640831,9244739118753925031,"(43, 19)","(57, 6)","(29, 59)",fireproof_button_v1,5000
5,60,1.0,bot2,success,27,29590395963640831,9244739118753925031,"(43, 19)","(57, 6)","(29, 59)",fireproof_button_v1,5000
5,60,1.0,bot3,success,27,29590395963640831,9244739118753925031,"(43, 19)","(57, 6)","(29, 59)",fireproof_button_v1,5000
5,60,1.0,bot4,success,27,29590395963640831,9244739118753925031,"(43, 19)","(57, 6)","(29, 59)",fireproof_button_v1,5000
6,60,0.0,bot1,success,86,11115947756913735232,2011943981993310560,"(58, 50)","(2, 24)","(42, 8)",fireproof_button_v1,5000
6,60,0.0,bot2,success,86,11115947756913735232,2011943981993310560,"(58, 50)","(2, 24)","(42, 8)",fireproof_button_v1,5000
6,60,0.0,bot3,success,86,11115947756913735232,2011943981993310560,"(58, 50)","(2, 24)","(42, 8)",fireproof_button_v1,5000
6,60,0.0,bot4,success,86,11115947756913735232,2011943981993310560,"(58, 50)","(2, 24)","(42, 8)",fireproof_button_v1,5000
6,60,0.1,bot1,success,86,11115947756913735232,2011943981993310560,"(58, 50)","(2, 24)","(42, 8)",fireproof_button_v1,5000
6,60,0.1,bot2,success,86,11115947756913735232,2011943981993310560,"(58, 50)","(2, 24)","(42, 8)",fireproof_button_v1,5000
6,60,0.1,bot3,success,86,11115947756913735232,2011943981993310560,"(58, 50)","(2, 24)","(42, 8)",fireproof_button_v1,5000
6,60,0.1,bot4,success,86,11115947756913735232,2011943981993310560,"(58, 50)","(2, 24)","(42, 8)",fireproof_button_v1,5000
6,60,0.2,bot1,success,86,11115947756913735232,2011943981993310560,"(58, 50)","(2, 24)","(42, 8)",fireproof_button_v1,5000
6,60,0.2,bot2,success,86,11115947756913735232,2011943981993310560,"(58, 50)","(2, 24)","(42, 8)",fireproof_button_v1,5000
6,60,0.2,bot3,success,86,11115947756913735232,2011943981993310560,"(58, 50)","(2, 24)","(42, 8)",fireproof_button_v1,5000
6,60,0.2,bot4,success,86,11115947756913735232,2011943981993310560,"(58, 50)","(2, 24)","(42, 8)",fireproof_button_v1,5000
6,60,0.3,bot1,success,86,11115947756913735232,2011943981993310560,"(58, 50)","(2, 24)","(42, 8)",fireproof_button_v1,5000
6,60,0.3,bot2,success,86,11115947756913735232,2011943981993310560,"(58, 50)","(2, 24)","(42, 8)",fireproof_button_v1,5000
6,60,0.3,bot3,success,86,11115947756913735232,2011943981993310560,"(58, 50)","(2, 24)","(42, 8)",fireproof_button_v1,5000
6,60,0.3,bot4,success,86,11115947756913735232,2011943981993310560,"(58, 50)","(2, 24)","(42, 8)",fireproof_button_v1,5000
6,60,0.4,bot1,success,86,11115947756913735232,2011943981993310560,"(58, 50)","(2, 24)","(42, 8)",fireproof_button_v1,5000
6,60,0.4,bot2,success,86,11115947756913735232,2011943981993310560,"(58, 50)","(2, 24)","(42, 8)",fireproof_button_v1,5000
6,60,0.4,bot3,success,86,11115947756913735232,2011943981993310560,"(58, 50)","(2, 24)","(42, 8)",fireproof_button_v1,5000
6,60,0.4,bot4,success,86,11115947756913735232,2011943981993310560,"(58, 50)","(2, 24)","(42, 8)",fireproof_button_v1,5000
6,60,0.5,bot1,success,86,11115947756913735232,2011943981993310560,"(58, 50)","(2, 24)","(42, 8)",fireproof_button_v1,5000
6,60,0.5,bot2,success,86,11115947756913735232,2011943981993310560,"(58, 50)","(2, 24)","(42, 8)",fireproof_button_v1,5000
6,60,0.5,bot3,success,86,11115947756913735232,2011943981993310560,"(58, 50)","(2, 24)","(42, 8)",fireproof_button_v1,5000
6,60,0.5,bot4,success,86,11115947756913735232,2011943981993310560,"(58, 50)","(2, 24)","(42, 8)",fireproof_button_v1,5000
6,60,0.6,bot1,success,86,11115947756913735232,2011943981993310560,"(58, 50)","(2, 24)","(42, 8)",fireproof_button_v1,5000
6,60,0.6,bot2,success,86,11115947756913735232,2011943981993310560,"(58, 50)","(2, 24)","(42, 8)",fireproof_button_v1,5000
6,60,0.6,bot3,success,86,11115947756913735232,2011943981993310560,"(58, 50)","(2, 24)","(42, 8)",fireproof_button_v1,5000
6,60,0.6,bot4,success,86,11115947756913735232,2011943981993310560,"(58, 50)","(2, 24)","(42, 8)",fireproof_button_v1,5000
6,60,0.7,bot1,burned,82,11115947756913735232,2011943981993310560,"(58, 50)","(2, 24)","(42, 8)",fireproof_button_v1,5000
6,60,0.7,bot2,burned,86,11115947756913735232,2011943981993310560,"(58, 50)","(2, 24)","(42, 8)",fireproof_button_v1,5000
6,60,0.7,bot3,burned,86,11115947756913735232,2011943981993310560,"(58, 50)","(2, 24)","(42, 8)",fireproof_button_v1,5000
6,60,0.7,bot4,burned,86,11115947756913735232,2011943981993310560,"(58, 50)","(2, 24)","(42, 8)",fireproof_button_v1,5000
6,60,0.8,bot1,burned,80,11115947756913735232,2011943981993310560,"(58, 50)","(2, 24)","(42, 8)",fireproof_button_v1,5000
6,60,0.8,bot2,burned,78,11115947756913735232,2011943981993310560,"(58, 50)","(2, 24)","(42, 8)",fireproof_button_v1,5000
6,60,0.8,bot3,burned,78,11115947756913735232,2011943981993310560,"(58, 50)","(2, 24)","(42, 8)",fireproof_button_v1,5000
6,60,0.8,bot4,burned,78,11115947756913735232,2011943981993310560,"(58, 50)","(2, 24)","(42, 8)",fireproof_button_v1,5000
6,60,0.9,bot1,burned,55,11115947756913735232,2011943981993310560,"(58, 50)","(2, 24)","(42, 8)",fireproof_button_v1,5000
6,60,0.9,bot2,burned,68,11115947756913735232,2011943981993310560,"(58, 50)","(2, 24)","(42, 8)",fireproof_button_v1,5000
6,60,0.9,bot3,burned,70,11115947756913735232,2011943981993310560,"(58, 50)","(2, 24)","(42, 8)",fireproof_button_v1,5000
6,60,0.9,bot4,burned,68,11115947756913735232,2011943981993310560,"(58, 50)","(2, 24)","(42, 8)",fireproof_button_v1,5000
6,60,1.0,bot1,burned,49,11115947756913735232,2011943981993310560,"(58, 50)","(2, 24)","(42, 8)",fireproof_button_v1,5000
6,60,1.0,bot2,burned,49,11115947756913735232,2011943981993310560,"(58, 50)","(2, 24)","(42, 8)",fireproof_button_v1,5000
6,60,1.0,bot3,burned,49,11115947756913735232,2011943981993310560,"(58, 50)","(2, 24)","(42, 8)",fireproof_button_v1,5000
6,60,1.0,bot4,burned,49,11115947756913735232,2011943981993310560,"(58, 50)","(2, 24)","(42, 8)",fireproof_button_v1,5000
7,60,0.0,bot1,success,31,12073152625733776718,10782032324221570598,"(2, 25)","(24, 30)","(46, 25)",fireproof_button_v1,5000
7,60,0.0,bot2,success,31,12073152625733776718,10782032324221570598,"(2, 25)","(24, 30)","(46, 25)",fireproof_button_v1,5000
7,60,0.0,bot3,success,31,12073152625733776718,10782032324221570598,"(2, 25)","(24, 30)","(46, 25)",fireproof_button_v1,5000
7,60,0.0,bot4,success,31,12073152625733776718,10782032324221570598,"(2, 25)","(24, 30)","(46, 25)",fireproof_button_v1,5000
7,60,0.1,bot1,success,31,12073152625733776718,10782032324221570598,"(2, 25)","(24, 30)","(46, 25)",fireproof_button_v1,5000
7,60,0.1,bot2,success,31,12073152625733776718,10782032324221570598,"(2, 25)","(24, 30)","(46, 25)",fireproof_button_v1,5000
7,60,0.1,bot3,success,31,12073152625733776718,10782032324221570598,"(2, 25)","(24, 30)","(46, 25)",fireproof_button_v1,5000
7,60,0.1,bot4,success,31,12073152625733776718,10782032324221570598,"(2, 25)","(24, 30)","(46, 25)",fireproof_button_v1,5000
7,60,0.2,bot1,success,31,12073152625733776718,10782032324221570598,"(2, 25)","(24, 30)","(46, 25)",fireproof_button_v1,5000
7,60,0.2,bot2,success,31,12073152625733776718,10782032324221570598,"(2, 25)","(24, 30)","(46, 25)",fireproof_button_v1,5000
7,60,0.2,bot3,success,31,12073152625733776718,10782032324221570598,"(2, 25)","(24, 30)","(46, 25)",fireproof_button_v1,5000
7,60,0.2,bot4,success,31,12073152625733776718,10782032324221570598,"(2, 25)","(24, 30)","(46, 25)",fireproof_button_v1,5000
7,60,0.3,bot1,success,31,12073152625733776718,10782032324221570598,"(2, 25)","(24, 30)","(46, 25)",fireproof_button_v1,5000
7,60,0.3,bot2,success,31,12073152625733776718,10782032324221570598,"(2, 25)","(24, 30)","(46, 25)",fireproof_button_v1,5000
7,60,0.3,bot3,success,31,12073152625733776718,10782032324221570598,"(2, 25)","(24, 30)","(46, 25)",fireproof_button_v1,5000
7,60,0.3,bot4,success,31,12073152625733776718,10782032324221570598,"(2, 25)","(24, 30)","(46, 25)",fireproof_button_v1,5000
7,60,0.4,bot1,success,31,12073152625733776718,10782032324221570598,"(2, 25)","(24, 30)","(46, 25)",fireproof_button_v1,5000
7,60,0.4,bot2,success,31,12073152625733776718,10782032324221570598,"(2, 25)","(24, 30)","(46, 25)",fireproof_button_v1,5000
7,60,0.4,bot3,success,31,12073152625733776718,10782032324221570598,"(2, 25)","(24, 30)","(46, 25)",fireproof_button_v1,5000
7,60,0.4,bot4,success,31,12073152625733776718,10782032324221570598,"(2, 25)","(24, 30)","(46, 25)",fireproof_button_v1,5000
7,60,0.5,bot1,success,31,12073152625733776718,10782032324221570598,"(2, 25)","(24, 30)","(46, 25)",fireproof_button_v1,5000
7,60,0.5,bot2,success,31,12073152625733776718,10782032324221570598,"(2, 25)","(24, 30)","(46, 25)",fireproof_button_v1,5000
7,60,0.5,bot3,success,31,12073152625733776718,10782032324221570598,"(2, 25)","(24, 30)","(46, 25)",fireproof_button_v1,5000
7,60,0.5,bot4,success,31,12073152625733776718,10782032324221570598,"(2, 25)","(24, 30)","(46, 25)",fireproof_button_v1,5000
7,60,0.6,bot1,success,31,12073152625733776718,10782032324221570598,"(2, 25)","(24, 30)","(46, 25)",fireproof_button_v1,5000
7,60,0.6,bot2,success,31,12073152625733776718,10782032324221570598,"(2, 25)","(24, 30)","(46, 25)",fireproof_button_v1,5000
7,60,0.6,bot3,success,31,12073152625733776718,10782032324221570598,"(2, 25)","(24, 30)","(46, 25)",fireproof_button_v1,5000
7,60,0.6,bot4,success,31,12073152625733776718,10782032324221570598,"(2, 25)","(24, 30)","(46, 25)",fireproof_button_v1,5000
7,60,0.7,bot1,success,31,12073152625733776718,10782032324221570598,"(2, 25)","(24, 30)","(46, 25)",fireproof_button_v1,5000
7,60,0.7,bot2,success,31,12073152625733776718,10782032324221570598,"(2, 25)","(24, 30)","(46, 25)",fireproof_button_v1,5000
7,60,0.7,bot3,success,31,12073152625733776718,10782032324221570598,"(2, 25)","(24, 30)","(46, 25)",fireproof_button_v1,5000
7,60,0.7,bot4,success,31,12073152625733776718,10782032324221570598,"(2, 25)","(24, 30)","(46, 25)",fireproof_button_v1,5000
7,60,0.8,bot1,success,31,12073152625733776718,10782032324221570598,"(2, 25)","(24, 30)","(46, 25)",fireproof_button_v1,5000
7,60,0.8,bot2,success,31,12073152625733776718,10782032324221570598,"(2, 25)","(24, 30)","(46, 25)",fireproof_button_v1,5000
7,60,0.8,bot3,success,31,12073152625733776718,10782032324221570598,"(2, 25)","(24, 30)","(46, 25)",fireproof_button_v1,5000
7,60,0.8,bot4,success,31,12073152625733776718,10782032324221570598,"(2, 25)","(24, 30)","(46, 25)",fireproof_button_v1,5000
7,60,0.9,bot1,success,31,12073152625733776718,10782032324221570598,"(2, 25)","(24, 30)","(46, 25)",fireproof_button_v1,5000
7,60,0.9,bot2,success,31,12073152625733776718,10782032324221570598,"(2, 25)","(24, 30)","(46, 25)",fireproof_button_v1,5000
7,60,0.9,bot3,success,31,12073152625733776718,10782032324221570598,"(2, 25)","(24, 30)","(46, 25)",fireproof_button_v1,5000
7,60,0.9,bot4,success,31,12073152625733776718,10782032324221570598,"(2, 25)","(24, 30)","(46, 25)",fireproof_button_v1,5000
7,60,1.0,bot1,success,31,12073152625733776718,10782032324221570598,"(2, 25)","(24, 30)","(46, 25)",fireproof_button_v1,5000
7,60,1.0,bot2,success,31,12073152625733776718,10782032324221570598,"(2, 25)","(24, 30)","(46, 25)",fireproof_button_v1,5000
7,60,1.0,bot3,success,31,12073152625733776718,10782032324221570598,"(2, 25)","(24, 30)","(46, 25)",fireproof_button_v1,5000
7,60,1.0,bot4,success,31,12073152625733776718,10782032324221570598,"(2, 25)","(24, 30)","(46, 25)",fireproof_button_v1,5000
8,60,0.0,bot1,success,53,11743655260410519506,1856811041664994791,"(51, 50)","(38, 30)","(44, 21)",fireproof_button_v1,5000
8,60,0.0,bot2,success,53,11743655260410519506,1856811041664994791,"(51, 50)","(38, 30)","(44, 21)",fireproof_button_v1,5000
8,60,0.0,bot3,success,53,11743655260410519506,1856811041664994791,"(51, 50)","(38, 30)","(44, 21)",fireproof_button_v1,5000
8,60,0.0,bot4,success,53,11743655260410519506,1856811041664994791,"(51, 50)","(38, 30)","(44, 21)",fireproof_button_v1,5000
8,60,0.1,bot1,success,53,11743655260410519506,1856811041664994791,"(51, 50)","(38, 30)","(44, 21)",fireproof_button_v1,5000
8,60,0.1,bot2,success,53,11743655260410519506,1856811041664994791,"(51, 50)","(38, 30)","(44, 21)",fireproof_button_v1,5000
8,60,0.1,bot3,success,53,11743655260410519506,1856811041664994791,"(51, 50)","(38, 30)","(44, 21)",fireproof_button_v1,5000
8,60,0.1,bot4,success,53,11743655260410519506,1856811041664994791,"(51, 50)","(38, 30)","(44, 21)",fireproof_button_v1,5000
8,60,0.2,bot1,success,53,11743655260410519506,1856811041664994791,"(51, 50)","(38, 30)","(44, 21)",fireproof_button_v1,5000
8,60,0.2,bot2,success,53,11743655260410519506,1856811041664994791,"(51, 50)","(38, 30)","(44, 21)",fireproof_button_v1,5000
8,60,0.2,bot3,success,53,11743655260410519506,1856811041664994791,"(51, 50)","(38, 30)","(44, 21)",fireproof_button_v1,5000
8,60,0.2,bot4,success,53,11743655260410519506,1856811041664994791,"(51, 50)","(38, 30)","(44, 21)",fireproof_button_v1,5000
8,60,0.3,bot1,success,53,11743655260410519506,1856811041664994791,"(51, 50)","(38, 30)","(44, 21)",fireproof_button_v1,5000
8,60,0.3,bot2,success,53,11743655260410519506,1856811041664994791,"(51, 50)","(38, 30)","(44, 21)",fireproof_button_v1,5000
8,60,0.3,bot3,success,53,11743655260410519506,1856811041664994791,"(51, 50)","(38, 30)","(44, 21)",fireproof_button_v1,5000
8,60,0.3,bot4,success,53,11743655260410519506,1856811041664994791,"(51, 50)","(38, 30)","(44, 21)",fireproof_button_v1,5000
8,60,0.4,bot1,success,53,11743655260410519506,1856811041664994791,"(51, 50)","(38, 30)","(44, 21)",fireproof_button_v1,5000
8,60,0.4,bot2,success,53,11743655260410519506,1856811041664994791,"(51, 50)","(38, 30)","(44, 21)",fireproof_button_v1,5000
8,60,0.4,bot3,success,53,11743655260410519506,1856811041664994791,"(51, 50)","(38, 30)","(44, 21)",fireproof_button_v1,5000
8,60,0.4,bot4,success,53,11743655260410519506,1856811041664994791,"(51, 50)","(38, 30)","(44, 21)",fireproof_button_v1,5000
8,60,0.5,bot1,burned,48,11743655260410519506,1856811041664994791,"(51, 50)","(38, 30)","(44, 21)",fireproof_button_v1,5000
8,60,0.5,bot2,burned,61,11743655260410519506,1856811041664994791,"(51, 50)","(38, 30)","(44, 21)",fireproof_button_v1,5000
8,60,0.5,bot3,burned,68,11743655260410519506,1856811041664994791,"(51, 50)","(38, 30)","(44, 21)",fireproof_button_v1,5000
8,60,0.5,bot4,burned,61,11743655260410519506,1856811041664994791,"(51, 50)","(38, 30)","(44, 21)",fireproof_button_v1,5000
8,60,0.6,bot1,burned,47,11743655260410519506,1856811041664994791,"(51, 50)","(38, 30)","(44, 21)",fireproof_button_v1,5000
8,60,0.6,bot2,burned,55,11743655260410519506,1856811041664994791,"(51, 50)","(38, 30)","(44, 21)",fireproof_button_v1,5000
8,60,0.6,bot3,burned,55,11743655260410519506,1856811041664994791,"(51, 50)","(38, 30)","(44, 21)",fireproof_button_v1,5000
8,60,0.6,bot4,burned,55,11743655260410519506,1856811041664994791,"(51, 50)","(38, 30)","(44, 21)",fireproof_button_v1,5000
8,60,0.7,bot1,burned,44,11743655260410519506,1856811041664994791,"(51, 50)","(38, 30)","(44, 21)",fireproof_button_v1,5000
8,60,0.7,bot2,burned,54,11743655260410519506,1856811041664994791,"(51, 50)","(38, 30)","(44, 21)",fireproof_button_v1,5000
8,60,0.7,bot3,burned,54,11743655260410519506,1856811041664994791,"(51, 50)","(38, 30)","(44, 21)",fireproof_button_v1,5000
8,60,0.7,bot4,burned,54,11743655260410519506,1856811041664994791,"(51, 50)","(38, 30)","(44, 21)",fireproof_button_v1,5000
8,60,0.8,bot1,burned,41,11743655260410519506,1856811041664994791,"(51, 50)","(38, 30)","(44, 21)",fireproof_button_v1,5000
8,60,0.8,bot2,burned,50,11743655260410519506,1856811041664994791,"(51, 50)","(38, 30)","(44, 21)",fireproof_button_v1,5000
8,60,0.8,bot3,burned,50,11743655260410519506,1856811041664994791,"(51, 50)","(38, 30)","(44, 21)",fireproof_button_v1,5000
8,60,0.8,bot4,burned,50,11743655260410519506,1856811041664994791,"(51, 50)","(38, 30)","(44, 21)",fireproof_button_v1,5000
8,60,0.9,bot1,burned,39,11743655260410519506,1856811041664994791,"(51, 50)","(38, 30)","(44, 21)",fireproof_button_v1,5000
8,60,0.9,bot2,burned,49,11743655260410519506,1856811041664994791,"(51, 50)","(38, 30)","(44, 21)",fireproof_button_v1,5000
8,60,0.9,bot3,burned,49,11743655260410519506,1856811041664994791,"(51, 50)","(38, 30)","(44, 21)",fireproof_button_v1,5000
8,60,0.9,bot4,burned,49,11743655260410519506,1856811041664994791,"(51, 50)","(38, 30)","(44, 21)",fireproof_button_v1,5000
8,60,1.0,bot1,burned,38,11743655260410519506,1856811041664994791,"(51, 50)","(38, 30)","(44, 21)",fireproof_button_v1,5000
8,60,1.0,bot2,burned,49,11743655260410519506,1856811041664994791,"(51, 50)","(38, 30)","(44, 21)",fireproof_button_v1,5000
8,60,1.0,bot3,burned,49,11743655260410519506,1856811041664994791,"(51, 50)","(38, 30)","(44, 21)",fireproof_button_v1,5000
8,60,1.0,bot4,burned,49,11743655260410519506,1856811041664994791,"(51, 50)","(38, 30)","(44, 21)",fireproof_button_v1,5000
9,60,0.0,bot1,success,79,16686013007667620998,3395385325925554459,"(1, 13)","(9, 54)","(22, 37)",fireproof_button_v1,5000
9,60,0.0,bot2,success,79,16686013007667620998,3395385325925554459,"(1, 13)","(9, 54)","(22, 37)",fireproof_button_v1,5000
9,60,0.0,bot3,success,79,16686013007667620998,3395385325925554459,"(1, 13)","(9, 54)","(22, 37)",fireproof_button_v1,5000
9,60,0.0,bot4,success,79,16686013007667620998,3395385325925554459,"(1, 13)","(9, 54)","(22, 37)",fireproof_button_v1,5000
9,60,0.1,bot1,success,79,16686013007667620998,3395385325925554459,"(1, 13)","(9, 54)","(22, 37)",fireproof_button_v1,5000
9,60,0.1,bot2,success,79,16686013007667620998,3395385325925554459,"(1, 13)","(9, 54)","(22, 37)",fireproof_button_v1,5000
9,60,0.1,bot3,success,79,16686013007667620998,3395385325925554459,"(1, 13)","(9, 54)","(22, 37)",fireproof_button_v1,5000
9,60,0.1,bot4,success,81,16686013007667620998,3395385325925554459,"(1, 13)","(9, 54)","(22, 37)",fireproof_button_v1,5000
9,60,0.2,bot1,burned,45,16686013007667620998,3395385325925554459,"(1, 13)","(9, 54)","(22, 37)",fireproof_button_v1,5000
9,60,0.2,bot2,success,81,16686013007667620998,3395385325925554459,"(1, 13)","(9, 54)","(22, 37)",fireproof_button_v1,5000
9,60,0.2,bot3,success,81,16686013007667620998,3395385325925554459,"(1, 13)","(9, 54)","(22, 37)",fireproof_button_v1,5000
9,60,0.2,bot4,success,81,16686013007667620998,3395385325925554459,"(1, 13)","(9, 54)","(22, 37)",fireproof_button_v1,5000
9,60,0.3,bot1,burned,41,16686013007667620998,3395385325925554459,"(1, 13)","(9, 54)","(22, 37)",fireproof_button_v1,5000
9,60,0.3,bot2,success,95,16686013007667620998,3395385325925554459,"(1, 13)","(9, 54)","(22, 37)",fireproof_button_v1,5000
9,60,0.3,bot3,success,89,16686013007667620998,3395385325925554459,"(1, 13)","(9, 54)","(22, 37)",fireproof_button_v1,5000
9,60,0.3,bot4,success,87,16686013007667620998,3395385325925554459,"(1, 13)","(9, 54)","(22, 37)",fireproof_button_v1,5000
9,60,0.4,bot1,burned,44,16686013007667620998,3395385325925554459,"(1, 13)","(9, 54)","(22, 37)",fireproof_button_v1,5000
9,60,0.4,bot2,success,89,16686013007667620998,3395385325925554459,"(1, 13)","(9, 54)","(22, 37)",fireproof_button_v1,5000
9,60,0.4,bot3,success,93,16686013007667620998,3395385325925554459,"(1, 13)","(9, 54)","(22, 37)",fireproof_button_v1,5000
9,60,0.4,bot4,success,87,16686013007667620998,3395385325925554459,"(1, 13)","(9, 54)","(22, 37)",fireproof_button_v1,5000
9,60,0.5,bot1,burned,40,16686013007667620998,3395385325925554459,"(1, 13)","(9, 54)","(22, 37)",fireproof_button_v1,5000
9,60,0.5,bot2,burned,66,16686013007667620998,3395385325925554459,"(1, 13)","(9, 54)","(22, 37)",fireproof_button_v1,5000
9,60,0.5,bot3,burned,66,16686013007667620998,3395385325925554459,"(1, 13)","(9, 54)","(22, 37)",fireproof_button_v1,5000
9,60,0.5,bot4,burned,66,16686013007667620998,3395385325925554459,"(1, 13)","(9, 54)","(22, 37)",fireproof_button_v1,5000
9,60,0.6,bot1,burned,36,16686013007667620998,3395385325925554459,"(1, 13)","(9, 54)","(22, 37)",fireproof_button_v1,5000
9,60,0.6,bot2,burned,46,16686013007667620998,3395385325925554459,"(1, 13)","(9, 54)","(22, 37)",fireproof_button_v1,5000
9,60,0.6,bot3,burned,46,16686013007667620998,3395385325925554459,"(1, 13)","(9, 54)","(22, 37)",fireproof_button_v1,5000
9,60,0.6,bot4,burned,46,16686013007667620998,3395385325925554459,"(1, 13)","(9, 54)","(22, 37)",fireproof_button_v1,5000
9,60,0.7,bot1,burned,31,16686013007667620998,3395385325925554459,"(1, 13)","(9, 54)","(22, 37)",fireproof_button_v1,5000
9,60,0.7,bot2,burned,43,16686013007667620998,3395385325925554459,"(1, 13)","(9, 54)","(22, 37)",fireproof_button_v1,5000
9,60,0.7,bot3,burned,43,16686013007667620998,3395385325925554459,"(1, 13)","(9, 54)","(22, 37)",fireproof_button_v1,5000
9,60,0.7,bot4,burned,43,16686013007667620998,3395385325925554459,"(1, 13)","(9, 54)","(22, 37)",fireproof_button_v1,5000
9,60,0.8,bot1,burned,32,16686013007667620998,3395385325925554459,"(1, 13)","(9, 54)","(22, 37)",fireproof_button_v1,5000
9,60,0.8,bot2,burned,37,16686013007667620998,3395385325925554459,"(1, 13)","(9, 54)","(22, 37)",fireproof_button_v1,5000
9,60,0.8,bot3,burned,40,16686013007667620998,3395385325925554459,"(1, 13)","(9, 54)","(22, 37)",fireproof_button_v1,5000
9,60,0.8,bot4,burned,37,16686013007667620998,3395385325925554459,"(1, 13)","(9, 54)","(22, 37)",fireproof_button_v1,5000
9,60,0.9,bot1,burned,30,16686013007667620998,3395385325925554459,"(1, 13)","(9, 54)","(22, 37)",fireproof_button_v1,5000
9,60,0.9,bot2,burned,40,16686013007667620998,3395385325925554459,"(1, 13)","(9, 54)","(22, 37)",fireproof_button_v1,5000
9,60,0.9,bot3,burned,42,16686013007667620998,3395385325925554459,"(1, 13)","(9, 54)","(22, 37)",fireproof_button_v1,5000
9,60,0.9,bot4,burned,40,16686013007667620998,3395385325925554459,"(1, 13)","(9, 54)","(22, 37)",fireproof_button_v1,5000
9,60,1.0,bot1,burned,28,16686013007667620998,3395385325925554459,"(1, 13)","(9, 54)","(22, 37)",fireproof_button_v1,5000
9,60,1.0,bot2,burned,36,16686013007667620998,3395385325925554459,"(1, 13)","(9, 54)","(22, 37)",fireproof_button_v1,5000
9,60,1.0,bot3,burned,36,16686013007667620998,3395385325925554459,"(1, 13)","(9, 54)","(22, 37)",fireproof_button_v1,5000
9,60,1.0,bot4,burned,36,16686013007667620998,3395385325925554459,"(1, 13)","(9, 54)","(22, 37)",fireproof_button_v1,5000
10,60,0.0,bot1,success,30,12643015253476691188,10072399572341532096,"(3, 36)","(11, 16)","(49, 11)",fireproof_button_v1,5000
10,60,0.0,bot2,success,30,12643015253476691188,10072399572341532096,"(3, 36)","(11, 16)","(49, 11)",fireproof_button_v1,5000
10,60,0.0,bot3,success,30,12643015253476691188,10072399572341532096,"(3, 36)","(11, 16)","(49, 11)",fireproof_button_v1,5000
10,60,0.0,bot4,success,30,12643015253476691188,10072399572341532096,"(3, 36)","(11, 16)","(49, 11)",fireproof_button_v1,5000
10,60,0.1,bot1,success,30,12643015253476691188,10072399572341532096,"(3, 36)","(11, 16)","(49, 11)",fireproof_button_v1,5000
10,60,0.1,bot2,success,30,12643015253476691188,10072399572341532096,"(3, 36)","(11, 16)","(49, 11)",fireproof_button_v1,5000
10,60,0.1,bot3,success,30,12643015253476691188,10072399572341532096,"(3, 36)","(11, 16)","(49, 11)",fireproof_button_v1,5000
10,60,0.1,bot4,success,30,12643015253476691188,10072399572341532096,"(3, 36)","(11, 16)","(49, 11)",fireproof_button_v1,5000
10,60,0.2,bot1,success,30,12643015253476691188,10072399572341532096,"(3, 36)","(11, 16)","(49, 11)",fireproof_button_v1,5000
10,60,0.2,bot2,success,30,12643015253476691188,10072399572341532096,"(3, 36)","(11, 16)","(49, 11)",fireproof_button_v1,5000
10,60,0.2,bot3,success,30,12643015253476691188,10072399572341532096,"(3, 36)","(11, 16)","(49, 11)",fireproof_button_v1,5000
10,60,0.2,bot4,success,30,12643015253476691188,10072399572341532096,"(3, 36)","(11, 16)","(49, 11)",fireproof_button_v1,5000
10,60,0.3,bot1,success,30,12643015253476691188,10072399572341532096,"(3, 36)","(11, 16)","(49, 11)",fireproof_button_v1,5000
10,60,0.3,bot2,success,30,12643015253476691188,10072399572341532096,"(3, 36)","(11, 16)","(49, 11)",fireproof_button_v1,5000
10,60,0.3,bot3,success,30,12643015253476691188,10072399572341532096,"(3, 36)","(11, 16)","(49, 11)",fireproof_button_v1,5000
10,60,0.3,bot4,success,30,12643015253476691188,10072399572341532096,"(3, 36)","(11, 16)","(49, 11)",fireproof_button_v1,5000
10,60,0.4,bot1,success,30,12643015253476691188,10072399572341532096,"(3, 36)","(11, 16)","(49, 11)",fireproof_button_v1,5000
10,60,0.4,bot2,success,30,12643015253476691188,10072399572341532096,"(3, 36)","(11, 16)","(49, 11)",fireproof_button_v1,5000
10,60,0.4,bot3,success,30,12643015253476691188,10072399572341532096,"(3, 36)","(11, 16)","(49, 11)",fireproof_button_v1,5000
10,60,0.4,bot4,success,30,12643015253476691188,10072399572341532096,"(3, 36)","(11, 16)","(49, 11)",fireproof_button_v1,5000
10,60,0.5,bot1,success,30,12643015253476691188,10072399572341532096,"(3, 36)","(11, 16)","(49, 11)",fireproof_button_v1,5000
10,60,0.5,bot2,success,30,12643015253476691188,10072399572341532096,"(3, 36)","(11, 16)","(49, 11)",fireproof_button_v1,5000
10,60,0.5,bot3,success,30,12643015253476691188,10072399572341532096,"(3, 36)","(11, 16)","(49, 11)",fireproof_button_v1,5000
10,60,0.5,bot4,success,30,12643015253476691188,10072399572341532096,"(3, 36)","(11, 16)","(49, 11)",fireproof_button_v1,5000
10,60,0.6,bot1,success,30,12643015253476691188,10072399572341532096,"(3, 36)","(11, 16)","(49, 11)",fireproof_button_v1,5000
10,60,0.6,bot2,success,30,12643015253476691188,10072399572341532096,"(3, 36)","(11, 16)","(49, 11)",fireproof_button_v1,5000
10,60,0.6,bot3,success,30,12643015253476691188,10072399572341532096,"(3, 36)","(11, 16)","(49, 11)",fireproof_button_v1,5000
10,60,0.6,bot4,success,30,12643015253476691188,10072399572341532096,"(3, 36)","(11, 16)","(49, 11)",fireproof_button_v1,5000
10,60,0.7,bot1,success,30,12643015253476691188,10072399572341532096,"(3, 36)","(11, 16)","(49, 11)",fireproof_button_v1,5000
10,60,0.7,bot2,success,30,12643015253476691188,10072399572341532096,"(3, 36)","(11, 16)","(49, 11)",fireproof_button_v1,5000
10,60,0.7,bot3,success,30,12643015253476691188,10072399572341532096,"(3, 36)","(11, 16)","(49, 11)",fireproof_button_v1,5000
10,60,0.7,bot4,success,30,12643015253476691188,10072399572341532096,"(3, 36)","(11, 16)","(49, 11)",fireproof_button_v1,5000
10,60,0.8,bot1,success,30,12643015253476691188,10072399572341532096,"(3, 36)","(11, 16)","(49, 11)",fireproof_button_v1,5000
10,60,0.8,bot2,success,30,12643015253476691188,10072399572341532096,"(3, 36)","(11, 16)","(49, 11)",fireproof_button_v1,5000
10,60,0.8,bot3,success,30,12643015253476691188,10072399572341532096,"(3, 36)","(11, 16)","(49, 11)",fireproof_button_v1,5000
10,60,0.8,bot4,success,30,12643015253476691188,10072399572341532096,"(3, 36)","(11, 16)","(49, 11)",fireproof_button_v1,5000
10,60,0.9,bot1,success,30,12643015253476691188,10072399572341532096,"(3, 36)","(11, 16)","(49, 11)",fireproof_button_v1,5000
10,60,0.9,bot2,success,30,12643015253476691188,10072399572341532096,"(3, 36)","(11, 16)","(49, 11)",fireproof_button_v1,5000
10,60,0.9,bot3,success,30,12643015253476691188,10072399572341532096,"(3, 36)","(11, 16)","(49, 11)",fireproof_button_v1,5000
10,60,0.9,bot4,success,30,12643015253476691188,10072399572341532096,"(3, 36)","(11, 16)","(49, 11)",fireproof_button_v1,5000
10,60,1.0,bot1,success,30,12643015253476691188,10072399572341532096,"(3, 36)","(11, 16)","(49, 11)",fireproof_button_v1,5000
10,60,1.0,bot2,success,30,12643015253476691188,10072399572341532096,"(3, 36)","(11, 16)","(49, 11)",fireproof_button_v1,5000
10,60,1.0,bot3,success,30,12643015253476691188,10072399572341532096,"(3, 36)","(11, 16)","(49, 11)",fireproof_button_v1,5000
10,60,1.0,bot4,success,30,12643015253476691188,10072399572341532096,"(3, 36)","(11, 16)","(49, 11)",fireproof_button_v1,5000
11,60,0.0,bot1,success,57,6974531123761774286,107003726430271329,"(4, 32)","(37, 10)","(48, 2)",fireproof_button_v1,5000
11,60,0.0,bot2,success,57,6974531123761774286,107003726430271329,"(4, 32)","(37, 10)","(48, 2)",fireproof_button_v1,5000
11,60,0.0,bot3,success,57,6974531123761774286,107003726430271329,"(4, 32)","(37, 10)","(48, 2)",fireproof_button_v1,5000
11,60,0.0,bot4,success,57,6974531123761774286,107003726430271329,"(4, 32)","(37, 10)","(48, 2)",fireproof_button_v1,5000
11,60,0.1,bot1,success,57,6974531123761774286,107003726430271329,"(4, 32)","(37, 10)","(48, 2)",fireproof_button_v1,5000
11,60,0.1,bot2,success,57,6974531123761774286,107003726430271329,"(4, 32)","(37, 10)","(48, 2)",fireproof_button_v1,5000
11,60,0.1,bot3,success,57,6974531123761774286,107003726430271329,"(4, 32)","(37, 10)","(48, 2)",fireproof_button_v1,5000
11,60,0.1,bot4,success,57,6974531123761774286,107003726430271329,"(4, 32)","(37, 10)","(48, 2)",fireproof_button_v1,5000
11,60,0.2,bot1,success,57,6974531123761774286,107003726430271329,"(4, 32)","(37, 10)","(48, 2)",fireproof_button_v1,5000
11,60,0.2,bot2,success,57,6974531123761774286,107003726430271329,"(4, 32)","(37, 10)","(48, 2)",fireproof_button_v1,5000
11,60,0.2,bot3,success,57,6974531123761774286,107003726430271329,"(4, 32)","(37, 10)","(48, 2)",fireproof_button_v1,5000
11,60,0.2,bot4,success,57,6974531123761774286,107003726430271329,"(4, 32)","(37, 10)","(48, 2)",fireproof_button_v1,5000
11,60,0.3,bot1,success,57,6974531123761774286,107003726430271329,"(4, 32)","(37, 10)","(48, 2)",fireproof_button_v1,5000
11,60,0.3,bot2,success,57,6974531123761774286,107003726430271329,"(4, 32)","(37, 10)","(48, 2)",fireproof_button_v1,5000
11,60,0.3,bot3,success,57,6974531123761774286,107003726430271329,"(4, 32)","(37, 10)","(48, 2)",fireproof_button_v1,5000
11,60,0.3,bot4,success,57,6974531123761774286,107003726430271329,"(4, 32)","(37, 10)","(48, 2)",fireproof_button_v1,5000
11,60,0.4,bot1,burned,49,6974531123761774286,107003726430271329,"(4, 32)","(37, 10)","(48, 2)",fireproof_button_v1,5000
11,60,0.4,bot2,burned,69,6974531123761774286,107003726430271329,"(4, 32)","(37, 10)","(48, 2)",fireproof_button_v1,5000
11,60,0.4,bot3,burned,85,6974531123761774286,107003726430271329,"(4, 32)","(37, 10)","(48, 2)",fireproof_button_v1,5000
11,60,0.4,bot4,burned,69,6974531123761774286,107003726430271329,"(4, 32)","(37, 10)","(48, 2)",fireproof_button_v1,5000
11,60,0.5,bot1,burned,52,6974531123761774286,107003726430271329,"(4, 32)","(37, 10)","(48, 2)",fireproof_button_v1,5000
11,60,0.5,bot2,burned,59,6974531123761774286,107003726430271329,"(4, 32)","(37, 10)","(48, 2)",fireproof_button_v1,5000
11,60,0.5,bot3,burned,65,6974531123761774286,107003726430271329,"(4, 32)","(37, 10)","(48, 2)",fireproof_button_v1,5000
11,60,0.5,bot4,burned,59,6974531123761774286,107003726430271329,"(4, 32)","(37, 10)","(48, 2)",fireproof_button_v1,5000
11,60,0.6,bot1,burned,48,6974531123761774286,107003726430271329,"(4, 32)","(37, 10)","(48, 2)",fireproof_button_v1,5000
11,60,0.6,bot2,burned,69,6974531123761774286,107003726430271329,"(4, 32)","(37, 10)","(48, 2)",fireproof_button_v1,5000
11,60,0.6,bot3,burned,74,6974531123761774286,107003726430271329,"(4, 32)","(37, 10)","(48, 2)",fireproof_button_v1,5000
11,60,0.6,bot4,burned,69,6974531123761774286,107003726430271329,"(4, 32)","(37, 10)","(48, 2)",fireproof_button_v1,5000
11,60,0.7,bot1,burned,42,6974531123761774286,107003726430271329,"(4, 32)","(37, 10)","(48, 2)",fireproof_button_v1,5000
11,60,0.7,bot2,burned,62,6974531123761774286,107003726430271329,"(4, 32)","(37, 10)","(48, 2)",fireproof_button_v1,5000
11,60,0.7,bot3,burned,62,6974531123761774286,107003726430271329,"(4, 32)","(37, 10)","(48, 2)",fireproof_button_v1,5000
11,60,0.7,bot4,burned,62,6974531123761774286,107003726430271329,"(4, 32)","(37, 10)","(48, 2)",fireproof_button_v1,5000
11,60,0.8,bot1,burned,41,6974531123761774286,107003726430271329,"(4, 32)","(37, 10)","(48, 2)",fireproof_button_v1,5000
11,60,0.8,bot2,burned,70,6974531123761774286,107003726430271329,"(4, 32)","(37, 10)","(48, 2)",fireproof_button_v1,5000
11,60,0.8,bot3,burned,70,6974531123761774286,107003726430271329,"(4, 32)","(37, 10)","(48, 2)",fireproof_button_v1,5000
11,60,0.8,bot4,burned,70,6974531123761774286,107003726430271329,"(4, 32)","(37, 10)","(48, 2)",fireproof_button_v1,5000
11,60,0.9,bot1,burned,39,6974531123761774286,107003726430271329,"(4, 32)","(37, 10)","(48, 2)",fireproof_button_v1,5000
11,60,0.9,bot2,burned,57,6974531123761774286,107003726430271329,"(4, 32)","(37, 10)","(48, 2)",fireproof_button_v1,5000
11,60,0.9,bot3,burned,57,6974531123761774286,107003726430271329,"(4, 32)","(37, 10)","(48, 2)",fireproof_button_v1,5000
11,60,0.9,bot4,burned,57,6974531123761774286,107003726430271329,"(4, 32)","(37, 10)","(48, 2)",fireproof_button_v1,5000
11,60,1.0,bot1,burned,37,6974531123761774286,107003726430271329,"(4, 32)","(37, 10)","(48, 2)",fireproof_button_v1,5000
11,60,1.0,bot2,burned,54,6974531123761774286,107003726430271329,"(4, 32)","(37, 10)","(48, 2)",fireproof_button_v1,5000
11,60,1.0,bot3,burned,54,6974531123761774286,107003726430271329,"(4, 32)","(37, 10)","(48, 2)",fireproof_button_v1,5000
11,60,1.0,bot4,burned,54,6974531123761774286,107003726430271329,"(4, 32)","(37, 10)","(48, 2)",fireproof_button_v1,5000
12,60,0.0,bot1,success,43,12169866840543649484,12257238153054129314,"(55, 25)","(36, 45)","(22, 3)",fireproof_button_v1,5000
12,60,0.0,bot2,success,43,12169866840543649484,12257238153054129314,"(55, 25)","(36, 45)","(22, 3)",fireproof_button_v1,5000
12,60,0.0,bot3,success,43,12169866840543649484,12257238153054129314,"(55, 25)","(36, 45)","(22, 3)",fireproof_button_v1,5000
12,60,0.0,bot4,success,43,12169866840543649484,12257238153054129314,"(55, 25)","(36, 45)","(22, 3)",fireproof_button_v1,5000
12,60,0.1,bot1,success,43,12169866840543649484,12257238153054129314,"(55, 25)","(36, 45)","(22, 3)",fireproof_button_v1,5000
12,60,0.1,bot2,success,43,12169866840543649484,12257238153054129314,"(55, 25)","(36, 45)","(22, 3)",fireproof_button_v1,5000
12,60,0.1,bot3,success,43,12169866840543649484,12257238153054129314,"(55, 25)","(36, 45)","(22, 3)",fireproof_button_v1,5000
12,60,0.1,bot4,success,43,12169866840543649484,12257238153054129314,"(55, 25)","(36, 45)","(22, 3)",fireproof_button_v1,5000
12,60,0.2,bot1,success,43,12169866840543649484,12257238153054129314,"(55, 25)","(36, 45)","(22, 3)",fireproof_button_v1,5000
12,60,0.2,bot2,success,43,12169866840543649484,12257238153054129314,"(55, 25)","(36, 45)","(22, 3)",fireproof_button_v1,5000
12,60,0.2,bot3,success,43,12169866840543649484,12257238153054129314,"(55, 25)","(36, 45)","(22, 3)",fireproof_button_v1,5000
12,60,0.2,bot4,success,43,12169866840543649484,12257238153054129314,"(55, 25)","(36, 45)","(22, 3)",fireproof_button_v1,5000
12,60,0.3,bot1,success,43,12169866840543649484,12257238153054129314,"(55, 25)","(36, 45)","(22, 3)",fireproof_button_v1,5000
12,60,0.3,bot2,success,43,12169866840543649484,12257238153054129314,"(55, 25)","(36, 45)","(22, 3)",fireproof_button_v1,5000
12,60,0.3,bot3,success,43,12169866840543649484,12257238153054129314,"(55, 25)","(36, 45)","(22, 3)",fireproof_button_v1,5000
12,60,0.3,bot4,success,43,12169866840543649484,12257238153054129314,"(55, 25)","(36, 45)","(22, 3)",fireproof_button_v1,5000
12,60,0.4,bot1,success,43,12169866840543649484,12257238153054129314,"(55, 25)","(36, 45)","(22, 3)",fireproof_button_v1,5000
12,60,0.4,bot2,success,43,12169866840543649484,12257238153054129314,"(55, 25)","(36, 45)","(22, 3)",fireproof_button_v1,5000
12,60,0.4,bot3,success,43,12169866840543649484,12257238153054129314,"(55, 25)","(36, 45)","(22, 3)",fireproof_button_v1,5000
12,60,0.4,bot4,success,43,12169866840543649484,12257238153054129314,"(55, 25)","(36, 45)","(22, 3)",fireproof_button_v1,5000
12,60,0.5,bot1,success,43,12169866840543649484,12257238153054129314,"(55, 25)","(36, 45)","(22, 3)",fireproof_button_v1,5000
12,60,0.5,bot2,success,43,12169866840543649484,12257238153054129314,"(55, 25)","(36, 45)","(22, 3)",fireproof_button_v1,5000
12,60,0.5,bot3,success,43,12169866840543649484,12257238153054129314,"(55, 25)","(36, 45)","(22, 3)",fireproof_button_v1,5000
12,60,0.5,bot4,success,43,12169866840543649484,12257238153054129314,"(55, 25)","(36, 45)","(22, 3)",fireproof_button_v1,5000
12,60,0.6,bot1,success,43,12169866840543649484,12257238153054129314,"(55, 25)","(36, 45)","(22, 3)",fireproof_button_v1,5000
12,60,0.6,bot2,success,43,12169866840543649484,12257238153054129314,"(55, 25)","(36, 45)","(22, 3)",fireproof_button_v1,5000
12,60,0.6,bot3,success,43,12169866840543649484,12257238153054129314,"(55, 25)","(36, 45)","(22, 3)",fireproof_button_v1,5000
12,60,0.6,bot4,success,43,12169866840543649484,12257238153054129314,"(55, 25)","(36, 45)","(22, 3)",fireproof_button_v1,5000
12,60,0.7,bot1,success,43,12169866840543649484,12257238153054129314,"(55, 25)","(36, 45)","(22, 3)",fireproof_button_v1,5000
12,60,0.7,bot2,success,43,12169866840543649484,12257238153054129314,"(55, 25)","(36, 45)","(22, 3)",fireproof_button_v1,5000
12,60,0.7,bot3,success,43,12169866840543649484,12257238153054129314,"(55, 25)","(36, 45)","(22, 3)",fireproof_button_v1,5000
12,60,0.7,bot4,success,43,12169866840543649484,12257238153054129314,"(55, 25)","(36, 45)","(22, 3)",fireproof_button_v1,5000
12,60,0.8,bot1,success,43,12169866840543649484,12257238153054129314,"(55, 25)","(36, 45)","(22, 3)",fireproof_button_v1,5000
12,60,0.8,bot2,success,43,12169866840543649484,12257238153054129314,"(55, 25)","(36, 45)","(22, 3)",fireproof_button_v1,5000
12,60,0.8,bot3,success,43,12169866840543649484,12257238153054129314,"(55, 25)","(36, 45)","(22, 3)",fireproof_button_v1,5000
12,60,0.8,bot4,success,43,12169866840543649484,12257238153054129314,"(55, 25)","(36, 45)","(22, 3)",fireproof_button_v1,5000
12,60,0.9,bot1,success,43,12169866840543649484,12257238153054129314,"(55, 25)","(36, 45)","(22, 3)",fireproof_button_v1,5000
12,60,0.9,bot2,success,43,12169866840543649484,12257238153054129314,"(55, 25)","(36, 45)","(22, 3)",fireproof_button_v1,5000
12,60,0.9,bot3,success,43,12169866840543649484,12257238153054129314,"(55, 25)","(36, 45)","(22, 3)",fireproof_button_v1,5000
12,60,0.9,bot4,success,43,12169866840543649484,12257238153054129314,"(55, 25)","(36, 45)","(22, 3)",fireproof_button_v1,5000
12,60,1.0,bot1,success,43,12169866840543649484,12257238153054129314,"(55, 25)","(36, 45)","(22, 3)",fireproof_button_v1,5000
12,60,1.0,bot2,success,43,12169866840543649484,12257238153054129314,"(55, 25)","(36, 45)","(22, 3)",fireproof_button_v1,5000
12,60,1.0,bot3,success,43,12169866840543649484,12257238153054129314,"(55, 25)","(36, 45)","(22, 3)",fireproof_button_v1,5000
12,60,1.0,bot4,success,43,12169866840543649484,12257238153054129314,"(55, 25)","(36, 45)","(22, 3)",fireproof_button_v1,5000
13,60,0.0,bot1,success,62,8753361800908370736,15323122353375758727,"(58, 56)","(28, 30)","(41, 20)",fireproof_button_v1,5000
13,60,0.0,bot2,success,62,8753361800908370736,15323122353375758727,"(58, 56)","(28, 30)","(41, 20)",fireproof_button_v1,5000
13,60,0.0,bot3,success,62,8753361800908370736,15323122353375758727,"(58, 56)","(28, 30)","(41, 20)",fireproof_button_v1,5000
13,60,0.0,bot4,success,62,8753361800908370736,15323122353375758727,"(58, 56)","(28, 30)","(41, 20)",fireproof_button_v1,5000
13,60,0.1,bot1,success,62,8753361800908370736,15323122353375758727,"(58, 56)","(28, 30)","(41, 20)",fireproof_button_v1,5000
13,60,0.1,bot2,success,62,8753361800908370736,15323122353375758727,"(58, 56)","(28, 30)","(41, 20)",fireproof_button_v1,5000
13,60,0.1,bot3,success,62,8753361800908370736,15323122353375758727,"(58, 56)","(28, 30)","(41, 20)",fireproof_button_v1,5000
13,60,0.1,bot4,success,68,8753361800908370736,15323122353375758727,"(58, 56)","(28, 30)","(41, 20)",fireproof_button_v1,5000
13,60,0.2,bot1,success,62,8753361800908370736,15323122353375758727,"(58, 56)","(28, 30)","(41, 20)",fireproof_button_v1,5000
13,60,0.2,bot2,success,62,8753361800908370736,15323122353375758727,"(58, 56)","(28, 30)","(41, 20)",fireproof_button_v1,5000
13,60,0.2,bot3,success,62,8753361800908370736,15323122353375758727,"(58, 56)","(28, 30)","(41, 20)",fireproof_button_v1,5000
13,60,0.2,bot4,success,74,8753361800908370736,15323122353375758727,"(58, 56)","(28, 30)","(41, 20)",fireproof_button_v1,5000
13,60,0.3,bot1,success,62,8753361800908370736,15323122353375758727,"(58, 56)","(28, 30)","(41, 20)",fireproof_button_v1,5000
13,60,0.3,bot2,success,62,8753361800908370736,15323122353375758727,"(58, 56)","(28, 30)","(41, 20)",fireproof_button_v1,5000
13,60,0.3,bot3,success,62,8753361800908370736,15323122353375758727,"(58, 56)","(28, 30)","(41, 20)",fireproof_button_v1,5000
13,60,0.3,bot4,success,74,8753361800908370736,15323122353375758727,"(58, 56)","(28, 30)","(41, 20)",fireproof_button_v1,5000
13,60,0.4,bot1,burned,42,8753361800908370736,15323122353375758727,"(58, 56)","(28, 30)","(41, 20)",fireproof_button_v1,5000
13,60,0.4,bot2,burned,82,8753361800908370736,15323122353375758727,"(58, 56)","(28, 30)","(41, 20)",fireproof_button_v1,5000
13,60,0.4,bot3,burned,82,8753361800908370736,15323122353375758727,"(58, 56)","(28, 30)","(41, 20)",fireproof_button_v1,5000
13,60,0.4,bot4,success,74,8753361800908370736,15323122353375758727,"(58, 56)","(28, 30)","(41, 20)",fireproof_button_v1,5000
13,60,0.5,bot1,burned,43,8753361800908370736,15323122353375758727,"(58, 56)","(28, 30)","(41, 20)",fireproof_button_v1,5000
13,60,0.5,bot2,burned,61,8753361800908370736,15323122353375758727,"(58, 56)","(28, 30)","(41, 20)",fireproof_button_v1,5000
13,60,0.5,bot3,burned,81,8753361800908370736,15323122353375758727,"(58, 56)","(28, 30)","(41, 20)",fireproof_button_v1,5000
13,60,0.5,bot4,burned,61,8753361800908370736,15323122353375758727,"(58, 56)","(28, 30)","(41, 20)",fireproof_button_v1,5000
13,60,0.6,bot1,burned,38,8753361800908370736,15323122353375758727,"(58, 56)","(28, 30)","(41, 20)",fireproof_button_v1,5000
13,60,0.6,bot2,burned,73,8753361800908370736,15323122353375758727,"(58, 56)","(28, 30)","(41, 20)",fireproof_button_v1,5000
13,60,0.6,bot3,burned,72,8753361800908370736,15323122353375758727,"(58, 56)","(28, 30)","(41, 20)",fireproof_button_v1,5000
13,60,0.6,bot4,burned,73,8753361800908370736,15323122353375758727,"(58, 56)","(28, 30)","(41, 20)",fireproof_button_v1,5000
13,60,0.7,bot1,burned,38,8753361800908370736,15323122353375758727,"(58, 56)","(28, 30)","(41, 20)",fireproof_button_v1,5000
13,60,0.7,bot2,burned,70,8753361800908370736,15323122353375758727,"(58, 56)","(28, 30)","(41, 20)",fireproof_button_v1,5000
13,60,0.7,bot3,burned,72,8753361800908370736,15323122353375758727,"(58, 56)","(28, 30)","(41, 20)",fireproof_button_v1,5000
13,60,0.7,bot4,burned,70,8753361800908370736,15323122353375758727,"(58, 56)","(28, 30)","(41, 20)",fireproof_button_v1,5000
13,60,0.8,bot1,burned,33,8753361800908370736,15323122353375758727,"(58, 56)","(28, 30)","(41, 20)",fireproof_button_v1,5000
13,60,0.8,bot2,burned,57,8753361800908370736,15323122353375758727,"(58, 56)","(28, 30)","(41, 20)",fireproof_button_v1,5000
13,60,0.8,bot3,burned,59,8753361800908370736,15323122353375758727,"(58, 56)","(28, 30)","(41, 20)",fireproof_button_v1,5000
13,60,0.8,bot4,burned,57,8753361800908370736,15323122353375758727,"(58, 56)","(28, 30)","(41, 20)",fireproof_button_v1,5000
13,60,0.9,bot1,burned,32,8753361800908370736,15323122353375758727,"(58, 56)","(28, 30)","(41, 20)",fireproof_button_v1,5000
13,60,0.9,bot2,burned,55,8753361800908370736,15323122353375758727,"(58, 56)","(28, 30)","(41, 20)",fireproof_button_v1,5000
13,60,0.9,bot3,burned,53,8753361800908370736,15323122353375758727,"(58, 56)","(28, 30)","(41, 20)",fireproof_button_v1,5000
13,60,0.9,bot4,burned,55,8753361800908370736,15323122353375758727,"(58, 56)","(28, 30)","(41, 20)",fireproof_button_v1,5000
13,60,1.0,bot1,burned,31,8753361800908370736,15323122353375758727,"(58, 56)","(28, 30)","(41, 20)",fireproof_button_v1,5000
13,60,1.0,bot2,burned,50,8753361800908370736,15323122353375758727,"(58, 56)","(28, 30)","(41, 20)",fireproof_button_v1,5000
13,60,1.0,bot3,burned,50,8753361800908370736,15323122353375758727,"(58, 56)","(28, 30)","(41, 20)",fireproof_button_v1,5000
13,60,1.0,bot4,burned,50,8753361800908370736,15323122353375758727,"(58, 56)","(28, 30)","(41, 20)",fireproof_button_v1,5000
14,60,0.0,bot1,success,68,13103426541318369294,4124248507702786754,"(25, 1)","(46, 44)","(4, 35)",fireproof_button_v1,5000
14,60,0.0,bot2,success,68,13103426541318369294,4124248507702786754,"(25, 1)","(46, 44)","(4, 35)",fireproof_button_v1,5000
14,60,0.0,bot3,success,68,13103426541318369294,4124248507702786754,"(25, 1)","(46, 44)","(4, 35)",fireproof_button_v1,5000
14,60,0.0,bot4,success,68,13103426541318369294,4124248507702786754,"(25, 1)","(46, 44)","(4, 35)",fireproof_button_v1,5000
14,60,0.1,bot1,success,68,13103426541318369294,4124248507702786754,"(25, 1)","(46, 44)","(4, 35)",fireproof_button_v1,5000
14,60,0.1,bot2,success,68,13103426541318369294,4124248507702786754,"(25, 1)","(46, 44)","(4, 35)",fireproof_button_v1,5000
14,60,0.1,bot3,success,68,13103426541318369294,4124248507702786754,"(25, 1)","(46, 44)","(4, 35)",fireproof_button_v1,5000
14,60,0.1,bot4,success,68,13103426541318369294,4124248507702786754,"(25, 1)","(46, 44)","(4, 35)",fireproof_button_v1,5000
14,60,0.2,bot1,success,68,13103426541318369294,4124248507702786754,"(25, 1)","(46, 44)","(4, 35)",fireproof_button_v1,5000
14,60,0.2,bot2,success,68,13103426541318369294,4124248507702786754,"(25, 1)","(46, 44)","(4, 35)",fireproof_button_v1,5000
14,60,0.2,bot3,success,68,13103426541318369294,4124248507702786754,"(25, 1)","(46, 44)","(4, 35)",fireproof_button_v1,5000
14,60,0.2,bot4,success,68,13103426541318369294,4124248507702786754,"(25, 1)","(46, 44)","(4, 35)",fireproof_button_v1,5000
14,60,0.3,bot1,success,68,13103426541318369294,4124248507702786754,"(25, 1)","(46, 44)","(4, 35)",fireproof_button_v1,5000
14,60,0.3,bot2,success,68,13103426541318369294,4124248507702786754,"(25, 1)","(46, 44)","(4, 35)",fireproof_button_v1,5000
14,60,0.3,bot3,success,68,13103426541318369294,4124248507702786754,"(25, 1)","(46, 44)","(4, 35)",fireproof_button_v1,5000
14,60,0.3,bot4,success,68,13103426541318369294,4124248507702786754,"(25, 1)","(46, 44)","(4, 35)",fireproof_button_v1,5000
14,60,0.4,bot1,success,68,13103426541318369294,4124248507702786754,"(25, 1)","(46, 44)","(4, 35)",fireproof_button_v1,5000
14,60,0.4,bot2,success,68,13103426541318369294,4124248507702786754,"(25, 1)","(46, 44)","(4, 35)",fireproof_button_v1,5000
14,60,0.4,bot3,success,68,13103426541318369294,4124248507702786754,"(25, 1)","(46, 44)","(4, 35)",fireproof_button_v1,5000
14,60,0.4,bot4,success,68,13103426541318369294,4124248507702786754,"(25, 1)","(46, 44)","(4, 35)",fireproof_button_v1,5000
14,60,0.5,bot1,success,68,13103426541318369294,4124248507702786754,"(25, 1)","(46, 44)","(4, 35)",fireproof_button_v1,5000
14,60,0.5,bot2,success,68,13103426541318369294,4124248507702786754,"(25, 1)","(46, 44)","(4, 35)",fireproof_button_v1,5000
14,60,0.5,bot3,success,68,13103426541318369294,4124248507702786754,"(25, 1)","(46, 44)","(4, 35)",fireproof_button_v1,5000
14,60,0.5,bot4,success,68,13103426541318369294,4124248507702786754,"(25, 1)","(46, 44)","(4, 35)",fireproof_button_v1,5000
14,60,0.6,bot1,success,68,13103426541318369294,4124248507702786754,"(25, 1)","(46, 44)","(4, 35)",fireproof_button_v1,5000
14,60,0.6,bot2,success,68,13103426541318369294,4124248507702786754,"(25, 1)","(46, 44)","(4, 35)",fireproof_button_v1,5000
14,60,0.6,bot3,success,68,13103426541318369294,4124248507702786754,"(25, 1)","(46, 44)","(4, 35)",fireproof_button_v1,5000
14,60,0.6,bot4,success,68,13103426541318369294,4124248507702786754,"(25, 1)","(46, 44)","(4, 35)",fireproof_button_v1,5000
14,60,0.7,bot1,success,68,13103426541318369294,4124248507702786754,"(25, 1)","(46, 44)","(4, 35)",fireproof_button_v1,5000
14,60,0.7,bot2,success,68,13103426541318369294,4124248507702786754,"(25, 1)","(46, 44)","(4, 35)",fireproof_button_v1,5000
14,60,0.7,bot3,success,68,13103426541318369294,4124248507702786754,"(25, 1)","(46, 44)","(4, 35)",fireproof_button_v1,5000
14,60,0.7,bot4,success,68,13103426541318369294,4124248507702786754,"(25, 1)","(46, 44)","(4, 35)",fireproof_button_v1,5000
14,60,0.8,bot1,success,68,13103426541318369294,4124248507702786754,"(25, 1)","(46, 44)","(4, 35)",fireproof_button_v1,5000
14,60,0.8,bot2,success,68,13103426541318369294,4124248507702786754,"(25, 1)","(46, 44)","(4, 35)",fireproof_button_v1,5000
14,60,0.8,bot3,success,68,13103426541318369294,4124248507702786754,"(25, 1)","(46, 44)","(4, 35)",fireproof_button_v1,5000
14,60,0.8,bot4,success,68,13103426541318369294,4124248507702786754,"(25, 1)","(46, 44)","(4, 35)",fireproof_button_v1,5000
14,60,0.9,bot1,burned,60,13103426541318369294,4124248507702786754,"(25, 1)","(46, 44)","(4, 35)",fireproof_button_v1,5000
14,60,0.9,bot2,burned,65,13103426541318369294,4124248507702786754,"(25, 1)","(46, 44)","(4, 35)",fireproof_button_v1,5000
14,60,0.9,bot3,burned,65,13103426541318369294,4124248507702786754,"(25, 1)","(46, 44)","(4, 35)",fireproof_button_v1,5000
14,60,0.9,bot4,burned,65,13103426541318369294,4124248507702786754,"(25, 1)","(46, 44)","(4, 35)",fireproof_button_v1,5000
14,60,1.0,bot1,burned,58,13103426541318369294,4124248507702786754,"(25, 1)","(46, 44)","(4, 35)",fireproof_button_v1,5000
14,60,1.0,bot2,burned,57,13103426541318369294,4124248507702786754,"(25, 1)","(46, 44)","(4, 35)",fireproof_button_v1,5000
14,60,1.0,bot3,burned,57,13103426541318369294,4124248507702786754,"(25, 1)","(46, 44)","(4, 35)",fireproof_button_v1,5000
14,60,1.0,bot4,burned,57,13103426541318369294,4124248507702786754,"(25, 1)","(46, 44)","(4, 35)",fireproof_button_v1,5000
15,60,0.0,bot1,success,26,13353517274135524166,4563957599021304973,"(0, 13)","(4, 1)","(6, 46)",fireproof_button_v1,5000
15,60,0.0,bot2,success,26,13353517274135524166,4563957599021304973,"(0, 13)","(4, 1)","(6, 46)",fireproof_button_v1,5000
15,60,0.0,bot3,success,26,13353517274135524166,4563957599021304973,"(0, 13)","(4, 1)","(6, 46)",fireproof_button_v1,5000
15,60,0.0,bot4,success,26,13353517274135524166,4563957599021304973,"(0, 13)","(4, 1)","(6, 46)",fireproof_button_v1,5000
15,60,0.1,bot1,success,26,13353517274135524166,4563957599021304973,"(0, 13)","(4, 1)","(6, 46)",fireproof_button_v1,5000
15,60,0.1,bot2,success,26,13353517274135524166,4563957599021304973,"(0, 13)","(4, 1)","(6, 46)",fireproof_button_v1,5000
15,60,0.1,bot3,success,26,13353517274135524166,4563957599021304973,"(0, 13)","(4, 1)","(6, 46)",fireproof_button_v1,5000
15,60,0.1,bot4,success,26,13353517274135524166,4563957599021304973,"(0, 13)","(4, 1)","(6, 46)",fireproof_button_v1,5000
15,60,0.2,bot1,success,26,13353517274135524166,4563957599021304973,"(0, 13)","(4, 1)","(6, 46)",fireproof_button_v1,5000
15,60,0.2,bot2,success,26,13353517274135524166,4563957599021304973,"(0, 13)","(4, 1)","(6, 46)",fireproof_button_v1,5000
15,60,0.2,bot3,success,26,13353517274135524166,4563957599021304973,"(0, 13)","(4, 1)","(6, 46)",fireproof_button_v1,5000
15,60,0.2,bot4,success,26,13353517274135524166,4563957599021304973,"(0, 13)","(4, 1)","(6, 46)",fireproof_button_v1,5000
15,60,0.3,bot1,success,26,13353517274135524166,4563957599021304973,"(0, 13)","(4, 1)","(6, 46)",fireproof_button_v1,5000
15,60,0.3,bot2,success,26,13353517274135524166,4563957599021304973,"(0, 13)","(4, 1)","(6, 46)",fireproof_button_v1,5000
15,60,0.3,bot3,success,26,13353517274135524166,4563957599021304973,"(0, 13)","(4, 1)","(6, 46)",fireproof_button_v1,5000
15,60,0.3,bot4,success,26,13353517274135524166,4563957599021304973,"(0, 13)","(4, 1)","(6, 46)",fireproof_button_v1,5000
15,60,0.4,bot1,success,26,13353517274135524166,4563957599021304973,"(0, 13)","(4, 1)","(6, 46)",fireproof_button_v1,5000
15,60,0.4,bot2,success,26,13353517274135524166,4563957599021304973,"(0, 13)","(4, 1)","(6, 46)",fireproof_button_v1,5000
15,60,0.4,bot3,success,26,13353517274135524166,4563957599021304973,"(0, 13)","(4, 1)","(6, 46)",fireproof_button_v1,5000
15,60,0.4,bot4,success,26,13353517274135524166,4563957599021304973,"(0, 13)","(4, 1)","(6, 46)",fireproof_button_v1,5000
15,60,0.5,bot1,success,26,13353517274135524166,4563957599021304973,"(0, 13)","(4, 1)","(6, 46)",fireproof_button_v1,5000
15,60,0.5,bot2,success,26,13353517274135524166,4563957599021304973,"(0, 13)","(4, 1)","(6, 46)",fireproof_button_v1,5000
15,60,0.5,bot3,success,26,13353517274135524166,4563957599021304973,"(0, 13)","(4, 1)","(6, 46)",fireproof_button_v1,5000
15,60,0.5,bot4,success,26,13353517274135524166,4563957599021304973,"(0, 13)","(4, 1)","(6, 46)",fireproof_button_v1,5000
15,60,0.6,bot1,success,26,13353517274135524166,4563957599021304973,"(0, 13)","(4, 1)","(6, 46)",fireproof_button_v1,5000
15,60,0.6,bot2,success,26,13353517274135524166,4563957599021304973,"(0, 13)","(4, 1)","(6, 46)",fireproof_button_v1,5000
15,60,0.6,bot3,success,26,13353517274135524166,4563957599021304973,"(0, 13)","(4, 1)","(6, 46)",fireproof_button_v1,5000
15,60,0.6,bot4,success,26,13353517274135524166,4563957599021304973,"(0, 13)","(4, 1)","(6, 46)",fireproof_button_v1,5000
15,60,0.7,bot1,success,26,13353517274135524166,4563957599021304973,"(0, 13)","(4, 1)","(6, 46)",fireproof_button_v1,5000
15,60,0.7,bot2,success,26,13353517274135524166,4563957599021304973,"(0, 13)","(4, 1)","(6, 46)",fireproof_button_v1,5000
15,60,0.7,bot3,success,26,13353517274135524166,4563957599021304973,"(0, 13)","(4, 1)","(6, 46)",fireproof_button_v1,5000
15,60,0.7,bot4,success,26,13353517274135524166,4563957599021304973,"(0, 13)","(4, 1)","(6, 46)",fireproof_button_v1,5000
15,60,0.8,bot1,success,26,13353517274135524166,4563957599021304973,"(0, 13)","(4, 1)","(6, 46)",fireproof_button_v1,5000
15,60,0.8,bot2,success,26,13353517274135524166,4563957599021304973,"(0, 13)","(4, 1)","(6, 46)",fireproof_button_v1,5000
15,60,0.8,bot3,success,26,13353517274135524166,4563957599021304973,"(0, 13)","(4, 1)","(6, 46)",fireproof_button_v1,5000
15,60,0.8,bot4,success,26,13353517274135524166,4563957599021304973,"(0, 13)","(4, 1)","(6, 46)",fireproof_button_v1,5000
15,60,0.9,bot1,success,26,13353517274135524166,4563957599021304973,"(0, 13)","(4, 1)","(6, 46)",fireproof_button_v1,5000
15,60,0.9,bot2,success,26,13353517274135524166,4563957599021304973,"(0, 13)","(4, 1)","(6, 46)",fireproof_button_v1,5000
15,60,0.9,bot3,success,26,13353517274135524166,4563957599021304973,"(0, 13)","(4, 1)","(6, 46)",fireproof_button_v1,5000
15,60,0.9,bot4,success,26,13353517274135524166,4563957599021304973,"(0, 13)","(4, 1)","(6, 46)",fireproof_button_v1,5000
15,60,1.0,bot1,success,26,13353517274135524166,4563957599021304973,"(0, 13)","(4, 1)","(6, 46)",fireproof_button_v1,5000
15,60,1.0,bot2,success,26,13353517274135524166,4563957599021304973,"(0, 13)","(4, 1)","(6, 46)",fireproof_button_v1,5000
15,60,1.0,bot3,success,26,13353517274135524166,4563957599021304973,"(0, 13)","(4, 1)","(6, 46)",fireproof_button_v1,5000
15,60,1.0,bot4,success,26,13353517274135524166,4563957599021304973,"(0, 13)","(4, 1)","(6, 46)",fireproof_button_v1,5000
16,60,0.0,bot1,success,23,6722688550903174626,16047268709442246565,"(19, 56)","(26, 52)","(51, 13)",fireproof_button_v1,5000
16,60,0.0,bot2,success,23,6722688550903174626,16047268709442246565,"(19, 56)","(26, 52)","(51, 13)",fireproof_button_v1,5000
16,60,0.0,bot3,success,23,6722688550903174626,16047268709442246565,"(19, 56)","(26, 52)","(51, 13)",fireproof_button_v1,5000
16,60,0.0,bot4,success,23,6722688550903174626,16047268709442246565,"(19, 56)","(26, 52)","(51, 13)",fireproof_button_v1,5000
16,60,0.1,bot1,success,23,6722688550903174626,16047268709442246565,"(19, 56)","(26, 52)","(51, 13)",fireproof_button_v1,5000
16,60,0.1,bot2,success,23,6722688550903174626,16047268709442246565,"(19, 56)","(26, 52)","(51, 13)",fireproof_button_v1,5000
16,60,0.1,bot3,success,23,6722688550903174626,16047268709442246565,"(19, 56)","(26, 52)","(51, 13)",fireproof_button_v1,5000
16,60,0.1,bot4,success,23,6722688550903174626,16047268709442246565,"(19, 56)","(26, 52)","(51, 13)",fireproof_button_v1,5000
16,60,0.2,bot1,success,23,6722688550903174626,16047268709442246565,"(19, 56)","(26, 52)","(51, 13)",fireproof_button_v1,5000
16,60,0.2,bot2,success,23,6722688550903174626,16047268709442246565,"(19, 56)","(26, 52)","(51, 13)",fireproof_button_v1,5000
16,60,0.2,bot3,success,23,6722688550903174626,16047268709442246565,"(19, 56)","(26, 52)","(51, 13)",fireproof_button_v1,5000
16,60,0.2,bot4,success,23,6722688550903174626,16047268709442246565,"(19, 56)","(26, 52)","(51, 13)",fireproof_button_v1,5000
16,60,0.3,bot1,success,23,6722688550903174626,16047268709442246565,"(19, 56)","(26, 52)","(51, 13)",fireproof_button_v1,5000
16,60,0.3,bot2,success,23,6722688550903174626,16047268709442246565,"(19, 56)","(26, 52)","(51, 13)",fireproof_button_v1,5000
16,60,0.3,bot3,success,23,6722688550903174626,16047268709442246565,"(19, 56)","(26, 52)","(51, 13)",fireproof_button_v1,5000
16,60,0.3,bot4,success,23,6722688550903174626,16047268709442246565,"(19, 56)","(26, 52)","(51, 13)",fireproof_button_v1,5000
16,60,0.4,bot1,success,23,6722688550903174626,16047268709442246565,"(19, 56)","(26, 52)","(51, 13)",fireproof_button_v1,5000
16,60,0.4,bot2,success,23,6722688550903174626,16047268709442246565,"(19, 56)","(26, 52)","(51, 13)",fireproof_button_v1,5000
16,60,0.4,bot3,success,23,6722688550903174626,16047268709442246565,"(19, 56)","(26, 52)","(51, 13)",fireproof_button_v1,5000
16,60,0.4,bot4,success,23,6722688550903174626,16047268709442246565,"(19, 56)","(26, 52)","(51, 13)",fireproof_button_v1,5000
16,60,0.5,bot1,success,23,6722688550903174626,16047268709442246565,"(19, 56)","(26, 52)","(51, 13)",fireproof_button_v1,5000
16,60,0.5,bot2,success,23,6722688550903174626,16047268709442246565,"(19, 56)","(26, 52)","(51, 13)",fireproof_button_v1,5000
16,60,0.5,bot3,success,23,6722688550903174626,16047268709442246565,"(19, 56)","(26, 52)","(51, 13)",fireproof_button_v1,5000
16,60,0.5,bot4,success,23,6722688550903174626,16047268709442246565,"(19, 56)","(26, 52)","(51, 13)",fireproof_button_v1,5000
16,60,0.6,bot1,success,23,6722688550903174626,16047268709442246565,"(19, 56)","(26, 52)","(51, 13)",fireproof_button_v1,5000
16,60,0.6,bot2,success,23,6722688550903174626,16047268709442246565,"(19, 56)","(26, 52)","(51, 13)",fireproof_button_v1,5000
16,60,0.6,bot3,success,23,6722688550903174626,16047268709442246565,"(19, 56)","(26, 52)","(51, 13)",fireproof_button_v1,5000
16,60,0.6,bot4,success,23,6722688550903174626,16047268709442246565,"(19, 56)","(26, 52)","(51, 13)",fireproof_button_v1,5000
16,60,0.7,bot1,success,23,6722688550903174626,16047268709442246565,"(19, 56)","(26, 52)","(51, 13)",fireproof_button_v1,5000
16,60,0.7,bot2,success,23,6722688550903174626,16047268709442246565,"(19, 56)","(26, 52)","(51, 13)",fireproof_button_v1,5000
16,60,0.7,bot3,success,23,6722688550903174626,16047268709442246565,"(19, 56)","(26, 52)","(51, 13)",fireproof_button_v1,5000
16,60,0.7,bot4,success,23,6722688550903174626,16047268709442246565,"(19, 56)","(26, 52)","(51, 13)",fireproof_button_v1,5000
16,60,0.8,bot1,success,23,6722688550903174626,16047268709442246565,"(19, 56)","(26, 52)","(51, 13)",fireproof_button_v1,5000
16,60,0.8,bot2,success,23,6722688550903174626,16047268709442246565,"(19, 56)","(26, 52)","(51, 13)",fireproof_button_v1,5000
16,60,0.8,bot3,success,23,6722688550903174626,16047268709442246565,"(19, 56)","(26, 52)","(51, 13)",fireproof_button_v1,5000
16,60,0.8,bot4,success,23,6722688550903174626,16047268709442246565,"(19, 56)","(26, 52)","(51, 13)",fireproof_button_v1,5000
16,60,0.9,bot1,success,23,6722688550903174626,16047268709442246565,"(19, 56)","(26, 52)","(51, 13)",fireproof_button_v1,5000
16,60,0.9,bot2,success,23,6722688550903174626,16047268709442246565,"(19, 56)","(26, 52)","(51, 13)",fireproof_button_v1,5000
16,60,0.9,bot3,success,23,6722688550903174626,16047268709442246565,"(19, 56)","(26, 52)","(51, 13)",fireproof_button_v1,5000
16,60,0.9,bot4,success,23,6722688550903174626,16047268709442246565,"(19, 56)","(26, 52)","(51, 13)",fireproof_button_v1,5000
16,60,1.0,bot1,success,23,6722688550903174626,16047268709442246565,"(19, 56)","(26, 52)","(51, 13)",fireproof_button_v1,5000
16,60,1.0,bot2,success,23,6722688550903174626,16047268709442246565,"(19, 56)","(26, 52)","(51, 13)",fireproof_button_v1,5000
16,60,1.0,bot3,success,23,6722688550903174626,16047268709442246565,"(19, 56)","(26, 52)","(51, 13)",fireproof_button_v1,5000
16,60,1.0,bot4,success,23,6722688550903174626,16047268709442246565,"(19, 56)","(26, 52)","(51, 13)",fireproof_button_v1,5000
17,60,0.0,bot1,success,27,1192763341511364698,12788225915484070153,"(26, 16)","(10, 23)","(28, 19)",fireproof_button_v1,5000
17,60,0.0,bot2,success,27,1192763341511364698,12788225915484070153,"(26, 16)","(10, 23)","(28, 19)",fireproof_button_v1,5000
17,60,0.0,bot3,success,27,1192763341511364698,12788225915484070153,"(26, 16)","(10, 23)","(28, 19)",fireproof_button_v1,5000
17,60,0.0,bot4,success,27,1192763341511364698,12788225915484070153,"(26, 16)","(10, 23)","(28, 19)",fireproof_button_v1,5000
17,60,0.1,bot1,success,27,1192763341511364698,12788225915484070153,"(26, 16)","(10, 23)","(28, 19)",fireproof_button_v1,5000
17,60,0.1,bot2,success,27,1192763341511364698,12788225915484070153,"(26, 16)","(10, 23)","(28, 19)",fireproof_button_v1,5000
17,60,0.1,bot3,success,27,1192763341511364698,12788225915484070153,"(26, 16)","(10, 23)","(28, 19)",fireproof_button_v1,5000
17,60,0.1,bot4,success,27,1192763341511364698,12788225915484070153,"(26, 16)","(10, 23)","(28, 19)",fireproof_button_v1,5000
17,60,0.2,bot1,success,27,1192763341511364698,12788225915484070153,"(26, 16)","(10, 23)","(28, 19)",fireproof_button_v1,5000
17,60,0.2,bot2,success,27,1192763341511364698,12788225915484070153,"(26, 16)","(10, 23)","(28, 19)",fireproof_button_v1,5000
17,60,0.2,bot3,success,27,1192763341511364698,12788225915484070153,"(26, 16)","(10, 23)","(28, 19)",fireproof_button_v1,5000
17,60,0.2,bot4,success,27,1192763341511364698,12788225915484070153,"(26, 16)","(10, 23)","(28, 19)",fireproof_button_v1,5000
17,60,0.3,bot1,success,27,1192763341511364698,12788225915484070153,"(26, 16)","(10, 23)","(28, 19)",fireproof_button_v1,5000
17,60,0.3,bot2,success,27,1192763341511364698,12788225915484070153,"(26, 16)","(10, 23)","(28, 19)",fireproof_button_v1,5000
17,60,0.3,bot3,success,27,1192763341511364698,12788225915484070153,"(26, 16)","(10, 23)","(28, 19)",fireproof_button_v1,5000
17,60,0.3,bot4,success,27,1192763341511364698,12788225915484070153,"(26, 16)","(10, 23)","(28, 19)",fireproof_button_v1,5000
17,60,0.4,bot1,success,27,1192763341511364698,12788225915484070153,"(26, 16)","(10, 23)","(28, 19)",fireproof_button_v1,5000
17,60,0.4,bot2,success,27,1192763341511364698,12788225915484070153,"(26, 16)","(10, 23)","(28, 19)",fireproof_button_v1,5000
17,60,0.4,bot3,success,27,1192763341511364698,12788225915484070153,"(26, 16)","(10, 23)","(28, 19)",fireproof_button_v1,5000
17,60,0.4,bot4,success,27,1192763341511364698,12788225915484070153,"(26, 16)","(10, 23)","(28, 19)",fireproof_button_v1,5000
17,60,0.5,bot1,success,27,1192763341511364698,12788225915484070153,"(26, 16)","(10, 23)","(28, 19)",fireproof_button_v1,5000
17,60,0.5,bot2,success,27,1192763341511364698,12788225915484070153,"(26, 16)","(10, 23)","(28, 19)",fireproof_button_v1,5000
17,60,0.5,bot3,success,27,1192763341511364698,12788225915484070153,"(26, 16)","(10, 23)","(28, 19)",fireproof_button_v1,5000
17,60,0.5,bot4,success,27,1192763341511364698,12788225915484070153,"(26, 16)","(10, 23)","(28, 19)",fireproof_button_v1,5000
17,60,0.6,bot1,success,27,1192763341511364698,12788225915484070153,"(26, 16)","(10, 23)","(28, 19)",fireproof_button_v1,5000
17,60,0.6,bot2,success,27,1192763341511364698,12788225915484070153,"(26, 16)","(10, 23)","(28, 19)",fireproof_button_v1,5000
17,60,0.6,bot3,success,27,1192763341511364698,12788225915484070153,"(26, 16)","(10, 23)","(28, 19)",fireproof_button_v1,5000
17,60,0.6,bot4,success,27,1192763341511364698,12788225915484070153,"(26, 16)","(10, 23)","(28, 19)",fireproof_button_v1,5000
17,60,0.7,bot1,success,27,1192763341511364698,12788225915484070153,"(26, 16)","(10, 23)","(28, 19)",fireproof_button_v1,5000
17,60,0.7,bot2,success,27,1192763341511364698,12788225915484070153,"(26, 16)","(10, 23)","(28, 19)",fireproof_button_v1,5000
17,60,0.7,bot3,success,27,1192763341511364698,12788225915484070153,"(26, 16)","(10, 23)","(28, 19)",fireproof_button_v1,5000
17,60,0.7,bot4,success,27,1192763341511364698,12788225915484070153,"(26, 16)","(10, 23)","(28, 19)",fireproof_button_v1,5000
17,60,0.8,bot1,success,27,1192763341511364698,12788225915484070153,"(26, 16)","(10, 23)","(28, 19)",fireproof_button_v1,5000
17,60,0.8,bot2,success,27,1192763341511364698,12788225915484070153,"(26, 16)","(10, 23)","(28, 19)",fireproof_button_v1,5000
17,60,0.8,bot3,success,27,1192763341511364698,12788225915484070153,"(26, 16)","(10, 23)","(28, 19)",fireproof_button_v1,5000
17,60,0.8,bot4,success,27,1192763341511364698,12788225915484070153,"(26, 16)","(10, 23)","(28, 19)",fireproof_button_v1,5000
17,60,0.9,bot1,success,27,1192763341511364698,12788225915484070153,"(26, 16)","(10, 23)","(28, 19)",fireproof_button_v1,5000
17,60,0.9,bot2,success,27,1192763341511364698,12788225915484070153,"(26, 16)","(10, 23)","(28, 19)",fireproof_button_v1,5000
17,60,0.9,bot3,success,27,1192763341511364698,12788225915484070153,"(26, 16)","(10, 23)","(28, 19)",fireproof_button_v1,5000
17,60,0.9,bot4,success,27,1192763341511364698,12788225915484070153,"(26, 16)","(10, 23)","(28, 19)",fireproof_button_v1,5000
17,60,1.0,bot1,success,27,1192763341511364698,12788225915484070153,"(26, 16)","(10, 23)","(28, 19)",fireproof_button_v1,5000
17,60,1.0,bot2,success,27,1192763341511364698,12788225915484070153,"(26, 16)","(10, 23)","(28, 19)",fireproof_button_v1,5000
17,60,1.0,bot3,success,27,1192763341511364698,12788225915484070153,"(26, 16)","(10, 23)","(28, 19)",fireproof_button_v1,5000
17,60,1.0,bot4,success,27,1192763341511364698,12788225915484070153,"(26, 16)","(10, 23)","(28, 19)",fireproof_button_v1,5000
18,60,0.0,bot1,success,47,17029238078065195515,5995704077868082507,"(48, 10)","(23, 0)","(2, 30)",fireproof_button_v1,5000
18,60,0.0,bot2,success,47,17029238078065195515,5995704077868082507,"(48, 10)","(23, 0)","(2, 30)",fireproof_button_v1,5000
18,60,0.0,bot3,success,47,17029238078065195515,5995704077868082507,"(48, 10)","(23, 0)","(2, 30)",fireproof_button_v1,5000
18,60,0.0,bot4,success,47,17029238078065195515,5995704077868082507,"(48, 10)","(23, 0)","(2, 30)",fireproof_button_v1,5000
18,60,0.1,bot1,success,47,17029238078065195515,5995704077868082507,"(48, 10)","(23, 0)","(2, 30)",fireproof_button_v1,5000
18,60,0.1,bot2,success,47,17029238078065195515,5995704077868082507,"(48, 10)","(23, 0)","(2, 30)",fireproof_button_v1,5000
18,60,0.1,bot3,success,47,17029238078065195515,5995704077868082507,"(48, 10)","(23, 0)","(2, 30)",fireproof_button_v1,5000
18,60,0.1,bot4,success,47,17029238078065195515,5995704077868082507,"(48, 10)","(23, 0)","(2, 30)",fireproof_button_v1,5000
18,60,0.2,bot1,success,47,17029238078065195515,5995704077868082507,"(48, 10)","(23, 0)","(2, 30)",fireproof_button_v1,5000
18,60,0.2,bot2,success,47,17029238078065195515,5995704077868082507,"(48, 10)","(23, 0)","(2, 30)",fireproof_button_v1,5000
18,60,0.2,bot3,success,47,17029238078065195515,5995704077868082507,"(48, 10)","(23, 0)","(2, 30)",fireproof_button_v1,5000
18,60,0.2,bot4,success,47,17029238078065195515,5995704077868082507,"(48, 10)","(23, 0)","(2, 30)",fireproof_button_v1,5000
18,60,0.3,bot1,success,47,17029238078065195515,5995704077868082507,"(48, 10)","(23, 0)","(2, 30)",fireproof_button_v1,5000
18,60,0.3,bot2,success,47,17029238078065195515,5995704077868082507,"(48, 10)","(23, 0)","(2, 30)",fireproof_button_v1,5000
18,60,0.3,bot3,success,47,17029238078065195515,5995704077868082507,"(48, 10)","(23, 0)","(2, 30)",fireproof_button_v1,5000
18,60,0.3,bot4,success,47,17029238078065195515,5995704077868082507,"(48, 10)","(23, 0)","(2, 30)",fireproof_button_v1,5000
18,60,0.4,bot1,success,47,17029238078065195515,5995704077868082507,"(48, 10)","(23, 0)","(2, 30)",fireproof_button_v1,5000
18,60,0.4,bot2,success,47,17029238078065195515,5995704077868082507,"(48, 10)","(23, 0)","(2, 30)",fireproof_button_v1,5000
18,60,0.4,bot3,success,47,17029238078065195515,5995704077868082507,"(48, 10)","(23, 0)","(2, 30)",fireproof_button_v1,5000
18,60,0.4,bot4,success,47,17029238078065195515,5995704077868082507,"(48, 10)","(23, 0)","(2, 30)",fireproof_button_v1,5000
18,60,0.5,bot1,success,47,17029238078065195515,5995704077868082507,"(48, 10)","(23, 0)","(2, 30)",fireproof_button_v1,5000
18,60,0.5,bot2,success,47,17029238078065195515,5995704077868082507,"(48, 10)","(23, 0)","(2, 30)",fireproof_button_v1,5000
18,60,0.5,bot3,success,47,17029238078065195515,5995704077868082507,"(48, 10)","(23, 0)","(2, 30)",fireproof_button_v1,5000
18,60,0.5,bot4,success,47,17029238078065195515,5995704077868082507,"(48, 10)","(23, 0)","(2, 30)",fireproof_button_v1,5000
18,60,0.6,bot1,success,47,17029238078065195515,5995704077868082507,"(48, 10)","(23, 0)","(2, 30)",fireproof_button_v1,5000
18,60,0.6,bot2,success,47,17029238078065195515,5995704077868082507,"(48, 10)","(23, 0)","(2, 30)",fireproof_button_v1,5000
18,60,0.6,bot3,success,47,17029238078065195515,5995704077868082507,"(48, 10)","(23, 0)","(2, 30)",fireproof_button_v1,5000
18,60,0.6,bot4,success,47,17029238078065195515,5995704077868082507,"(48, 10)","(23, 0)","(2, 30)",fireproof_button_v1,5000
18,60,0.7,bot1,success,47,17029238078065195515,5995704077868082507,"(48, 10)","(23, 0)","(2, 30)",fireproof_button_v1,5000
18,60,0.7,bot2,success,47,17029238078065195515,5995704077868082507,"(48, 10)","(23, 0)","(2, 30)",fireproof_button_v1,5000
18,60,0.7,bot3,success,47,17029238078065195515,5995704077868082507,"(48, 10)","(23, 0)","(2, 30)",fireproof_button_v1,5000
18,60,0.7,bot4,success,47,17029238078065195515,5995704077868082507,"(48, 10)","(23, 0)","(2, 30)",fireproof_button_v1,5000
18,60,0.8,bot1,success,47,17029238078065195515,5995704077868082507,"(48, 10)","(23, 0)","(2, 30)",fireproof_button_v1,5000
18,60,0.8,bot2,success,47,17029238078065195515,5995704077868082507,"(48, 10)","(23, 0)","(2, 30)",fireproof_button_v1,5000
18,60,0.8,bot3,success,47,17029238078065195515,5995704077868082507,"(48, 10)","(23, 0)","(2, 30)",fireproof_button_v1,5000
18,60,0.8,bot4,success,47,17029238078065195515,5995704077868082507,"(48, 10)","(23, 0)","(2, 30)",fireproof_button_v1,5000
18,60,0.9,bot1,success,47,17029238078065195515,5995704077868082507,"(48, 10)","(23, 0)","(2, 30)",fireproof_button_v1,5000
18,60,0.9,bot2,success,47,17029238078065195515,5995704077868082507,"(48, 10)","(23, 0)","(2, 30)",fireproof_button_v1,5000
18,60,0.9,bot3,success,47,17029238078065195515,5995704077868082507,"(48, 10)","(23, 0)","(2, 30)",fireproof_button_v1,5000
18,60,0.9,bot4,success,47,17029238078065195515,5995704077868082507,"(48, 10)","(23, 0)","(2, 30)",fireproof_button_v1,5000
18,60,1.0,bot1,success,47,17029238078065195515,5995704077868082507,"(48, 10)","(23, 0)","(2, 30)",fireproof_button_v1,5000
18,60,1.0,bot2,success,47,17029238078065195515,5995704077868082507,"(48, 10)","(23, 0)","(2, 30)",fireproof_button_v1,5000
18,60,1.0,bot3,success,47,17029238078065195515,5995704077868082507,"(48, 10)","(23, 0)","(2, 30)",fireproof_button_v1,5000
18,60,1.0,bot4,success,47,17029238078065195515,5995704077868082507,"(48, 10)","(23, 0)","(2, 30)",fireproof_button_v1,5000
19,60,0.0,bot1,success,23,872528859645135428,6904496652261514426,"(26, 0)","(34, 13)","(6, 3)",fireproof_button_v1,5000
19,60,0.0,bot2,success,23,872528859645135428,6904496652261514426,"(26, 0)","(34, 13)","(6, 3)",fireproof_button_v1,5000
19,60,0.0,bot3,success,23,872528859645135428,6904496652261514426,"(26, 0)","(34, 13)","(6, 3)",fireproof_button_v1,5000
19,60,0.0,bot4,success,23,872528859645135428,6904496652261514426,"(26, 0)","(34, 13)","(6, 3)",fireproof_button_v1,5000
19,60,0.1,bot1,success,23,872528859645135428,6904496652261514426,"(26, 0)","(34, 13)","(6, 3)",fireproof_button_v1,5000
19,60,0.1,bot2,success,23,872528859645135428,6904496652261514426,"(26, 0)","(34, 13)","(6, 3)",fireproof_button_v1,5000
19,60,0.1,bot3,success,23,872528859645135428,6904496652261514426,"(26, 0)","(34, 13)","(6, 3)",fireproof_button_v1,5000
19,60,0.1,bot4,success,23,872528859645135428,6904496652261514426,"(26, 0)","(34, 13)","(6, 3)",fireproof_button_v1,5000
19,60,0.2,bot1,success,23,872528859645135428,6904496652261514426,"(26, 0)","(34, 13)","(6, 3)",fireproof_button_v1,5000
19,60,0.2,bot2,success,23,872528859645135428,6904496652261514426,"(26, 0)","(34, 13)","(6, 3)",fireproof_button_v1,5000
19,60,0.2,bot3,success,23,872528859645135428,6904496652261514426,"(26, 0)","(34, 13)","(6, 3)",fireproof_button_v1,5000
19,60,0.2,bot4,success,23,872528859645135428,6904496652261514426,"(26, 0)","(34, 13)","(6, 3)",fireproof_button_v1,5000
19,60,0.3,bot1,success,23,872528859645135428,6904496652261514426,"(26, 0)","(34, 13)","(6, 3)",fireproof_button_v1,5000
19,60,0.3,bot2,success,23,872528859645135428,6904496652261514426,"(26, 0)","(34, 13)","(6, 3)",fireproof_button_v1,5000
19,60,0.3,bot3,success,23,872528859645135428,6904496652261514426,"(26, 0)","(34, 13)","(6, 3)",fireproof_button_v1,5000
19,60,0.3,bot4,success,23,872528859645135428,6904496652261514426,"(26, 0)","(34, 13)","(6, 3)",fireproof_button_v1,5000
19,60,0.4,bot1,success,23,872528859645135428,6904496652261514426,"(26, 0)","(34, 13)","(6, 3)",fireproof_button_v1,5000
19,60,0.4,bot2,success,23,872528859645135428,6904496652261514426,"(26, 0)","(34, 13)","(6, 3)",fireproof_button_v1,5000
19,60,0.4,bot3,success,23,872528859645135428,6904496652261514426,"(26, 0)","(34, 13)","(6, 3)",fireproof_button_v1,5000
19,60,0.4,bot4,success,23,872528859645135428,6904496652261514426,"(26, 0)","(34, 13)","(6, 3)",fireproof_button_v1,5000
19,60,0.5,bot1,success,23,872528859645135428,6904496652261514426,"(26, 0)","(34, 13)","(6, 3)",fireproof_button_v1,5000
19,60,0.5,bot2,success,23,872528859645135428,6904496652261514426,"(26, 0)","(34, 13)","(6, 3)",fireproof_button_v1,5000
19,60,0.5,bot3,success,23,872528859645135428,6904496652261514426,"(26, 0)","(34, 13)","(6, 3)",fireproof_button_v1,5000
19,60,0.5,bot4,success,23,872528859645135428,6904496652261514426,"(26, 0)","(34, 13)","(6, 3)",fireproof_button_v1,5000
19,60,0.6,bot1,success,23,872528859645135428,6904496652261514426,"(26, 0)","(34, 13)","(6, 3)",fireproof_button_v1,5000
19,60,0.6,bot2,success,23,872528859645135428,6904496652261514426,"(26, 0)","(34, 13)","(6, 3)",fireproof_button_v1,5000
19,60,0.6,bot3,success,23,872528859645135428,6904496652261514426,"(26, 0)","(34, 13)","(6, 3)",fireproof_button_v1,5000
19,60,0.6,bot4,success,23,872528859645135428,6904496652261514426,"(26, 0)","(34, 13)","(6, 3)",fireproof_button_v1,5000
19,60,0.7,bot1,success,23,872528859645135428,6904496652261514426,"(26, 0)","(34, 13)","(6, 3)",fireproof_button_v1,5000
19,60,0.7,bot2,success,23,872528859645135428,6904496652261514426,"(26, 0)","(34, 13)","(6, 3)",fireproof_button_v1,5000
19,60,0.7,bot3,success,23,872528859645135428,6904496652261514426,"(26, 0)","(34, 13)","(6, 3)",fireproof_button_v1,5000
19,60,0.7,bot4,success,23,872528859645135428,6904496652261514426,"(26, 0)","(34, 13)","(6, 3)",fireproof_button_v1,5000
19,60,0.8,bot1,success,23,872528859645135428,6904496652261514426,"(26, 0)","(34, 13)","(6, 3)",fireproof_button_v1,5000
19,60,0.8,bot2,success,23,872528859645135428,6904496652261514426,"(26, 0)","(34, 13)","(6, 3)",fireproof_button_v1,5000
19,60,0.8,bot3,success,23,872528859645135428,6904496652261514426,"(26, 0)","(34, 13)","(6, 3)",fireproof_button_v1,5000
19,60,0.8,bot4,success,23,872528859645135428,6904496652261514426,"(26, 0)","(34, 13)","(6, 3)",fireproof_button_v1,5000
19,60,0.9,bot1,success,23,872528859645135428,6904496652261514426,"(26, 0)","(34, 13)","(6, 3)",fireproof_button_v1,5000
19,60,0.9,bot2,success,23,872528859645135428,6904496652261514426,"(26, 0)","(34, 13)","(6, 3)",fireproof_button_v1,5000
19,60,0.9,bot3,success,23,872528859645135428,6904496652261514426,"(26, 0)","(34, 13)","(6, 3)",fireproof_button_v1,5000
19,60,0.9,bot4,success,23,872528859645135428,6904496652261514426,"(26, 0)","(34, 13)","(6, 3)",fireproof_button_v1,5000
19,60,1.0,bot1,success,23,872528859645135428,6904496652261514426,"(26, 0)","(34, 13)","(6, 3)",fireproof_button_v1,5000
19,60,1.0,bot2,success,23,872528859645135428,6904496652261514426,"(26, 0)","(34, 13)","(6, 3)",fireproof_button_v1,5000
19,60,1.0,bot3,success,23,872528859645135428,6904496652261514426,"(26, 0)","(34, 13)","(6, 3)",fireproof_button_v1,5000
19,60,1.0,bot4,success,23,872528859645135428,6904496652261514426,"(26, 0)","(34, 13)","(6, 3)",fireproof_button_v1,5000
20,60,0.0,bot1,success,25,3413630357792764216,9772871442633011079,"(31, 47)","(48, 43)","(50, 28)",fireproof_button_v1,5000
20,60,0.0,bot2,success,25,3413630357792764216,9772871442633011079,"(31, 47)","(48, 43)","(50, 28)",fireproof_button_v1,5000
20,60,0.0,bot3,success,25,3413630357792764216,9772871442633011079,"(31, 47)","(48, 43)","(50, 28)",fireproof_button_v1,5000
20,60,0.0,bot4,success,25,3413630357792764216,9772871442633011079,"(31, 47)","(48, 43)","(50, 28)",fireproof_button_v1,5000
20,60,0.1,bot1,success,25,3413630357792764216,9772871442633011079,"(31, 47)","(48, 43)","(50, 28)",fireproof_button_v1,5000
20,60,0.1,bot2,success,25,3413630357792764216,9772871442633011079,"(31, 47)","(48, 43)","(50, 28)",fireproof_button_v1,5000
20,60,0.1,bot3,success,25,3413630357792764216,9772871442633011079,"(31, 47)","(48, 43)","(50, 28)",fireproof_button_v1,5000
20,60,0.1,bot4,success,25,3413630357792764216,9772871442633011079,"(31, 47)","(48, 43)","(50, 28)",fireproof_button_v1,5000
20,60,0.2,bot1,success,25,3413630357792764216,9772871442633011079,"(31, 47)","(48, 43)","(50, 28)",fireproof_button_v1,5000
20,60,0.2,bot2,success,25,3413630357792764216,9772871442633011079,"(31, 47)","(48, 43)","(50, 28)",fireproof_button_v1,5000
20,60,0.2,bot3,success,25,3413630357792764216,9772871442633011079,"(31, 47)","(48, 43)","(50, 28)",fireproof_button_v1,5000
20,60,0.2,bot4,success,25,3413630357792764216,9772871442633011079,"(31, 47)","(48, 43)","(50, 28)",fireproof_button_v1,5000
20,60,0.3,bot1,success,25,3413630357792764216,9772871442633011079,"(31, 47)","(48, 43)","(50, 28)",fireproof_button_v1,5000
20,60,0.3,bot2,success,25,3413630357792764216,9772871442633011079,"(31, 47)","(48, 43)","(50, 28)",fireproof_button_v1,5000
20,60,0.3,bot3,success,25,3413630357792764216,9772871442633011079,"(31, 47)","(48, 43)","(50, 28)",fireproof_button_v1,5000
20,60,0.3,bot4,success,25,3413630357792764216,9772871442633011079,"(31, 47)","(48, 43)","(50, 28)",fireproof_button_v1,5000
20,60,0.4,bot1,success,25,3413630357792764216,9772871442633011079,"(31, 47)","(48, 43)","(50, 28)",fireproof_button_v1,5000
20,60,0.4,bot2,success,25,3413630357792764216,9772871442633011079,"(31, 47)","(48, 43)","(50, 28)",fireproof_button_v1,5000
20,60,0.4,bot3,success,25,3413630357792764216,9772871442633011079,"(31, 47)","(48, 43)","(50, 28)",fireproof_button_v1,5000
20,60,0.4,bot4,success,25,3413630357792764216,9772871442633011079,"(31, 47)","(48, 43)","(50, 28)",fireproof_button_v1,5000
20,60,0.5,bot1,success,25,3413630357792764216,9772871442633011079,"(31, 47)","(48, 43)","(50, 28)",fireproof_button_v1,5000
20,60,0.5,bot2,success,25,3413630357792764216,9772871442633011079,"(31, 47)","(48, 43)","(50, 28)",fireproof_button_v1,5000
20,60,0.5,bot3,success,25,3413630357792764216,9772871442633011079,"(31, 47)","(48, 43)","(50, 28)",fireproof_button_v1,5000
20,60,0.5,bot4,success,25,3413630357792764216,9772871442633011079,"(31, 47)","(48, 43)","(50, 28)",fireproof_button_v1,5000
20,60,0.6,bot1,success,25,3413630357792764216,9772871442633011079,"(31, 47)","(48, 43)","(50, 28)",fireproof_button_v1,5000
20,60,0.6,bot2,success,25,3413630357792764216,9772871442633011079,"(31, 47)","(48, 43)","(50, 28)",fireproof_button_v1,5000
20,60,0.6,bot3,success,25,3413630357792764216,9772871442633011079,"(31, 47)","(48, 43)","(50, 28)",fireproof_button_v1,5000
20,60,0.6,bot4,success,25,3413630357792764216,9772871442633011079,"(31, 47)","(48, 43)","(50, 28)",fireproof_button_v1,5000
20,60,0.7,bot1,success,25,3413630357792764216,9772871442633011079,"(31, 47)","(48, 43)","(50, 28)",fireproof_button_v1,5000
20,60,0.7,bot2,success,25,3413630357792764216,9772871442633011079,"(31, 47)","(48, 43)","(50, 28)",fireproof_button_v1,5000
20,60,0.7,bot3,success,25,3413630357792764216,9772871442633011079,"(31, 47)","(48, 43)","(50, 28)",fireproof_button_v1,5000
20,60,0.7,bot4,success,25,3413630357792764216,9772871442633011079,"(31, 47)","(48, 43)","(50, 28)",fireproof_button_v1,5000
20,60,0.8,bot1,success,25,3413630357792764216,9772871442633011079,"(31, 47)","(48, 43)","(50, 28)",fireproof_button_v1,5000
20,60,0.8,bot2,success,25,3413630357792764216,9772871442633011079,"(31, 47)","(48, 43)","(50, 28)",fireproof_button_v1,5000
20,60,0.8,bot3,success,25,3413630357792764216,9772871442633011079,"(31, 47)","(48, 43)","(50, 28)",fireproof_button_v1,5000
20,60,0.8,bot4,success,25,3413630357792764216,9772871442633011079,"(31, 47)","(48, 43)","(50, 28)",fireproof_button_v1,5000
20,60,0.9,bot1,success,25,3413630357792764216,9772871442633011079,"(31, 47)","(48, 43)","(50, 28)",fireproof_button_v1,5000
20,60,0.9,bot2,success,25,3413630357792764216,9772871442633011079,"(31, 47)","(48, 43)","(50, 28)",fireproof_button_v1,5000
20,60,0.9,bot3,success,25,3413630357792764216,9772871442633011079,"(31, 47)","(48, 43)","(50, 28)",fireproof_button_v1,5000
20,60,0.9,bot4,success,25,3413630357792764216,9772871442633011079,"(31, 47)","(48, 43)","(50, 28)",fireproof_button_v1,5000
20,60,1.0,bot1,success,25,3413630357792764216,9772871442633011079,"(31, 47)","(48, 43)","(50, 28)",fireproof_button_v1,5000
20,60,1.0,bot2,success,25,3413630357792764216,9772871442633011079,"(31, 47)","(48, 43)","(50, 28)",fireproof_button_v1,5000
20,60,1.0,bot3,success,25,3413630357792764216,9772871442633011079,"(31, 47)","(48, 43)","(50, 28)",fireproof_button_v1,5000
20,60,1.0,bot4,success,25,3413630357792764216,9772871442633011079,"(31, 47)","(48, 43)","(50, 28)",fireproof_button_v1,5000
21,60,0.0,bot1,success,90,18338254382558802791,1907405162898698062,"(57, 26)","(3, 52)","(37, 18)",fireproof_button_v1,5000
21,60,0.0,bot2,success,90,18338254382558802791,1907405162898698062,"(57, 26)","(3, 52)","(37, 18)",fireproof_button_v1,5000
21,60,0.0,bot3,success,90,18338254382558802791,1907405162898698062,"(57, 26)","(3, 52)","(37, 18)",fireproof_button_v1,5000
21,60,0.0,bot4,success,90,18338254382558802791,1907405162898698062,"(57, 26)","(3, 52)","(37, 18)",fireproof_button_v1,5000
21,60,0.1,bot1,success,90,18338254382558802791,1907405162898698062,"(57, 26)","(3, 52)","(37, 18)",fireproof_button_v1,5000
21,60,0.1,bot2,success,90,18338254382558802791,1907405162898698062,"(57, 26)","(3, 52)","(37, 18)",fireproof_button_v1,5000
21,60,0.1,bot3,success,90,18338254382558802791,1907405162898698062,"(57, 26)","(3, 52)","(37, 18)",fireproof_button_v1,5000
21,60,0.1,bot4,success,90,18338254382558802791,1907405162898698062,"(57, 26)","(3, 52)","(37, 18)",fireproof_button_v1,5000
21,60,0.2,bot1,success,90,18338254382558802791,1907405162898698062,"(57, 26)","(3, 52)","(37, 18)",fireproof_button_v1,5000
21,60,0.2,bot2,success,90,18338254382558802791,1907405162898698062,"(57, 26)","(3, 52)","(37, 18)",fireproof_button_v1,5000
21,60,0.2,bot3,success,90,18338254382558802791,1907405162898698062,"(57, 26)","(3, 52)","(37, 18)",fireproof_button_v1,5000
21,60,0.2,bot4,success,90,18338254382558802791,1907405162898698062,"(57, 26)","(3, 52)","(37, 18)",fireproof_button_v1,5000
21,60,0.3,bot1,success,90,18338254382558802791,1907405162898698062,"(57, 26)","(3, 52)","(37, 18)",fireproof_button_v1,5000
21,60,0.3,bot2,success,90,18338254382558802791,1907405162898698062,"(57, 26)","(3, 52)","(37, 18)",fireproof_button_v1,5000
21,60,0.3,bot3,success,90,18338254382558802791,1907405162898698062,"(57, 26)","(3, 52)","(37, 18)",fireproof_button_v1,5000
21,60,0.3,bot4,success,90,18338254382558802791,1907405162898698062,"(57, 26)","(3, 52)","(37, 18)",fireproof_button_v1,5000
21,60,0.4,bot1,success,90,18338254382558802791,1907405162898698062,"(57, 26)","(3, 52)","(37, 18)",fireproof_button_v1,5000
21,60,0.4,bot2,success,90,18338254382558802791,1907405162898698062,"(57, 26)","(3, 52)","(37, 18)",fireproof_button_v1,5000
21,60,0.4,bot3,success,90,18338254382558802791,1907405162898698062,"(57, 26)","(3, 52)","(37, 18)",fireproof_button_v1,5000
21,60,0.4,bot4,success,90,18338254382558802791,1907405162898698062,"(57, 26)","(3, 52)","(37, 18)",fireproof_button_v1,5000
21,60,0.5,bot1,success,90,18338254382558802791,1907405162898698062,"(57, 26)","(3, 52)","(37, 18)",fireproof_button_v1,5000
21,60,0.5,bot2,success,90,18338254382558802791,1907405162898698062,"(57, 26)","(3, 52)","(37, 18)",fireproof_button_v1,5000
21,60,0.5,bot3,success,90,18338254382558802791,1907405162898698062,"(57, 26)","(3, 52)","(37, 18)",fireproof_button_v1,5000
21,60,0.5,bot4,success,90,18338254382558802791,1907405162898698062,"(57, 26)","(3, 52)","(37, 18)",fireproof_button_v1,5000
21,60,0.6,bot1,success,90,18338254382558802791,1907405162898698062,"(57, 26)","(3, 52)","(37, 18)",fireproof_button_v1,5000
21,60,0.6,bot2,success,90,18338254382558802791,1907405162898698062,"(57, 26)","(3, 52)","(37, 18)",fireproof_button_v1,5000
21,60,0.6,bot3,success,90,18338254382558802791,1907405162898698062,"(57, 26)","(3, 52)","(37, 18)",fireproof_button_v1,5000
21,60,0.6,bot4,success,90,18338254382558802791,1907405162898698062,"(57, 26)","(3, 52)","(37, 18)",fireproof_button_v1,5000
21,60,0.7,bot1,burned,34,18338254382558802791,1907405162898698062,"(57, 26)","(3, 52)","(37, 18)",fireproof_button_v1,5000
21,60,0.7,bot2,burned,37,18338254382558802791,1907405162898698062,"(57, 26)","(3, 52)","(37, 18)",fireproof_button_v1,5000
21,60,0.7,bot3,burned,37,18338254382558802791,1907405162898698062,"(57, 26)","(3, 52)","(37, 18)",fireproof_button_v1,5000
21,60,0.7,bot4,burned,37,18338254382558802791,1907405162898698062,"(57, 26)","(3, 52)","(37, 18)",fireproof_button_v1,5000
21,60,0.8,bot1,burned,33,18338254382558802791,1907405162898698062,"(57, 26)","(3, 52)","(37, 18)",fireproof_button_v1,5000
21,60,0.8,bot2,burned,36,18338254382558802791,1907405162898698062,"(57, 26)","(3, 52)","(37, 18)",fireproof_button_v1,5000
21,60,0.8,bot3,burned,36,18338254382558802791,1907405162898698062,"(57, 26)","(3, 52)","(37, 18)",fireproof_button_v1,5000
21,60,0.8,bot4,burned,36,18338254382558802791,1907405162898698062,"(57, 26)","(3, 52)","(37, 18)",fireproof_button_v1,5000
21,60,0.9,bot1,burned,31,18338254382558802791,1907405162898698062,"(57, 26)","(3, 52)","(37, 18)",fireproof_button_v1,5000
21,60,0.9,bot2,burned,32,18338254382558802791,1907405162898698062,"(57, 26)","(3, 52)","(37, 18)",fireproof_button_v1,5000
21,60,0.9,bot3,burned,32,18338254382558802791,1907405162898698062,"(57, 26)","(3, 52)","(37, 18)",fireproof_button_v1,5000
21,60,0.9,bot4,burned,32,18338254382558802791,1907405162898698062,"(57, 26)","(3, 52)","(37, 18)",fireproof_button_v1,5000
21,60,1.0,bot1,burned,30,18338254382558802791,1907405162898698062,"(57, 26)","(3, 52)","(37, 18)",fireproof_button_v1,5000
21,60,1.0,bot2,burned,29,18338254382558802791,1907405162898698062,"(57, 26)","(3, 52)","(37, 18)",fireproof_button_v1,5000
21,60,1.0,bot3,burned,29,18338254382558802791,1907405162898698062,"(57, 26)","(3, 52)","(37, 18)",fireproof_button_v1,5000
21,60,1.0,bot4,burned,29,18338254382558802791,1907405162898698062,"(57, 26)","(3, 52)","(37, 18)",fireproof_button_v1,5000
22,60,0.0,bot1,success,17,8355219778883487779,8096035844045680651,"(22, 27)","(33, 31)","(25, 4)",fireproof_button_v1,5000
22,60,0.0,bot2,success,17,8355219778883487779,8096035844045680651,"(22, 27)","(33, 31)","(25, 4)",fireproof_button_v1,5000
22,60,0.0,bot3,success,17,8355219778883487779,8096035844045680651,"(22, 27)","(33, 31)","(25, 4)",fireproof_button_v1,5000
22,60,0.0,bot4,success,17,8355219778883487779,8096035844045680651,"(22, 27)","(33, 31)","(25, 4)",fireproof_button_v1,5000
22,60,0.1,bot1,success,17,8355219778883487779,8096035844045680651,"(22, 27)","(33, 31)","(25, 4)",fireproof_button_v1,5000
22,60,0.1,bot2,success,17,8355219778883487779,8096035844045680651,"(22, 27)","(33, 31)","(25, 4)",fireproof_button_v1,5000
22,60,0.1,bot3,success,17,8355219778883487779,8096035844045680651,"(22, 27)","(33, 31)","(25, 4)",fireproof_button_v1,5000
22,60,0.1,bot4,success,17,8355219778883487779,8096035844045680651,"(22, 27)","(33, 31)","(25, 4)",fireproof_button_v1,5000
22,60,0.2,bot1,success,17,8355219778883487779,8096035844045680651,"(22, 27)","(33, 31)","(25, 4)",fireproof_button_v1,5000
22,60,0.2,bot2,success,17,8355219778883487779,8096035844045680651,"(22, 27)","(33, 31)","(25, 4)",fireproof_button_v1,5000
22,60,0.2,bot3,success,17,8355219778883487779,8096035844045680651,"(22, 27)","(33, 31)","(25, 4)",fireproof_button_v1,5000
22,60,0.2,bot4,success,17,8355219778883487779,8096035844045680651,"(22, 27)","(33, 31)","(25, 4)",fireproof_button_v1,5000
22,60,0.3,bot1,success,17,8355219778883487779,8096035844045680651,"(22, 27)","(33, 31)","(25, 4)",fireproof_button_v1,5000
22,60,0.3,bot2,success,17,8355219778883487779,8096035844045680651,"(22, 27)","(33, 31)","(25, 4)",fireproof_button_v1,5000
22,60,0.3,bot3,success,17,8355219778883487779,8096035844045680651,"(22, 27)","(33, 31)","(25, 4)",fireproof_button_v1,5000
22,60,0.3,bot4,success,17,8355219778883487779,8096035844045680651,"(22, 27)","(33, 31)","(25, 4)",fireproof_button_v1,5000
22,60,0.4,bot1,success,17,8355219778883487779,8096035844045680651,"(22, 27)","(33, 31)","(25, 4)",fireproof_button_v1,5000
22,60,0.4,bot2,success,17,8355219778883487779,8096035844045680651,"(22, 27)","(33, 31)","(25, 4)",fireproof_button_v1,5000
22,60,0.4,bot3,success,17,8355219778883487779,8096035844045680651,"(22, 27)","(33, 31)","(25, 4)",fireproof_button_v1,5000
22,60,0.4,bot4,success,17,8355219778883487779,8096035844045680651,"(22, 27)","(33, 31)","(25, 4)",fireproof_button_v1,5000
22,60,0.5,bot1,success,17,8355219778883487779,8096035844045680651,"(22, 27)","(33, 31)","(25, 4)",fireproof_button_v1,5000
22,60,0.5,bot2,success,17,8355219778883487779,8096035844045680651,"(22, 27)","(33, 31)","(25, 4)",fireproof_button_v1,5000
22,60,0.5,bot3,success,17,8355219778883487779,8096035844045680651,"(22, 27)","(33, 31)","(25, 4)",fireproof_button_v1,5000
22,60,0.5,bot4,success,17,8355219778883487779,8096035844045680651,"(22, 27)","(33, 31)","(25, 4)",fireproof_button_v1,5000
22,60,0.6,bot1,success,17,8355219778883487779,8096035844045680651,"(22, 27)","(33, 31)","(25, 4)",fireproof_button_v1,5000
22,60,0.6,bot2,success,17,8355219778883487779,8096035844045680651,"(22, 27)","(33, 31)","(25, 4)",fireproof_button_v1,5000
22,60,0.6,bot3,success,17,8355219778883487779,8096035844045680651,"(22, 27)","(33, 31)","(25, 4)",fireproof_button_v1,5000
22,60,0.6,bot4,success,17,8355219778883487779,8096035844045680651,"(22, 27)","(33, 31)","(25, 4)",fireproof_button_v1,5000
22,60,0.7,bot1,success,17,8355219778883487779,8096035844045680651,"(22, 27)","(33, 31)","(25, 4)",fireproof_button_v1,5000
22,60,0.7,bot2,success,17,8355219778883487779,8096035844045680651,"(22, 27)","(33, 31)","(25, 4)",fireproof_button_v1,5000
22,60,0.7,bot3,success,17,8355219778883487779,8096035844045680651,"(22, 27)","(33, 31)","(25, 4)",fireproof_button_v1,5000
22,60,0.7,bot4,success,17,8355219778883487779,8096035844045680651,"(22, 27)","(33, 31)","(25, 4)",fireproof_button_v1,5000
22,60,0.8,bot1,success,17,8355219778883487779,8096035844045680651,"(22, 27)","(33, 31)","(25, 4)",fireproof_button_v1,5000
22,60,0.8,bot2,success,17,8355219778883487779,8096035844045680651,"(22, 27)","(33, 31)","(25, 4)",fireproof_button_v1,5000
22,60,0.8,bot3,success,17,8355219778883487779,8096035844045680651,"(22, 27)","(33, 31)","(25, 4)",fireproof_button_v1,5000
22,60,0.8,bot4,success,17,8355219778883487779,8096035844045680651,"(22, 27)","(33, 31)","(25, 4)",fireproof_button_v1,5000
22,60,0.9,bot1,success,17,8355219778883487779,8096035844045680651,"(22, 27)","(33, 31)","(25, 4)",fireproof_button_v1,5000
22,60,0.9,bot2,success,17,8355219778883487779,8096035844045680651,"(22, 27)","(33, 31)","(25, 4)",fireproof_button_v1,5000
22,60,0.9,bot3,success,17,8355219778883487779,8096035844045680651,"(22, 27)","(33, 31)","(25, 4)",fireproof_button_v1,5000
22,60,0.9,bot4,success,17,8355219778883487779,8096035844045680651,"(22, 27)","(33, 31)","(25, 4)",fireproof_button_v1,5000
22,60,1.0,bot1,success,17,8355219778883487779,8096035844045680651,"(22, 27)","(33, 31)","(25, 4)",fireproof_button_v1,5000
22,60,1.0,bot2,success,17,8355219778883487779,8096035844045680651,"(22, 27)","(33, 31)","(25, 4)",fireproof_button_v1,5000
22,60,1.0,bot3,success,17,8355219778883487779,8096035844045680651,"(22, 27)","(33, 31)","(25, 4)",fireproof_button_v1,5000
22,60,1.0,bot4,success,17,8355219778883487779,8096035844045680651,"(22, 27)","(33, 31)","(25, 4)",fireproof_button_v1,5000
23,60,0.0,bot1,success,80,2583530930750118365,2465581008236522698,"(53, 16)","(6, 7)","(51, 25)",fireproof_button_v1,5000
23,60,0.0,bot2,success,80,2583530930750118365,2465581008236522698,"(53, 16)","(6, 7)","(51, 25)",fireproof_button_v1,5000
23,60,0.0,bot3,success,80,2583530930750118365,2465581008236522698,"(53, 16)","(6, 7)","(51, 25)",fireproof_button_v1,5000
23,60,0.0,bot4,success,80,2583530930750118365,2465581008236522698,"(53, 16)","(6, 7)","(51, 25)",fireproof_button_v1,5000
23,60,0.1,bot1,success,80,2583530930750118365,2465581008236522698,"(53, 16)","(6, 7)","(51, 25)",fireproof_button_v1,5000
23,60,0.1,bot2,success,80,2583530930750118365,2465581008236522698,"(53, 16)","(6, 7)","(51, 25)",fireproof_button_v1,5000
23,60,0.1,bot3,success,80,2583530930750118365,2465581008236522698,"(53, 16)","(6, 7)","(51, 25)",fireproof_button_v1,5000
23,60,0.1,bot4,success,80,2583530930750118365,2465581008236522698,"(53, 16)","(6, 7)","(51, 25)",fireproof_button_v1,5000
23,60,0.2,bot1,success,80,2583530930750118365,2465581008236522698,"(53, 16)","(6, 7)","(51, 25)",fireproof_button_v1,5000
23,60,0.2,bot2,success,80,2583530930750118365,2465581008236522698,"(53, 16)","(6, 7)","(51, 25)",fireproof_button_v1,5000
23,60,0.2,bot3,success,80,2583530930750118365,2465581008236522698,"(53, 16)","(6, 7)","(51, 25)",fireproof_button_v1,5000
23,60,0.2,bot4,success,80,2583530930750118365,2465581008236522698,"(53, 16)","(6, 7)","(51, 25)",fireproof_button_v1,5000
23,60,0.3,bot1,success,80,2583530930750118365,2465581008236522698,"(53, 16)","(6, 7)","(51, 25)",fireproof_button_v1,5000
23,60,0.3,bot2,success,80,2583530930750118365,2465581008236522698,"(53, 16)","(6, 7)","(51, 25)",fireproof_button_v1,5000
23,60,0.3,bot3,success,80,2583530930750118365,2465581008236522698,"(53, 16)","(6, 7)","(51, 25)",fireproof_button_v1,5000
23,60,0.3,bot4,success,80,2583530930750118365,2465581008236522698,"(53, 16)","(6, 7)","(51, 25)",fireproof_button_v1,5000
23,60,0.4,bot1,success,80,2583530930750118365,2465581008236522698,"(53, 16)","(6, 7)","(51, 25)",fireproof_button_v1,5000
23,60,0.4,bot2,success,80,2583530930750118365,2465581008236522698,"(53, 16)","(6, 7)","(51, 25)",fireproof_button_v1,5000
23,60,0.4,bot3,success,80,2583530930750118365,2465581008236522698,"(53, 16)","(6, 7)","(51, 25)",fireproof_button_v1,5000
23,60,0.4,bot4,success,80,2583530930750118365,2465581008236522698,"(53, 16)","(6, 7)","(51, 25)",fireproof_button_v1,5000
23,60,0.5,bot1,success,80,2583530930750118365,2465581008236522698,"(53, 16)","(6, 7)","(51, 25)",fireproof_button_v1,5000
23,60,0.5,bot2,success,80,2583530930750118365,2465581008236522698,"(53, 16)","(6, 7)","(51, 25)",fireproof_button_v1,5000
23,60,0.5,bot3,success,80,2583530930750118365,2465581008236522698,"(53, 16)","(6, 7)","(51, 25)",fireproof_button_v1,5000
23,60,0.5,bot4,success,80,2583530930750118365,2465581008236522698,"(53, 16)","(6, 7)","(51, 25)",fireproof_button_v1,5000
23,60,0.6,bot1,success,80,2583530930750118365,2465581008236522698,"(53, 16)","(6, 7)","(51, 25)",fireproof_button_v1,5000
23,60,0.6,bot2,success,80,2583530930750118365,2465581008236522698,"(53, 16)","(6, 7)","(51, 25)",fireproof_button_v1,5000
23,60,0.6,bot3,success,80,2583530930750118365,2465581008236522698,"(53, 16)","(6, 7)","(51, 25)",fireproof_button_v1,5000
23,60,0.6,bot4,success,80,2583530930750118365,2465581008236522698,"(53, 16)","(6, 7)","(51, 25)",fireproof_button_v1,5000
23,60,0.7,bot1,success,80,2583530930750118365,2465581008236522698,"(53, 16)","(6, 7)","(51, 25)",fireproof_button_v1,5000
23,60,0.7,bot2,success,80,2583530930750118365,2465581008236522698,"(53, 16)","(6, 7)","(51, 25)",fireproof_button_v1,5000
23,60,0.7,bot3,success,80,2583530930750118365,2465581008236522698,"(53, 16)","(6, 7)","(51, 25)",fireproof_button_v1,5000
23,60,0.7,bot4,success,80,2583530930750118365,2465581008236522698,"(53, 16)","(6, 7)","(51, 25)",fireproof_button_v1,5000
23,60,0.8,bot1,burned,37,2583530930750118365,2465581008236522698,"(53, 16)","(6, 7)","(51, 25)",fireproof_button_v1,5000
23,60,0.8,bot2,burned,37,2583530930750118365,2465581008236522698,"(53, 16)","(6, 7)","(51, 25)",fireproof_button_v1,5000
23,60,0.8,bot3,burned,37,2583530930750118365,2465581008236522698,"(53, 16)","(6, 7)","(51, 25)",fireproof_button_v1,5000
23,60,0.8,bot4,success,80,2583530930750118365,2465581008236522698,"(53, 16)","(6, 7)","(51, 25)",fireproof_button_v1,5000
23,60,0.9,bot1,burned,35,2583530930750118365,2465581008236522698,"(53, 16)","(6, 7)","(51, 25)",fireproof_button_v1,5000
23,60,0.9,bot2,burned,35,2583530930750118365,2465581008236522698,"(53, 16)","(6, 7)","(51, 25)",fireproof_button_v1,5000
23,60,0.9,bot3,burned,35,2583530930750118365,2465581008236522698,"(53, 16)","(6, 7)","(51, 25)",fireproof_button_v1,5000
23,60,0.9,bot4,burned,35,2583530930750118365,2465581008236522698,"(53, 16)","(6, 7)","(51, 25)",fireproof_button_v1,5000
23,60,1.0,bot1,burned,33,2583530930750118365,2465581008236522698,"(53, 16)","(6, 7)","(51, 25)",fireproof_button_v1,5000
23,60,1.0,bot2,burned,33,2583530930750118365,2465581008236522698,"(53, 16)","(6, 7)","(51, 25)",fireproof_button_v1,5000
23,60,1.0,bot3,burned,33,2583530930750118365,2465581008236522698,"(53, 16)","(6, 7)","(51, 25)",fireproof_button_v1,5000
23,60,1.0,bot4,burned,33,2583530930750118365,2465581008236522698,"(53, 16)","(6, 7)","(51, 25)",fireproof_button_v1,5000
24,60,0.0,bot1,success,13,11900009873124677140,7422340041022067975,"(9, 6)","(3, 11)","(16, 13)",fireproof_button_v1,5000
24,60,0.0,bot2,success,13,11900009873124677140,7422340041022067975,"(9, 6)","(3, 11)","(16, 13)",fireproof_button_v1,5000
24,60,0.0,bot3,success,13,11900009873124677140,7422340041022067975,"(9, 6)","(3, 11)","(16, 13)",fireproof_button_v1,5000
24,60,0.0,bot4,success,13,11900009873124677140,7422340041022067975,"(9, 6)","(3, 11)","(16, 13)",fireproof_button_v1,5000
24,60,0.1,bot1,success,13,11900009873124677140,7422340041022067975,"(9, 6)","(3, 11)","(16, 13)",fireproof_button_v1,5000
24,60,0.1,bot2,success,13,11900009873124677140,7422340041022067975,"(9, 6)","(3, 11)","(16, 13)",fireproof_button_v1,5000
24,60,0.1,bot3,success,13,11900009873124677140,7422340041022067975,"(9, 6)","(3, 11)","(16, 13)",fireproof_button_v1,5000
24,60,0.1,bot4,success,13,11900009873124677140,7422340041022067975,"(9, 6)","(3, 11)","(16, 13)",fireproof_button_v1,5000
24,60,0.2,bot1,success,13,11900009873124677140,7422340041022067975,"(9, 6)","(3, 11)","(16, 13)",fireproof_button_v1,5000
24,60,0.2,bot2,success,13,11900009873124677140,7422340041022067975,"(9, 6)","(3, 11)","(16, 13)",fireproof_button_v1,5000
24,60,0.2,bot3,success,13,11900009873124677140,7422340041022067975,"(9, 6)","(3, 11)","(16, 13)",fireproof_button_v1,5000
24,60,0.2,bot4,success,13,11900009873124677140,7422340041022067975,"(9, 6)","(3, 11)","(16, 13)",fireproof_button_v1,5000
24,60,0.3,bot1,success,13,11900009873124677140,7422340041022067975,"(9, 6)","(3, 11)","(16, 13)",fireproof_button_v1,5000
24,60,0.3,bot2,success,13,11900009873124677140,7422340041022067975,"(9, 6)","(3, 11)","(16, 13)",fireproof_button_v1,5000
24,60,0.3,bot3,success,13,11900009873124677140,7422340041022067975,"(9, 6)","(3, 11)","(16, 13)",fireproof_button_v1,5000
24,60,0.3,bot4,success,13,11900009873124677140,7422340041022067975,"(9, 6)","(3, 11)","(16, 13)",fireproof_button_v1,5000
24,60,0.4,bot1,success,13,11900009873124677140,7422340041022067975,"(9, 6)","(3, 11)","(16, 13)",fireproof_button_v1,5000
24,60,0.4,bot2,success,13,11900009873124677140,7422340041022067975,"(9, 6)","(3, 11)","(16, 13)",fireproof_button_v1,5000
24,60,0.4,bot3,success,13,11900009873124677140,7422340041022067975,"(9, 6)","(3, 11)","(16, 13)",fireproof_button_v1,5000
24,60,0.4,bot4,success,13,11900009873124677140,7422340041022067975,"(9, 6)","(3, 11)","(16, 13)",fireproof_button_v1,5000
24,60,0.5,bot1,success,13,11900009873124677140,7422340041022067975,"(9, 6)","(3, 11)","(16, 13)",fireproof_button_v1,5000
24,60,0.5,bot2,success,13,11900009873124677140,7422340041022067975,"(9, 6)","(3, 11)","(16, 13)",fireproof_button_v1,5000
24,60,0.5,bot3,success,13,11900009873124677140,7422340041022067975,"(9, 6)","(3, 11)","(16, 13)",fireproof_button_v1,5000
24,60,0.5,bot4,success,13,11900009873124677140,7422340041022067975,"(9, 6)","(3, 11)","(16, 13)",fireproof_button_v1,5000
24,60,0.6,bot1,success,13,11900009873124677140,7422340041022067975,"(9, 6)","(3, 11)","(16, 13)",fireproof_button_v1,5000
24,60,0.6,bot2,success,13,11900009873124677140,7422340041022067975,"(9, 6)","(3, 11)","(16, 13)",fireproof_button_v1,5000
24,60,0.6,bot3,success,13,11900009873124677140,7422340041022067975,"(9, 6)","(3, 11)","(16, 13)",fireproof_button_v1,5000
24,60,0.6,bot4,success,13,11900009873124677140,7422340041022067975,"(9, 6)","(3, 11)","(16, 13)",fireproof_button_v1,5000
24,60,0.7,bot1,success,13,11900009873124677140,7422340041022067975,"(9, 6)","(3, 11)","(16, 13)",fireproof_button_v1,5000
24,60,0.7,bot2,success,13,11900009873124677140,7422340041022067975,"(9, 6)","(3, 11)","(16, 13)",fireproof_button_v1,5000
24,60,0.7,bot3,success,13,11900009873124677140,7422340041022067975,"(9, 6)","(3, 11)","(16, 13)",fireproof_button_v1,5000
24,60,0.7,bot4,success,13,11900009873124677140,7422340041022067975,"(9, 6)","(3, 11)","(16, 13)",fireproof_button_v1,5000
24,60,0.8,bot1,success,13,11900009873124677140,7422340041022067975,"(9, 6)","(3, 11)","(16, 13)",fireproof_button_v1,5000
24,60,0.8,bot2,success,13,11900009873124677140,7422340041022067975,"(9, 6)","(3, 11)","(16, 13)",fireproof_button_v1,5000
24,60,0.8,bot3,success,13,11900009873124677140,7422340041022067975,"(9, 6)","(3, 11)","(16, 13)",fireproof_button_v1,5000
24,60,0.8,bot4,success,13,11900009873124677140,7422340041022067975,"(9, 6)","(3, 11)","(16, 13)",fireproof_button_v1,5000
24,60,0.9,bot1,success,13,11900009873124677140,7422340041022067975,"(9, 6)","(3, 11)","(16, 13)",fireproof_button_v1,5000
24,60,0.9,bot2,success,13,11900009873124677140,7422340041022067975,"(9, 6)","(3, 11)","(16, 13)",fireproof_button_v1,5000
24,60,0.9,bot3,success,13,11900009873124677140,7422340041022067975,"(9, 6)","(3, 11)","(16, 13)",fireproof_button_v1,5000
24,60,0.9,bot4,success,13,11900009873124677140,7422340041022067975,"(9, 6)","(3, 11)","(16, 13)",fireproof_button_v1,5000
24,60,1.0,bot1,success,13,11900009873124677140,7422340041022067975,"(9, 6)","(3, 11)","(16, 13)",fireproof_button_v1,5000
24,60,1.0,bot2,success,13,11900009873124677140,7422340041022067975,"(9, 6)","(3, 11)","(16, 13)",fireproof_button_v1,5000
24,60,1.0,bot3,success,13,11900009873124677140,7422340041022067975,"(9, 6)","(3, 11)","(16, 13)",fireproof_button_v1,5000
24,60,1.0,bot4,success,13,11900009873124677140,7422340041022067975,"(9, 6)","(3, 11)","(16, 13)",fireproof_button_v1,5000
25,60,0.0,bot1,success,16,10062127116859626498,7265544783151429057,"(9, 40)","(19, 44)","(3, 31)",fireproof_button_v1,5000
25,60,0.0,bot2,success,16,10062127116859626498,7265544783151429057,"(9, 40)","(19, 44)","(3, 31)",fireproof_button_v1,5000
25,60,0.0,bot3,success,16,10062127116859626498,7265544783151429057,"(9, 40)","(19, 44)","(3, 31)",fireproof_button_v1,5000
25,60,0.0,bot4,success,16,10062127116859626498,7265544783151429057,"(9, 40)","(19, 44)","(3, 31)",fireproof_button_v1,5000
25,60,0.1,bot1,success,16,10062127116859626498,7265544783151429057,"(9, 40)","(19, 44)","(3, 31)",fireproof_button_v1,5000
25,60,0.1,bot2,success,16,10062127116859626498,7265544783151429057,"(9, 40)","(19, 44)","(3, 31)",fireproof_button_v1,5000
25,60,0.1,bot3,success,16,10062127116859626498,7265544783151429057,"(9, 40)","(19, 44)","(3, 31)",fireproof_button_v1,5000
25,60,0.1,bot4,success,16,10062127116859626498,7265544783151429057,"(9, 40)","(19, 44)","(3, 31)",fireproof_button_v1,5000
25,60,0.2,bot1,success,16,10062127116859626498,7265544783151429057,"(9, 40)","(19, 44)","(3, 31)",fireproof_button_v1,5000
25,60,0.2,bot2,success,16,10062127116859626498,7265544783151429057,"(9, 40)","(19, 44)","(3, 31)",fireproof_button_v1,5000
25,60,0.2,bot3,success,16,10062127116859626498,7265544783151429057,"(9, 40)","(19, 44)","(3, 31)",fireproof_button_v1,5000
25,60,0.2,bot4,success,16,10062127116859626498,7265544783151429057,"(9, 40)","(19, 44)","(3, 31)",fireproof_button_v1,5000
25,60,0.3,bot1,success,16,10062127116859626498,7265544783151429057,"(9, 40)","(19, 44)","(3, 31)",fireproof_button_v1,5000
25,60,0.3,bot2,success,16,10062127116859626498,7265544783151429057,"(9, 40)","(19, 44)","(3, 31)",fireproof_button_v1,5000
25,60,0.3,bot3,success,16,10062127116859626498,7265544783151429057,"(9, 40)","(19, 44)","(3, 31)",fireproof_button_v1,5000
25,60,0.3,bot4,success,16,10062127116859626498,7265544783151429057,"(9, 40)","(19, 44)","(3, 31)",fireproof_button_v1,5000
25,60,0.4,bot1,success,16,10062127116859626498,7265544783151429057,"(9, 40)","(19, 44)","(3, 31)",fireproof_button_v1,5000
25,60,0.4,bot2,success,16,10062127116859626498,7265544783151429057,"(9, 40)","(19, 44)","(3, 31)",fireproof_button_v1,5000
25,60,0.4,bot3,success,16,10062127116859626498,7265544783151429057,"(9, 40)","(19, 44)","(3, 31)",fireproof_button_v1,5000
25,60,0.4,bot4,success,16,10062127116859626498,7265544783151429057,"(9, 40)","(19, 44)","(3, 31)",fireproof_button_v1,5000
25,60,0.5,bot1,success,16,10062127116859626498,7265544783151429057,"(9, 40)","(19, 44)","(3, 31)",fireproof_button_v1,5000
25,60,0.5,bot2,success,16,10062127116859626498,7265544783151429057,"(9, 40)","(19, 44)","(3, 31)",fireproof_button_v1,5000
25,60,0.5,bot3,success,16,10062127116859626498,7265544783151429057,"(9, 40)","(19, 44)","(3, 31)",fireproof_button_v1,5000
25,60,0.5,bot4,success,16,10062127116859626498,7265544783151429057,"(9, 40)","(19, 44)","(3, 31)",fireproof_button_v1,5000
25,60,0.6,bot1,success,16,10062127116859626498,7265544783151429057,"(9, 40)","(19, 44)","(3, 31)",fireproof_button_v1,5000
25,60,0.6,bot2,success,16,10062127116859626498,7265544783151429057,"(9, 40)","(19, 44)","(3, 31)",fireproof_button_v1,5000
25,60,0.6,bot3,success,16,10062127116859626498,7265544783151429057,"(9, 40)","(19, 44)","(3, 31)",fireproof_button_v1,5000
25,60,0.6,bot4,success,16,10062127116859626498,7265544783151429057,"(9, 40)","(19, 44)","(3, 31)",fireproof_button_v1,5000
25,60,0.7,bot1,success,16,10062127116859626498,7265544783151429057,"(9, 40)","(19, 44)","(3, 31)",fireproof_button_v1,5000
25,60,0.7,bot2,success,16,10062127116859626498,7265544783151429057,"(9, 40)","(19, 44)","(3, 31)",fireproof_button_v1,5000
25,60,0.7,bot3,success,16,10062127116859626498,7265544783151429057,"(9, 40)","(19, 44)","(3, 31)",fireproof_button_v1,5000
25,60,0.7,bot4,success,16,10062127116859626498,7265544783151429057,"(9, 40)","(19, 44)","(3, 31)",fireproof_button_v1,5000
25,60,0.8,bot1,success,16,10062127116859626498,7265544783151429057,"(9, 40)","(19, 44)","(3, 31)",fireproof_button_v1,5000
25,60,0.8,bot2,success,16,10062127116859626498,7265544783151429057,"(9, 40)","(19, 44)","(3, 31)",fireproof_button_v1,5000
25,60,0.8,bot3,success,16,10062127116859626498,7265544783151429057,"(9, 40)","(19, 44)","(3, 31)",fireproof_button_v1,5000
25,60,0.8,bot4,success,16,10062127116859626498,7265544783151429057,"(9, 40)","(19, 44)","(3, 31)",fireproof_button_v1,5000
25,60,0.9,bot1,success,16,10062127116859626498,7265544783151429057,"(9, 40)","(19, 44)","(3, 31)",fireproof_button_v1,5000
25,60,0.9,bot2,success,16,10062127116859626498,7265544783151429057,"(9, 40)","(19, 44)","(3, 31)",fireproof_button_v1,5000
25,60,0.9,bot3,success,16,10062127116859626498,7265544783151429057,"(9, 40)","(19, 44)","(3, 31)",fireproof_button_v1,5000
25,60,0.9,bot4,success,16,10062127116859626498,7265544783151429057,"(9, 40)","(19, 44)","(3, 31)",fireproof_button_v1,5000
25,60,1.0,bot1,success,16,10062127116859626498,7265544783151429057,"(9, 40)","(19, 44)","(3, 31)",fireproof_button_v1,5000
25,60,1.0,bot2,success,16,10062127116859626498,7265544783151429057,"(9, 40)","(19, 44)","(3, 31)",fireproof_button_v1,5000
25,60,1.0,bot3,success,16,10062127116859626498,7265544783151429057,"(9, 40)","(19, 44)","(3, 31)",fireproof_button_v1,5000
25,60,1.0,bot4,success,16,10062127116859626498,7265544783151429057,"(9, 40)","(19, 44)","(3, 31)",fireproof_button_v1,5000
26,60,0.0,bot1,success,65,13015132447289096183,11989341080458020828,"(6, 56)","(39, 30)","(19, 17)",fireproof_button_v1,5000
26,60,0.0,bot2,success,65,13015132447289096183,11989341080458020828,"(6, 56)","(39, 30)","(19, 17)",fireproof_button_v1,5000
26,60,0.0,bot3,success,65,13015132447289096183,11989341080458020828,"(6, 56)","(39, 30)","(19, 17)",fireproof_button_v1,5000
26,60,0.0,bot4,success,65,13015132447289096183,11989341080458020828,"(6, 56)","(39, 30)","(19, 17)",fireproof_button_v1,5000
26,60,0.1,bot1,success,65,13015132447289096183,11989341080458020828,"(6, 56)","(39, 30)","(19, 17)",fireproof_button_v1,5000
26,60,0.1,bot2,success,65,13015132447289096183,11989341080458020828,"(6, 56)","(39, 30)","(19, 17)",fireproof_button_v1,5000
26,60,0.1,bot3,success,65,13015132447289096183,11989341080458020828,"(6, 56)","(39, 30)","(19, 17)",fireproof_button_v1,5000
26,60,0.1,bot4,success,65,13015132447289096183,11989341080458020828,"(6, 56)","(39, 30)","(19, 17)",fireproof_button_v1,5000
26,60,0.2,bot1,success,65,13015132447289096183,11989341080458020828,"(6, 56)","(39, 30)","(19, 17)",fireproof_button_v1,5000
26,60,0.2,bot2,success,65,13015132447289096183,11989341080458020828,"(6, 56)","(39, 30)","(19, 17)",fireproof_button_v1,5000
26,60,0.2,bot3,success,65,13015132447289096183,11989341080458020828,"(6, 56)","(39, 30)","(19, 17)",fireproof_button_v1,5000
26,60,0.2,bot4,success,65,13015132447289096183,11989341080458020828,"(6, 56)","(39, 30)","(19, 17)",fireproof_button_v1,5000
26,60,0.3,bot1,success,65,13015132447289096183,11989341080458020828,"(6, 56)","(39, 30)","(19, 17)",fireproof_button_v1,5000
26,60,0.3,bot2,success,65,13015132447289096183,11989341080458020828,"(6, 56)","(39, 30)","(19, 17)",fireproof_button_v1,5000
26,60,0.3,bot3,success,65,13015132447289096183,11989341080458020828,"(6, 56)","(39, 30)","(19, 17)",fireproof_button_v1,5000
26,60,0.3,bot4,success,65,13015132447289096183,11989341080458020828,"(6, 56)","(39, 30)","(19, 17)",fireproof_button_v1,5000
26,60,0.4,bot1,success,65,13015132447289096183,11989341080458020828,"(6, 56)","(39, 30)","(19, 17)",fireproof_button_v1,5000
26,60,0.4,bot2,success,65,13015132447289096183,11989341080458020828,"(6, 56)","(39, 30)","(19, 17)",fireproof_button_v1,5000
26,60,0.4,bot3,success,65,13015132447289096183,11989341080458020828,"(6, 56)","(39, 30)","(19, 17)",fireproof_button_v1,5000
26,60,0.4,bot4,success,65,13015132447289096183,11989341080458020828,"(6, 56)","(39, 30)","(19, 17)",fireproof_button_v1,5000
26,60,0.5,bot1,success,65,13015132447289096183,11989341080458020828,"(6, 56)","(39, 30)","(19, 17)",fireproof_button_v1,5000
26,60,0.5,bot2,success,65,13015132447289096183,11989341080458020828,"(6, 56)","(39, 30)","(19, 17)",fireproof_button_v1,5000
26,60,0.5,bot3,success,65,13015132447289096183,11989341080458020828,"(6, 56)","(39, 30)","(19, 17)",fireproof_button_v1,5000
26,60,0.5,bot4,success,65,13015132447289096183,11989341080458020828,"(6, 56)","(39, 30)","(19, 17)",fireproof_button_v1,5000
26,60,0.6,bot1,burned,56,13015132447289096183,11989341080458020828,"(6, 56)","(39, 30)","(19, 17)",fireproof_button_v1,5000
26,60,0.6,bot2,burned,60,13015132447289096183,11989341080458020828,"(6, 56)","(39, 30)","(19, 17)",fireproof_button_v1,5000
26,60,0.6,bot3,burned,60,13015132447289096183,11989341080458020828,"(6, 56)","(39, 30)","(19, 17)",fireproof_button_v1,5000
26,60,0.6,bot4,burned,60,13015132447289096183,11989341080458020828,"(6, 56)","(39, 30)","(19, 17)",fireproof_button_v1,5000
26,60,0.7,bot1,burned,54,13015132447289096183,11989341080458020828,"(6, 56)","(39, 30)","(19, 17)",fireproof_button_v1,5000
26,60,0.7,bot2,burned,67,13015132447289096183,11989341080458020828,"(6, 56)","(39, 30)","(19, 17)",fireproof_button_v1,5000
26,60,0.7,bot3,burned,67,13015132447289096183,11989341080458020828,"(6, 56)","(39, 30)","(19, 17)",fireproof_button_v1,5000
26,60,0.7,bot4,burned,67,13015132447289096183,11989341080458020828,"(6, 56)","(39, 30)","(19, 17)",fireproof_button_v1,5000
26,60,0.8,bot1,burned,54,13015132447289096183,11989341080458020828,"(6, 56)","(39, 30)","(19, 17)",fireproof_button_v1,5000
26,60,0.8,bot2,burned,56,13015132447289096183,11989341080458020828,"(6, 56)","(39, 30)","(19, 17)",fireproof_button_v1,5000
26,60,0.8,bot3,burned,56,13015132447289096183,11989341080458020828,"(6, 56)","(39, 30)","(19, 17)",fireproof_button_v1,5000
26,60,0.8,bot4,burned,56,13015132447289096183,11989341080458020828,"(6, 56)","(39, 30)","(19, 17)",fireproof_button_v1,5000
26,60,0.9,bot1,burned,49,13015132447289096183,11989341080458020828,"(6, 56)","(39, 30)","(19, 17)",fireproof_button_v1,5000
26,60,0.9,bot2,burned,47,13015132447289096183,11989341080458020828,"(6, 56)","(39, 30)","(19, 17)",fireproof_button_v1,5000
26,60,0.9,bot3,burned,47,13015132447289096183,11989341080458020828,"(6, 56)","(39, 30)","(19, 17)",fireproof_button_v1,5000
26,60,0.9,bot4,burned,47,13015132447289096183,11989341080458020828,"(6, 56)","(39, 30)","(19, 17)",fireproof_button_v1,5000
26,60,1.0,bot1,burned,47,13015132447289096183,11989341080458020828,"(6, 56)","(39, 30)","(19, 17)",fireproof_button_v1,5000
26,60,1.0,bot2,burned,43,13015132447289096183,11989341080458020828,"(6, 56)","(39, 30)","(19, 17)",fireproof_button_v1,5000
26,60,1.0,bot3,burned,43,13015132447289096183,11989341080458020828,"(6, 56)","(39, 30)","(19, 17)",fireproof_button_v1,5000
26,60,1.0,bot4,burned,43,13015132447289096183,11989341080458020828,"(6, 56)","(39, 30)","(19, 17)",fireproof_button_v1,5000
27,60,0.0,bot1,success,62,17777043434284915870,12125717870251304547,"(36, 34)","(24, 0)","(38, 33)",fireproof_button_v1,5000
27,60,0.0,bot2,success,62,17777043434284915870,12125717870251304547,"(36, 34)","(24, 0)","(38, 33)",fireproof_button_v1,5000
27,60,0.0,bot3,success,62,17777043434284915870,12125717870251304547,"(36, 34)","(24, 0)","(38, 33)",fireproof_button_v1,5000
27,60,0.0,bot4,success,62,17777043434284915870,12125717870251304547,"(36, 34)","(24, 0)","(38, 33)",fireproof_button_v1,5000
27,60,0.1,bot1,burned,8,17777043434284915870,12125717870251304547,"(36, 34)","(24, 0)","(38, 33)",fireproof_button_v1,5000
27,60,0.1,bot2,success,72,17777043434284915870,12125717870251304547,"(36, 34)","(24, 0)","(38, 33)",fireproof_button_v1,5000
27,60,0.1,bot3,success,72,17777043434284915870,12125717870251304547,"(36, 34)","(24, 0)","(38, 33)",fireproof_button_v1,5000
27,60,0.1,bot4,success,66,17777043434284915870,12125717870251304547,"(36, 34)","(24, 0)","(38, 33)",fireproof_button_v1,5000
27,60,0.2,bot1,burned,8,17777043434284915870,12125717870251304547,"(36, 34)","(24, 0)","(38, 33)",fireproof_button_v1,5000
27,60,0.2,bot2,burned,8,17777043434284915870,12125717870251304547,"(36, 34)","(24, 0)","(38, 33)",fireproof_button_v1,5000
27,60,0.2,bot3,burned,8,17777043434284915870,12125717870251304547,"(36, 34)","(24, 0)","(38, 33)",fireproof_button_v1,5000
27,60,0.2,bot4,success,80,17777043434284915870,12125717870251304547,"(36, 34)","(24, 0)","(38, 33)",fireproof_button_v1,5000
27,60,0.3,bot1,burned,11,17777043434284915870,12125717870251304547,"(36, 34)","(24, 0)","(38, 33)",fireproof_button_v1,5000
27,60,0.3,bot2,success,64,17777043434284915870,12125717870251304547,"(36, 34)","(24, 0)","(38, 33)",fireproof_button_v1,5000
27,60,0.3,bot3,success,64,17777043434284915870,12125717870251304547,"(36, 34)","(24, 0)","(38, 33)",fireproof_button_v1,5000
27,60,0.3,bot4,success,66,17777043434284915870,12125717870251304547,"(36, 34)","(24, 0)","(38, 33)",fireproof_button_v1,5000
27,60,0.4,bot1,burned,8,17777043434284915870,12125717870251304547,"(36, 34)","(24, 0)","(38, 33)",fireproof_button_v1,5000
27,60,0.4,bot2,burned,9,17777043434284915870,12125717870251304547,"(36, 34)","(24, 0)","(38, 33)",fireproof_button_v1,5000
27,60,0.4,bot3,success,72,17777043434284915870,12125717870251304547,"(36, 34)","(24, 0)","(38, 33)",fireproof_button_v1,5000
27,60,0.4,bot4,success,66,17777043434284915870,12125717870251304547,"(36, 34)","(24, 0)","(38, 33)",fireproof_button_v1,5000
27,60,0.5,bot1,burned,7,17777043434284915870,12125717870251304547,"(36, 34)","(24, 0)","(38, 33)",fireproof_button_v1,5000
27,60,0.5,bot2,burned,53,17777043434284915870,12125717870251304547,"(36, 34)","(24, 0)","(38, 33)",fireproof_button_v1,5000
27,60,0.5,bot3,burned,31,17777043434284915870,12125717870251304547,"(36, 34)","(24, 0)","(38, 33)",fireproof_button_v1,5000
27,60,0.5,bot4,burned,53,17777043434284915870,12125717870251304547,"(36, 34)","(24, 0)","(38, 33)",fireproof_button_v1,5000
27,60,0.6,bot1,burned,3,17777043434284915870,12125717870251304547,"(36, 34)","(24, 0)","(38, 33)",fireproof_button_v1,5000
27,60,0.6,bot2,burned,3,17777043434284915870,12125717870251304547,"(36, 34)","(24, 0)","(38, 33)",fireproof_button_v1,5000
27,60,0.6,bot3,burned,39,17777043434284915870,12125717870251304547,"(36, 34)","(24, 0)","(38, 33)",fireproof_button_v1,5000
27,60,0.6,bot4,burned,3,17777043434284915870,12125717870251304547,"(36, 34)","(24, 0)","(38, 33)",fireproof_button_v1,5000
27,60,0.7,bot1,burned,3,17777043434284915870,12125717870251304547,"(36, 34)","(24, 0)","(38, 33)",fireproof_button_v1,5000
27,60,0.7,bot2,burned,3,17777043434284915870,12125717870251304547,"(36, 34)","(24, 0)","(38, 33)",fireproof_button_v1,5000
27,60,0.7,bot3,burned,17,17777043434284915870,12125717870251304547,"(36, 34)","(24, 0)","(38, 33)",fireproof_button_v1,5000
27,60,0.7,bot4,burned,3,17777043434284915870,12125717870251304547,"(36, 34)","(24, 0)","(38, 33)",fireproof_button_v1,5000
27,60,0.8,bot1,burned,3,17777043434284915870,12125717870251304547,"(36, 34)","(24, 0)","(38, 33)",fireproof_button_v1,5000
27,60,0.8,bot2,burned,11,17777043434284915870,12125717870251304547,"(36, 34)","(24, 0)","(38, 33)",fireproof_button_v1,5000
27,60,0.8,bot3,burned,11,17777043434284915870,12125717870251304547,"(36, 34)","(24, 0)","(38, 33)",fireproof_button_v1,5000
27,60,0.8,bot4,burned,11,17777043434284915870,12125717870251304547,"(36, 34)","(24, 0)","(38, 33)",fireproof_button_v1,5000
27,60,0.9,bot1,burned,3,17777043434284915870,12125717870251304547,"(36, 34)","(24, 0)","(38, 33)",fireproof_button_v1,5000
27,60,0.9,bot2,burned,25,17777043434284915870,12125717870251304547,"(36, 34)","(24, 0)","(38, 33)",fireproof_button_v1,5000
27,60,0.9,bot3,burned,25,17777043434284915870,12125717870251304547,"(36, 34)","(24, 0)","(38, 33)",fireproof_button_v1,5000
27,60,0.9,bot4,burned,25,17777043434284915870,12125717870251304547,"(36, 34)","(24, 0)","(38, 33)",fireproof_button_v1,5000
27,60,1.0,bot1,burned,3,17777043434284915870,12125717870251304547,"(36, 34)","(24, 0)","(38, 33)",fireproof_button_v1,5000
27,60,1.0,bot2,burned,21,17777043434284915870,12125717870251304547,"(36, 34)","(24, 0)","(38, 33)",fireproof_button_v1,5000
27,60,1.0,bot3,burned,21,17777043434284915870,12125717870251304547,"(36, 34)","(24, 0)","(38, 33)",fireproof_button_v1,5000
27,60,1.0,bot4,burned,21,17777043434284915870,12125717870251304547,"(36, 34)","(24, 0)","(38, 33)",fireproof_button_v1,5000
28,60,0.0,bot1,success,30,7890645797771421578,3604246435333879237,"(9, 42)","(29, 42)","(25, 57)",fireproof_button_v1,5000
28,60,0.0,bot2,success,30,7890645797771421578,3604246435333879237,"(9, 42)","(29, 42)","(25, 57)",fireproof_button_v1,5000
28,60,0.0,bot3,success,30,7890645797771421578,3604246435333879237,"(9, 42)","(29, 42)","(25, 57)",fireproof_button_v1,5000
28,60,0.0,bot4,success,30,7890645797771421578,3604246435333879237,"(9, 42)","(29, 42)","(25, 57)",fireproof_button_v1,5000
28,60,0.1,bot1,success,30,7890645797771421578,3604246435333879237,"(9, 42)","(29, 42)","(25, 57)",fireproof_button_v1,5000
28,60,0.1,bot2,success,30,7890645797771421578,3604246435333879237,"(9, 42)","(29, 42)","(25, 57)",fireproof_button_v1,5000
28,60,0.1,bot3,success,30,7890645797771421578,3604246435333879237,"(9, 42)","(29, 42)","(25, 57)",fireproof_button_v1,5000
28,60,0.1,bot4,success,30,7890645797771421578,3604246435333879237,"(9, 42)","(29, 42)","(25, 57)",fireproof_button_v1,5000
28,60,0.2,bot1,success,30,7890645797771421578,3604246435333879237,"(9, 42)","(29, 42)","(25, 57)",fireproof_button_v1,5000
28,60,0.2,bot2,success,30,7890645797771421578,3604246435333879237,"(9, 42)","(29, 42)","(25, 57)",fireproof_button_v1,5000
28,60,0.2,bot3,success,30,7890645797771421578,3604246435333879237,"(9, 42)","(29, 42)","(25, 57)",fireproof_button_v1,5000
28,60,0.2,bot4,success,30,7890645797771421578,3604246435333879237,"(9, 42)","(29, 42)","(25, 57)",fireproof_button_v1,5000
28,60,0.3,bot1,success,30,7890645797771421578,3604246435333879237,"(9, 42)","(29, 42)","(25, 57)",fireproof_button_v1,5000
28,60,0.3,bot2,success,30,7890645797771421578,3604246435333879237,"(9, 42)","(29, 42)","(25, 57)",fireproof_button_v1,5000
28,60,0.3,bot3,success,30,7890645797771421578,3604246435333879237,"(9, 42)","(29, 42)","(25, 57)",fireproof_button_v1,5000
28,60,0.3,bot4,success,30,7890645797771421578,3604246435333879237,"(9, 42)","(29, 42)","(25, 57)",fireproof_button_v1,5000
28,60,0.4,bot1,success,30,7890645797771421578,3604246435333879237,"(9, 42)","(29, 42)","(25, 57)",fireproof_button_v1,5000
28,60,0.4,bot2,success,30,7890645797771421578,3604246435333879237,"(9, 42)","(29, 42)","(25, 57)",fireproof_button_v1,5000
28,60,0.4,bot3,success,30,7890645797771421578,3604246435333879237,"(9, 42)","(29, 42)","(25, 57)",fireproof_button_v1,5000
28,60,0.4,bot4,success,30,7890645797771421578,3604246435333879237,"(9, 42)","(29, 42)","(25, 57)",fireproof_button_v1,5000
28,60,0.5,bot1,success,30,7890645797771421578,3604246435333879237,"(9, 42)","(29, 42)","(25, 57)",fireproof_button_v1,5000
28,60,0.5,bot2,success,30,7890645797771421578,3604246435333879237,"(9, 42)","(29, 42)","(25, 57)",fireproof_button_v1,5000
28,60,0.5,bot3,success,30,7890645797771421578,3604246435333879237,"(9, 42)","(29, 42)","(25, 57)",fireproof_button_v1,5000
28,60,0.5,bot4,success,30,7890645797771421578,3604246435333879237,"(9, 42)","(29, 42)","(25, 57)",fireproof_button_v1,5000
28,60,0.6,bot1,success,30,7890645797771421578,3604246435333879237,"(9, 42)","(29, 42)","(25, 57)",fireproof_button_v1,5000
28,60,0.6,bot2,success,30,7890645797771421578,3604246435333879237,"(9, 42)","(29, 42)","(25, 57)",fireproof_button_v1,5000
28,60,0.6,bot3,success,30,7890645797771421578,3604246435333879237,"(9, 42)","(29, 42)","(25, 57)",fireproof_button_v1,5000
28,60,0.6,bot4,success,30,7890645797771421578,3604246435333879237,"(9, 42)","(29, 42)","(25, 57)",fireproof_button_v1,5000
28,60,0.7,bot1,success,30,7890645797771421578,3604246435333879237,"(9, 42)","(29, 42)","(25, 57)",fireproof_button_v1,5000
28,60,0.7,bot2,success,30,7890645797771421578,3604246435333879237,"(9, 42)","(29, 42)","(25, 57)",fireproof_button_v1,5000
28,60,0.7,bot3,success,30,7890645797771421578,3604246435333879237,"(9, 42)","(29, 42)","(25, 57)",fireproof_button_v1,5000
28,60,0.7,bot4,success,30,7890645797771421578,3604246435333879237,"(9, 42)","(29, 42)","(25, 57)",fireproof_button_v1,5000
28,60,0.8,bot1,success,30,7890645797771421578,3604246435333879237,"(9, 42)","(29, 42)","(25, 57)",fireproof_button_v1,5000
28,60,0.8,bot2,success,30,7890645797771421578,3604246435333879237,"(9, 42)","(29, 42)","(25, 57)",fireproof_button_v1,5000
28,60,0.8,bot3,success,30,7890645797771421578,3604246435333879237,"(9, 42)","(29, 42)","(25, 57)",fireproof_button_v1,5000
28,60,0.8,bot4,success,30,7890645797771421578,3604246435333879237,"(9, 42)","(29, 42)","(25, 57)",fireproof_button_v1,5000
28,60,0.9,bot1,burned,29,7890645797771421578,3604246435333879237,"(9, 42)","(29, 42)","(25, 57)",fireproof_button_v1,5000
28,60,0.9,bot2,success,34,7890645797771421578,3604246435333879237,"(9, 42)","(29, 42)","(25, 57)",fireproof_button_v1,5000
28,60,0.9,bot3,success,34,7890645797771421578,3604246435333879237,"(9, 42)","(29, 42)","(25, 57)",fireproof_button_v1,5000
28,60,0.9,bot4,success,34,7890645797771421578,3604246435333879237,"(9, 42)","(29, 42)","(25, 57)",fireproof_button_v1,5000
28,60,1.0,bot1,burned,24,7890645797771421578,3604246435333879237,"(9, 42)","(29, 42)","(25, 57)",fireproof_button_v1,5000
28,60,1.0,bot2,burned,33,7890645797771421578,3604246435333879237,"(9, 42)","(29, 42)","(25, 57)",fireproof_button_v1,5000
28,60,1.0,bot3,burned,33,7890645797771421578,3604246435333879237,"(9, 42)","(29, 42)","(25, 57)",fireproof_button_v1,5000
28,60,1.0,bot4,burned,33,7890645797771421578,3604246435333879237,"(9, 42)","(29, 42)","(25, 57)",fireproof_button_v1,5000
29,60,0.0,bot1,success,42,13961848152786509642,13271404712709201425,"(16, 13)","(12, 37)","(35, 57)",fireproof_button_v1,5000
29,60,0.0,bot2,success,42,13961848152786509642,13271404712709201425,"(16, 13)","(12, 37)","(35, 57)",fireproof_button_v1,5000
29,60,0.0,bot3,success,42,13961848152786509642,13271404712709201425,"(16, 13)","(12, 37)","(35, 57)",fireproof_button_v1,5000
29,60,0.0,bot4,success,42,13961848152786509642,13271404712709201425,"(16, 13)","(12, 37)","(35, 57)",fireproof_button_v1,5000
29,60,0.1,bot1,success,42,13961848152786509642,13271404712709201425,"(16, 13)","(12, 37)","(35, 57)",fireproof_button_v1,5000
29,60,0.1,bot2,success,42,13961848152786509642,13271404712709201425,"(16, 13)","(12, 37)","(35, 57)",fireproof_button_v1,5000
29,60,0.1,bot3,success,42,13961848152786509642,13271404712709201425,"(16, 13)","(12, 37)","(35, 57)",fireproof_button_v1,5000
29,60,0.1,bot4,success,42,13961848152786509642,13271404712709201425,"(16, 13)","(12, 37)","(35, 57)",fireproof_button_v1,5000
29,60,0.2,bot1,success,42,13961848152786509642,13271404712709201425,"(16, 13)","(12, 37)","(35, 57)",fireproof_button_v1,5000
29,60,0.2,bot2,success,42,13961848152786509642,13271404712709201425,"(16, 13)","(12, 37)","(35, 57)",fireproof_button_v1,5000
29,60,0.2,bot3,success,42,13961848152786509642,13271404712709201425,"(16, 13)","(12, 37)","(35, 57)",fireproof_button_v1,5000
29,60,0.2,bot4,success,42,13961848152786509642,13271404712709201425,"(16, 13)","(12, 37)","(35, 57)",fireproof_button_v1,5000
29,60,0.3,bot1,success,42,13961848152786509642,13271404712709201425,"(16, 13)","(12, 37)","(35, 57)",fireproof_button_v1,5000
29,60,0.3,bot2,success,42,13961848152786509642,13271404712709201425,"(16, 13)","(12, 37)","(35, 57)",fireproof_button_v1,5000
29,60,0.3,bot3,success,42,13961848152786509642,13271404712709201425,"(16, 13)","(12, 37)","(35, 57)",fireproof_button_v1,5000
29,60,0.3,bot4,success,42,13961848152786509642,13271404712709201425,"(16, 13)","(12, 37)","(35, 57)",fireproof_button_v1,5000
29,60,0.4,bot1,success,42,13961848152786509642,13271404712709201425,"(16, 13)","(12, 37)","(35, 57)",fireproof_button_v1,5000
29,60,0.4,bot2,success,42,13961848152786509642,13271404712709201425,"(16, 13)","(12, 37)","(35, 57)",fireproof_button_v1,5000
29,60,0.4,bot3,success,42,13961848152786509642,13271404712709201425,"(16, 13)","(12, 37)","(35, 57)",fireproof_button_v1,5000
29,60,0.4,bot4,success,42,13961848152786509642,13271404712709201425,"(16, 13)","(12, 37)","(35, 57)",fireproof_button_v1,5000
29,60,0.5,bot1,success,42,13961848152786509642,13271404712709201425,"(16, 13)","(12, 37)","(35, 57)",fireproof_button_v1,5000
29,60,0.5,bot2,success,42,13961848152786509642,13271404712709201425,"(16, 13)","(12, 37)","(35, 57)",fireproof_button_v1,5000
29,60,0.5,bot3,success,42,13961848152786509642,13271404712709201425,"(16, 13)","(12, 37)","(35, 57)",fireproof_button_v1,5000
29,60,0.5,bot4,success,42,13961848152786509642,13271404712709201425,"(16, 13)","(12, 37)","(35, 57)",fireproof_button_v1,5000
29,60,0.6,bot1,success,42,13961848152786509642,13271404712709201425,"(16, 13)","(12, 37)","(35, 57)",fireproof_button_v1,5000
29,60,0.6,bot2,success,42,13961848152786509642,13271404712709201425,"(16, 13)","(12, 37)","(35, 57)",fireproof_button_v1,5000
29,60,0.6,bot3,success,42,13961848152786509642,13271404712709201425,"(16, 13)","(12, 37)","(35, 57)",fireproof_button_v1,5000
29,60,0.6,bot4,success,42,13961848152786509642,13271404712709201425,"(16, 13)","(12, 37)","(35, 57)",fireproof_button_v1,5000
29,60,0.7,bot1,success,42,13961848152786509642,13271404712709201425,"(16, 13)","(12, 37)","(35, 57)",fireproof_button_v1,5000
29,60,0.7,bot2,success,42,13961848152786509642,13271404712709201425,"(16, 13)","(12, 37)","(35, 57)",fireproof_button_v1,5000
29,60,0.7,bot3,success,42,13961848152786509642,13271404712709201425,"(16, 13)","(12, 37)","(35, 57)",fireproof_button_v1,5000
29,60,0.7,bot4,success,42,13961848152786509642,13271404712709201425,"(16, 13)","(12, 37)","(35, 57)",fireproof_button_v1,5000
29,60,0.8,bot1,success,42,13961848152786509642,13271404712709201425,"(16, 13)","(12, 37)","(35, 57)",fireproof_button_v1,5000
29,60,0.8,bot2,success,42,13961848152786509642,13271404712709201425,"(16, 13)","(12, 37)","(35, 57)",fireproof_button_v1,5000
29,60,0.8,bot3,success,42,13961848152786509642,13271404712709201425,"(16, 13)","(12, 37)","(35, 57)",fireproof_button_v1,5000
29,60,0.8,bot4,success,42,13961848152786509642,13271404712709201425,"(16, 13)","(12, 37)","(35, 57)",fireproof_button_v1,5000
29,60,0.9,bot1,success,42,13961848152786509642,13271404712709201425,"(16, 13)","(12, 37)","(35, 57)",fireproof_button_v1,5000
29,60,0.9,bot2,success,42,13961848152786509642,13271404712709201425,"(16, 13)","(12, 37)","(35, 57)",fireproof_button_v1,5000
29,60,0.9,bot3,success,42,13961848152786509642,13271404712709201425,"(16, 13)","(12, 37)","(35, 57)",fireproof_button_v1,5000
29,60,0.9,bot4,success,42,13961848152786509642,13271404712709201425,"(16, 13)","(12, 37)","(35, 57)",fireproof_button_v1,5000
29,60,1.0,bot1,success,42,13961848152786509642,13271404712709201425,"(16, 13)","(12, 37)","(35, 57)",fireproof_button_v1,5000
29,60,1.0,bot2,success,42,13961848152786509642,13271404712709201425,"(16, 13)","(12, 37)","(35, 57)",fireproof_button_v1,5000
29,60,1.0,bot3,success,42,13961848152786509642,13271404712709201425,"(16, 13)","(12, 37)","(35, 57)",fireproof_button_v1,5000
29,60,1.0,bot4,success,42,13961848152786509642,13271404712709201425,"(16, 13)","(12, 37)","(35, 57)",fireproof_button_v1,5000
30,60,0.0,bot1,success,59,10162661091477293867,5994367973503966298,"(46, 44)","(0, 49)","(54, 50)",fireproof_button_v1,5000
30,60,0.0,bot2,success,59,10162661091477293867,5994367973503966298,"(46, 44)","(0, 49)","(54, 50)",fireproof_button_v1,5000
30,60,0.0,bot3,success,59,10162661091477293867,5994367973503966298,"(46, 44)","(0, 49)","(54, 50)",fireproof_button_v1,5000
30,60,0.0,bot4,success,59,10162661091477293867,5994367973503966298,"(46, 44)","(0, 49)","(54, 50)",fireproof_button_v1,5000
30,60,0.1,bot1,success,59,10162661091477293867,5994367973503966298,"(46, 44)","(0, 49)","(54, 50)",fireproof_button_v1,5000
30,60,0.1,bot2,success,59,10162661091477293867,5994367973503966298,"(46, 44)","(0, 49)","(54, 50)",fireproof_button_v1,5000
30,60,0.1,bot3,success,59,10162661091477293867,5994367973503966298,"(46, 44)","(0, 49)","(54, 50)",fireproof_button_v1,5000
30,60,0.1,bot4,success,59,10162661091477293867,5994367973503966298,"(46, 44)","(0, 49)","(54, 50)",fireproof_button_v1,5000
30,60,0.2,bot1,success,59,10162661091477293867,5994367973503966298,"(46, 44)","(0, 49)","(54, 50)",fireproof_button_v1,5000
30,60,0.2,bot2,success,59,10162661091477293867,5994367973503966298,"(46, 44)","(0, 49)","(54, 50)",fireproof_button_v1,5000
30,60,0.2,bot3,success,59,10162661091477293867,5994367973503966298,"(46, 44)","(0, 49)","(54, 50)",fireproof_button_v1,5000
30,60,0.2,bot4,success,59,10162661091477293867,5994367973503966298,"(46, 44)","(0, 49)","(54, 50)",fireproof_button_v1,5000
30,60,0.3,bot1,success,59,10162661091477293867,5994367973503966298,"(46, 44)","(0, 49)","(54, 50)",fireproof_button_v1,5000
30,60,0.3,bot2,success,59,10162661091477293867,5994367973503966298,"(46, 44)","(0, 49)","(54, 50)",fireproof_button_v1,5000
30,60,0.3,bot3,success,59,10162661091477293867,5994367973503966298,"(46, 44)","(0, 49)","(54, 50)",fireproof_button_v1,5000
30,60,0.3,bot4,success,59,10162661091477293867,5994367973503966298,"(46, 44)","(0, 49)","(54, 50)",fireproof_button_v1,5000
30,60,0.4,bot1,success,59,10162661091477293867,5994367973503966298,"(46, 44)","(0, 49)","(54, 50)",fireproof_button_v1,5000
30,60,0.4,bot2,success,59,10162661091477293867,5994367973503966298,"(46, 44)","(0, 49)","(54, 50)",fireproof_button_v1,5000
30,60,0.4,bot3,success,59,10162661091477293867,5994367973503966298,"(46, 44)","(0, 49)","(54, 50)",fireproof_button_v1,5000
30,60,0.4,bot4,success,59,10162661091477293867,5994367973503966298,"(46, 44)","(0, 49)","(54, 50)",fireproof_button_v1,5000
30,60,0.5,bot1,success,59,10162661091477293867,5994367973503966298,"(46, 44)","(0, 49)","(54, 50)",fireproof_button_v1,5000
30,60,0.5,bot2,success,59,10162661091477293867,5994367973503966298,"(46, 44)","(0, 49)","(54, 50)",fireproof_button_v1,5000
30,60,0.5,bot3,success,59,10162661091477293867,5994367973503966298,"(46, 44)","(0, 49)","(54, 50)",fireproof_button_v1,5000
30,60,0.5,bot4,success,59,10162661091477293867,5994367973503966298,"(46, 44)","(0, 49)","(54, 50)",fireproof_button_v1,5000
30,60,0.6,bot1,success,59,10162661091477293867,5994367973503966298,"(46, 44)","(0, 49)","(54, 50)",fireproof_button_v1,5000
30,60,0.6,bot2,success,59,10162661091477293867,5994367973503966298,"(46, 44)","(0, 49)","(54, 50)",fireproof_button_v1,5000
30,60,0.6,bot3,success,59,10162661091477293867,5994367973503966298,"(46, 44)","(0, 49)","(54, 50)",fireproof_button_v1,5000
30,60,0.6,bot4,success,59,10162661091477293867,5994367973503966298,"(46, 44)","(0, 49)","(54, 50)",fireproof_button_v1,5000
30,60,0.7,bot1,success,59,10162661091477293867,5994367973503966298,"(46, 44)","(0, 49)","(54, 50)",fireproof_button_v1,5000
30,60,0.7,bot2,success,59,10162661091477293867,5994367973503966298,"(46, 44)","(0, 49)","(54, 50)",fireproof_button_v1,5000
30,60,0.7,bot3,success,59,10162661091477293867,5994367973503966298,"(46, 44)","(0, 49)","(54, 50)",fireproof_button_v1,5000
30,60,0.7,bot4,success,59,10162661091477293867,5994367973503966298,"(46, 44)","(0, 49)","(54, 50)",fireproof_button_v1,5000
30,60,0.8,bot1,success,59,10162661091477293867,5994367973503966298,"(46, 44)","(0, 49)","(54, 50)",fireproof_button_v1,5000
30,60,0.8,bot2,success,59,10162661091477293867,5994367973503966298,"(46, 44)","(0, 49)","(54, 50)",fireproof_button_v1,5000
30,60,0.8,bot3,success,59,10162661091477293867,5994367973503966298,"(46, 44)","(0, 49)","(54, 50)",fireproof_button_v1,5000
30,60,0.8,bot4,success,59,10162661091477293867,5994367973503966298,"(46, 44)","(0, 49)","(54, 50)",fireproof_button_v1,5000
30,60,0.9,bot1,success,59,10162661091477293867,5994367973503966298,"(46, 44)","(0, 49)","(54, 50)",fireproof_button_v1,5000
30,60,0.9,bot2,success,59,10162661091477293867,5994367973503966298,"(46, 44)","(0, 49)","(54, 50)",fireproof_button_v1,5000
30,60,0.9,bot3,success,59,10162661091477293867,5994367973503966298,"(46, 44)","(0, 49)","(54, 50)",fireproof_button_v1,5000
30,60,0.9,bot4,success,59,10162661091477293867,5994367973503966298,"(46, 44)","(0, 49)","(54, 50)",fireproof_button_v1,5000
30,60,1.0,bot1,success,59,10162661091477293867,5994367973503966298,"(46, 44)","(0, 49)","(54, 50)",fireproof_button_v1,5000
30,60,1.0,bot2,success,59,10162661091477293867,5994367973503966298,"(46, 44)","(0, 49)","(54, 50)",fireproof_button_v1,5000
30,60,1.0,bot3,success,59,10162661091477293867,5994367973503966298,"(46, 44)","(0, 49)","(54, 50)",fireproof_button_v1,5000
30,60,1.0,bot4,success,59,10162661091477293867,5994367973503966298,"(46, 44)","(0, 49)","(54, 50)",fireproof_button_v1,5000
31,60,0.0,bot1,success,74,876847791849809744,1440337296139658493,"(48, 8)","(6, 28)","(56, 12)",fireproof_button_v1,5000
31,60,0.0,bot2,success,74,876847791849809744,1440337296139658493,"(48, 8)","(6, 28)","(56, 12)",fireproof_button_v1,5000
31,60,0.0,bot3,success,74,876847791849809744,1440337296139658493,"(48, 8)","(6, 28)","(56, 12)",fireproof_button_v1,5000
31,60,0.0,bot4,success,74,876847791849809744,1440337296139658493,"(48, 8)","(6, 28)","(56, 12)",fireproof_button_v1,5000
31,60,0.1,bot1,success,74,876847791849809744,1440337296139658493,"(48, 8)","(6, 28)","(56, 12)",fireproof_button_v1,5000
31,60,0.1,bot2,success,74,876847791849809744,1440337296139658493,"(48, 8)","(6, 28)","(56, 12)",fireproof_button_v1,5000
31,60,0.1,bot3,success,74,876847791849809744,1440337296139658493,"(48, 8)","(6, 28)","(56, 12)",fireproof_button_v1,5000
31,60,0.1,bot4,success,74,876847791849809744,1440337296139658493,"(48, 8)","(6, 28)","(56, 12)",fireproof_button_v1,5000
31,60,0.2,bot1,success,74,876847791849809744,1440337296139658493,"(48, 8)","(6, 28)","(56, 12)",fireproof_button_v1,5000
31,60,0.2,bot2,success,74,876847791849809744,1440337296139658493,"(48, 8)","(6, 28)","(56, 12)",fireproof_button_v1,5000
31,60,0.2,bot3,success,74,876847791849809744,1440337296139658493,"(48, 8)","(6, 28)","(56, 12)",fireproof_button_v1,5000
31,60,0.2,bot4,success,74,876847791849809744,1440337296139658493,"(48, 8)","(6, 28)","(56, 12)",fireproof_button_v1,5000
31,60,0.3,bot1,success,74,876847791849809744,1440337296139658493,"(48, 8)","(6, 28)","(56, 12)",fireproof_button_v1,5000
31,60,0.3,bot2,success,74,876847791849809744,1440337296139658493,"(48, 8)","(6, 28)","(56, 12)",fireproof_button_v1,5000
31,60,0.3,bot3,success,74,876847791849809744,1440337296139658493,"(48, 8)","(6, 28)","(56, 12)",fireproof_button_v1,5000
31,60,0.3,bot4,success,74,876847791849809744,1440337296139658493,"(48, 8)","(6, 28)","(56, 12)",fireproof_button_v1,5000
31,60,0.4,bot1,success,74,876847791849809744,1440337296139658493,"(48, 8)","(6, 28)","(56, 12)",fireproof_button_v1,5000
31,60,0.4,bot2,success,74,876847791849809744,1440337296139658493,"(48, 8)","(6, 28)","(56, 12)",fireproof_button_v1,5000
31,60,0.4,bot3,success,74,876847791849809744,1440337296139658493,"(48, 8)","(6, 28)","(56, 12)",fireproof_button_v1,5000
31,60,0.4,bot4,success,74,876847791849809744,1440337296139658493,"(48, 8)","(6, 28)","(56, 12)",fireproof_button_v1,5000
31,60,0.5,bot1,success,74,876847791849809744,1440337296139658493,"(48, 8)","(6, 28)","(56, 12)",fireproof_button_v1,5000
31,60,0.5,bot2,success,74,876847791849809744,1440337296139658493,"(48, 8)","(6, 28)","(56, 12)",fireproof_button_v1,5000
31,60,0.5,bot3,success,74,876847791849809744,1440337296139658493,"(48, 8)","(6, 28)","(56, 12)",fireproof_button_v1,5000
31,60,0.5,bot4,success,74,876847791849809744,1440337296139658493,"(48, 8)","(6, 28)","(56, 12)",fireproof_button_v1,5000
31,60,0.6,bot1,success,74,876847791849809744,1440337296139658493,"(48, 8)","(6, 28)","(56, 12)",fireproof_button_v1,5000
31,60,0.6,bot2,success,74,876847791849809744,1440337296139658493,"(48, 8)","(6, 28)","(56, 12)",fireproof_button_v1,5000
31,60,0.6,bot3,success,74,876847791849809744,1440337296139658493,"(48, 8)","(6, 28)","(56, 12)",fireproof_button_v1,5000
31,60,0.6,bot4,success,74,876847791849809744,1440337296139658493,"(48, 8)","(6, 28)","(56, 12)",fireproof_button_v1,5000
31,60,0.7,bot1,success,74,876847791849809744,1440337296139658493,"(48, 8)","(6, 28)","(56, 12)",fireproof_button_v1,5000
31,60,0.7,bot2,success,74,876847791849809744,1440337296139658493,"(48, 8)","(6, 28)","(56, 12)",fireproof_button_v1,5000
31,60,0.7,bot3,success,74,876847791849809744,1440337296139658493,"(48, 8)","(6, 28)","(56, 12)",fireproof_button_v1,5000
31,60,0.7,bot4,success,74,876847791849809744,1440337296139658493,"(48, 8)","(6, 28)","(56, 12)",fireproof_button_v1,5000
31,60,0.8,bot1,success,74,876847791849809744,1440337296139658493,"(48, 8)","(6, 28)","(56, 12)",fireproof_button_v1,5000
31,60,0.8,bot2,success,74,876847791849809744,1440337296139658493,"(48, 8)","(6, 28)","(56, 12)",fireproof_button_v1,5000
31,60,0.8,bot3,success,74,876847791849809744,1440337296139658493,"(48, 8)","(6, 28)","(56, 12)",fireproof_button_v1,5000
31,60,0.8,bot4,success,74,876847791849809744,1440337296139658493,"(48, 8)","(6, 28)","(56, 12)",fireproof_button_v1,5000
31,60,0.9,bot1,success,74,876847791849809744,1440337296139658493,"(48, 8)","(6, 28)","(56, 12)",fireproof_button_v1,5000
31,60,0.9,bot2,success,74,876847791849809744,1440337296139658493,"(48, 8)","(6, 28)","(56, 12)",fireproof_button_v1,5000
31,60,0.9,bot3,success,74,876847791849809744,1440337296139658493,"(48, 8)","(6, 28)","(56, 12)",fireproof_button_v1,5000
31,60,0.9,bot4,success,74,876847791849809744,1440337296139658493,"(48, 8)","(6, 28)","(56, 12)",fireproof_button_v1,5000
31,60,1.0,bot1,success,74,876847791849809744,1440337296139658493,"(48, 8)","(6, 28)","(56, 12)",fireproof_button_v1,5000
31,60,1.0,bot2,success,74,876847791849809744,1440337296139658493,"(48, 8)","(6, 28)","(56, 12)",fireproof_button_v1,5000
31,60,1.0,bot3,success,74,876847791849809744,1440337296139658493,"(48, 8)","(6, 28)","(56, 12)",fireproof_button_v1,5000
31,60,1.0,bot4,success,74,876847791849809744,1440337296139658493,"(48, 8)","(6, 28)","(56, 12)",fireproof_button_v1,5000
32,60,0.0,bot1,success,54,11669073881494733466,12149657571158373275,"(15, 8)","(43, 30)","(19, 58)",fireproof_button_v1,5000
32,60,0.0,bot2,success,54,11669073881494733466,12149657571158373275,"(15, 8)","(43, 30)","(19, 58)",fireproof_button_v1,5000
32,60,0.0,bot3,success,54,11669073881494733466,12149657571158373275,"(15, 8)","(43, 30)","(19, 58)",fireproof_button_v1,5000
32,60,0.0,bot4,success,54,11669073881494733466,12149657571158373275,"(15, 8)","(43, 30)","(19, 58)",fireproof_button_v1,5000
32,60,0.1,bot1,success,54,11669073881494733466,12149657571158373275,"(15, 8)","(43, 30)","(19, 58)",fireproof_button_v1,5000
32,60,0.1,bot2,success,54,11669073881494733466,12149657571158373275,"(15, 8)","(43, 30)","(19, 58)",fireproof_button_v1,5000
32,60,0.1,bot3,success,54,11669073881494733466,12149657571158373275,"(15, 8)","(43, 30)","(19, 58)",fireproof_button_v1,5000
32,60,0.1,bot4,success,54,11669073881494733466,12149657571158373275,"(15, 8)","(43, 30)","(19, 58)",fireproof_button_v1,5000
32,60,0.2,bot1,success,54,11669073881494733466,12149657571158373275,"(15, 8)","(43, 30)","(19, 58)",fireproof_button_v1,5000
32,60,0.2,bot2,success,54,11669073881494733466,12149657571158373275,"(15, 8)","(43, 30)","(19, 58)",fireproof_button_v1,5000
32,60,0.2,bot3,success,54,11669073881494733466,12149657571158373275,"(15, 8)","(43, 30)","(19, 58)",fireproof_button_v1,5000
32,60,0.2,bot4,success,54,11669073881494733466,12149657571158373275,"(15, 8)","(43, 30)","(19, 58)",fireproof_button_v1,5000
32,60,0.3,bot1,success,54,11669073881494733466,12149657571158373275,"(15, 8)","(43, 30)","(19, 58)",fireproof_button_v1,5000
32,60,0.3,bot2,success,54,11669073881494733466,12149657571158373275,"(15, 8)","(43, 30)","(19, 58)",fireproof_button_v1,5000
32,60,0.3,bot3,success,54,11669073881494733466,12149657571158373275,"(15, 8)","(43, 30)","(19, 58)",fireproof_button_v1,5000
32,60,0.3,bot4,success,54,11669073881494733466,12149657571158373275,"(15, 8)","(43, 30)","(19, 58)",fireproof_button_v1,5000
32,60,0.4,bot1,success,54,11669073881494733466,12149657571158373275,"(15, 8)","(43, 30)","(19, 58)",fireproof_button_v1,5000
32,60,0.4,bot2,success,54,11669073881494733466,12149657571158373275,"(15, 8)","(43, 30)","(19, 58)",fireproof_button_v1,5000
32,60,0.4,bot3,success,54,11669073881494733466,12149657571158373275,"(15, 8)","(43, 30)","(19, 58)",fireproof_button_v1,5000
32,60,0.4,bot4,success,54,11669073881494733466,12149657571158373275,"(15, 8)","(43, 30)","(19, 58)",fireproof_button_v1,5000
32,60,0.5,bot1,success,54,11669073881494733466,12149657571158373275,"(15, 8)","(43, 30)","(19, 58)",fireproof_button_v1,5000
32,60,0.5,bot2,success,54,11669073881494733466,12149657571158373275,"(15, 8)","(43, 30)","(19, 58)",fireproof_button_v1,5000
32,60,0.5,bot3,success,54,11669073881494733466,12149657571158373275,"(15, 8)","(43, 30)","(19, 58)",fireproof_button_v1,5000
32,60,0.5,bot4,success,54,11669073881494733466,12149657571158373275,"(15, 8)","(43, 30)","(19, 58)",fireproof_button_v1,5000
32,60,0.6,bot1,success,54,11669073881494733466,12149657571158373275,"(15, 8)","(43, 30)","(19, 58)",fireproof_button_v1,5000
32,60,0.6,bot2,success,54,11669073881494733466,12149657571158373275,"(15, 8)","(43, 30)","(19, 58)",fireproof_button_v1,5000
32,60,0.6,bot3,success,54,11669073881494733466,12149657571158373275,"(15, 8)","(43, 30)","(19, 58)",fireproof_button_v1,5000
32,60,0.6,bot4,success,54,11669073881494733466,12149657571158373275,"(15, 8)","(43, 30)","(19, 58)",fireproof_button_v1,5000
32,60,0.7,bot1,success,54,11669073881494733466,12149657571158373275,"(15, 8)","(43, 30)","(19, 58)",fireproof_button_v1,5000
32,60,0.7,bot2,success,54,11669073881494733466,12149657571158373275,"(15, 8)","(43, 30)","(19, 58)",fireproof_button_v1,5000
32,60,0.7,bot3,success,54,11669073881494733466,12149657571158373275,"(15, 8)","(43, 30)","(19, 58)",fireproof_button_v1,5000
32,60,0.7,bot4,success,54,11669073881494733466,12149657571158373275,"(15, 8)","(43, 30)","(19, 58)",fireproof_button_v1,5000
32,60,0.8,bot1,success,54,11669073881494733466,12149657571158373275,"(15, 8)","(43, 30)","(19, 58)",fireproof_button_v1,5000
32,60,0.8,bot2,success,54,11669073881494733466,12149657571158373275,"(15, 8)","(43, 30)","(19, 58)",fireproof_button_v1,5000
32,60,0.8,bot3,success,54,11669073881494733466,12149657571158373275,"(15, 8)","(43, 30)","(19, 58)",fireproof_button_v1,5000
32,60,0.8,bot4,success,54,11669073881494733466,12149657571158373275,"(15, 8)","(43, 30)","(19, 58)",fireproof_button_v1,5000
32,60,0.9,bot1,success,54,11669073881494733466,12149657571158373275,"(15, 8)","(43, 30)","(19, 58)",fireproof_button_v1,5000
32,60,0.9,bot2,success,54,11669073881494733466,12149657571158373275,"(15, 8)","(43, 30)","(19, 58)",fireproof_button_v1,5000
32,60,0.9,bot3,success,54,11669073881494733466,12149657571158373275,"(15, 8)","(43, 30)","(19, 58)",fireproof_button_v1,5000
32,60,0.9,bot4,success,54,11669073881494733466,12149657571158373275,"(15, 8)","(43, 30)","(19, 58)",fireproof_button_v1,5000
32,60,1.0,bot1,success,54,11669073881494733466,12149657571158373275,"(15, 8)","(43, 30)","(19, 58)",fireproof_button_v1,5000
32,60,1.0,bot2,success,54,11669073881494733466,12149657571158373275,"(15, 8)","(43, 30)","(19, 58)",fireproof_button_v1,5000
32,60,1.0,bot3,success,54,11669073881494733466,12149657571158373275,"(15, 8)","(43, 30)","(19, 58)",fireproof_button_v1,5000
32,60,1.0,bot4,success,54,11669073881494733466,12149657571158373275,"(15, 8)","(43, 30)","(19, 58)",fireproof_button_v1,5000
33,60,0.0,bot1,success,35,5793772243922519604,1685004472550987456,"(26, 9)","(18, 34)","(50, 40)",fireproof_button_v1,5000
33,60,0.0,bot2,success,35,5793772243922519604,1685004472550987456,"(26, 9)","(18, 34)","(50, 40)",fireproof_button_v1,5000
33,60,0.0,bot3,success,35,5793772243922519604,1685004472550987456,"(26, 9)","(18, 34)","(50, 40)",fireproof_button_v1,5000
33,60,0.0,bot4,success,35,5793772243922519604,1685004472550987456,"(26, 9)","(18, 34)","(50, 40)",fireproof_button_v1,5000
33,60,0.1,bot1,success,35,5793772243922519604,1685004472550987456,"(26, 9)","(18, 34)","(50, 40)",fireproof_button_v1,5000
33,60,0.1,bot2,success,35,5793772243922519604,1685004472550987456,"(26, 9)","(18, 34)","(50, 40)",fireproof_button_v1,5000
33,60,0.1,bot3,success,35,5793772243922519604,1685004472550987456,"(26, 9)","(18, 34)","(50, 40)",fireproof_button_v1,5000
33,60,0.1,bot4,success,35,5793772243922519604,1685004472550987456,"(26, 9)","(18, 34)","(50, 40)",fireproof_button_v1,5000
33,60,0.2,bot1,success,35,5793772243922519604,1685004472550987456,"(26, 9)","(18, 34)","(50, 40)",fireproof_button_v1,5000
33,60,0.2,bot2,success,35,5793772243922519604,1685004472550987456,"(26, 9)","(18, 34)","(50, 40)",fireproof_button_v1,5000
33,60,0.2,bot3,success,35,5793772243922519604,1685004472550987456,"(26, 9)","(18, 34)","(50, 40)",fireproof_button_v1,5000
33,60,0.2,bot4,success,35,5793772243922519604,1685004472550987456,"(26, 9)","(18, 34)","(50, 40)",fireproof_button_v1,5000
33,60,0.3,bot1,success,35,5793772243922519604,1685004472550987456,"(26, 9)","(18, 34)","(50, 40)",fireproof_button_v1,5000
33,60,0.3,bot2,success,35,5793772243922519604,1685004472550987456,"(26, 9)","(18, 34)","(50, 40)",fireproof_button_v1,5000
33,60,0.3,bot3,success,35,5793772243922519604,1685004472550987456,"(26, 9)","(18, 34)","(50, 40)",fireproof_button_v1,5000
33,60,0.3,bot4,success,35,5793772243922519604,1685004472550987456,"(26, 9)","(18, 34)","(50, 40)",fireproof_button_v1,5000
33,60,0.4,bot1,success,35,5793772243922519604,1685004472550987456,"(26, 9)","(18, 34)","(50, 40)",fireproof_button_v1,5000
33,60,0.4,bot2,success,35,5793772243922519604,1685004472550987456,"(26, 9)","(18, 34)","(50, 40)",fireproof_button_v1,5000
33,60,0.4,bot3,success,35,5793772243922519604,1685004472550987456,"(26, 9)","(18, 34)","(50, 40)",fireproof_button_v1,5000
33,60,0.4,bot4,success,35,5793772243922519604,1685004472550987456,"(26, 9)","(18, 34)","(50, 40)",fireproof_button_v1,5000
33,60,0.5,bot1,success,35,5793772243922519604,1685004472550987456,"(26, 9)","(18, 34)","(50, 40)",fireproof_button_v1,5000
33,60,0.5,bot2,success,35,5793772243922519604,1685004472550987456,"(26, 9)","(18, 34)","(50, 40)",fireproof_button_v1,5000
33,60,0.5,bot3,success,35,5793772243922519604,1685004472550987456,"(26, 9)","(18, 34)","(50, 40)",fireproof_button_v1,5000
33,60,0.5,bot4,success,35,5793772243922519604,1685004472550987456,"(26, 9)","(18, 34)","(50, 40)",fireproof_button_v1,5000
33,60,0.6,bot1,success,35,5793772243922519604,1685004472550987456,"(26, 9)","(18, 34)","(50, 40)",fireproof_button_v1,5000
33,60,0.6,bot2,success,35,5793772243922519604,1685004472550987456,"(26, 9)","(18, 34)","(50, 40)",fireproof_button_v1,5000
33,60,0.6,bot3,success,35,5793772243922519604,1685004472550987456,"(26, 9)","(18, 34)","(50, 40)",fireproof_button_v1,5000
33,60,0.6,bot4,success,35,5793772243922519604,1685004472550987456,"(26, 9)","(18, 34)","(50, 40)",fireproof_button_v1,5000
33,60,0.7,bot1,success,35,5793772243922519604,1685004472550987456,"(26, 9)","(18, 34)","(50, 40)",fireproof_button_v1,5000
33,60,0.7,bot2,success,35,5793772243922519604,1685004472550987456,"(26, 9)","(18, 34)","(50, 40)",fireproof_button_v1,5000
33,60,0.7,bot3,success,35,5793772243922519604,1685004472550987456,"(26, 9)","(18, 34)","(50, 40)",fireproof_button_v1,5000
33,60,0.7,bot4,success,35,5793772243922519604,1685004472550987456,"(26, 9)","(18, 34)","(50, 40)",fireproof_button_v1,5000
33,60,0.8,bot1,success,35,5793772243922519604,1685004472550987456,"(26, 9)","(18, 34)","(50, 40)",fireproof_button_v1,5000
33,60,0.8,bot2,success,35,5793772243922519604,1685004472550987456,"(26, 9)","(18, 34)","(50, 40)",fireproof_button_v1,5000
33,60,0.8,bot3,success,35,5793772243922519604,1685004472550987456,"(26, 9)","(18, 34)","(50, 40)",fireproof_button_v1,5000
33,60,0.8,bot4,success,35,5793772243922519604,1685004472550987456,"(26, 9)","(18, 34)","(50, 40)",fireproof_button_v1,5000
33,60,0.9,bot1,success,35,5793772243922519604,1685004472550987456,"(26, 9)","(18, 34)","(50, 40)",fireproof_button_v1,5000
33,60,0.9,bot2,success,35,5793772243922519604,1685004472550987456,"(26, 9)","(18, 34)","(50, 40)",fireproof_button_v1,5000
33,60,0.9,bot3,success,35,5793772243922519604,1685004472550987456,"(26, 9)","(18, 34)","(50, 40)",fireproof_button_v1,5000
33,60,0.9,bot4,success,35,5793772243922519604,1685004472550987456,"(26, 9)","(18, 34)","(50, 40)",fireproof_button_v1,5000
33,60,1.0,bot1,success,35,5793772243922519604,1685004472550987456,"(26, 9)","(18, 34)","(50, 40)",fireproof_button_v1,5000
33,60,1.0,bot2,success,35,5793772243922519604,1685004472550987456,"(26, 9)","(18, 34)","(50, 40)",fireproof_button_v1,5000
33,60,1.0,bot3,success,35,5793772243922519604,1685004472550987456,"(26, 9)","(18, 34)","(50, 40)",fireproof_button_v1,5000
33,60,1.0,bot4,success,35,5793772243922519604,1685004472550987456,"(26, 9)","(18, 34)","(50, 40)",fireproof_button_v1,5000
34,60,0.0,bot1,success,47,12619618500344548895,16589625518926449567,"(1, 9)","(0, 35)","(6, 53)",fireproof_button_v1,5000
34,60,0.0,bot2,success,47,12619618500344548895,16589625518926449567,"(1, 9)","(0, 35)","(6, 53)",fireproof_button_v1,5000
34,60,0.0,bot3,success,47,12619618500344548895,16589625518926449567,"(1, 9)","(0, 35)","(6, 53)",fireproof_button_v1,5000
34,60,0.0,bot4,success,47,12619618500344548895,16589625518926449567,"(1, 9)","(0, 35)","(6, 53)",fireproof_button_v1,5000
34,60,0.1,bot1,success,47,12619618500344548895,16589625518926449567,"(1, 9)","(0, 35)","(6, 53)",fireproof_button_v1,5000
34,60,0.1,bot2,success,47,12619618500344548895,16589625518926449567,"(1, 9)","(0, 35)","(6, 53)",fireproof_button_v1,5000
34,60,0.1,bot3,success,47,12619618500344548895,16589625518926449567,"(1, 9)","(0, 35)","(6, 53)",fireproof_button_v1,5000
34,60,0.1,bot4,success,47,12619618500344548895,16589625518926449567,"(1, 9)","(0, 35)","(6, 53)",fireproof_button_v1,5000
34,60,0.2,bot1,success,47,12619618500344548895,16589625518926449567,"(1, 9)","(0, 35)","(6, 53)",fireproof_button_v1,5000
34,60,0.2,bot2,success,47,12619618500344548895,16589625518926449567,"(1, 9)","(0, 35)","(6, 53)",fireproof_button_v1,5000
34,60,0.2,bot3,success,47,12619618500344548895,16589625518926449567,"(1, 9)","(0, 35)","(6, 53)",fireproof_button_v1,5000
34,60,0.2,bot4,success,47,12619618500344548895,16589625518926449567,"(1, 9)","(0, 35)","(6, 53)",fireproof_button_v1,5000
34,60,0.3,bot1,success,47,12619618500344548895,16589625518926449567,"(1, 9)","(0, 35)","(6, 53)",fireproof_button_v1,5000
34,60,0.3,bot2,success,47,12619618500344548895,16589625518926449567,"(1, 9)","(0, 35)","(6, 53)",fireproof_button_v1,5000
34,60,0.3,bot3,success,47,12619618500344548895,16589625518926449567,"(1, 9)","(0, 35)","(6, 53)",fireproof_button_v1,5000
34,60,0.3,bot4,success,47,12619618500344548895,16589625518926449567,"(1, 9)","(0, 35)","(6, 53)",fireproof_button_v1,5000
34,60,0.4,bot1,success,47,12619618500344548895,16589625518926449567,"(1, 9)","(0, 35)","(6, 53)",fireproof_button_v1,5000
34,60,0.4,bot2,success,47,12619618500344548895,16589625518926449567,"(1, 9)","(0, 35)","(6, 53)",fireproof_button_v1,5000
34,60,0.4,bot3,success,47,12619618500344548895,16589625518926449567,"(1, 9)","(0, 35)","(6, 53)",fireproof_button_v1,5000
34,60,0.4,bot4,success,47,12619618500344548895,16589625518926449567,"(1, 9)","(0, 35)","(6, 53)",fireproof_button_v1,5000
34,60,0.5,bot1,success,47,12619618500344548895,16589625518926449567,"(1, 9)","(0, 35)","(6, 53)",fireproof_button_v1,5000
34,60,0.5,bot2,success,47,12619618500344548895,16589625518926449567,"(1, 9)","(0, 35)","(6, 53)",fireproof_button_v1,5000
34,60,0.5,bot3,success,47,12619618500344548895,16589625518926449567,"(1, 9)","(0, 35)","(6, 53)",fireproof_button_v1,5000
34,60,0.5,bot4,success,47,12619618500344548895,16589625518926449567,"(1, 9)","(0, 35)","(6, 53)",fireproof_button_v1,5000
34,60,0.6,bot1,burned,42,12619618500344548895,16589625518926449567,"(1, 9)","(0, 35)","(6, 53)",fireproof_button_v1,5000
34,60,0.6,bot2,burned,46,12619618500344548895,16589625518926449567,"(1, 9)","(0, 35)","(6, 53)",fireproof_button_v1,5000
34,60,0.6,bot3,burned,46,12619618500344548895,16589625518926449567,"(1, 9)","(0, 35)","(6, 53)",fireproof_button_v1,5000
34,60,0.6,bot4,burned,46,12619618500344548895,16589625518926449567,"(1, 9)","(0, 35)","(6, 53)",fireproof_button_v1,5000
34,60,0.7,bot1,burned,42,12619618500344548895,16589625518926449567,"(1, 9)","(0, 35)","(6, 53)",fireproof_button_v1,5000
34,60,0.7,bot2,burned,46,12619618500344548895,16589625518926449567,"(1, 9)","(0, 35)","(6, 53)",fireproof_button_v1,5000
34,60,0.7,bot3,burned,46,12619618500344548895,16589625518926449567,"(1, 9)","(0, 35)","(6, 53)",fireproof_button_v1,5000
34,60,0.7,bot4,burned,46,12619618500344548895,16589625518926449567,"(1, 9)","(0, 35)","(6, 53)",fireproof_button_v1,5000
34,60,0.8,bot1,burned,41,12619618500344548895,16589625518926449567,"(1, 9)","(0, 35)","(6, 53)",fireproof_button_v1,5000
34,60,0.8,bot2,burned,49,12619618500344548895,16589625518926449567,"(1, 9)","(0, 35)","(6, 53)",fireproof_button_v1,5000
34,60,0.8,bot3,burned,49,12619618500344548895,16589625518926449567,"(1, 9)","(0, 35)","(6, 53)",fireproof_button_v1,5000
34,60,0.8,bot4,burned,49,12619618500344548895,16589625518926449567,"(1, 9)","(0, 35)","(6, 53)",fireproof_button_v1,5000
34,60,0.9,bot1,burned,36,12619618500344548895,16589625518926449567,"(1, 9)","(0, 35)","(6, 53)",fireproof_button_v1,5000
34,60,0.9,bot2,burned,40,12619618500344548895,16589625518926449567,"(1, 9)","(0, 35)","(6, 53)",fireproof_button_v1,5000
34,60,0.9,bot3,burned,40,12619618500344548895,16589625518926449567,"(1, 9)","(0, 35)","(6, 53)",fireproof_button_v1,5000
34,60,0.9,bot4,burned,40,12619618500344548895,16589625518926449567,"(1, 9)","(0, 35)","(6, 53)",fireproof_button_v1,5000
34,60,1.0,bot1,burned,34,12619618500344548895,16589625518926449567,"(1, 9)","(0, 35)","(6, 53)",fireproof_button_v1,5000
34,60,1.0,bot2,burned,38,12619618500344548895,16589625518926449567,"(1, 9)","(0, 35)","(6, 53)",fireproof_button_v1,5000
34,60,1.0,bot3,burned,38,12619618500344548895,16589625518926449567,"(1, 9)","(0, 35)","(6, 53)",fireproof_button_v1,5000
34,60,1.0,bot4,burned,38,12619618500344548895,16589625518926449567,"(1, 9)","(0, 35)","(6, 53)",fireproof_button_v1,5000
35,60,0.0,bot1,success,31,16562062649373835180,3318716858119892643,"(30, 52)","(46, 37)","(32, 59)",fireproof_button_v1,5000
35,60,0.0,bot2,success,31,16562062649373835180,3318716858119892643,"(30, 52)","(46, 37)","(32, 59)",fireproof_button_v1,5000
35,60,0.0,bot3,success,31,16562062649373835180,3318716858119892643,"(30, 52)","(46, 37)","(32, 59)",fireproof_button_v1,5000
35,60,0.0,bot4,success,31,16562062649373835180,3318716858119892643,"(30, 52)","(46, 37)","(32, 59)",fireproof_button_v1,5000
35,60,0.1,bot1,success,31,16562062649373835180,3318716858119892643,"(30, 52)","(46, 37)","(32, 59)",fireproof_button_v1,5000
35,60,0.1,bot2,success,31,16562062649373835180,3318716858119892643,"(30, 52)","(46, 37)","(32, 59)",fireproof_button_v1,5000
35,60,0.1,bot3,success,31,16562062649373835180,3318716858119892643,"(30, 52)","(46, 37)","(32, 59)",fireproof_button_v1,5000
35,60,0.1,bot4,success,31,16562062649373835180,3318716858119892643,"(30, 52)","(46, 37)","(32, 59)",fireproof_button_v1,5000
35,60,0.2,bot1,success,31,16562062649373835180,3318716858119892643,"(30, 52)","(46, 37)","(32, 59)",fireproof_button_v1,5000
35,60,0.2,bot2,success,31,16562062649373835180,3318716858119892643,"(30, 52)","(46, 37)","(32, 59)",fireproof_button_v1,5000
35,60,0.2,bot3,success,31,16562062649373835180,3318716858119892643,"(30, 52)","(46, 37)","(32, 59)",fireproof_button_v1,5000
35,60,0.2,bot4,success,31,16562062649373835180,3318716858119892643,"(30, 52)","(46, 37)","(32, 59)",fireproof_button_v1,5000
35,60,0.3,bot1,success,31,16562062649373835180,3318716858119892643,"(30, 52)","(46, 37)","(32, 59)",fireproof_button_v1,5000
35,60,0.3,bot2,success,31,16562062649373835180,3318716858119892643,"(30, 52)","(46, 37)","(32, 59)",fireproof_button_v1,5000
35,60,0.3,bot3,success,31,16562062649373835180,3318716858119892643,"(30, 52)","(46, 37)","(32, 59)",fireproof_button_v1,5000
35,60,0.3,bot4,success,31,16562062649373835180,3318716858119892643,"(30, 52)","(46, 37)","(32, 59)",fireproof_button_v1,5000
35,60,0.4,bot1,success,31,16562062649373835180,3318716858119892643,"(30, 52)","(46, 37)","(32, 59)",fireproof_button_v1,5000
35,60,0.4,bot2,success,31,16562062649373835180,3318716858119892643,"(30, 52)","(46, 37)","(32, 59)",fireproof_button_v1,5000
35,60,0.4,bot3,success,31,16562062649373835180,3318716858119892643,"(30, 52)","(46, 37)","(32, 59)",fireproof_button_v1,5000
35,60,0.4,bot4,success,31,16562062649373835180,3318716858119892643,"(30, 52)","(46, 37)","(32, 59)",fireproof_button_v1,5000
35,60,0.5,bot1,success,31,16562062649373835180,3318716858119892643,"(30, 52)","(46, 37)","(32, 59)",fireproof_button_v1,5000
35,60,0.5,bot2,success,31,16562062649373835180,3318716858119892643,"(30, 52)","(46, 37)","(32, 59)",fireproof_button_v1,5000
35,60,0.5,bot3,success,31,16562062649373835180,3318716858119892643,"(30, 52)","(46, 37)","(32, 59)",fireproof_button_v1,5000
35,60,0.5,bot4,success,31,16562062649373835180,3318716858119892643,"(30, 52)","(46, 37)","(32, 59)",fireproof_button_v1,5000
35,60,0.6,bot1,success,31,16562062649373835180,3318716858119892643,"(30, 52)","(46, 37)","(32, 59)",fireproof_button_v1,5000
35,60,0.6,bot2,success,31,16562062649373835180,3318716858119892643,"(30, 52)","(46, 37)","(32, 59)",fireproof_button_v1,5000
35,60,0.6,bot3,success,31,16562062649373835180,3318716858119892643,"(30, 52)","(46, 37)","(32, 59)",fireproof_button_v1,5000
35,60,0.6,bot4,success,31,16562062649373835180,3318716858119892643,"(30, 52)","(46, 37)","(32, 59)",fireproof_button_v1,5000
35,60,0.7,bot1,success,31,16562062649373835180,3318716858119892643,"(30, 52)","(46, 37)","(32, 59)",fireproof_button_v1,5000
35,60,0.7,bot2,success,31,16562062649373835180,3318716858119892643,"(30, 52)","(46, 37)","(32, 59)",fireproof_button_v1,5000
35,60,0.7,bot3,success,31,16562062649373835180,3318716858119892643,"(30, 52)","(46, 37)","(32, 59)",fireproof_button_v1,5000
35,60,0.7,bot4,success,31,16562062649373835180,3318716858119892643,"(30, 52)","(46, 37)","(32, 59)",fireproof_button_v1,5000
35,60,0.8,bot1,success,31,16562062649373835180,3318716858119892643,"(30, 52)","(46, 37)","(32, 59)",fireproof_button_v1,5000
35,60,0.8,bot2,success,31,16562062649373835180,3318716858119892643,"(30, 52)","(46, 37)","(32, 59)",fireproof_button_v1,5000
35,60,0.8,bot3,success,31,16562062649373835180,3318716858119892643,"(30, 52)","(46, 37)","(32, 59)",fireproof_button_v1,5000
35,60,0.8,bot4,success,31,16562062649373835180,3318716858119892643,"(30, 52)","(46, 37)","(32, 59)",fireproof_button_v1,5000
35,60,0.9,bot1,success,31,16562062649373835180,3318716858119892643,"(30, 52)","(46, 37)","(32, 59)",fireproof_button_v1,5000
35,60,0.9,bot2,success,31,16562062649373835180,3318716858119892643,"(30, 52)","(46, 37)","(32, 59)",fireproof_button_v1,5000
35,60,0.9,bot3,success,31,16562062649373835180,3318716858119892643,"(30, 52)","(46, 37)","(32, 59)",fireproof_button_v1,5000
35,60,0.9,bot4,success,31,16562062649373835180,3318716858119892643,"(30, 52)","(46, 37)","(32, 59)",fireproof_button_v1,5000
35,60,1.0,bot1,success,31,16562062649373835180,3318716858119892643,"(30, 52)","(46, 37)","(32, 59)",fireproof_button_v1,5000
35,60,1.0,bot2,success,31,16562062649373835180,3318716858119892643,"(30, 52)","(46, 37)","(32, 59)",fireproof_button_v1,5000
35,60,1.0,bot3,success,31,16562062649373835180,3318716858119892643,"(30, 52)","(46, 37)","(32, 59)",fireproof_button_v1,5000
35,60,1.0,bot4,success,31,16562062649373835180,3318716858119892643,"(30, 52)","(46, 37)","(32, 59)",fireproof_button_v1,5000
36,60,0.0,bot1,success,54,18164057384909504287,18096897267944748992,"(0, 14)","(35, 25)","(22, 58)",fireproof_button_v1,5000
36,60,0.0,bot2,success,54,18164057384909504287,18096897267944748992,"(0, 14)","(35, 25)","(22, 58)",fireproof_button_v1,5000
36,60,0.0,bot3,success,54,18164057384909504287,18096897267944748992,"(0, 14)","(35, 25)","(22, 58)",fireproof_button_v1,5000
36,60,0.0,bot4,success,54,18164057384909504287,18096897267944748992,"(0, 14)","(35, 25)","(22, 58)",fireproof_button_v1,5000
36,60,0.1,bot1,success,54,18164057384909504287,18096897267944748992,"(0, 14)","(35, 25)","(22, 58)",fireproof_button_v1,5000
36,60,0.1,bot2,success,54,18164057384909504287,18096897267944748992,"(0, 14)","(35, 25)","(22, 58)",fireproof_button_v1,5000
36,60,0.1,bot3,success,54,18164057384909504287,18096897267944748992,"(0, 14)","(35, 25)","(22, 58)",fireproof_button_v1,5000
36,60,0.1,bot4,success,54,18164057384909504287,18096897267944748992,"(0, 14)","(35, 25)","(22, 58)",fireproof_button_v1,5000
36,60,0.2,bot1,success,54,18164057384909504287,18096897267944748992,"(0, 14)","(35, 25)","(22, 58)",fireproof_button_v1,5000
36,60,0.2,bot2,success,54,18164057384909504287,18096897267944748992,"(0, 14)","(35, 25)","(22, 58)",fireproof_button_v1,5000
36,60,0.2,bot3,success,54,18164057384909504287,18096897267944748992,"(0, 14)","(35, 25)","(22, 58)",fireproof_button_v1,5000
36,60,0.2,bot4,success,54,18164057384909504287,18096897267944748992,"(0, 14)","(35, 25)","(22, 58)",fireproof_button_v1,5000
36,60,0.3,bot1,success,54,18164057384909504287,18096897267944748992,"(0, 14)","(35, 25)","(22, 58)",fireproof_button_v1,5000
36,60,0.3,bot2,success,54,18164057384909504287,18096897267944748992,"(0, 14)","(35, 25)","(22, 58)",fireproof_button_v1,5000
36,60,0.3,bot3,success,54,18164057384909504287,18096897267944748992,"(0, 14)","(35, 25)","(22, 58)",fireproof_button_v1,5000
36,60,0.3,bot4,success,54,18164057384909504287,18096897267944748992,"(0, 14)","(35, 25)","(22, 58)",fireproof_button_v1,5000
36,60,0.4,bot1,success,54,18164057384909504287,18096897267944748992,"(0, 14)","(35, 25)","(22, 58)",fireproof_button_v1,5000
36,60,0.4,bot2,success,54,18164057384909504287,18096897267944748992,"(0, 14)","(35, 25)","(22, 58)",fireproof_button_v1,5000
36,60,0.4,bot3,success,54,18164057384909504287,18096897267944748992,"(0, 14)","(35, 25)","(22, 58)",fireproof_button_v1,5000
36,60,0.4,bot4,success,54,18164057384909504287,18096897267944748992,"(0, 14)","(35, 25)","(22, 58)",fireproof_button_v1,5000
36,60,0.5,bot1,success,54,18164057384909504287,18096897267944748992,"(0, 14)","(35, 25)","(22, 58)",fireproof_button_v1,5000
36,60,0.5,bot2,success,54,18164057384909504287,18096897267944748992,"(0, 14)","(35, 25)","(22, 58)",fireproof_button_v1,5000
36,60,0.5,bot3,success,54,18164057384909504287,18096897267944748992,"(0, 14)","(35, 25)","(22, 58)",fireproof_button_v1,5000
36,60,0.5,bot4,success,54,18164057384909504287,18096897267944748992,"(0, 14)","(35, 25)","(22, 58)",fireproof_button_v1,5000
36,60,0.6,bot1,success,54,18164057384909504287,18096897267944748992,"(0, 14)","(35, 25)","(22, 58)",fireproof_button_v1,5000
36,60,0.6,bot2,success,54,18164057384909504287,18096897267944748992,"(0, 14)","(35, 25)","(22, 58)",fireproof_button_v1,5000
36,60,0.6,bot3,success,54,18164057384909504287,18096897267944748992,"(0, 14)","(35, 25)","(22, 58)",fireproof_button_v1,5000
36,60,0.6,bot4,success,54,18164057384909504287,18096897267944748992,"(0, 14)","(35, 25)","(22, 58)",fireproof_button_v1,5000
36,60,0.7,bot1,success,54,18164057384909504287,18096897267944748992,"(0, 14)","(35, 25)","(22, 58)",fireproof_button_v1,5000
36,60,0.7,bot2,success,54,18164057384909504287,18096897267944748992,"(0, 14)","(35, 25)","(22, 58)",fireproof_button_v1,5000
36,60,0.7,bot3,success,54,18164057384909504287,18096897267944748992,"(0, 14)","(35, 25)","(22, 58)",fireproof_button_v1,5000
36,60,0.7,bot4,success,54,18164057384909504287,18096897267944748992,"(0, 14)","(35, 25)","(22, 58)",fireproof_button_v1,5000
36,60,0.8,bot1,success,54,18164057384909504287,18096897267944748992,"(0, 14)","(35, 25)","(22, 58)",fireproof_button_v1,5000
36,60,0.8,bot2,success,54,18164057384909504287,18096897267944748992,"(0, 14)","(35, 25)","(22, 58)",fireproof_button_v1,5000
36,60,0.8,bot3,success,54,18164057384909504287,18096897267944748992,"(0, 14)","(35, 25)","(22, 58)",fireproof_button_v1,5000
36,60,0.8,bot4,success,54,18164057384909504287,18096897267944748992,"(0, 14)","(35, 25)","(22, 58)",fireproof_button_v1,5000
36,60,0.9,bot1,success,54,18164057384909504287,18096897267944748992,"(0, 14)","(35, 25)","(22, 58)",fireproof_button_v1,5000
36,60,0.9,bot2,success,54,18164057384909504287,18096897267944748992,"(0, 14)","(35, 25)","(22, 58)",fireproof_button_v1,5000
36,60,0.9,bot3,success,54,18164057384909504287,18096897267944748992,"(0, 14)","(35, 25)","(22, 58)",fireproof_button_v1,5000
36,60,0.9,bot4,success,54,18164057384909504287,18096897267944748992,"(0, 14)","(35, 25)","(22, 58)",fireproof_button_v1,5000
36,60,1.0,bot1,success,54,18164057384909504287,18096897267944748992,"(0, 14)","(35, 25)","(22, 58)",fireproof_button_v1,5000
36,60,1.0,bot2,success,54,18164057384909504287,18096897267944748992,"(0, 14)","(35, 25)","(22, 58)",fireproof_button_v1,5000
36,60,1.0,bot3,success,54,18164057384909504287,18096897267944748992,"(0, 14)","(35, 25)","(22, 58)",fireproof_button_v1,5000
36,60,1.0,bot4,success,54,18164057384909504287,18096897267944748992,"(0, 14)","(35, 25)","(22, 58)",fireproof_button_v1,5000
37,60,0.0,bot1,success,39,4867056470450240029,1589547339802678519,"(49, 45)","(58, 17)","(22, 49)",fireproof_button_v1,5000
37,60,0.0,bot2,success,39,4867056470450240029,1589547339802678519,"(49, 45)","(58, 17)","(22, 49)",fireproof_button_v1,5000
37,60,0.0,bot3,success,39,4867056470450240029,1589547339802678519,"(49, 45)","(58, 17)","(22, 49)",fireproof_button_v1,5000
37,60,0.0,bot4,success,39,4867056470450240029,1589547339802678519,"(49, 45)","(58, 17)","(22, 49)",fireproof_button_v1,5000
37,60,0.1,bot1,success,39,4867056470450240029,1589547339802678519,"(49, 45)","(58, 17)","(22, 49)",fireproof_button_v1,5000
37,60,0.1,bot2,success,39,4867056470450240029,1589547339802678519,"(49, 45)","(58, 17)","(22, 49)",fireproof_button_v1,5000
37,60,0.1,bot3,success,39,4867056470450240029,1589547339802678519,"(49, 45)","(58, 17)","(22, 49)",fireproof_button_v1,5000
37,60,0.1,bot4,success,39,4867056470450240029,1589547339802678519,"(49, 45)","(58, 17)","(22, 49)",fireproof_button_v1,5000
37,60,0.2,bot1,success,39,4867056470450240029,1589547339802678519,"(49, 45)","(58, 17)","(22, 49)",fireproof_button_v1,5000
37,60,0.2,bot2,success,39,4867056470450240029,1589547339802678519,"(49, 45)","(58, 17)","(22, 49)",fireproof_button_v1,5000
37,60,0.2,bot3,success,39,4867056470450240029,1589547339802678519,"(49, 45)","(58, 17)","(22, 49)",fireproof_button_v1,5000
37,60,0.2,bot4,success,39,4867056470450240029,1589547339802678519,"(49, 45)","(58, 17)","(22, 49)",fireproof_button_v1,5000
37,60,0.3,bot1,success,39,4867056470450240029,1589547339802678519,"(49, 45)","(58, 17)","(22, 49)",fireproof_button_v1,5000
37,60,0.3,bot2,success,39,4867056470450240029,1589547339802678519,"(49, 45)","(58, 17)","(22, 49)",fireproof_button_v1,5000
37,60,0.3,bot3,success,39,4867056470450240029,1589547339802678519,"(49, 45)","(58, 17)","(22, 49)",fireproof_button_v1,5000
37,60,0.3,bot4,success,39,4867056470450240029,1589547339802678519,"(49, 45)","(58, 17)","(22, 49)",fireproof_button_v1,5000
37,60,0.4,bot1,success,39,4867056470450240029,1589547339802678519,"(49, 45)","(58, 17)","(22, 49)",fireproof_button_v1,5000
37,60,0.4,bot2,success,39,4867056470450240029,1589547339802678519,"(49, 45)","(58, 17)","(22, 49)",fireproof_button_v1,5000
37,60,0.4,bot3,success,39,4867056470450240029,1589547339802678519,"(49, 45)","(58, 17)","(22, 49)",fireproof_button_v1,5000
37,60,0.4,bot4,success,39,4867056470450240029,1589547339802678519,"(49, 45)","(58, 17)","(22, 49)",fireproof_button_v1,5000
37,60,0.5,bot1,success,39,4867056470450240029,1589547339802678519,"(49, 45)","(58, 17)","(22, 49)",fireproof_button_v1,5000
37,60,0.5,bot2,success,39,4867056470450240029,1589547339802678519,"(49, 45)","(58, 17)","(22, 49)",fireproof_button_v1,5000
37,60,0.5,bot3,success,39,4867056470450240029,1589547339802678519,"(49, 45)","(58, 17)","(22, 49)",fireproof_button_v1,5000
37,60,0.5,bot4,success,39,4867056470450240029,1589547339802678519,"(49, 45)","(58, 17)","(22, 49)",fireproof_button_v1,5000
37,60,0.6,bot1,success,39,4867056470450240029,1589547339802678519,"(49, 45)","(58, 17)","(22, 49)",fireproof_button_v1,5000
37,60,0.6,bot2,success,39,4867056470450240029,1589547339802678519,"(49, 45)","(58, 17)","(22, 49)",fireproof_button_v1,5000
37,60,0.6,bot3,success,39,4867056470450240029,1589547339802678519,"(49, 45)","(58, 17)","(22, 49)",fireproof_button_v1,5000
37,60,0.6,bot4,success,39,4867056470450240029,1589547339802678519,"(49, 45)","(58, 17)","(22, 49)",fireproof_button_v1,5000
37,60,0.7,bot1,success,39,4867056470450240029,1589547339802678519,"(49, 45)","(58, 17)","(22, 49)",fireproof_button_v1,5000
37,60,0.7,bot2,success,39,4867056470450240029,1589547339802678519,"(49, 45)","(58, 17)","(22, 49)",fireproof_button_v1,5000
37,60,0.7,bot3,success,39,4867056470450240029,1589547339802678519,"(49, 45)","(58, 17)","(22, 49)",fireproof_button_v1,5000
37,60,0.7,bot4,success,39,4867056470450240029,1589547339802678519,"(49, 45)","(58, 17)","(22, 49)",fireproof_button_v1,5000
37,60,0.8,bot1,success,39,4867056470450240029,1589547339802678519,"(49, 45)","(58, 17)","(22, 49)",fireproof_button_v1,5000
37,60,0.8,bot2,success,39,4867056470450240029,1589547339802678519,"(49, 45)","(58, 17)","(22, 49)",fireproof_button_v1,5000
37,60,0.8,bot3,success,39,4867056470450240029,1589547339802678519,"(49, 45)","(58, 17)","(22, 49)",fireproof_button_v1,5000
37,60,0.8,bot4,success,39,4867056470450240029,1589547339802678519,"(49, 45)","(58, 17)","(22, 49)",fireproof_button_v1,5000
37,60,0.9,bot1,success,39,4867056470450240029,1589547339802678519,"(49, 45)","(58, 17)","(22, 49)",fireproof_button_v1,5000
37,60,0.9,bot2,success,39,4867056470450240029,1589547339802678519,"(49, 45)","(58, 17)","(22, 49)",fireproof_button_v1,5000
37,60,0.9,bot3,success,39,4867056470450240029,1589547339802678519,"(49, 45)","(58, 17)","(22, 49)",fireproof_button_v1,5000
37,60,0.9,bot4,success,39,4867056470450240029,1589547339802678519,"(49, 45)","(58, 17)","(22, 49)",fireproof_button_v1,5000
37,60,1.0,bot1,success,39,4867056470450240029,1589547339802678519,"(49, 45)","(58, 17)","(22, 49)",fireproof_button_v1,5000
37,60,1.0,bot2,success,39,4867056470450240029,1589547339802678519,"(49, 45)","(58, 17)","(22, 49)",fireproof_button_v1,5000
37,60,1.0,bot3,success,39,4867056470450240029,1589547339802678519,"(49, 45)","(58, 17)","(22, 49)",fireproof_button_v1,5000
37,60,1.0,bot4,success,39,4867056470450240029,1589547339802678519,"(49, 45)","(58, 17)","(22, 49)",fireproof_button_v1,5000
38,60,0.0,bot1,success,13,15229443422142801630,4124352305686834551,"(29, 0)","(33, 5)","(37, 30)",fireproof_button_v1,5000
38,60,0.0,bot2,success,13,15229443422142801630,4124352305686834551,"(29, 0)","(33, 5)","(37, 30)",fireproof_button_v1,5000
38,60,0.0,bot3,success,13,15229443422142801630,4124352305686834551,"(29, 0)","(33, 5)","(37, 30)",fireproof_button_v1,5000
38,60,0.0,bot4,success,13,15229443422142801630,4124352305686834551,"(29, 0)","(33, 5)","(37, 30)",fireproof_button_v1,5000
38,60,0.1,bot1,success,13,15229443422142801630,4124352305686834551,"(29, 0)","(33, 5)","(37, 30)",fireproof_button_v1,5000
38,60,0.1,bot2,success,13,15229443422142801630,4124352305686834551,"(29, 0)","(33, 5)","(37, 30)",fireproof_button_v1,5000
38,60,0.1,bot3,success,13,15229443422142801630,4124352305686834551,"(29, 0)","(33, 5)","(37, 30)",fireproof_button_v1,5000
38,60,0.1,bot4,success,13,15229443422142801630,4124352305686834551,"(29, 0)","(33, 5)","(37, 30)",fireproof_button_v1,5000
38,60,0.2,bot1,success,13,15229443422142801630,4124352305686834551,"(29, 0)","(33, 5)","(37, 30)",fireproof_button_v1,5000
38,60,0.2,bot2,success,13,15229443422142801630,4124352305686834551,"(29, 0)","(33, 5)","(37, 30)",fireproof_button_v1,5000
38,60,0.2,bot3,success,13,15229443422142801630,4124352305686834551,"(29, 0)","(33, 5)","(37, 30)",fireproof_button_v1,5000
38,60,0.2,bot4,success,13,15229443422142801630,4124352305686834551,"(29, 0)","(33, 5)","(37, 30)",fireproof_button_v1,5000
38,60,0.3,bot1,success,13,15229443422142801630,4124352305686834551,"(29, 0)","(33, 5)","(37, 30)",fireproof_button_v1,5000
38,60,0.3,bot2,success,13,15229443422142801630,4124352305686834551,"(29, 0)","(33, 5)","(37, 30)",fireproof_button_v1,5000
38,60,0.3,bot3,success,13,15229443422142801630,4124352305686834551,"(29, 0)","(33, 5)","(37, 30)",fireproof_button_v1,5000
38,60,0.3,bot4,success,13,15229443422142801630,4124352305686834551,"(29, 0)","(33, 5)","(37, 30)",fireproof_button_v1,5000
38,60,0.4,bot1,success,13,15229443422142801630,4124352305686834551,"(29, 0)","(33, 5)","(37, 30)",fireproof_button_v1,5000
38,60,0.4,bot2,success,13,15229443422142801630,4124352305686834551,"(29, 0)","(33, 5)","(37, 30)",fireproof_button_v1,5000
38,60,0.4,bot3,success,13,15229443422142801630,4124352305686834551,"(29, 0)","(33, 5)","(37, 30)",fireproof_button_v1,5000
38,60,0.4,bot4,success,13,15229443422142801630,4124352305686834551,"(29, 0)","(33, 5)","(37, 30)",fireproof_button_v1,5000
38,60,0.5,bot1,success,13,15229443422142801630,4124352305686834551,"(29, 0)","(33, 5)","(37, 30)",fireproof_button_v1,5000
38,60,0.5,bot2,success,13,15229443422142801630,4124352305686834551,"(29, 0)","(33, 5)","(37, 30)",fireproof_button_v1,5000
38,60,0.5,bot3,success,13,15229443422142801630,4124352305686834551,"(29, 0)","(33, 5)","(37, 30)",fireproof_button_v1,5000
38,60,0.5,bot4,success,13,15229443422142801630,4124352305686834551,"(29, 0)","(33, 5)","(37, 30)",fireproof_button_v1,5000
38,60,0.6,bot1,success,13,15229443422142801630,4124352305686834551,"(29, 0)","(33, 5)","(37, 30)",fireproof_button_v1,5000
38,60,0.6,bot2,success,13,15229443422142801630,4124352305686834551,"(29, 0)","(33, 5)","(37, 30)",fireproof_button_v1,5000
38,60,0.6,bot3,success,13,15229443422142801630,4124352305686834551,"(29, 0)","(33, 5)","(37, 30)",fireproof_button_v1,5000
38,60,0.6,bot4,success,13,15229443422142801630,4124352305686834551,"(29, 0)","(33, 5)","(37, 30)",fireproof_button_v1,5000
38,60,0.7,bot1,success,13,15229443422142801630,4124352305686834551,"(29, 0)","(33, 5)","(37, 30)",fireproof_button_v1,5000
38,60,0.7,bot2,success,13,15229443422142801630,4124352305686834551,"(29, 0)","(33, 5)","(37, 30)",fireproof_button_v1,5000
38,60,0.7,bot3,success,13,15229443422142801630,4124352305686834551,"(29, 0)","(33, 5)","(37, 30)",fireproof_button_v1,5000
38,60,0.7,bot4,success,13,15229443422142801630,4124352305686834551,"(29, 0)","(33, 5)","(37, 30)",fireproof_button_v1,5000
38,60,0.8,bot1,success,13,15229443422142801630,4124352305686834551,"(29, 0)","(33, 5)","(37, 30)",fireproof_button_v1,5000
38,60,0.8,bot2,success,13,15229443422142801630,4124352305686834551,"(29, 0)","(33, 5)","(37, 30)",fireproof_button_v1,5000
38,60,0.8,bot3,success,13,15229443422142801630,4124352305686834551,"(29, 0)","(33, 5)","(37, 30)",fireproof_button_v1,5000
38,60,0.8,bot4,success,13,15229443422142801630,4124352305686834551,"(29, 0)","(33, 5)","(37, 30)",fireproof_button_v1,5000
38,60,0.9,bot1,success,13,15229443422142801630,4124352305686834551,"(29, 0)","(33, 5)","(37, 30)",fireproof_button_v1,5000
38,60,0.9,bot2,success,13,15229443422142801630,4124352305686834551,"(29, 0)","(33, 5)","(37, 30)",fireproof_button_v1,5000
38,60,0.9,bot3,success,13,15229443422142801630,4124352305686834551,"(29, 0)","(33, 5)","(37, 30)",fireproof_button_v1,5000
38,60,0.9,bot4,success,13,15229443422142801630,4124352305686834551,"(29, 0)","(33, 5)","(37, 30)",fireproof_button_v1,5000
38,60,1.0,bot1,success,13,15229443422142801630,4124352305686834551,"(29, 0)","(33, 5)","(37, 30)",fireproof_button_v1,5000
38,60,1.0,bot2,success,13,15229443422142801630,4124352305686834551,"(29, 0)","(33, 5)","(37, 30)",fireproof_button_v1,5000
38,60,1.0,bot3,success,13,15229443422142801630,4124352305686834551,"(29, 0)","(33, 5)","(37, 30)",fireproof_button_v1,5000
38,60,1.0,bot4,success,13,15229443422142801630,4124352305686834551,"(29, 0)","(33, 5)","(37, 30)",fireproof_button_v1,5000
39,60,0.0,bot1,success,20,2427986563880397145,16971872151537353636,"(33, 29)","(39, 15)","(41, 32)",fireproof_button_v1,5000
39,60,0.0,bot2,success,20,2427986563880397145,16971872151537353636,"(33, 29)","(39, 15)","(41, 32)",fireproof_button_v1,5000
39,60,0.0,bot3,success,20,2427986563880397145,16971872151537353636,"(33, 29)","(39, 15)","(41, 32)",fireproof_button_v1,5000
39,60,0.0,bot4,success,20,2427986563880397145,16971872151537353636,"(33, 29)","(39, 15)","(41, 32)",fireproof_button_v1,5000
39,60,0.1,bot1,success,20,2427986563880397145,16971872151537353636,"(33, 29)","(39, 15)","(41, 32)",fireproof_button_v1,5000
39,60,0.1,bot2,success,20,2427986563880397145,16971872151537353636,"(33, 29)","(39, 15)","(41, 32)",fireproof_button_v1,5000
39,60,0.1,bot3,success,20,2427986563880397145,16971872151537353636,"(33, 29)","(39, 15)","(41, 32)",fireproof_button_v1,5000
39,60,0.1,bot4,success,20,2427986563880397145,16971872151537353636,"(33, 29)","(39, 15)","(41, 32)",fireproof_button_v1,5000
39,60,0.2,bot1,success,20,2427986563880397145,16971872151537353636,"(33, 29)","(39, 15)","(41, 32)",fireproof_button_v1,5000
39,60,0.2,bot2,success,20,2427986563880397145,16971872151537353636,"(33, 29)","(39, 15)","(41, 32)",fireproof_button_v1,5000
39,60,0.2,bot3,success,20,2427986563880397145,16971872151537353636,"(33, 29)","(39, 15)","(41, 32)",fireproof_button_v1,5000
39,60,0.2,bot4,success,20,2427986563880397145,16971872151537353636,"(33, 29)","(39, 15)","(41, 32)",fireproof_button_v1,5000
39,60,0.3,bot1,success,20,2427986563880397145,16971872151537353636,"(33, 29)","(39, 15)","(41, 32)",fireproof_button_v1,5000
39,60,0.3,bot2,success,20,2427986563880397145,16971872151537353636,"(33, 29)","(39, 15)","(41, 32)",fireproof_button_v1,5000
39,60,0.3,bot3,success,20,2427986563880397145,16971872151537353636,"(33, 29)","(39, 15)","(41, 32)",fireproof_button_v1,5000
39,60,0.3,bot4,success,20,2427986563880397145,16971872151537353636,"(33, 29)","(39, 15)","(41, 32)",fireproof_button_v1,5000
39,60,0.4,bot1,success,20,2427986563880397145,16971872151537353636,"(33, 29)","(39, 15)","(41, 32)",fireproof_button_v1,5000
39,60,0.4,bot2,success,20,2427986563880397145,16971872151537353636,"(33, 29)","(39, 15)","(41, 32)",fireproof_button_v1,5000
39,60,0.4,bot3,success,20,2427986563880397145,16971872151537353636,"(33, 29)","(39, 15)","(41, 32)",fireproof_button_v1,5000
39,60,0.4,bot4,success,20,2427986563880397145,16971872151537353636,"(33, 29)","(39, 15)","(41, 32)",fireproof_button_v1,5000
39,60,0.5,bot1,success,20,2427986563880397145,16971872151537353636,"(33, 29)","(39, 15)","(41, 32)",fireproof_button_v1,5000
39,60,0.5,bot2,success,20,2427986563880397145,16971872151537353636,"(33, 29)","(39, 15)","(41, 32)",fireproof_button_v1,5000
39,60,0.5,bot3,success,20,2427986563880397145,16971872151537353636,"(33, 29)","(39, 15)","(41, 32)",fireproof_button_v1,5000
39,60,0.5,bot4,success,20,2427986563880397145,16971872151537353636,"(33, 29)","(39, 15)","(41, 32)",fireproof_button_v1,5000
39,60,0.6,bot1,success,20,2427986563880397145,16971872151537353636,"(33, 29)","(39, 15)","(41, 32)",fireproof_button_v1,5000
39,60,0.6,bot2,success,20,2427986563880397145,16971872151537353636,"(33, 29)","(39, 15)","(41, 32)",fireproof_button_v1,5000
39,60,0.6,bot3,success,20,2427986563880397145,16971872151537353636,"(33, 29)","(39, 15)","(41, 32)",fireproof_button_v1,5000
39,60,0.6,bot4,success,20,2427986563880397145,16971872151537353636,"(33, 29)","(39, 15)","(41, 32)",fireproof_button_v1,5000
39,60,0.7,bot1,success,20,2427986563880397145,16971872151537353636,"(33, 29)","(39, 15)","(41, 32)",fireproof_button_v1,5000
39,60,0.7,bot2,success,20,2427986563880397145,16971872151537353636,"(33, 29)","(39, 15)","(41, 32)",fireproof_button_v1,5000
39,60,0.7,bot3,success,20,2427986563880397145,16971872151537353636,"(33, 29)","(39, 15)","(41, 32)",fireproof_button_v1,5000
39,60,0.7,bot4,success,20,2427986563880397145,16971872151537353636,"(33, 29)","(39, 15)","(41, 32)",fireproof_button_v1,5000
39,60,0.8,bot1,success,20,2427986563880397145,16971872151537353636,"(33, 29)","(39, 15)","(41, 32)",fireproof_button_v1,5000
39,60,0.8,bot2,success,20,2427986563880397145,16971872151537353636,"(33, 29)","(39, 15)","(41, 32)",fireproof_button_v1,5000
39,60,0.8,bot3,success,20,2427986563880397145,16971872151537353636,"(33, 29)","(39, 15)","(41, 32)",fireproof_button_v1,5000
39,60,0.8,bot4,success,20,2427986563880397145,16971872151537353636,"(33, 29)","(39, 15)","(41, 32)",fireproof_button_v1,5000
39,60,0.9,bot1,success,20,2427986563880397145,16971872151537353636,"(33, 29)","(39, 15)","(41, 32)",fireproof_button_v1,5000
39,60,0.9,bot2,success,20,2427986563880397145,16971872151537353636,"(33, 29)","(39, 15)","(41, 32)",fireproof_button_v1,5000
39,60,0.9,bot3,success,20,2427986563880397145,16971872151537353636,"(33, 29)","(39, 15)","(41, 32)",fireproof_button_v1,5000
39,60,0.9,bot4,success,20,2427986563880397145,16971872151537353636,"(33, 29)","(39, 15)","(41, 32)",fireproof_button_v1,5000
39,60,1.0,bot1,success,20,2427986563880397145,16971872151537353636,"(33, 29)","(39, 15)","(41, 32)",fireproof_button_v1,5000
39,60,1.0,bot2,success,20,2427986563880397145,16971872151537353636,"(33, 29)","(39, 15)","(41, 32)",fireproof_button_v1,5000
39,60,1.0,bot3,success,20,2427986563880397145,16971872151537353636,"(33, 29)","(39, 15)","(41, 32)",fireproof_button_v1,5000
39,60,1.0,bot4,success,20,2427986563880397145,16971872151537353636,"(33, 29)","(39, 15)","(41, 32)",fireproof_button_v1,5000
40,60,0.0,bot1,success,81,3742178724375267938,7098156698687163111,"(38, 55)","(37, 9)","(41, 43)",fireproof_button_v1,5000
40,60,0.0,bot2,success,81,3742178724375267938,7098156698687163111,"(38, 55)","(37, 9)","(41, 43)",fireproof_button_v1,5000
40,60,0.0,bot3,success,81,3742178724375267938,7098156698687163111,"(38, 55)","(37, 9)","(41, 43)",fireproof_button_v1,5000
40,60,0.0,bot4,success,81,3742178724375267938,7098156698687163111,"(38, 55)","(37, 9)","(41, 43)",fireproof_button_v1,5000
40,60,0.1,bot1,burned,27,3742178724375267938,7098156698687163111,"(38, 55)","(37, 9)","(41, 43)",fireproof_button_v1,5000
40,60,0.1,bot2,success,83,3742178724375267938,7098156698687163111,"(38, 55)","(37, 9)","(41, 43)",fireproof_button_v1,5000
40,60,0.1,bot3,success,83,3742178724375267938,7098156698687163111,"(38, 55)","(37, 9)","(41, 43)",fireproof_button_v1,5000
40,60,0.1,bot4,success,91,3742178724375267938,7098156698687163111,"(38, 55)","(37, 9)","(41, 43)",fireproof_button_v1,5000
40,60,0.2,bot1,burned,23,3742178724375267938,7098156698687163111,"(38, 55)","(37, 9)","(41, 43)",fireproof_button_v1,5000
40,60,0.2,bot2,burned,40,3742178724375267938,7098156698687163111,"(38, 55)","(37, 9)","(41, 43)",fireproof_button_v1,5000
40,60,0.2,bot3,success,95,3742178724375267938,7098156698687163111,"(38, 55)","(37, 9)","(41, 43)",fireproof_button_v1,5000
40,60,0.2,bot4,success,91,3742178724375267938,7098156698687163111,"(38, 55)","(37, 9)","(41, 43)",fireproof_button_v1,5000
40,60,0.3,bot1,burned,19,3742178724375267938,7098156698687163111,"(38, 55)","(37, 9)","(41, 43)",fireproof_button_v1,5000
40,60,0.3,bot2,success,95,3742178724375267938,7098156698687163111,"(38, 55)","(37, 9)","(41, 43)",fireproof_button_v1,5000
40,60,0.3,bot3,success,91,3742178724375267938,7098156698687163111,"(38, 55)","(37, 9)","(41, 43)",fireproof_button_v1,5000
40,60,0.3,bot4,success,91,3742178724375267938,7098156698687163111,"(38, 55)","(37, 9)","(41, 43)",fireproof_button_v1,5000
40,60,0.4,bot1,burned,20,3742178724375267938,7098156698687163111,"(38, 55)","(37, 9)","(41, 43)",fireproof_button_v1,5000
40,60,0.4,bot2,success,113,3742178724375267938,7098156698687163111,"(38, 55)","(37, 9)","(41, 43)",fireproof_button_v1,5000
40,60,0.4,bot3,success,91,3742178724375267938,7098156698687163111,"(38, 55)","(37, 9)","(41, 43)",fireproof_button_v1,5000
40,60,0.4,bot4,success,91,3742178724375267938,7098156698687163111,"(38, 55)","(37, 9)","(41, 43)",fireproof_button_v1,5000
40,60,0.5,bot1,burned,18,3742178724375267938,7098156698687163111,"(38, 55)","(37, 9)","(41, 43)",fireproof_button_v1,5000
40,60,0.5,bot2,success,91,3742178724375267938,7098156698687163111,"(38, 55)","(37, 9)","(41, 43)",fireproof_button_v1,5000
40,60,0.5,bot3,success,91,3742178724375267938,7098156698687163111,"(38, 55)","(37, 9)","(41, 43)",fireproof_button_v1,5000
40,60,0.5,bot4,success,91,3742178724375267938,7098156698687163111,"(38, 55)","(37, 9)","(41, 43)",fireproof_button_v1,5000
40,60,0.6,bot1,burned,18,3742178724375267938,7098156698687163111,"(38, 55)","(37, 9)","(41, 43)",fireproof_button_v1,5000
40,60,0.6,bot2,burned,37,3742178724375267938,7098156698687163111,"(38, 55)","(37, 9)","(41, 43)",fireproof_button_v1,5000
40,60,0.6,bot3,burned,37,3742178724375267938,7098156698687163111,"(38, 55)","(37, 9)","(41, 43)",fireproof_button_v1,5000
40,60,0.6,bot4,burned,37,3742178724375267938,7098156698687163111,"(38, 55)","(37, 9)","(41, 43)",fireproof_button_v1,5000
40,60,0.7,bot1,burned,17,3742178724375267938,7098156698687163111,"(38, 55)","(37, 9)","(41, 43)",fireproof_button_v1,5000
40,60,0.7,bot2,burned,33,3742178724375267938,7098156698687163111,"(38, 55)","(37, 9)","(41, 43)",fireproof_button_v1,5000
40,60,0.7,bot3,burned,33,3742178724375267938,7098156698687163111,"(38, 55)","(37, 9)","(41, 43)",fireproof_button_v1,5000
40,60,0.7,bot4,burned,33,3742178724375267938,7098156698687163111,"(38, 55)","(37, 9)","(41, 43)",fireproof_button_v1,5000
40,60,0.8,bot1,burned,15,3742178724375267938,7098156698687163111,"(38, 55)","(37, 9)","(41, 43)",fireproof_button_v1,5000
40,60,0.8,bot2,burned,15,3742178724375267938,7098156698687163111,"(38, 55)","(37, 9)","(41, 43)",fireproof_button_v1,5000
40,60,0.8,bot3,burned,27,3742178724375267938,7098156698687163111,"(38, 55)","(37, 9)","(41, 43)",fireproof_button_v1,5000
40,60,0.8,bot4,burned,15,3742178724375267938,7098156698687163111,"(38, 55)","(37, 9)","(41, 43)",fireproof_button_v1,5000
40,60,0.9,bot1,burned,15,3742178724375267938,7098156698687163111,"(38, 55)","(37, 9)","(41, 43)",fireproof_button_v1,5000
40,60,0.9,bot2,burned,22,3742178724375267938,7098156698687163111,"(38, 55)","(37, 9)","(41, 43)",fireproof_button_v1,5000
40,60,0.9,bot3,burned,24,3742178724375267938,7098156698687163111,"(38, 55)","(37, 9)","(41, 43)",fireproof_button_v1,5000
40,60,0.9,bot4,burned,22,3742178724375267938,7098156698687163111,"(38, 55)","(37, 9)","(41, 43)",fireproof_button_v1,5000
40,60,1.0,bot1,burned,15,3742178724375267938,7098156698687163111,"(38, 55)","(37, 9)","(41, 43)",fireproof_button_v1,5000
40,60,1.0,bot2,burned,20,3742178724375267938,7098156698687163111,"(38, 55)","(37, 9)","(41, 43)",fireproof_button_v1,5000
40,60,1.0,bot3,burned,22,3742178724375267938,7098156698687163111,"(38, 55)","(37, 9)","(41, 43)",fireproof_button_v1,5000
40,60,1.0,bot4,burned,20,3742178724375267938,7098156698687163111,"(38, 55)","(37, 9)","(41, 43)",fireproof_button_v1,5000
41,60,0.0,bot1,success,45,8642793514452072891,12605349181003446228,"(53, 14)","(20, 14)","(12, 32)",fireproof_button_v1,5000
41,60,0.0,bot2,success,45,8642793514452072891,12605349181003446228,"(53, 14)","(20, 14)","(12, 32)",fireproof_button_v1,5000
41,60,0.0,bot3,success,45,8642793514452072891,12605349181003446228,"(53, 14)","(20, 14)","(12, 32)",fireproof_button_v1,5000
41,60,0.0,bot4,success,45,8642793514452072891,12605349181003446228,"(53, 14)","(20, 14)","(12, 32)",fireproof_button_v1,5000
41,60,0.1,bot1,success,45,8642793514452072891,12605349181003446228,"(53, 14)","(20, 14)","(12, 32)",fireproof_button_v1,5000
41,60,0.1,bot2,success,45,8642793514452072891,12605349181003446228,"(53, 14)","(20, 14)","(12, 32)",fireproof_button_v1,5000
41,60,0.1,bot3,success,45,8642793514452072891,12605349181003446228,"(53, 14)","(20, 14)","(12, 32)",fireproof_button_v1,5000
41,60,0.1,bot4,success,45,8642793514452072891,12605349181003446228,"(53, 14)","(20, 14)","(12, 32)",fireproof_button_v1,5000
41,60,0.2,bot1,success,45,8642793514452072891,12605349181003446228,"(53, 14)","(20, 14)","(12, 32)",fireproof_button_v1,5000
41,60,0.2,bot2,success,45,8642793514452072891,12605349181003446228,"(53, 14)","(20, 14)","(12, 32)",fireproof_button_v1,5000
41,60,0.2,bot3,success,45,8642793514452072891,12605349181003446228,"(53, 14)","(20, 14)","(12, 32)",fireproof_button_v1,5000
41,60,0.2,bot4,success,45,8642793514452072891,12605349181003446228,"(53, 14)","(20, 14)","(12, 32)",fireproof_button_v1,5000
41,60,0.3,bot1,success,45,8642793514452072891,12605349181003446228,"(53, 14)","(20, 14)","(12, 32)",fireproof_button_v1,5000
41,60,0.3,bot2,success,45,8642793514452072891,12605349181003446228,"(53, 14)","(20, 14)","(12, 32)",fireproof_button_v1,5000
41,60,0.3,bot3,success,45,8642793514452072891,12605349181003446228,"(53, 14)","(20, 14)","(12, 32)",fireproof_button_v1,5000
41,60,0.3,bot4,success,45,8642793514452072891,12605349181003446228,"(53, 14)","(20, 14)","(12, 32)",fireproof_button_v1,5000
41,60,0.4,bot1,success,45,8642793514452072891,12605349181003446228,"(53, 14)","(20, 14)","(12, 32)",fireproof_button_v1,5000
41,60,0.4,bot2,success,45,8642793514452072891,12605349181003446228,"(53, 14)","(20, 14)","(12, 32)",fireproof_button_v1,5000
41,60,0.4,bot3,success,45,8642793514452072891,12605349181003446228,"(53, 14)","(20, 14)","(12, 32)",fireproof_button_v1,5000
41,60,0.4,bot4,success,45,8642793514452072891,12605349181003446228,"(53, 14)","(20, 14)","(12, 32)",fireproof_button_v1,5000
41,60,0.5,bot1,success,45,8642793514452072891,12605349181003446228,"(53, 14)","(20, 14)","(12, 32)",fireproof_button_v1,5000
41,60,0.5,bot2,success,45,8642793514452072891,12605349181003446228,"(53, 14)","(20, 14)","(12, 32)",fireproof_button_v1,5000
41,60,0.5,bot3,success,45,8642793514452072891,12605349181003446228,"(53, 14)","(20, 14)","(12, 32)",fireproof_button_v1,5000
41,60,0.5,bot4,success,45,8642793514452072891,12605349181003446228,"(53, 14)","(20, 14)","(12, 32)",fireproof_button_v1,5000
41,60,0.6,bot1,success,45,8642793514452072891,12605349181003446228,"(53, 14)","(20, 14)","(12, 32)",fireproof_button_v1,5000
41,60,0.6,bot2,success,45,8642793514452072891,12605349181003446228,"(53, 14)","(20, 14)","(12, 32)",fireproof_button_v1,5000
41,60,0.6,bot3,success,45,8642793514452072891,12605349181003446228,"(53, 14)","(20, 14)","(12, 32)",fireproof_button_v1,5000
41,60,0.6,bot4,success,45,8642793514452072891,12605349181003446228,"(53, 14)","(20, 14)","(12, 32)",fireproof_button_v1,5000
41,60,0.7,bot1,burned,44,8642793514452072891,12605349181003446228,"(53, 14)","(20, 14)","(12, 32)",fireproof_button_v1,5000
41,60,0.7,bot2,burned,44,8642793514452072891,12605349181003446228,"(53, 14)","(20, 14)","(12, 32)",fireproof_button_v1,5000
41,60,0.7,bot3,burned,44,8642793514452072891,12605349181003446228,"(53, 14)","(20, 14)","(12, 32)",fireproof_button_v1,5000
41,60,0.7,bot4,burned,44,8642793514452072891,12605349181003446228,"(53, 14)","(20, 14)","(12, 32)",fireproof_button_v1,5000
41,60,0.8,bot1,burned,41,8642793514452072891,12605349181003446228,"(53, 14)","(20, 14)","(12, 32)",fireproof_button_v1,5000
41,60,0.8,bot2,burned,45,8642793514452072891,12605349181003446228,"(53, 14)","(20, 14)","(12, 32)",fireproof_button_v1,5000
41,60,0.8,bot3,burned,45,8642793514452072891,12605349181003446228,"(53, 14)","(20, 14)","(12, 32)",fireproof_button_v1,5000
41,60,0.8,bot4,burned,45,8642793514452072891,12605349181003446228,"(53, 14)","(20, 14)","(12, 32)",fireproof_button_v1,5000
41,60,0.9,bot1,burned,39,8642793514452072891,12605349181003446228,"(53, 14)","(20, 14)","(12, 32)",fireproof_button_v1,5000
41,60,0.9,bot2,burned,43,8642793514452072891,12605349181003446228,"(53, 14)","(20, 14)","(12, 32)",fireproof_button_v1,5000
41,60,0.9,bot3,burned,43,8642793514452072891,12605349181003446228,"(53, 14)","(20, 14)","(12, 32)",fireproof_button_v1,5000
41,60,0.9,bot4,burned,43,8642793514452072891,12605349181003446228,"(53, 14)","(20, 14)","(12, 32)",fireproof_button_v1,5000
41,60,1.0,bot1,burned,37,8642793514452072891,12605349181003446228,"(53, 14)","(20, 14)","(12, 32)",fireproof_button_v1,5000
41,60,1.0,bot2,burned,42,8642793514452072891,12605349181003446228,"(53, 14)","(20, 14)","(12, 32)",fireproof_button_v1,5000
41,60,1.0,bot3,burned,42,8642793514452072891,12605349181003446228,"(53, 14)","(20, 14)","(12, 32)",fireproof_button_v1,5000
41,60,1.0,bot4,burned,42,8642793514452072891,12605349181003446228,"(53, 14)","(20, 14)","(12, 32)",fireproof_button_v1,5000
42,60,0.0,bot1,success,65,6831678955795621920,16546334619187092008,"(36, 59)","(31, 17)","(32, 47)",fireproof_button_v1,5000
42,60,0.0,bot2,success,65,6831678955795621920,16546334619187092008,"(36, 59)","(31, 17)","(32, 47)",fireproof_button_v1,5000
42,60,0.0,bot3,success,65,6831678955795621920,16546334619187092008,"(36, 59)","(31, 17)","(32, 47)",fireproof_button_v1,5000
42,60,0.0,bot4,success,65,6831678955795621920,16546334619187092008,"(36, 59)","(31, 17)","(32, 47)",fireproof_button_v1,5000
42,60,0.1,bot1,success,65,6831678955795621920,16546334619187092008,"(36, 59)","(31, 17)","(32, 47)",fireproof_button_v1,5000
42,60,0.1,bot2,success,65,6831678955795621920,16546334619187092008,"(36, 59)","(31, 17)","(32, 47)",fireproof_button_v1,5000
42,60,0.1,bot3,success,65,6831678955795621920,16546334619187092008,"(36, 59)","(31, 17)","(32, 47)",fireproof_button_v1,5000
42,60,0.1,bot4,success,79,6831678955795621920,16546334619187092008,"(36, 59)","(31, 17)","(32, 47)",fireproof_button_v1,5000
42,60,0.2,bot1,burned,17,6831678955795621920,16546334619187092008,"(36, 59)","(31, 17)","(32, 47)",fireproof_button_v1,5000
42,60,0.2,bot2,success,87,6831678955795621920,16546334619187092008,"(36, 59)","(31, 17)","(32, 47)",fireproof_button_v1,5000
42,60,0.2,bot3,success,79,6831678955795621920,16546334619187092008,"(36, 59)","(31, 17)","(32, 47)",fireproof_button_v1,5000
42,60,0.2,bot4,success,85,6831678955795621920,16546334619187092008,"(36, 59)","(31, 17)","(32, 47)",fireproof_button_v1,5000
42,60,0.3,bot1,burned,15,6831678955795621920,16546334619187092008,"(36, 59)","(31, 17)","(32, 47)",fireproof_button_v1,5000
42,60,0.3,bot2,success,79,6831678955795621920,16546334619187092008,"(36, 59)","(31, 17)","(32, 47)",fireproof_button_v1,5000
42,60,0.3,bot3,success,79,6831678955795621920,16546334619187092008,"(36, 59)","(31, 17)","(32, 47)",fireproof_button_v1,5000
42,60,0.3,bot4,success,83,6831678955795621920,16546334619187092008,"(36, 59)","(31, 17)","(32, 47)",fireproof_button_v1,5000
42,60,0.4,bot1,burned,15,6831678955795621920,16546334619187092008,"(36, 59)","(31, 17)","(32, 47)",fireproof_button_v1,5000
42,60,0.4,bot2,success,85,6831678955795621920,16546334619187092008,"(36, 59)","(31, 17)","(32, 47)",fireproof_button_v1,5000
42,60,0.4,bot3,success,83,6831678955795621920,16546334619187092008,"(36, 59)","(31, 17)","(32, 47)",fireproof_button_v1,5000
42,60,0.4,bot4,success,83,6831678955795621920,16546334619187092008,"(36, 59)","(31, 17)","(32, 47)",fireproof_button_v1,5000
42,60,0.5,bot1,burned,14,6831678955795621920,16546334619187092008,"(36, 59)","(31, 17)","(32, 47)",fireproof_button_v1,5000
42,60,0.5,bot2,burned,82,6831678955795621920,16546334619187092008,"(36, 59)","(31, 17)","(32, 47)",fireproof_button_v1,5000
42,60,0.5,bot3,burned,109,6831678955795621920,16546334619187092008,"(36, 59)","(31, 17)","(32, 47)",fireproof_button_v1,5000
42,60,0.5,bot4,burned,82,6831678955795621920,16546334619187092008,"(36, 59)","(31, 17)","(32, 47)",fireproof_button_v1,5000
42,60,0.6,bot1,burned,12,6831678955795621920,16546334619187092008,"(36, 59)","(31, 17)","(32, 47)",fireproof_button_v1,5000
42,60,0.6,bot2,burned,48,6831678955795621920,16546334619187092008,"(36, 59)","(31, 17)","(32, 47)",fireproof_button_v1,5000
42,60,0.6,bot3,burned,51,6831678955795621920,16546334619187092008,"(36, 59)","(31, 17)","(32, 47)",fireproof_button_v1,5000
42,60,0.6,bot4,burned,48,6831678955795621920,16546334619187092008,"(36, 59)","(31, 17)","(32, 47)",fireproof_button_v1,5000
42,60,0.7,bot1,burned,11,6831678955795621920,16546334619187092008,"(36, 59)","(31, 17)","(32, 47)",fireproof_button_v1,5000
42,60,0.7,bot2,burned,47,6831678955795621920,16546334619187092008,"(36, 59)","(31, 17)","(32, 47)",fireproof_button_v1,5000
42,60,0.7,bot3,burned,44,6831678955795621920,16546334619187092008,"(36, 59)","(31, 17)","(32, 47)",fireproof_button_v1,5000
42,60,0.7,bot4,burned,47,6831678955795621920,16546334619187092008,"(36, 59)","(31, 17)","(32, 47)",fireproof_button_v1,5000
42,60,0.8,bot1,burned,11,6831678955795621920,16546334619187092008,"(36, 59)","(31, 17)","(32, 47)",fireproof_button_v1,5000
42,60,0.8,bot2,burned,42,6831678955795621920,16546334619187092008,"(36, 59)","(31, 17)","(32, 47)",fireproof_button_v1,5000
42,60,0.8,bot3,burned,44,6831678955795621920,16546334619187092008,"(36, 59)","(31, 17)","(32, 47)",fireproof_button_v1,5000
42,60,0.8,bot4,burned,42,6831678955795621920,16546334619187092008,"(36, 59)","(31, 17)","(32, 47)",fireproof_button_v1,5000
42,60,0.9,bot1,burned,11,6831678955795621920,16546334619187092008,"(36, 59)","(31, 17)","(32, 47)",fireproof_button_v1,5000
42,60,0.9,bot2,burned,38,6831678955795621920,16546334619187092008,"(36, 59)","(31, 17)","(32, 47)",fireproof_button_v1,5000
42,60,0.9,bot3,burned,38,6831678955795621920,16546334619187092008,"(36, 59)","(31, 17)","(32, 47)",fireproof_button_v1,5000
42,60,0.9,bot4,burned,38,6831678955795621920,16546334619187092008,"(36, 59)","(31, 17)","(32, 47)",fireproof_button_v1,5000
42,60,1.0,bot1,burned,10,6831678955795621920,16546334619187092008,"(36, 59)","(31, 17)","(32, 47)",fireproof_button_v1,5000
42,60,1.0,bot2,burned,13,6831678955795621920,16546334619187092008,"(36, 59)","(31, 17)","(32, 47)",fireproof_button_v1,5000
42,60,1.0,bot3,burned,15,6831678955795621920,16546334619187092008,"(36, 59)","(31, 17)","(32, 47)",fireproof_button_v1,5000
42,60,1.0,bot4,burned,13,6831678955795621920,16546334619187092008,"(36, 59)","(31, 17)","(32, 47)",fireproof_button_v1,5000
43,60,0.0,bot1,success,51,17960749900291348577,15114058637942341231,"(41, 17)","(3, 16)","(4, 51)",fireproof_button_v1,5000
43,60,0.0,bot2,success,51,17960749900291348577,15114058637942341231,"(41, 17)","(3, 16)","(4, 51)",fireproof_button_v1,5000
43,60,0.0,bot3,success,51,17960749900291348577,15114058637942341231,"(41, 17)","(3, 16)","(4, 51)",fireproof_button_v1,5000
43,60,0.0,bot4,success,51,17960749900291348577,15114058637942341231,"(41, 17)","(3, 16)","(4, 51)",fireproof_button_v1,5000
43,60,0.1,bot1,success,51,17960749900291348577,15114058637942341231,"(41, 17)","(3, 16)","(4, 51)",fireproof_button_v1,5000
43,60,0.1,bot2,success,51,17960749900291348577,15114058637942341231,"(41, 17)","(3, 16)","(4, 51)",fireproof_button_v1,5000
43,60,0.1,bot3,success,51,17960749900291348577,15114058637942341231,"(41, 17)","(3, 16)","(4, 51)",fireproof_button_v1,5000
43,60,0.1,bot4,success,51,17960749900291348577,15114058637942341231,"(41, 17)","(3, 16)","(4, 51)",fireproof_button_v1,5000
43,60,0.2,bot1,success,51,17960749900291348577,15114058637942341231,"(41, 17)","(3, 16)","(4, 51)",fireproof_button_v1,5000
43,60,0.2,bot2,success,51,17960749900291348577,15114058637942341231,"(41, 17)","(3, 16)","(4, 51)",fireproof_button_v1,5000
43,60,0.2,bot3,success,51,17960749900291348577,15114058637942341231,"(41, 17)","(3, 16)","(4, 51)",fireproof_button_v1,5000
43,60,0.2,bot4,success,51,17960749900291348577,15114058637942341231,"(41, 17)","(3, 16)","(4, 51)",fireproof_button_v1,5000
43,60,0.3,bot1,success,51,17960749900291348577,15114058637942341231,"(41, 17)","(3, 16)","(4, 51)",fireproof_button_v1,5000
43,60,0.3,bot2,success,51,17960749900291348577,15114058637942341231,"(41, 17)","(3, 16)","(4, 51)",fireproof_button_v1,5000
43,60,0.3,bot3,success,51,17960749900291348577,15114058637942341231,"(41, 17)","(3, 16)","(4, 51)",fireproof_button_v1,5000
43,60,0.3,bot4,success,51,17960749900291348577,15114058637942341231,"(41, 17)","(3, 16)","(4, 51)",fireproof_button_v1,5000
43,60,0.4,bot1,success,51,17960749900291348577,15114058637942341231,"(41, 17)","(3, 16)","(4, 51)",fireproof_button_v1,5000
43,60,0.4,bot2,success,51,17960749900291348577,15114058637942341231,"(41, 17)","(3, 16)","(4, 51)",fireproof_button_v1,5000
43,60,0.4,bot3,success,51,17960749900291348577,15114058637942341231,"(41, 17)","(3, 16)","(4, 51)",fireproof_button_v1,5000
43,60,0.4,bot4,success,51,17960749900291348577,15114058637942341231,"(41, 17)","(3, 16)","(4, 51)",fireproof_button_v1,5000
43,60,0.5,bot1,success,51,17960749900291348577,15114058637942341231,"(41, 17)","(3, 16)","(4, 51)",fireproof_button_v1,5000
43,60,0.5,bot2,success,51,17960749900291348577,15114058637942341231,"(41, 17)","(3, 16)","(4, 51)",fireproof_button_v1,5000
43,60,0.5,bot3,success,51,17960749900291348577,15114058637942341231,"(41, 17)","(3, 16)","(4, 51)",fireproof_button_v1,5000
43,60,0.5,bot4,success,51,17960749900291348577,15114058637942341231,"(41, 17)","(3, 16)","(4, 51)",fireproof_button_v1,5000
43,60,0.6,bot1,success,51,17960749900291348577,15114058637942341231,"(41, 17)","(3, 16)","(4, 51)",fireproof_button_v1,5000
43,60,0.6,bot2,success,51,17960749900291348577,15114058637942341231,"(41, 17)","(3, 16)","(4, 51)",fireproof_button_v1,5000
43,60,0.6,bot3,success,51,17960749900291348577,15114058637942341231,"(41, 17)","(3, 16)","(4, 51)",fireproof_button_v1,5000
43,60,0.6,bot4,success,51,17960749900291348577,15114058637942341231,"(41, 17)","(3, 16)","(4, 51)",fireproof_button_v1,5000
43,60,0.7,bot1,success,51,17960749900291348577,15114058637942341231,"(41, 17)","(3, 16)","(4, 51)",fireproof_button_v1,5000
43,60,0.7,bot2,success,51,17960749900291348577,15114058637942341231,"(41, 17)","(3, 16)","(4, 51)",fireproof_button_v1,5000
43,60,0.7,bot3,success,51,17960749900291348577,15114058637942341231,"(41, 17)","(3, 16)","(4, 51)",fireproof_button_v1,5000
43,60,0.7,bot4,success,51,17960749900291348577,15114058637942341231,"(41, 17)","(3, 16)","(4, 51)",fireproof_button_v1,5000
43,60,0.8,bot1,success,51,17960749900291348577,15114058637942341231,"(41, 17)","(3, 16)","(4, 51)",fireproof_button_v1,5000
43,60,0.8,bot2,success,51,17960749900291348577,15114058637942341231,"(41, 17)","(3, 16)","(4, 51)",fireproof_button_v1,5000
43,60,0.8,bot3,success,51,17960749900291348577,15114058637942341231,"(41, 17)","(3, 16)","(4, 51)",fireproof_button_v1,5000
43,60,0.8,bot4,success,51,17960749900291348577,15114058637942341231,"(41, 17)","(3, 16)","(4, 51)",fireproof_button_v1,5000
43,60,0.9,bot1,success,51,17960749900291348577,15114058637942341231,"(41, 17)","(3, 16)","(4, 51)",fireproof_button_v1,5000
43,60,0.9,bot2,success,51,17960749900291348577,15114058637942341231,"(41, 17)","(3, 16)","(4, 51)",fireproof_button_v1,5000
43,60,0.9,bot3,success,51,17960749900291348577,15114058637942341231,"(41, 17)","(3, 16)","(4, 51)",fireproof_button_v1,5000
43,60,0.9,bot4,success,51,17960749900291348577,15114058637942341231,"(41, 17)","(3, 16)","(4, 51)",fireproof_button_v1,5000
43,60,1.0,bot1,burned,50,17960749900291348577,15114058637942341231,"(41, 17)","(3, 16)","(4, 51)",fireproof_button_v1,5000
43,60,1.0,bot2,burned,50,17960749900291348577,15114058637942341231,"(41, 17)","(3, 16)","(4, 51)",fireproof_button_v1,5000
43,60,1.0,bot3,burned,50,17960749900291348577,15114058637942341231,"(41, 17)","(3, 16)","(4, 51)",fireproof_button_v1,5000
43,60,1.0,bot4,burned,50,17960749900291348577,15114058637942341231,"(41, 17)","(3, 16)","(4, 51)",fireproof_button_v1,5000
44,60,0.0,bot1,success,15,13192441391178578424,14599197643657534525,"(56, 21)","(48, 20)","(44, 11)",fireproof_button_v1,5000
44,60,0.0,bot2,success,15,13192441391178578424,14599197643657534525,"(56, 21)","(48, 20)","(44, 11)",fireproof_button_v1,5000
44,60,0.0,bot3,success,15,13192441391178578424,14599197643657534525,"(56, 21)","(48, 20)","(44, 11)",fireproof_button_v1,5000
44,60,0.0,bot4,success,15,13192441391178578424,14599197643657534525,"(56, 21)","(48, 20)","(44, 11)",fireproof_button_v1,5000
44,60,0.1,bot1,success,15,13192441391178578424,14599197643657534525,"(56, 21)","(48, 20)","(44, 11)",fireproof_button_v1,5000
44,60,0.1,bot2,success,15,13192441391178578424,14599197643657534525,"(56, 21)","(48, 20)","(44, 11)",fireproof_button_v1,5000
44,60,0.1,bot3,success,15,13192441391178578424,14599197643657534525,"(56, 21)","(48, 20)","(44, 11)",fireproof_button_v1,5000
44,60,0.1,bot4,success,15,13192441391178578424,14599197643657534525,"(56, 21)","(48, 20)","(44, 11)",fireproof_button_v1,5000
44,60,0.2,bot1,success,15,13192441391178578424,14599197643657534525,"(56, 21)","(48, 20)","(44, 11)",fireproof_button_v1,5000
44,60,0.2,bot2,success,15,13192441391178578424,14599197643657534525,"(56, 21)","(48, 20)","(44, 11)",fireproof_button_v1,5000
44,60,0.2,bot3,success,15,13192441391178578424,14599197643657534525,"(56, 21)","(48, 20)","(44, 11)",fireproof_button_v1,5000
44,60,0.2,bot4,success,15,13192441391178578424,14599197643657534525,"(56, 21)","(48, 20)","(44, 11)",fireproof_button_v1,5000
44,60,0.3,bot1,success,15,13192441391178578424,14599197643657534525,"(56, 21)","(48, 20)","(44, 11)",fireproof_button_v1,5000
44,60,0.3,bot2,success,15,13192441391178578424,14599197643657534525,"(56, 21)","(48, 20)","(44, 11)",fireproof_button_v1,5000
44,60,0.3,bot3,success,15,13192441391178578424,14599197643657534525,"(56, 21)","(48, 20)","(44, 11)",fireproof_button_v1,5000
44,60,0.3,bot4,success,15,13192441391178578424,14599197643657534525,"(56, 21)","(48, 20)","(44, 11)",fireproof_button_v1,5000
44,60,0.4,bot1,success,15,13192441391178578424,14599197643657534525,"(56, 21)","(48, 20)","(44, 11)",fireproof_button_v1,5000
44,60,0.4,bot2,success,15,13192441391178578424,14599197643657534525,"(56, 21)","(48, 20)","(44, 11)",fireproof_button_v1,5000
44,60,0.4,bot3,success,15,13192441391178578424,14599197643657534525,"(56, 21)","(48, 20)","(44, 11)",fireproof_button_v1,5000
44,60,0.4,bot4,success,15,13192441391178578424,14599197643657534525,"(56, 21)","(48, 20)","(44, 11)",fireproof_button_v1,5000
44,60,0.5,bot1,success,15,13192441391178578424,14599197643657534525,"(56, 21)","(48, 20)","(44, 11)",fireproof_button_v1,5000
44,60,0.5,bot2,success,15,13192441391178578424,14599197643657534525,"(56, 21)","(48, 20)","(44, 11)",fireproof_button_v1,5000
44,60,0.5,bot3,success,15,13192441391178578424,14599197643657534525,"(56, 21)","(48, 20)","(44, 11)",fireproof_button_v1,5000
44,60,0.5,bot4,success,15,13192441391178578424,14599197643657534525,"(56, 21)","(48, 20)","(44, 11)",fireproof_button_v1,5000
44,60,0.6,bot1,success,15,13192441391178578424,14599197643657534525,"(56, 21)","(48, 20)","(44, 11)",fireproof_button_v1,5000
44,60,0.6,bot2,success,15,13192441391178578424,14599197643657534525,"(56, 21)","(48, 20)","(44, 11)",fireproof_button_v1,5000
44,60,0.6,bot3,success,15,13192441391178578424,14599197643657534525,"(56, 21)","(48, 20)","(44, 11)",fireproof_button_v1,5000
44,60,0.6,bot4,success,15,13192441391178578424,14599197643657534525,"(56, 21)","(48, 20)","(44, 11)",fireproof_button_v1,5000
44,60,0.7,bot1,success,15,13192441391178578424,14599197643657534525,"(56, 21)","(48, 20)","(44, 11)",fireproof_button_v1,5000
44,60,0.7,bot2,success,15,13192441391178578424,14599197643657534525,"(56, 21)","(48, 20)","(44, 11)",fireproof_button_v1,5000
44,60,0.7,bot3,success,15,13192441391178578424,14599197643657534525,"(56, 21)","(48, 20)","(44, 11)",fireproof_button_v1,5000
44,60,0.7,bot4,success,15,13192441391178578424,14599197643657534525,"(56, 21)","(48, 20)","(44, 11)",fireproof_button_v1,5000
44,60,0.8,bot1,success,15,13192441391178578424,14599197643657534525,"(56, 21)","(48, 20)","(44, 11)",fireproof_button_v1,5000
44,60,0.8,bot2,success,15,13192441391178578424,14599197643657534525,"(56, 21)","(48, 20)","(44, 11)",fireproof_button_v1,5000
44,60,0.8,bot3,success,15,13192441391178578424,14599197643657534525,"(56, 21)","(48, 20)","(44, 11)",fireproof_button_v1,5000
44,60,0.8,bot4,success,15,13192441391178578424,14599197643657534525,"(56, 21)","(48, 20)","(44, 11)",fireproof_button_v1,5000
44,60,0.9,bot1,success,15,13192441391178578424,14599197643657534525,"(56, 21)","(48, 20)","(44, 11)",fireproof_button_v1,5000
44,60,0.9,bot2,success,15,13192441391178578424,14599197643657534525,"(56, 21)","(48, 20)","(44, 11)",fireproof_button_v1,5000
44,60,0.9,bot3,success,15,13192441391178578424,14599197643657534525,"(56, 21)","(48, 20)","(44, 11)",fireproof_button_v1,5000
44,60,0.9,bot4,success,15,13192441391178578424,14599197643657534525,"(56, 21)","(48, 20)","(44, 11)",fireproof_button_v1,5000
44,60,1.0,bot1,success,15,13192441391178578424,14599197643657534525,"(56, 21)","(48, 20)","(44, 11)",fireproof_button_v1,5000
44,60,1.0,bot2,success,15,13192441391178578424,14599197643657534525,"(56, 21)","(48, 20)","(44, 11)",fireproof_button_v1,5000
44,60,1.0,bot3,success,15,13192441391178578424,14599197643657534525,"(56, 21)","(48, 20)","(44, 11)",fireproof_button_v1,5000
44,60,1.0,bot4,success,15,13192441391178578424,14599197643657534525,"(56, 21)","(48, 20)","(44, 11)",fireproof_button_v1,5000
45,60,0.0,bot1,success,80,6151432771010730405,8824476945100395890,"(6, 25)","(55, 46)","(34, 20)",fireproof_button_v1,5000
45,60,0.0,bot2,success,80,6151432771010730405,8824476945100395890,"(6, 25)","(55, 46)","(34, 20)",fireproof_button_v1,5000
45,60,0.0,bot3,success,80,6151432771010730405,8824476945100395890,"(6, 25)","(55, 46)","(34, 20)",fireproof_button_v1,5000
45,60,0.0,bot4,success,80,6151432771010730405,8824476945100395890,"(6, 25)","(55, 46)","(34, 20)",fireproof_button_v1,5000
45,60,0.1,bot1,success,80,6151432771010730405,8824476945100395890,"(6, 25)","(55, 46)","(34, 20)",fireproof_button_v1,5000
45,60,0.1,bot2,success,80,6151432771010730405,8824476945100395890,"(6, 25)","(55, 46)","(34, 20)",fireproof_button_v1,5000
45,60,0.1,bot3,success,80,6151432771010730405,8824476945100395890,"(6, 25)","(55, 46)","(34, 20)",fireproof_button_v1,5000
45,60,0.1,bot4,success,82,6151432771010730405,8824476945100395890,"(6, 25)","(55, 46)","(34, 20)",fireproof_button_v1,5000
45,60,0.2,bot1,success,80,6151432771010730405,8824476945100395890,"(6, 25)","(55, 46)","(34, 20)",fireproof_button_v1,5000
45,60,0.2,bot2,success,80,6151432771010730405,8824476945100395890,"(6, 25)","(55, 46)","(34, 20)",fireproof_button_v1,5000
45,60,0.2,bot3,success,80,6151432771010730405,8824476945100395890,"(6, 25)","(55, 46)","(34, 20)",fireproof_button_v1,5000
45,60,0.2,bot4,success,82,6151432771010730405,8824476945100395890,"(6, 25)","(55, 46)","(34, 20)",fireproof_button_v1,5000
45,60,0.3,bot1,success,80,6151432771010730405,8824476945100395890,"(6, 25)","(55, 46)","(34, 20)",fireproof_button_v1,5000
45,60,0.3,bot2,success,80,6151432771010730405,8824476945100395890,"(6, 25)","(55, 46)","(34, 20)",fireproof_button_v1,5000
45,60,0.3,bot3,success,80,6151432771010730405,8824476945100395890,"(6, 25)","(55, 46)","(34, 20)",fireproof_button_v1,5000
45,60,0.3,bot4,success,82,6151432771010730405,8824476945100395890,"(6, 25)","(55, 46)","(34, 20)",fireproof_button_v1,5000
45,60,0.4,bot1,success,80,6151432771010730405,8824476945100395890,"(6, 25)","(55, 46)","(34, 20)",fireproof_button_v1,5000
45,60,0.4,bot2,success,80,6151432771010730405,8824476945100395890,"(6, 25)","(55, 46)","(34, 20)",fireproof_button_v1,5000
45,60,0.4,bot3,success,80,6151432771010730405,8824476945100395890,"(6, 25)","(55, 46)","(34, 20)",fireproof_button_v1,5000
45,60,0.4,bot4,success,82,6151432771010730405,8824476945100395890,"(6, 25)","(55, 46)","(34, 20)",fireproof_button_v1,5000
45,60,0.5,bot1,success,80,6151432771010730405,8824476945100395890,"(6, 25)","(55, 46)","(34, 20)",fireproof_button_v1,5000
45,60,0.5,bot2,success,80,6151432771010730405,8824476945100395890,"(6, 25)","(55, 46)","(34, 20)",fireproof_button_v1,5000
45,60,0.5,bot3,success,80,6151432771010730405,8824476945100395890,"(6, 25)","(55, 46)","(34, 20)",fireproof_button_v1,5000
45,60,0.5,bot4,success,82,6151432771010730405,8824476945100395890,"(6, 25)","(55, 46)","(34, 20)",fireproof_button_v1,5000
45,60,0.6,bot1,burned,29,6151432771010730405,8824476945100395890,"(6, 25)","(55, 46)","(34, 20)",fireproof_button_v1,5000
45,60,0.6,bot2,burned,82,6151432771010730405,8824476945100395890,"(6, 25)","(55, 46)","(34, 20)",fireproof_button_v1,5000
45,60,0.6,bot3,burned,82,6151432771010730405,8824476945100395890,"(6, 25)","(55, 46)","(34, 20)",fireproof_button_v1,5000
45,60,0.6,bot4,success,82,6151432771010730405,8824476945100395890,"(6, 25)","(55, 46)","(34, 20)",fireproof_button_v1,5000
45,60,0.7,bot1,burned,29,6151432771010730405,8824476945100395890,"(6, 25)","(55, 46)","(34, 20)",fireproof_button_v1,5000
45,60,0.7,bot2,burned,65,6151432771010730405,8824476945100395890,"(6, 25)","(55, 46)","(34, 20)",fireproof_button_v1,5000
45,60,0.7,bot3,burned,65,6151432771010730405,8824476945100395890,"(6, 25)","(55, 46)","(34, 20)",fireproof_button_v1,5000
45,60,0.7,bot4,success,94,6151432771010730405,8824476945100395890,"(6, 25)","(55, 46)","(34, 20)",fireproof_button_v1,5000
45,60,0.8,bot1,burned,27,6151432771010730405,8824476945100395890,"(6, 25)","(55, 46)","(34, 20)",fireproof_button_v1,5000
45,60,0.8,bot2,burned,64,6151432771010730405,8824476945100395890,"(6, 25)","(55, 46)","(34, 20)",fireproof_button_v1,5000
45,60,0.8,bot3,burned,64,6151432771010730405,8824476945100395890,"(6, 25)","(55, 46)","(34, 20)",fireproof_button_v1,5000
45,60,0.8,bot4,burned,64,6151432771010730405,8824476945100395890,"(6, 25)","(55, 46)","(34, 20)",fireproof_button_v1,5000
45,60,0.9,bot1,burned,26,6151432771010730405,8824476945100395890,"(6, 25)","(55, 46)","(34, 20)",fireproof_button_v1,5000
45,60,0.9,bot2,burned,50,6151432771010730405,8824476945100395890,"(6, 25)","(55, 46)","(34, 20)",fireproof_button_v1,5000
45,60,0.9,bot3,burned,50,6151432771010730405,8824476945100395890,"(6, 25)","(55, 46)","(34, 20)",fireproof_button_v1,5000
45,60,0.9,bot4,burned,50,6151432771010730405,8824476945100395890,"(6, 25)","(55, 46)","(34, 20)",fireproof_button_v1,5000
45,60,1.0,bot1,burned,26,6151432771010730405,8824476945100395890,"(6, 25)","(55, 46)","(34, 20)",fireproof_button_v1,5000
45,60,1.0,bot2,burned,46,6151432771010730405,8824476945100395890,"(6, 25)","(55, 46)","(34, 20)",fireproof_button_v1,5000
45,60,1.0,bot3,burned,46,6151432771010730405,8824476945100395890,"(6, 25)","(55, 46)","(34, 20)",fireproof_button_v1,5000
45,60,1.0,bot4,burned,46,6151432771010730405,8824476945100395890,"(6, 25)","(55, 46)","(34, 20)",fireproof_button_v1,5000
46,60,0.0,bot1,success,86,16203651906934175873,2755235530290208288,"(54, 13)","(1, 32)","(51, 39)",fireproof_button_v1,5000
46,60,0.0,bot2,success,86,16203651906934175873,2755235530290208288,"(54, 13)","(1, 32)","(51, 39)",fireproof_button_v1,5000
46,60,0.0,bot3,success,86,16203651906934175873,2755235530290208288,"(54, 13)","(1, 32)","(51, 39)",fireproof_button_v1,5000
46,60,0.0,bot4,success,86,16203651906934175873,2755235530290208288,"(54, 13)","(1, 32)","(51, 39)",fireproof_button_v1,5000
46,60,0.1,bot1,success,86,16203651906934175873,2755235530290208288,"(54, 13)","(1, 32)","(51, 39)",fireproof_button_v1,5000
46,60,0.1,bot2,success,86,16203651906934175873,2755235530290208288,"(54, 13)","(1, 32)","(51, 39)",fireproof_button_v1,5000
46,60,0.1,bot3,success,86,16203651906934175873,2755235530290208288,"(54, 13)","(1, 32)","(51, 39)",fireproof_button_v1,5000
46,60,0.1,bot4,success,86,16203651906934175873,2755235530290208288,"(54, 13)","(1, 32)","(51, 39)",fireproof_button_v1,5000
46,60,0.2,bot1,success,86,16203651906934175873,2755235530290208288,"(54, 13)","(1, 32)","(51, 39)",fireproof_button_v1,5000
46,60,0.2,bot2,success,86,16203651906934175873,2755235530290208288,"(54, 13)","(1, 32)","(51, 39)",fireproof_button_v1,5000
46,60,0.2,bot3,success,86,16203651906934175873,2755235530290208288,"(54, 13)","(1, 32)","(51, 39)",fireproof_button_v1,5000
46,60,0.2,bot4,success,86,16203651906934175873,2755235530290208288,"(54, 13)","(1, 32)","(51, 39)",fireproof_button_v1,5000
46,60,0.3,bot1,success,86,16203651906934175873,2755235530290208288,"(54, 13)","(1, 32)","(51, 39)",fireproof_button_v1,5000
46,60,0.3,bot2,success,86,16203651906934175873,2755235530290208288,"(54, 13)","(1, 32)","(51, 39)",fireproof_button_v1,5000
46,60,0.3,bot3,success,86,16203651906934175873,2755235530290208288,"(54, 13)","(1, 32)","(51, 39)",fireproof_button_v1,5000
46,60,0.3,bot4,success,86,16203651906934175873,2755235530290208288,"(54, 13)","(1, 32)","(51, 39)",fireproof_button_v1,5000
46,60,0.4,bot1,success,86,16203651906934175873,2755235530290208288,"(54, 13)","(1, 32)","(51, 39)",fireproof_button_v1,5000
46,60,0.4,bot2,success,86,16203651906934175873,2755235530290208288,"(54, 13)","(1, 32)","(51, 39)",fireproof_button_v1,5000
46,60,0.4,bot3,success,86,16203651906934175873,2755235530290208288,"(54, 13)","(1, 32)","(51, 39)",fireproof_button_v1,5000
46,60,0.4,bot4,success,86,16203651906934175873,2755235530290208288,"(54, 13)","(1, 32)","(51, 39)",fireproof_button_v1,5000
46,60,0.5,bot1,success,86,16203651906934175873,2755235530290208288,"(54, 13)","(1, 32)","(51, 39)",fireproof_button_v1,5000
46,60,0.5,bot2,success,86,16203651906934175873,2755235530290208288,"(54, 13)","(1, 32)","(51, 39)",fireproof_button_v1,5000
46,60,0.5,bot3,success,86,16203651906934175873,2755235530290208288,"(54, 13)","(1, 32)","(51, 39)",fireproof_button_v1,5000
46,60,0.5,bot4,success,86,16203651906934175873,2755235530290208288,"(54, 13)","(1, 32)","(51, 39)",fireproof_button_v1,5000
46,60,0.6,bot1,success,86,16203651906934175873,2755235530290208288,"(54, 13)","(1, 32)","(51, 39)",fireproof_button_v1,5000
46,60,0.6,bot2,success,86,16203651906934175873,2755235530290208288,"(54, 13)","(1, 32)","(51, 39)",fireproof_button_v1,5000
46,60,0.6,bot3,success,86,16203651906934175873,2755235530290208288,"(54, 13)","(1, 32)","(51, 39)",fireproof_button_v1,5000
46,60,0.6,bot4,success,86,16203651906934175873,2755235530290208288,"(54, 13)","(1, 32)","(51, 39)",fireproof_button_v1,5000
46,60,0.7,bot1,success,86,16203651906934175873,2755235530290208288,"(54, 13)","(1, 32)","(51, 39)",fireproof_button_v1,5000
46,60,0.7,bot2,success,86,16203651906934175873,2755235530290208288,"(54, 13)","(1, 32)","(51, 39)",fireproof_button_v1,5000
46,60,0.7,bot3,success,86,16203651906934175873,2755235530290208288,"(54, 13)","(1, 32)","(51, 39)",fireproof_button_v1,5000
46,60,0.7,bot4,success,86,16203651906934175873,2755235530290208288,"(54, 13)","(1, 32)","(51, 39)",fireproof_button_v1,5000
46,60,0.8,bot1,success,86,16203651906934175873,2755235530290208288,"(54, 13)","(1, 32)","(51, 39)",fireproof_button_v1,5000
46,60,0.8,bot2,success,86,16203651906934175873,2755235530290208288,"(54, 13)","(1, 32)","(51, 39)",fireproof_button_v1,5000
46,60,0.8,bot3,success,86,16203651906934175873,2755235530290208288,"(54, 13)","(1, 32)","(51, 39)",fireproof_button_v1,5000
46,60,0.8,bot4,success,86,16203651906934175873,2755235530290208288,"(54, 13)","(1, 32)","(51, 39)",fireproof_button_v1,5000
46,60,0.9,bot1,success,86,16203651906934175873,2755235530290208288,"(54, 13)","(1, 32)","(51, 39)",fireproof_button_v1,5000
46,60,0.9,bot2,success,86,16203651906934175873,2755235530290208288,"(54, 13)","(1, 32)","(51, 39)",fireproof_button_v1,5000
46,60,0.9,bot3,success,86,16203651906934175873,2755235530290208288,"(54, 13)","(1, 32)","(51, 39)",fireproof_button_v1,5000
46,60,0.9,bot4,success,86,16203651906934175873,2755235530290208288,"(54, 13)","(1, 32)","(51, 39)",fireproof_button_v1,5000
46,60,1.0,bot1,burned,66,16203651906934175873,2755235530290208288,"(54, 13)","(1, 32)","(51, 39)",fireproof_button_v1,5000
46,60,1.0,bot2,burned,66,16203651906934175873,2755235530290208288,"(54, 13)","(1, 32)","(51, 39)",fireproof_button_v1,5000
46,60,1.0,bot3,burned,74,16203651906934175873,2755235530290208288,"(54, 13)","(1, 32)","(51, 39)",fireproof_button_v1,5000
46,60,1.0,bot4,burned,66,16203651906934175873,2755235530290208288,"(54, 13)","(1, 32)","(51, 39)",fireproof_button_v1,5000
47,60,0.0,bot1,success,19,16576857284816487903,16933012228770398203,"(50, 28)","(43, 40)","(6, 16)",fireproof_button_v1,5000
47,60,0.0,bot2,success,19,16576857284816487903,16933012228770398203,"(50, 28)","(43, 40)","(6, 16)",fireproof_button_v1,5000
47,60,0.0,bot3,success,19,16576857284816487903,16933012228770398203,"(50, 28)","(43, 40)","(6, 16)",fireproof_button_v1,5000
47,60,0.0,bot4,success,19,16576857284816487903,16933012228770398203,"(50, 28)","(43, 40)","(6, 16)",fireproof_button_v1,5000
47,60,0.1,bot1,success,19,16576857284816487903,16933012228770398203,"(50, 28)","(43, 40)","(6, 16)",fireproof_button_v1,5000
47,60,0.1,bot2,success,19,16576857284816487903,16933012228770398203,"(50, 28)","(43, 40)","(6, 16)",fireproof_button_v1,5000
47,60,0.1,bot3,success,19,16576857284816487903,16933012228770398203,"(50, 28)","(43, 40)","(6, 16)",fireproof_button_v1,5000
47,60,0.1,bot4,success,19,16576857284816487903,16933012228770398203,"(50, 28)","(43, 40)","(6, 16)",fireproof_button_v1,5000
47,60,0.2,bot1,success,19,16576857284816487903,16933012228770398203,"(50, 28)","(43, 40)","(6, 16)",fireproof_button_v1,5000
47,60,0.2,bot2,success,19,16576857284816487903,16933012228770398203,"(50, 28)","(43, 40)","(6, 16)",fireproof_button_v1,5000
47,60,0.2,bot3,success,19,16576857284816487903,16933012228770398203,"(50, 28)","(43, 40)","(6, 16)",fireproof_button_v1,5000
47,60,0.2,bot4,success,19,16576857284816487903,16933012228770398203,"(50, 28)","(43, 40)","(6, 16)",fireproof_button_v1,5000
47,60,0.3,bot1,success,19,16576857284816487903,16933012228770398203,"(50, 28)","(43, 40)","(6, 16)",fireproof_button_v1,5000
47,60,0.3,bot2,success,19,16576857284816487903,16933012228770398203,"(50, 28)","(43, 40)","(6, 16)",fireproof_button_v1,5000
47,60,0.3,bot3,success,19,16576857284816487903,16933012228770398203,"(50, 28)","(43, 40)","(6, 16)",fireproof_button_v1,5000
47,60,0.3,bot4,success,19,16576857284816487903,16933012228770398203,"(50, 28)","(43, 40)","(6, 16)",fireproof_button_v1,5000
47,60,0.4,bot1,success,19,16576857284816487903,16933012228770398203,"(50, 28)","(43, 40)","(6, 16)",fireproof_button_v1,5000
47,60,0.4,bot2,success,19,16576857284816487903,16933012228770398203,"(50, 28)","(43, 40)","(6, 16)",fireproof_button_v1,5000
47,60,0.4,bot3,success,19,16576857284816487903,16933012228770398203,"(50, 28)","(43, 40)","(6, 16)",fireproof_button_v1,5000
47,60,0.4,bot4,success,19,16576857284816487903,16933012228770398203,"(50, 28)","(43, 40)","(6, 16)",fireproof_button_v1,5000
47,60,0.5,bot1,success,19,16576857284816487903,16933012228770398203,"(50, 28)","(43, 40)","(6, 16)",fireproof_button_v1,5000
47,60,0.5,bot2,success,19,16576857284816487903,16933012228770398203,"(50, 28)","(43, 40)","(6, 16)",fireproof_button_v1,5000
47,60,0.5,bot3,success,19,16576857284816487903,16933012228770398203,"(50, 28)","(43, 40)","(6, 16)",fireproof_button_v1,5000
47,60,0.5,bot4,success,19,16576857284816487903,16933012228770398203,"(50, 28)","(43, 40)","(6, 16)",fireproof_button_v1,5000
47,60,0.6,bot1,success,19,16576857284816487903,16933012228770398203,"(50, 28)","(43, 40)","(6, 16)",fireproof_button_v1,5000
47,60,0.6,bot2,success,19,16576857284816487903,16933012228770398203,"(50, 28)","(43, 40)","(6, 16)",fireproof_button_v1,5000
47,60,0.6,bot3,success,19,16576857284816487903,16933012228770398203,"(50, 28)","(43, 40)","(6, 16)",fireproof_button_v1,5000
47,60,0.6,bot4,success,19,16576857284816487903,16933012228770398203,"(50, 28)","(43, 40)","(6, 16)",fireproof_button_v1,5000
47,60,0.7,bot1,success,19,16576857284816487903,16933012228770398203,"(50, 28)","(43, 40)","(6, 16)",fireproof_button_v1,5000
47,60,0.7,bot2,success,19,16576857284816487903,16933012228770398203,"(50, 28)","(43, 40)","(6, 16)",fireproof_button_v1,5000
47,60,0.7,bot3,success,19,16576857284816487903,16933012228770398203,"(50, 28)","(43, 40)","(6, 16)",fireproof_button_v1,5000
47,60,0.7,bot4,success,19,16576857284816487903,16933012228770398203,"(50, 28)","(43, 40)","(6, 16)",fireproof_button_v1,5000
47,60,0.8,bot1,success,19,16576857284816487903,16933012228770398203,"(50, 28)","(43, 40)","(6, 16)",fireproof_button_v1,5000
47,60,0.8,bot2,success,19,16576857284816487903,16933012228770398203,"(50, 28)","(43, 40)","(6, 16)",fireproof_button_v1,5000
47,60,0.8,bot3,success,19,16576857284816487903,16933012228770398203,"(50, 28)","(43, 40)","(6, 16)",fireproof_button_v1,5000
47,60,0.8,bot4,success,19,16576857284816487903,16933012228770398203,"(50, 28)","(43, 40)","(6, 16)",fireproof_button_v1,5000
47,60,0.9,bot1,success,19,16576857284816487903,16933012228770398203,"(50, 28)","(43, 40)","(6, 16)",fireproof_button_v1,5000
47,60,0.9,bot2,success,19,16576857284816487903,16933012228770398203,"(50, 28)","(43, 40)","(6, 16)",fireproof_button_v1,5000
47,60,0.9,bot3,success,19,16576857284816487903,16933012228770398203,"(50, 28)","(43, 40)","(6, 16)",fireproof_button_v1,5000
47,60,0.9,bot4,success,19,16576857284816487903,16933012228770398203,"(50, 28)","(43, 40)","(6, 16)",fireproof_button_v1,5000
47,60,1.0,bot1,success,19,16576857284816487903,16933012228770398203,"(50, 28)","(43, 40)","(6, 16)",fireproof_button_v1,5000
47,60,1.0,bot2,success,19,16576857284816487903,16933012228770398203,"(50, 28)","(43, 40)","(6, 16)",fireproof_button_v1,5000
47,60,1.0,bot3,success,19,16576857284816487903,16933012228770398203,"(50, 28)","(43, 40)","(6, 16)",fireproof_button_v1,5000
47,60,1.0,bot4,success,19,16576857284816487903,16933012228770398203,"(50, 28)","(43, 40)","(6, 16)",fireproof_button_v1,5000
48,60,0.0,bot1,success,50,10818763723939486642,7548670190462501290,"(21, 26)","(49, 8)","(27, 33)",fireproof_button_v1,5000
48,60,0.0,bot2,success,50,10818763723939486642,7548670190462501290,"(21, 26)","(49, 8)","(27, 33)",fireproof_button_v1,5000
48,60,0.0,bot3,success,50,10818763723939486642,7548670190462501290,"(21, 26)","(49, 8)","(27, 33)",fireproof_button_v1,5000
48,60,0.0,bot4,success,50,10818763723939486642,7548670190462501290,"(21, 26)","(49, 8)","(27, 33)",fireproof_button_v1,5000
48,60,0.1,bot1,success,50,10818763723939486642,7548670190462501290,"(21, 26)","(49, 8)","(27, 33)",fireproof_button_v1,5000
48,60,0.1,bot2,success,50,10818763723939486642,7548670190462501290,"(21, 26)","(49, 8)","(27, 33)",fireproof_button_v1,5000
48,60,0.1,bot3,success,50,10818763723939486642,7548670190462501290,"(21, 26)","(49, 8)","(27, 33)",fireproof_button_v1,5000
48,60,0.1,bot4,success,50,10818763723939486642,7548670190462501290,"(21, 26)","(49, 8)","(27, 33)",fireproof_button_v1,5000
48,60,0.2,bot1,success,50,10818763723939486642,7548670190462501290,"(21, 26)","(49, 8)","(27, 33)",fireproof_button_v1,5000
48,60,0.2,bot2,success,50,10818763723939486642,7548670190462501290,"(21, 26)","(49, 8)","(27, 33)",fireproof_button_v1,5000
48,60,0.2,bot3,success,50,10818763723939486642,7548670190462501290,"(21, 26)","(49, 8)","(27, 33)",fireproof_button_v1,5000
48,60,0.2,bot4,success,50,10818763723939486642,7548670190462501290,"(21, 26)","(49, 8)","(27, 33)",fireproof_button_v1,5000
48,60,0.3,bot1,success,50,10818763723939486642,7548670190462501290,"(21, 26)","(49, 8)","(27, 33)",fireproof_button_v1,5000
48,60,0.3,bot2,success,50,10818763723939486642,7548670190462501290,"(21, 26)","(49, 8)","(27, 33)",fireproof_button_v1,5000
48,60,0.3,bot3,success,50,10818763723939486642,7548670190462501290,"(21, 26)","(49, 8)","(27, 33)",fireproof_button_v1,5000
48,60,0.3,bot4,success,50,10818763723939486642,7548670190462501290,"(21, 26)","(49, 8)","(27, 33)",fireproof_button_v1,5000
48,60,0.4,bot1,success,50,10818763723939486642,7548670190462501290,"(21, 26)","(49, 8)","(27, 33)",fireproof_button_v1,5000
48,60,0.4,bot2,success,50,10818763723939486642,7548670190462501290,"(21, 26)","(49, 8)","(27, 33)",fireproof_button_v1,5000
48,60,0.4,bot3,success,50,10818763723939486642,7548670190462501290,"(21, 26)","(49, 8)","(27, 33)",fireproof_button_v1,5000
48,60,0.4,bot4,success,50,10818763723939486642,7548670190462501290,"(21, 26)","(49, 8)","(27, 33)",fireproof_button_v1,5000
48,60,0.5,bot1,success,50,10818763723939486642,7548670190462501290,"(21, 26)","(49, 8)","(27, 33)",fireproof_button_v1,5000
48,60,0.5,bot2,success,50,10818763723939486642,7548670190462501290,"(21, 26)","(49, 8)","(27, 33)",fireproof_button_v1,5000
48,60,0.5,bot3,success,50,10818763723939486642,7548670190462501290,"(21, 26)","(49, 8)","(27, 33)",fireproof_button_v1,5000
48,60,0.5,bot4,success,50,10818763723939486642,7548670190462501290,"(21, 26)","(49, 8)","(27, 33)",fireproof_button_v1,5000
48,60,0.6,bot1,success,50,10818763723939486642,7548670190462501290,"(21, 26)","(49, 8)","(27, 33)",fireproof_button_v1,5000
48,60,0.6,bot2,success,50,10818763723939486642,7548670190462501290,"(21, 26)","(49, 8)","(27, 33)",fireproof_button_v1,5000
48,60,0.6,bot3,success,50,10818763723939486642,7548670190462501290,"(21, 26)","(49, 8)","(27, 33)",fireproof_button_v1,5000
48,60,0.6,bot4,success,50,10818763723939486642,7548670190462501290,"(21, 26)","(49, 8)","(27, 33)",fireproof_button_v1,5000
48,60,0.7,bot1,success,50,10818763723939486642,7548670190462501290,"(21, 26)","(49, 8)","(27, 33)",fireproof_button_v1,5000
48,60,0.7,bot2,success,50,10818763723939486642,7548670190462501290,"(21, 26)","(49, 8)","(27, 33)",fireproof_button_v1,5000
48,60,0.7,bot3,success,50,10818763723939486642,7548670190462501290,"(21, 26)","(49, 8)","(27, 33)",fireproof_button_v1,5000
48,60,0.7,bot4,success,50,10818763723939486642,7548670190462501290,"(21, 26)","(49, 8)","(27, 33)",fireproof_button_v1,5000
48,60,0.8,bot1,success,50,10818763723939486642,7548670190462501290,"(21, 26)","(49, 8)","(27, 33)",fireproof_button_v1,5000
48,60,0.8,bot2,success,50,10818763723939486642,7548670190462501290,"(21, 26)","(49, 8)","(27, 33)",fireproof_button_v1,5000
48,60,0.8,bot3,success,50,10818763723939486642,7548670190462501290,"(21, 26)","(49, 8)","(27, 33)",fireproof_button_v1,5000
48,60,0.8,bot4,success,50,10818763723939486642,7548670190462501290,"(21, 26)","(49, 8)","(27, 33)",fireproof_button_v1,5000
48,60,0.9,bot1,success,50,10818763723939486642,7548670190462501290,"(21, 26)","(49, 8)","(27, 33)",fireproof_button_v1,5000
48,60,0.9,bot2,success,50,10818763723939486642,7548670190462501290,"(21, 26)","(49, 8)","(27, 33)",fireproof_button_v1,5000
48,60,0.9,bot3,success,50,10818763723939486642,7548670190462501290,"(21, 26)","(49, 8)","(27, 33)",fireproof_button_v1,5000
48,60,0.9,bot4,success,50,10818763723939486642,7548670190462501290,"(21, 26)","(49, 8)","(27, 33)",fireproof_button_v1,5000
48,60,1.0,bot1,burned,48,10818763723939486642,7548670190462501290,"(21, 26)","(49, 8)","(27, 33)",fireproof_button_v1,5000
48,60,1.0,bot2,burned,48,10818763723939486642,7548670190462501290,"(21, 26)","(49, 8)","(27, 33)",fireproof_button_v1,5000
48,60,1.0,bot3,burned,48,10818763723939486642,7548670190462501290,"(21, 26)","(49, 8)","(27, 33)",fireproof_button_v1,5000
48,60,1.0,bot4,burned,48,10818763723939486642,7548670190462501290,"(21, 26)","(49, 8)","(27, 33)",fireproof_button_v1,5000
49,60,0.0,bot1,success,48,10189018670956358800,12965415009637705068,"(44, 48)","(33, 11)","(59, 6)",fireproof_button_v1,5000
49,60,0.0,bot2,success,48,10189018670956358800,12965415009637705068,"(44, 48)","(33, 11)","(59, 6)",fireproof_button_v1,5000
49,60,0.0,bot3,success,48,10189018670956358800,12965415009637705068,"(44, 48)","(33, 11)","(59, 6)",fireproof_button_v1,5000
49,60,0.0,bot4,success,48,10189018670956358800,12965415009637705068,"(44, 48)","(33, 11)","(59, 6)",fireproof_button_v1,5000
49,60,0.1,bot1,success,48,10189018670956358800,12965415009637705068,"(44, 48)","(33, 11)","(59, 6)",fireproof_button_v1,5000
49,60,0.1,bot2,success,48,10189018670956358800,12965415009637705068,"(44, 48)","(33, 11)","(59, 6)",fireproof_button_v1,5000
49,60,0.1,bot3,success,48,10189018670956358800,12965415009637705068,"(44, 48)","(33, 11)","(59, 6)",fireproof_button_v1,5000
49,60,0.1,bot4,success,48,10189018670956358800,12965415009637705068,"(44, 48)","(33, 11)","(59, 6)",fireproof_button_v1,5000
49,60,0.2,bot1,success,48,10189018670956358800,12965415009637705068,"(44, 48)","(33, 11)","(59, 6)",fireproof_button_v1,5000
49,60,0.2,bot2,success,48,10189018670956358800,12965415009637705068,"(44, 48)","(33, 11)","(59, 6)",fireproof_button_v1,5000
49,60,0.2,bot3,success,48,10189018670956358800,12965415009637705068,"(44, 48)","(33, 11)","(59, 6)",fireproof_button_v1,5000
49,60,0.2,bot4,success,48,10189018670956358800,12965415009637705068,"(44, 48)","(33, 11)","(59, 6)",fireproof_button_v1,5000
49,60,0.3,bot1,success,48,10189018670956358800,12965415009637705068,"(44, 48)","(33, 11)","(59, 6)",fireproof_button_v1,5000
49,60,0.3,bot2,success,48,10189018670956358800,12965415009637705068,"(44, 48)","(33, 11)","(59, 6)",fireproof_button_v1,5000
49,60,0.3,bot3,success,48,10189018670956358800,12965415009637705068,"(44, 48)","(33, 11)","(59, 6)",fireproof_button_v1,5000
49,60,0.3,bot4,success,48,10189018670956358800,12965415009637705068,"(44, 48)","(33, 11)","(59, 6)",fireproof_button_v1,5000
49,60,0.4,bot1,success,48,10189018670956358800,12965415009637705068,"(44, 48)","(33, 11)","(59, 6)",fireproof_button_v1,5000
49,60,0.4,bot2,success,48,10189018670956358800,12965415009637705068,"(44, 48)","(33, 11)","(59, 6)",fireproof_button_v1,5000
49,60,0.4,bot3,success,48,10189018670956358800,12965415009637705068,"(44, 48)","(33, 11)","(59, 6)",fireproof_button_v1,5000
49,60,0.4,bot4,success,48,10189018670956358800,12965415009637705068,"(44, 48)","(33, 11)","(59, 6)",fireproof_button_v1,5000
49,60,0.5,bot1,success,48,10189018670956358800,12965415009637705068,"(44, 48)","(33, 11)","(59, 6)",fireproof_button_v1,5000
49,60,0.5,bot2,success,48,10189018670956358800,12965415009637705068,"(44, 48)","(33, 11)","(59, 6)",fireproof_button_v1,5000
49,60,0.5,bot3,success,48,10189018670956358800,12965415009637705068,"(44, 48)","(33, 11)","(59, 6)",fireproof_button_v1,5000
49,60,0.5,bot4,success,48,10189018670956358800,12965415009637705068,"(44, 48)","(33, 11)","(59, 6)",fireproof_button_v1,5000
49,60,0.6,bot1,success,48,10189018670956358800,12965415009637705068,"(44, 48)","(33, 11)","(59, 6)",fireproof_button_v1,5000
49,60,0.6,bot2,success,48,10189018670956358800,12965415009637705068,"(44, 48)","(33, 11)","(59, 6)",fireproof_button_v1,5000
49,60,0.6,bot3,success,48,10189018670956358800,12965415009637705068,"(44, 48)","(33, 11)","(59, 6)",fireproof_button_v1,5000
49,60,0.6,bot4,success,48,10189018670956358800,12965415009637705068,"(44, 48)","(33, 11)","(59, 6)",fireproof_button_v1,5000
49,60,0.7,bot1,success,48,10189018670956358800,12965415009637705068,"(44, 48)","(33, 11)","(59, 6)",fireproof_button_v1,5000
49,60,0.7,bot2,success,48,10189018670956358800,12965415009637705068,"(44, 48)","(33, 11)","(59, 6)",fireproof_button_v1,5000
49,60,0.7,bot3,success,48,10189018670956358800,12965415009637705068,"(44, 48)","(33, 11)","(59, 6)",fireproof_button_v1,5000
49,60,0.7,bot4,success,48,10189018670956358800,12965415009637705068,"(44, 48)","(33, 11)","(59, 6)",fireproof_button_v1,5000
49,60,0.8,bot1,burned,44,10189018670956358800,12965415009637705068,"(44, 48)","(33, 11)","(59, 6)",fireproof_button_v1,5000
49,60,0.8,bot2,burned,51,10189018670956358800,12965415009637705068,"(44, 48)","(33, 11)","(59, 6)",fireproof_button_v1,5000
49,60,0.8,bot3,burned,51,10189018670956358800,12965415009637705068,"(44, 48)","(33, 11)","(59, 6)",fireproof_button_v1,5000
49,60,0.8,bot4,burned,51,10189018670956358800,12965415009637705068,"(44, 48)","(33, 11)","(59, 6)",fireproof_button_v1,5000
49,60,0.9,bot1,burned,44,10189018670956358800,12965415009637705068,"(44, 48)","(33, 11)","(59, 6)",fireproof_button_v1,5000
49,60,0.9,bot2,burned,48,10189018670956358800,12965415009637705068,"(44, 48)","(33, 11)","(59, 6)",fireproof_button_v1,5000
49,60,0.9,bot3,burned,48,10189018670956358800,12965415009637705068,"(44, 48)","(33, 11)","(59, 6)",fireproof_button_v1,5000
49,60,0.9,bot4,burned,48,10189018670956358800,12965415009637705068,"(44, 48)","(33, 11)","(59, 6)",fireproof_button_v1,5000
49,60,1.0,bot1,burned,42,10189018670956358800,12965415009637705068,"(44, 48)","(33, 11)","(59, 6)",fireproof_button_v1,5000
49,60,1.0,bot2,burned,43,10189018670956358800,12965415009637705068,"(44, 48)","(33, 11)","(59, 6)",fireproof_button_v1,5000
49,60,1.0,bot3,burned,45,10189018670956358800,12965415009637705068,"(44, 48)","(33, 11)","(59, 6)",fireproof_button_v1,5000
49,60,1.0,bot4,burned,43,10189018670956358800,12965415009637705068,"(44, 48)","(33, 11)","(59, 6)",fireproof_button_v1,5000
50,60,0.0,bot1,success,59,16285618115668512550,16996000043092458609,"(45, 6)","(56, 44)","(51, 26)",fireproof_button_v1,5000
50,60,0.0,bot2,success,59,16285618115668512550,16996000043092458609,"(45, 6)","(56, 44)","(51, 26)",fireproof_button_v1,5000
50,60,0.0,bot3,success,59,16285618115668512550,16996000043092458609,"(45, 6)","(56, 44)","(51, 26)",fireproof_button_v1,5000
50,60,0.0,bot4,success,59,16285618115668512550,16996000043092458609,"(45, 6)","(56, 44)","(51, 26)",fireproof_button_v1,5000
50,60,0.1,bot1,success,59,16285618115668512550,16996000043092458609,"(45, 6)","(56, 44)","(51, 26)",fireproof_button_v1,5000
50,60,0.1,bot2,success,59,16285618115668512550,16996000043092458609,"(45, 6)","(56, 44)","(51, 26)",fireproof_button_v1,5000
50,60,0.1,bot3,success,61,16285618115668512550,16996000043092458609,"(45, 6)","(56, 44)","(51, 26)",fireproof_button_v1,5000
50,60,0.1,bot4,success,79,16285618115668512550,16996000043092458609,"(45, 6)","(56, 44)","(51, 26)",fireproof_button_v1,5000
50,60,0.2,bot1,success,59,16285618115668512550,16996000043092458609,"(45, 6)","(56, 44)","(51, 26)",fireproof_button_v1,5000
50,60,0.2,bot2,success,59,16285618115668512550,16996000043092458609,"(45, 6)","(56, 44)","(51, 26)",fireproof_button_v1,5000
50,60,0.2,bot3,success,59,16285618115668512550,16996000043092458609,"(45, 6)","(56, 44)","(51, 26)",fireproof_button_v1,5000
50,60,0.2,bot4,success,79,16285618115668512550,16996000043092458609,"(45, 6)","(56, 44)","(51, 26)",fireproof_button_v1,5000
50,60,0.3,bot1,burned,38,16285618115668512550,16996000043092458609,"(45, 6)","(56, 44)","(51, 26)",fireproof_button_v1,5000
50,60,0.3,bot2,burned,61,16285618115668512550,16996000043092458609,"(45, 6)","(56, 44)","(51, 26)",fireproof_button_v1,5000
50,60,0.3,bot3,burned,60,16285618115668512550,16996000043092458609,"(45, 6)","(56, 44)","(51, 26)",fireproof_button_v1,5000
50,60,0.3,bot4,success,79,16285618115668512550,16996000043092458609,"(45, 6)","(56, 44)","(51, 26)",fireproof_button_v1,5000
50,60,0.4,bot1,burned,36,16285618115668512550,16996000043092458609,"(45, 6)","(56, 44)","(51, 26)",fireproof_button_v1,5000
50,60,0.4,bot2,burned,53,16285618115668512550,16996000043092458609,"(45, 6)","(56, 44)","(51, 26)",fireproof_button_v1,5000
50,60,0.4,bot3,burned,52,16285618115668512550,16996000043092458609,"(45, 6)","(56, 44)","(51, 26)",fireproof_button_v1,5000
50,60,0.4,bot4,burned,53,16285618115668512550,16996000043092458609,"(45, 6)","(56, 44)","(51, 26)",fireproof_button_v1,5000
50,60,0.5,bot1,burned,32,16285618115668512550,16996000043092458609,"(45, 6)","(56, 44)","(51, 26)",fireproof_button_v1,5000
50,60,0.5,bot2,burned,90,16285618115668512550,16996000043092458609,"(45, 6)","(56, 44)","(51, 26)",fireproof_button_v1,5000
50,60,0.5,bot3,burned,90,16285618115668512550,16996000043092458609,"(45, 6)","(56, 44)","(51, 26)",fireproof_button_v1,5000
50,60,0.5,bot4,burned,90,16285618115668512550,16996000043092458609,"(45, 6)","(56, 44)","(51, 26)",fireproof_button_v1,5000
50,60,0.6,bot1,burned,30,16285618115668512550,16996000043092458609,"(45, 6)","(56, 44)","(51, 26)",fireproof_button_v1,5000
50,60,0.6,bot2,burned,66,16285618115668512550,16996000043092458609,"(45, 6)","(56, 44)","(51, 26)",fireproof_button_v1,5000
50,60,0.6,bot3,burned,66,16285618115668512550,16996000043092458609,"(45, 6)","(56, 44)","(51, 26)",fireproof_button_v1,5000
50,60,0.6,bot4,burned,66,16285618115668512550,16996000043092458609,"(45, 6)","(56, 44)","(51, 26)",fireproof_button_v1,5000
50,60,0.7,bot1,burned,28,16285618115668512550,16996000043092458609,"(45, 6)","(56, 44)","(51, 26)",fireproof_button_v1,5000
50,60,0.7,bot2,burned,28,16285618115668512550,16996000043092458609,"(45, 6)","(56, 44)","(51, 26)",fireproof_button_v1,5000
50,60,0.7,bot3,burned,49,16285618115668512550,16996000043092458609,"(45, 6)","(56, 44)","(51, 26)",fireproof_button_v1,5000
50,60,0.7,bot4,burned,28,16285618115668512550,16996000043092458609,"(45, 6)","(56, 44)","(51, 26)",fireproof_button_v1,5000
50,60,0.8,bot1,burned,23,16285618115668512550,16996000043092458609,"(45, 6)","(56, 44)","(51, 26)",fireproof_button_v1,5000
50,60,0.8,bot2,burned,50,16285618115668512550,16996000043092458609,"(45, 6)","(56, 44)","(51, 26)",fireproof_button_v1,5000
50,60,0.8,bot3,burned,53,16285618115668512550,16996000043092458609,"(45, 6)","(56, 44)","(51, 26)",fireproof_button_v1,5000
50,60,0.8,bot4,burned,50,16285618115668512550,16996000043092458609,"(45, 6)","(56, 44)","(51, 26)",fireproof_button_v1,5000
50,60,0.9,bot1,burned,22,16285618115668512550,16996000043092458609,"(45, 6)","(56, 44)","(51, 26)",fireproof_button_v1,5000
50,60,0.9,bot2,burned,38,16285618115668512550,16996000043092458609,"(45, 6)","(56, 44)","(51, 26)",fireproof_button_v1,5000
50,60,0.9,bot3,burned,38,16285618115668512550,16996000043092458609,"(45, 6)","(56, 44)","(51, 26)",fireproof_button_v1,5000
50,60,0.9,bot4,burned,38,16285618115668512550,16996000043092458609,"(45, 6)","(56, 44)","(51, 26)",fireproof_button_v1,5000
50,60,1.0,bot1,burned,21,16285618115668512550,16996000043092458609,"(45, 6)","(56, 44)","(51, 26)",fireproof_button_v1,5000
50,60,1.0,bot2,burned,26,16285618115668512550,16996000043092458609,"(45, 6)","(56, 44)","(51, 26)",fireproof_button_v1,5000
50,60,1.0,bot3,burned,29,16285618115668512550,16996000043092458609,"(45, 6)","(56, 44)","(51, 26)",fireproof_button_v1,5000
50,60,1.0,bot4,burned,26,16285618115668512550,16996000043092458609,"(45, 6)","(56, 44)","(51, 26)",fireproof_button_v1,5000
51,60,0.0,bot1,success,68,1103663332571957643,4429417069752233861,"(49, 16)","(15, 48)","(45, 41)",fireproof_button_v1,5000
51,60,0.0,bot2,success,68,1103663332571957643,4429417069752233861,"(49, 16)","(15, 48)","(45, 41)",fireproof_button_v1,5000
51,60,0.0,bot3,success,68,1103663332571957643,4429417069752233861,"(49, 16)","(15, 48)","(45, 41)",fireproof_button_v1,5000
51,60,0.0,bot4,success,68,1103663332571957643,4429417069752233861,"(49, 16)","(15, 48)","(45, 41)",fireproof_button_v1,5000
51,60,0.1,bot1,success,68,1103663332571957643,4429417069752233861,"(49, 16)","(15, 48)","(45, 41)",fireproof_button_v1,5000
51,60,0.1,bot2,success,68,1103663332571957643,4429417069752233861,"(49, 16)","(15, 48)","(45, 41)",fireproof_button_v1,5000
51,60,0.1,bot3,success,68,1103663332571957643,4429417069752233861,"(49, 16)","(15, 48)","(45, 41)",fireproof_button_v1,5000
51,60,0.1,bot4,success,68,1103663332571957643,4429417069752233861,"(49, 16)","(15, 48)","(45, 41)",fireproof_button_v1,5000
51,60,0.2,bot1,success,68,1103663332571957643,4429417069752233861,"(49, 16)","(15, 48)","(45, 41)",fireproof_button_v1,5000
51,60,0.2,bot2,success,68,1103663332571957643,4429417069752233861,"(49, 16)","(15, 48)","(45, 41)",fireproof_button_v1,5000
51,60,0.2,bot3,success,68,1103663332571957643,4429417069752233861,"(49, 16)","(15, 48)","(45, 41)",fireproof_button_v1,5000
51,60,0.2,bot4,success,68,1103663332571957643,4429417069752233861,"(49, 16)","(15, 48)","(45, 41)",fireproof_button_v1,5000
51,60,0.3,bot1,success,68,1103663332571957643,4429417069752233861,"(49, 16)","(15, 48)","(45, 41)",fireproof_button_v1,5000
51,60,0.3,bot2,success,68,1103663332571957643,4429417069752233861,"(49, 16)","(15, 48)","(45, 41)",fireproof_button_v1,5000
51,60,0.3,bot3,success,68,1103663332571957643,4429417069752233861,"(49, 16)","(15, 48)","(45, 41)",fireproof_button_v1,5000
51,60,0.3,bot4,success,68,1103663332571957643,4429417069752233861,"(49, 16)","(15, 48)","(45, 41)",fireproof_button_v1,5000
51,60,0.4,bot1,burned,29,1103663332571957643,4429417069752233861,"(49, 16)","(15, 48)","(45, 41)",fireproof_button_v1,5000
51,60,0.4,bot2,burned,121,1103663332571957643,4429417069752233861,"(49, 16)","(15, 48)","(45, 41)",fireproof_button_v1,5000
51,60,0.4,bot3,burned,121,1103663332571957643,4429417069752233861,"(49, 16)","(15, 48)","(45, 41)",fireproof_button_v1,5000
51,60,0.4,bot4,burned,121,1103663332571957643,4429417069752233861,"(49, 16)","(15, 48)","(45, 41)",fireproof_button_v1,5000
51,60,0.5,bot1,burned,29,1103663332571957643,4429417069752233861,"(49, 16)","(15, 48)","(45, 41)",fireproof_button_v1,5000
51,60,0.5,bot2,burned,113,1103663332571957643,4429417069752233861,"(49, 16)","(15, 48)","(45, 41)",fireproof_button_v1,5000
51,60,0.5,bot3,burned,120,1103663332571957643,4429417069752233861,"(49, 16)","(15, 48)","(45, 41)",fireproof_button_v1,5000
51,60,0.5,bot4,burned,113,1103663332571957643,4429417069752233861,"(49, 16)","(15, 48)","(45, 41)",fireproof_button_v1,5000
51,60,0.6,bot1,burned,24,1103663332571957643,4429417069752233861,"(49, 16)","(15, 48)","(45, 41)",fireproof_button_v1,5000
51,60,0.6,bot2,burned,89,1103663332571957643,4429417069752233861,"(49, 16)","(15, 48)","(45, 41)",fireproof_button_v1,5000
51,60,0.6,bot3,burned,89,1103663332571957643,4429417069752233861,"(49, 16)","(15, 48)","(45, 41)",fireproof_button_v1,5000
51,60,0.6,bot4,burned,89,1103663332571957643,4429417069752233861,"(49, 16)","(15, 48)","(45, 41)",fireproof_button_v1,5000
51,60,0.7,bot1,burned,25,1103663332571957643,4429417069752233861,"(49, 16)","(15, 48)","(45, 41)",fireproof_button_v1,5000
51,60,0.7,bot2,burned,80,1103663332571957643,4429417069752233861,"(49, 16)","(15, 48)","(45, 41)",fireproof_button_v1,5000
51,60,0.7,bot3,burned,80,1103663332571957643,4429417069752233861,"(49, 16)","(15, 48)","(45, 41)",fireproof_button_v1,5000
51,60,0.7,bot4,burned,80,1103663332571957643,4429417069752233861,"(49, 16)","(15, 48)","(45, 41)",fireproof_button_v1,5000
51,60,0.8,bot1,burned,23,1103663332571957643,4429417069752233861,"(49, 16)","(15, 48)","(45, 41)",fireproof_button_v1,5000
51,60,0.8,bot2,burned,57,1103663332571957643,4429417069752233861,"(49, 16)","(15, 48)","(45, 41)",fireproof_button_v1,5000
51,60,0.8,bot3,burned,59,1103663332571957643,4429417069752233861,"(49, 16)","(15, 48)","(45, 41)",fireproof_button_v1,5000
51,60,0.8,bot4,burned,57,1103663332571957643,4429417069752233861,"(49, 16)","(15, 48)","(45, 41)",fireproof_button_v1,5000
51,60,0.9,bot1,burned,23,1103663332571957643,4429417069752233861,"(49, 16)","(15, 48)","(45, 41)",fireproof_button_v1,5000
51,60,0.9,bot2,burned,55,1103663332571957643,4429417069752233861,"(49, 16)","(15, 48)","(45, 41)",fireproof_button_v1,5000
51,60,0.9,bot3,burned,57,1103663332571957643,4429417069752233861,"(49, 16)","(15, 48)","(45, 41)",fireproof_button_v1,5000
51,60,0.9,bot4,burned,55,1103663332571957643,4429417069752233861,"(49, 16)","(15, 48)","(45, 41)",fireproof_button_v1,5000
51,60,1.0,bot1,burned,22,1103663332571957643,4429417069752233861,"(49, 16)","(15, 48)","(45, 41)",fireproof_button_v1,5000
51,60,1.0,bot2,burned,47,1103663332571957643,4429417069752233861,"(49, 16)","(15, 48)","(45, 41)",fireproof_button_v1,5000
51,60,1.0,bot3,burned,47,1103663332571957643,4429417069752233861,"(49, 16)","(15, 48)","(45, 41)",fireproof_button_v1,5000
51,60,1.0,bot4,burned,47,1103663332571957643,4429417069752233861,"(49, 16)","(15, 48)","(45, 41)",fireproof_button_v1,5000
52,60,0.0,bot1,success,25,15356956618612356779,8810739973327585091,"(7, 8)","(5, 25)","(47, 9)",fireproof_button_v1,5000
52,60,0.0,bot2,success,25,15356956618612356779,8810739973327585091,"(7, 8)","(5, 25)","(47, 9)",fireproof_button_v1,5000
52,60,0.0,bot3,success,25,15356956618612356779,8810739973327585091,"(7, 8)","(5, 25)","(47, 9)",fireproof_button_v1,5000
52,60,0.0,bot4,success,25,15356956618612356779,8810739973327585091,"(7, 8)","(5, 25)","(47, 9)",fireproof_button_v1,5000
52,60,0.1,bot1,success,25,15356956618612356779,8810739973327585091,"(7, 8)","(5, 25)","(47, 9)",fireproof_button_v1,5000
52,60,0.1,bot2,success,25,15356956618612356779,8810739973327585091,"(7, 8)","(5, 25)","(47, 9)",fireproof_button_v1,5000
52,60,0.1,bot3,success,25,15356956618612356779,8810739973327585091,"(7, 8)","(5, 25)","(47, 9)",fireproof_button_v1,5000
52,60,0.1,bot4,success,25,15356956618612356779,8810739973327585091,"(7, 8)","(5, 25)","(47, 9)",fireproof_button_v1,5000
52,60,0.2,bot1,success,25,15356956618612356779,8810739973327585091,"(7, 8)","(5, 25)","(47, 9)",fireproof_button_v1,5000
52,60,0.2,bot2,success,25,15356956618612356779,8810739973327585091,"(7, 8)","(5, 25)","(47, 9)",fireproof_button_v1,5000
52,60,0.2,bot3,success,25,15356956618612356779,8810739973327585091,"(7, 8)","(5, 25)","(47, 9)",fireproof_button_v1,5000
52,60,0.2,bot4,success,25,15356956618612356779,8810739973327585091,"(7, 8)","(5, 25)","(47, 9)",fireproof_button_v1,5000
52,60,0.3,bot1,success,25,15356956618612356779,8810739973327585091,"(7, 8)","(5, 25)","(47, 9)",fireproof_button_v1,5000
52,60,0.3,bot2,success,25,15356956618612356779,8810739973327585091,"(7, 8)","(5, 25)","(47, 9)",fireproof_button_v1,5000
52,60,0.3,bot3,success,25,15356956618612356779,8810739973327585091,"(7, 8)","(5, 25)","(47, 9)",fireproof_button_v1,5000
52,60,0.3,bot4,success,25,15356956618612356779,8810739973327585091,"(7, 8)","(5, 25)","(47, 9)",fireproof_button_v1,5000
52,60,0.4,bot1,success,25,15356956618612356779,8810739973327585091,"(7, 8)","(5, 25)","(47, 9)",fireproof_button_v1,5000
52,60,0.4,bot2,success,25,15356956618612356779,8810739973327585091,"(7, 8)","(5, 25)","(47, 9)",fireproof_button_v1,5000
52,60,0.4,bot3,success,25,15356956618612356779,8810739973327585091,"(7, 8)","(5, 25)","(47, 9)",fireproof_button_v1,5000
52,60,0.4,bot4,success,25,15356956618612356779,8810739973327585091,"(7, 8)","(5, 25)","(47, 9)",fireproof_button_v1,5000
52,60,0.5,bot1,success,25,15356956618612356779,8810739973327585091,"(7, 8)","(5, 25)","(47, 9)",fireproof_button_v1,5000
52,60,0.5,bot2,success,25,15356956618612356779,8810739973327585091,"(7, 8)","(5, 25)","(47, 9)",fireproof_button_v1,5000
52,60,0.5,bot3,success,25,15356956618612356779,8810739973327585091,"(7, 8)","(5, 25)","(47, 9)",fireproof_button_v1,5000
52,60,0.5,bot4,success,25,15356956618612356779,8810739973327585091,"(7, 8)","(5, 25)","(47, 9)",fireproof_button_v1,5000
52,60,0.6,bot1,success,25,15356956618612356779,8810739973327585091,"(7, 8)","(5, 25)","(47, 9)",fireproof_button_v1,5000
52,60,0.6,bot2,success,25,15356956618612356779,8810739973327585091,"(7, 8)","(5, 25)","(47, 9)",fireproof_button_v1,5000
52,60,0.6,bot3,success,25,15356956618612356779,8810739973327585091,"(7, 8)","(5, 25)","(47, 9)",fireproof_button_v1,5000
52,60,0.6,bot4,success,25,15356956618612356779,8810739973327585091,"(7, 8)","(5, 25)","(47, 9)",fireproof_button_v1,5000
52,60,0.7,bot1,success,25,15356956618612356779,8810739973327585091,"(7, 8)","(5, 25)","(47, 9)",fireproof_button_v1,5000
52,60,0.7,bot2,success,25,15356956618612356779,8810739973327585091,"(7, 8)","(5, 25)","(47, 9)",fireproof_button_v1,5000
52,60,0.7,bot3,success,25,15356956618612356779,8810739973327585091,"(7, 8)","(5, 25)","(47, 9)",fireproof_button_v1,5000
52,60,0.7,bot4,success,25,15356956618612356779,8810739973327585091,"(7, 8)","(5, 25)","(47, 9)",fireproof_button_v1,5000
52,60,0.8,bot1,success,25,15356956618612356779,8810739973327585091,"(7, 8)","(5, 25)","(47, 9)",fireproof_button_v1,5000
52,60,0.8,bot2,success,25,15356956618612356779,8810739973327585091,"(7, 8)","(5, 25)","(47, 9)",fireproof_button_v1,5000
52,60,0.8,bot3,success,25,15356956618612356779,8810739973327585091,"(7, 8)","(5, 25)","(47, 9)",fireproof_button_v1,5000
52,60,0.8,bot4,success,25,15356956618612356779,8810739973327585091,"(7, 8)","(5, 25)","(47, 9)",fireproof_button_v1,5000
52,60,0.9,bot1,success,25,15356956618612356779,8810739973327585091,"(7, 8)","(5, 25)","(47, 9)",fireproof_button_v1,5000
52,60,0.9,bot2,success,25,15356956618612356779,8810739973327585091,"(7, 8)","(5, 25)","(47, 9)",fireproof_button_v1,5000
52,60,0.9,bot3,success,25,15356956618612356779,8810739973327585091,"(7, 8)","(5, 25)","(47, 9)",fireproof_button_v1,5000
52,60,0.9,bot4,success,25,15356956618612356779,8810739973327585091,"(7, 8)","(5, 25)","(47, 9)",fireproof_button_v1,5000
52,60,1.0,bot1,success,25,15356956618612356779,8810739973327585091,"(7, 8)","(5, 25)","(47, 9)",fireproof_button_v1,5000
52,60,1.0,bot2,success,25,15356956618612356779,8810739973327585091,"(7, 8)","(5, 25)","(47, 9)",fireproof_button_v1,5000
52,60,1.0,bot3,success,25,15356956618612356779,8810739973327585091,"(7, 8)","(5, 25)","(47, 9)",fireproof_button_v1,5000
52,60,1.0,bot4,success,25,15356956618612356779,8810739973327585091,"(7, 8)","(5, 25)","(47, 9)",fireproof_button_v1,5000
53,60,0.0,bot1,success,24,3347260967220492386,10235422953420516841,"(43, 30)","(51, 18)","(31, 57)",fireproof_button_v1,5000
53,60,0.0,bot2,success,24,3347260967220492386,10235422953420516841,"(43, 30)","(51, 18)","(31, 57)",fireproof_button_v1,5000
53,60,0.0,bot3,success,24,3347260967220492386,10235422953420516841,"(43, 30)","(51, 18)","(31, 57)",fireproof_button_v1,5000
53,60,0.0,bot4,success,24,3347260967220492386,10235422953420516841,"(43, 30)","(51, 18)","(31, 57)",fireproof_button_v1,5000
53,60,0.1,bot1,success,24,3347260967220492386,10235422953420516841,"(43, 30)","(51, 18)","(31, 57)",fireproof_button_v1,5000
53,60,0.1,bot2,success,24,3347260967220492386,10235422953420516841,"(43, 30)","(51, 18)","(31, 57)",fireproof_button_v1,5000
53,60,0.1,bot3,success,24,3347260967220492386,10235422953420516841,"(43, 30)","(51, 18)","(31, 57)",fireproof_button_v1,5000
53,60,0.1,bot4,success,24,3347260967220492386,10235422953420516841,"(43, 30)","(51, 18)","(31, 57)",fireproof_button_v1,5000
53,60,0.2,bot1,success,24,3347260967220492386,10235422953420516841,"(43, 30)","(51, 18)","(31, 57)",fireproof_button_v1,5000
53,60,0.2,bot2,success,24,3347260967220492386,10235422953420516841,"(43, 30)","(51, 18)","(31, 57)",fireproof_button_v1,5000
53,60,0.2,bot3,success,24,3347260967220492386,10235422953420516841,"(43, 30)","(51, 18)","(31, 57)",fireproof_button_v1,5000
53,60,0.2,bot4,success,24,3347260967220492386,10235422953420516841,"(43, 30)","(51, 18)","(31, 57)",fireproof_button_v1,5000
53,60,0.3,bot1,success,24,3347260967220492386,10235422953420516841,"(43, 30)","(51, 18)","(31, 57)",fireproof_button_v1,5000
53,60,0.3,bot2,success,24,3347260967220492386,10235422953420516841,"(43, 30)","(51, 18)","(31, 57)",fireproof_button_v1,5000
53,60,0.3,bot3,success,24,3347260967220492386,10235422953420516841,"(43, 30)","(51, 18)","(31, 57)",fireproof_button_v1,5000
53,60,0.3,bot4,success,24,3347260967220492386,10235422953420516841,"(43, 30)","(51, 18)","(31, 57)",fireproof_button_v1,5000
53,60,0.4,bot1,success,24,3347260967220492386,10235422953420516841,"(43, 30)","(51, 18)","(31, 57)",fireproof_button_v1,5000
53,60,0.4,bot2,success,24,3347260967220492386,10235422953420516841,"(43, 30)","(51, 18)","(31, 57)",fireproof_button_v1,5000
53,60,0.4,bot3,success,24,3347260967220492386,10235422953420516841,"(43, 30)","(51, 18)","(31, 57)",fireproof_button_v1,5000
53,60,0.4,bot4,success,24,3347260967220492386,10235422953420516841,"(43, 30)","(51, 18)","(31, 57)",fireproof_button_v1,5000
53,60,0.5,bot1,success,24,3347260967220492386,10235422953420516841,"(43, 30)","(51, 18)","(31, 57)",fireproof_button_v1,5000
53,60,0.5,bot2,success,24,3347260967220492386,10235422953420516841,"(43, 30)","(51, 18)","(31, 57)",fireproof_button_v1,5000
53,60,0.5,bot3,success,24,3347260967220492386,10235422953420516841,"(43, 30)","(51, 18)","(31, 57)",fireproof_button_v1,5000
53,60,0.5,bot4,success,24,3347260967220492386,10235422953420516841,"(43, 30)","(51, 18)","(31, 57)",fireproof_button_v1,5000
53,60,0.6,bot1,success,24,3347260967220492386,10235422953420516841,"(43, 30)","(51, 18)","(31, 57)",fireproof_button_v1,5000
53,60,0.6,bot2,success,24,3347260967220492386,10235422953420516841,"(43, 30)","(51, 18)","(31, 57)",fireproof_button_v1,5000
53,60,0.6,bot3,success,24,3347260967220492386,10235422953420516841,"(43, 30)","(51, 18)","(31, 57)",fireproof_button_v1,5000
53,60,0.6,bot4,success,24,3347260967220492386,10235422953420516841,"(43, 30)","(51, 18)","(31, 57)",fireproof_button_v1,5000
53,60,0.7,bot1,success,24,3347260967220492386,10235422953420516841,"(43, 30)","(51, 18)","(31, 57)",fireproof_button_v1,5000
53,60,0.7,bot2,success,24,3347260967220492386,10235422953420516841,"(43, 30)","(51, 18)","(31, 57)",fireproof_button_v1,5000
53,60,0.7,bot3,success,24,3347260967220492386,10235422953420516841,"(43, 30)","(51, 18)","(31, 57)",fireproof_button_v1,5000
53,60,0.7,bot4,success,24,3347260967220492386,10235422953420516841,"(43, 30)","(51, 18)","(31, 57)",fireproof_button_v1,5000
53,60,0.8,bot1,success,24,3347260967220492386,10235422953420516841,"(43, 30)","(51, 18)","(31, 57)",fireproof_button_v1,5000
53,60,0.8,bot2,success,24,3347260967220492386,10235422953420516841,"(43, 30)","(51, 18)","(31, 57)",fireproof_button_v1,5000
53,60,0.8,bot3,success,24,3347260967220492386,10235422953420516841,"(43, 30)","(51, 18)","(31, 57)",fireproof_button_v1,5000
53,60,0.8,bot4,success,24,3347260967220492386,10235422953420516841,"(43, 30)","(51, 18)","(31, 57)",fireproof_button_v1,5000
53,60,0.9,bot1,success,24,3347260967220492386,10235422953420516841,"(43, 30)","(51, 18)","(31, 57)",fireproof_button_v1,5000
53,60,0.9,bot2,success,24,3347260967220492386,10235422953420516841,"(43, 30)","(51, 18)","(31, 57)",fireproof_button_v1,5000
53,60,0.9,bot3,success,24,3347260967220492386,10235422953420516841,"(43, 30)","(51, 18)","(31, 57)",fireproof_button_v1,5000
53,60,0.9,bot4,success,24,3347260967220492386,10235422953420516841,"(43, 30)","(51, 18)","(31, 57)",fireproof_button_v1,5000
53,60,1.0,bot1,success,24,3347260967220492386,10235422953420516841,"(43, 30)","(51, 18)","(31, 57)",fireproof_button_v1,5000
53,60,1.0,bot2,success,24,3347260967220492386,10235422953420516841,"(43, 30)","(51, 18)","(31, 57)",fireproof_button_v1,5000
53,60,1.0,bot3,success,24,3347260967220492386,10235422953420516841,"(43, 30)","(51, 18)","(31, 57)",fireproof_button_v1,5000
53,60,1.0,bot4,success,24,3347260967220492386,10235422953420516841,"(43, 30)","(51, 18)","(31, 57)",fireproof_button_v1,5000
54,60,0.0,bot1,success,23,3750553126766265827,10125635937400689670,"(15, 26)","(13, 45)","(5, 31)",fireproof_button_v1,5000
54,60,0.0,bot2,success,23,3750553126766265827,10125635937400689670,"(15, 26)","(13, 45)","(5, 31)",fireproof_button_v1,5000
54,60,0.0,bot3,success,23,3750553126766265827,10125635937400689670,"(15, 26)","(13, 45)","(5, 31)",fireproof_button_v1,5000
54,60,0.0,bot4,success,23,3750553126766265827,10125635937400689670,"(15, 26)","(13, 45)","(5, 31)",fireproof_button_v1,5000
54,60,0.1,bot1,success,23,3750553126766265827,10125635937400689670,"(15, 26)","(13, 45)","(5, 31)",fireproof_button_v1,5000
54,60,0.1,bot2,success,23,3750553126766265827,10125635937400689670,"(15, 26)","(13, 45)","(5, 31)",fireproof_button_v1,5000
54,60,0.1,bot3,success,23,3750553126766265827,10125635937400689670,"(15, 26)","(13, 45)","(5, 31)",fireproof_button_v1,5000
54,60,0.1,bot4,success,23,3750553126766265827,10125635937400689670,"(15, 26)","(13, 45)","(5, 31)",fireproof_button_v1,5000
54,60,0.2,bot1,success,23,3750553126766265827,10125635937400689670,"(15, 26)","(13, 45)","(5, 31)",fireproof_button_v1,5000
54,60,0.2,bot2,success,23,3750553126766265827,10125635937400689670,"(15, 26)","(13, 45)","(5, 31)",fireproof_button_v1,5000
54,60,0.2,bot3,success,23,3750553126766265827,10125635937400689670,"(15, 26)","(13, 45)","(5, 31)",fireproof_button_v1,5000
54,60,0.2,bot4,success,23,3750553126766265827,10125635937400689670,"(15, 26)","(13, 45)","(5, 31)",fireproof_button_v1,5000
54,60,0.3,bot1,success,23,3750553126766265827,10125635937400689670,"(15, 26)","(13, 45)","(5, 31)",fireproof_button_v1,5000
54,60,0.3,bot2,success,23,3750553126766265827,10125635937400689670,"(15, 26)","(13, 45)","(5, 31)",fireproof_button_v1,5000
54,60,0.3,bot3,success,23,3750553126766265827,10125635937400689670,"(15, 26)","(13, 45)","(5, 31)",fireproof_button_v1,5000
54,60,0.3,bot4,success,23,3750553126766265827,10125635937400689670,"(15, 26)","(13, 45)","(5, 31)",fireproof_button_v1,5000
54,60,0.4,bot1,success,23,3750553126766265827,10125635937400689670,"(15, 26)","(13, 45)","(5, 31)",fireproof_button_v1,5000
54,60,0.4,bot2,success,23,3750553126766265827,10125635937400689670,"(15, 26)","(13, 45)","(5, 31)",fireproof_button_v1,5000
54,60,0.4,bot3,success,23,3750553126766265827,10125635937400689670,"(15, 26)","(13, 45)","(5, 31)",fireproof_button_v1,5000
54,60,0.4,bot4,success,23,3750553126766265827,10125635937400689670,"(15, 26)","(13, 45)","(5, 31)",fireproof_button_v1,5000
54,60,0.5,bot1,success,23,3750553126766265827,10125635937400689670,"(15, 26)","(13, 45)","(5, 31)",fireproof_button_v1,5000
54,60,0.5,bot2,success,23,3750553126766265827,10125635937400689670,"(15, 26)","(13, 45)","(5, 31)",fireproof_button_v1,5000
54,60,0.5,bot3,success,23,3750553126766265827,10125635937400689670,"(15, 26)","(13, 45)","(5, 31)",fireproof_button_v1,5000
54,60,0.5,bot4,success,23,3750553126766265827,10125635937400689670,"(15, 26)","(13, 45)","(5, 31)",fireproof_button_v1,5000
54,60,0.6,bot1,success,23,3750553126766265827,10125635937400689670,"(15, 26)","(13, 45)","(5, 31)",fireproof_button_v1,5000
54,60,0.6,bot2,success,23,3750553126766265827,10125635937400689670,"(15, 26)","(13, 45)","(5, 31)",fireproof_button_v1,5000
54,60,0.6,bot3,success,23,3750553126766265827,10125635937400689670,"(15, 26)","(13, 45)","(5, 31)",fireproof_button_v1,5000
54,60,0.6,bot4,success,23,3750553126766265827,10125635937400689670,"(15, 26)","(13, 45)","(5, 31)",fireproof_button_v1,5000
54,60,0.7,bot1,success,23,3750553126766265827,10125635937400689670,"(15, 26)","(13, 45)","(5, 31)",fireproof_button_v1,5000
54,60,0.7,bot2,success,23,3750553126766265827,10125635937400689670,"(15, 26)","(13, 45)","(5, 31)",fireproof_button_v1,5000
54,60,0.7,bot3,success,23,3750553126766265827,10125635937400689670,"(15, 26)","(13, 45)","(5, 31)",fireproof_button_v1,5000
54,60,0.7,bot4,success,23,3750553126766265827,10125635937400689670,"(15, 26)","(13, 45)","(5, 31)",fireproof_button_v1,5000
54,60,0.8,bot1,success,23,3750553126766265827,10125635937400689670,"(15, 26)","(13, 45)","(5, 31)",fireproof_button_v1,5000
54,60,0.8,bot2,success,23,3750553126766265827,10125635937400689670,"(15, 26)","(13, 45)","(5, 31)",fireproof_button_v1,5000
54,60,0.8,bot3,success,23,3750553126766265827,10125635937400689670,"(15, 26)","(13, 45)","(5, 31)",fireproof_button_v1,5000
54,60,0.8,bot4,success,23,3750553126766265827,10125635937400689670,"(15, 26)","(13, 45)","(5, 31)",fireproof_button_v1,5000
54,60,0.9,bot1,success,23,3750553126766265827,10125635937400689670,"(15, 26)","(13, 45)","(5, 31)",fireproof_button_v1,5000
54,60,0.9,bot2,success,23,3750553126766265827,10125635937400689670,"(15, 26)","(13, 45)","(5, 31)",fireproof_button_v1,5000
54,60,0.9,bot3,success,23,3750553126766265827,10125635937400689670,"(15, 26)","(13, 45)","(5, 31)",fireproof_button_v1,5000
54,60,0.9,bot4,success,23,3750553126766265827,10125635937400689670,"(15, 26)","(13, 45)","(5, 31)",fireproof_button_v1,5000
54,60,1.0,bot1,success,23,3750553126766265827,10125635937400689670,"(15, 26)","(13, 45)","(5, 31)",fireproof_button_v1,5000
54,60,1.0,bot2,success,23,3750553126766265827,10125635937400689670,"(15, 26)","(13, 45)","(5, 31)",fireproof_button_v1,5000
54,60,1.0,bot3,success,23,3750553126766265827,10125635937400689670,"(15, 26)","(13, 45)","(5, 31)",fireproof_button_v1,5000
54,60,1.0,bot4,success,23,3750553126766265827,10125635937400689670,"(15, 26)","(13, 45)","(5, 31)",fireproof_button_v1,5000
55,60,0.0,bot1,success,64,4923655026296347750,4099552487712418791,"(19, 36)","(3, 2)","(20, 4)",fireproof_button_v1,5000
55,60,0.0,bot2,success,64,4923655026296347750,4099552487712418791,"(19, 36)","(3, 2)","(20, 4)",fireproof_button_v1,5000
55,60,0.0,bot3,success,64,4923655026296347750,4099552487712418791,"(19, 36)","(3, 2)","(20, 4)",fireproof_button_v1,5000
55,60,0.0,bot4,success,64,4923655026296347750,4099552487712418791,"(19, 36)","(3, 2)","(20, 4)",fireproof_button_v1,5000
55,60,0.1,bot1,success,64,4923655026296347750,4099552487712418791,"(19, 36)","(3, 2)","(20, 4)",fireproof_button_v1,5000
55,60,0.1,bot2,success,64,4923655026296347750,4099552487712418791,"(19, 36)","(3, 2)","(20, 4)",fireproof_button_v1,5000
55,60,0.1,bot3,success,64,4923655026296347750,4099552487712418791,"(19, 36)","(3, 2)","(20, 4)",fireproof_button_v1,5000
55,60,0.1,bot4,success,64,4923655026296347750,4099552487712418791,"(19, 36)","(3, 2)","(20, 4)",fireproof_button_v1,5000
55,60,0.2,bot1,success,64,4923655026296347750,4099552487712418791,"(19, 36)","(3, 2)","(20, 4)",fireproof_button_v1,5000
55,60,0.2,bot2,success,64,4923655026296347750,4099552487712418791,"(19, 36)","(3, 2)","(20, 4)",fireproof_button_v1,5000
55,60,0.2,bot3,success,64,4923655026296347750,4099552487712418791,"(19, 36)","(3, 2)","(20, 4)",fireproof_button_v1,5000
55,60,0.2,bot4,success,64,4923655026296347750,4099552487712418791,"(19, 36)","(3, 2)","(20, 4)",fireproof_button_v1,5000
55,60,0.3,bot1,success,64,4923655026296347750,4099552487712418791,"(19, 36)","(3, 2)","(20, 4)",fireproof_button_v1,5000
55,60,0.3,bot2,success,64,4923655026296347750,4099552487712418791,"(19, 36)","(3, 2)","(20, 4)",fireproof_button_v1,5000
55,60,0.3,bot3,success,64,4923655026296347750,4099552487712418791,"(19, 36)","(3, 2)","(20, 4)",fireproof_button_v1,5000
55,60,0.3,bot4,success,64,4923655026296347750,4099552487712418791,"(19, 36)","(3, 2)","(20, 4)",fireproof_button_v1,5000
55,60,0.4,bot1,burned,50,4923655026296347750,4099552487712418791,"(19, 36)","(3, 2)","(20, 4)",fireproof_button_v1,5000
55,60,0.4,bot2,burned,52,4923655026296347750,4099552487712418791,"(19, 36)","(3, 2)","(20, 4)",fireproof_button_v1,5000
55,60,0.4,bot3,burned,52,4923655026296347750,4099552487712418791,"(19, 36)","(3, 2)","(20, 4)",fireproof_button_v1,5000
55,60,0.4,bot4,burned,52,4923655026296347750,4099552487712418791,"(19, 36)","(3, 2)","(20, 4)",fireproof_button_v1,5000
55,60,0.5,bot1,burned,38,4923655026296347750,4099552487712418791,"(19, 36)","(3, 2)","(20, 4)",fireproof_button_v1,5000
55,60,0.5,bot2,burned,40,4923655026296347750,4099552487712418791,"(19, 36)","(3, 2)","(20, 4)",fireproof_button_v1,5000
55,60,0.5,bot3,burned,40,4923655026296347750,4099552487712418791,"(19, 36)","(3, 2)","(20, 4)",fireproof_button_v1,5000
55,60,0.5,bot4,burned,40,4923655026296347750,4099552487712418791,"(19, 36)","(3, 2)","(20, 4)",fireproof_button_v1,5000
55,60,0.6,bot1,burned,34,4923655026296347750,4099552487712418791,"(19, 36)","(3, 2)","(20, 4)",fireproof_button_v1,5000
55,60,0.6,bot2,burned,34,4923655026296347750,4099552487712418791,"(19, 36)","(3, 2)","(20, 4)",fireproof_button_v1,5000
55,60,0.6,bot3,burned,34,4923655026296347750,4099552487712418791,"(19, 36)","(3, 2)","(20, 4)",fireproof_button_v1,5000
55,60,0.6,bot4,burned,34,4923655026296347750,4099552487712418791,"(19, 36)","(3, 2)","(20, 4)",fireproof_button_v1,5000
55,60,0.7,bot1,burned,33,4923655026296347750,4099552487712418791,"(19, 36)","(3, 2)","(20, 4)",fireproof_button_v1,5000
55,60,0.7,bot2,burned,43,4923655026296347750,4099552487712418791,"(19, 36)","(3, 2)","(20, 4)",fireproof_button_v1,5000
55,60,0.7,bot3,burned,43,4923655026296347750,4099552487712418791,"(19, 36)","(3, 2)","(20, 4)",fireproof_button_v1,5000
55,60,0.7,bot4,burned,43,4923655026296347750,4099552487712418791,"(19, 36)","(3, 2)","(20, 4)",fireproof_button_v1,5000
55,60,0.8,bot1,burned,31,4923655026296347750,4099552487712418791,"(19, 36)","(3, 2)","(20, 4)",fireproof_button_v1,5000
55,60,0.8,bot2,burned,44,4923655026296347750,4099552487712418791,"(19, 36)","(3, 2)","(20, 4)",fireproof_button_v1,5000
55,60,0.8,bot3,burned,44,4923655026296347750,4099552487712418791,"(19, 36)","(3, 2)","(20, 4)",fireproof_button_v1,5000
55,60,0.8,bot4,burned,44,4923655026296347750,4099552487712418791,"(19, 36)","(3, 2)","(20, 4)",fireproof_button_v1,5000
55,60,0.9,bot1,burned,30,4923655026296347750,4099552487712418791,"(19, 36)","(3, 2)","(20, 4)",fireproof_button_v1,5000
55,60,0.9,bot2,burned,39,4923655026296347750,4099552487712418791,"(19, 36)","(3, 2)","(20, 4)",fireproof_button_v1,5000
55,60,0.9,bot3,burned,39,4923655026296347750,4099552487712418791,"(19, 36)","(3, 2)","(20, 4)",fireproof_button_v1,5000
55,60,0.9,bot4,burned,39,4923655026296347750,4099552487712418791,"(19, 36)","(3, 2)","(20, 4)",fireproof_button_v1,5000
55,60,1.0,bot1,burned,29,4923655026296347750,4099552487712418791,"(19, 36)","(3, 2)","(20, 4)",fireproof_button_v1,5000
55,60,1.0,bot2,burned,38,4923655026296347750,4099552487712418791,"(19, 36)","(3, 2)","(20, 4)",fireproof_button_v1,5000
55,60,1.0,bot3,burned,38,4923655026296347750,4099552487712418791,"(19, 36)","(3, 2)","(20, 4)",fireproof_button_v1,5000
55,60,1.0,bot4,burned,38,4923655026296347750,4099552487712418791,"(19, 36)","(3, 2)","(20, 4)",fireproof_button_v1,5000
56,60,0.0,bot1,success,65,3953158600772623661,2920057003408685321,"(53, 53)","(26, 23)","(43, 6)",fireproof_button_v1,5000
56,60,0.0,bot2,success,65,3953158600772623661,2920057003408685321,"(53, 53)","(26, 23)","(43, 6)",fireproof_button_v1,5000
56,60,0.0,bot3,success,65,3953158600772623661,2920057003408685321,"(53, 53)","(26, 23)","(43, 6)",fireproof_button_v1,5000
56,60,0.0,bot4,success,65,3953158600772623661,2920057003408685321,"(53, 53)","(26, 23)","(43, 6)",fireproof_button_v1,5000
56,60,0.1,bot1,success,65,3953158600772623661,2920057003408685321,"(53, 53)","(26, 23)","(43, 6)",fireproof_button_v1,5000
56,60,0.1,bot2,success,65,3953158600772623661,2920057003408685321,"(53, 53)","(26, 23)","(43, 6)",fireproof_button_v1,5000
56,60,0.1,bot3,success,65,3953158600772623661,2920057003408685321,"(53, 53)","(26, 23)","(43, 6)",fireproof_button_v1,5000
56,60,0.1,bot4,success,65,3953158600772623661,2920057003408685321,"(53, 53)","(26, 23)","(43, 6)",fireproof_button_v1,5000
56,60,0.2,bot1,success,65,3953158600772623661,2920057003408685321,"(53, 53)","(26, 23)","(43, 6)",fireproof_button_v1,5000
56,60,0.2,bot2,success,65,3953158600772623661,2920057003408685321,"(53, 53)","(26, 23)","(43, 6)",fireproof_button_v1,5000
56,60,0.2,bot3,success,65,3953158600772623661,2920057003408685321,"(53, 53)","(26, 23)","(43, 6)",fireproof_button_v1,5000
56,60,0.2,bot4,success,65,3953158600772623661,2920057003408685321,"(53, 53)","(26, 23)","(43, 6)",fireproof_button_v1,5000
56,60,0.3,bot1,success,65,3953158600772623661,2920057003408685321,"(53, 53)","(26, 23)","(43, 6)",fireproof_button_v1,5000
56,60,0.3,bot2,success,65,3953158600772623661,2920057003408685321,"(53, 53)","(26, 23)","(43, 6)",fireproof_button_v1,5000
56,60,0.3,bot3,success,65,3953158600772623661,2920057003408685321,"(53, 53)","(26, 23)","(43, 6)",fireproof_button_v1,5000
56,60,0.3,bot4,success,65,3953158600772623661,2920057003408685321,"(53, 53)","(26, 23)","(43, 6)",fireproof_button_v1,5000
56,60,0.4,bot1,success,65,3953158600772623661,2920057003408685321,"(53, 53)","(26, 23)","(43, 6)",fireproof_button_v1,5000
56,60,0.4,bot2,success,65,3953158600772623661,2920057003408685321,"(53, 53)","(26, 23)","(43, 6)",fireproof_button_v1,5000
56,60,0.4,bot3,success,65,3953158600772623661,2920057003408685321,"(53, 53)","(26, 23)","(43, 6)",fireproof_button_v1,5000
56,60,0.4,bot4,success,65,3953158600772623661,2920057003408685321,"(53, 53)","(26, 23)","(43, 6)",fireproof_button_v1,5000
56,60,0.5,bot1,success,65,3953158600772623661,2920057003408685321,"(53, 53)","(26, 23)","(43, 6)",fireproof_button_v1,5000
56,60,0.5,bot2,success,65,3953158600772623661,2920057003408685321,"(53, 53)","(26, 23)","(43, 6)",fireproof_button_v1,5000
56,60,0.5,bot3,success,65,3953158600772623661,2920057003408685321,"(53, 53)","(26, 23)","(43, 6)",fireproof_button_v1,5000
56,60,0.5,bot4,success,65,3953158600772623661,2920057003408685321,"(53, 53)","(26, 23)","(43, 6)",fireproof_button_v1,5000
56,60,0.6,bot1,success,65,3953158600772623661,2920057003408685321,"(53, 53)","(26, 23)","(43, 6)",fireproof_button_v1,5000
56,60,0.6,bot2,success,65,3953158600772623661,2920057003408685321,"(53, 53)","(26, 23)","(43, 6)",fireproof_button_v1,5000
56,60,0.6,bot3,success,65,3953158600772623661,2920057003408685321,"(53, 53)","(26, 23)","(43, 6)",fireproof_button_v1,5000
56,60,0.6,bot4,success,65,3953158600772623661,2920057003408685321,"(53, 53)","(26, 23)","(43, 6)",fireproof_button_v1,5000
56,60,0.7,bot1,burned,50,3953158600772623661,2920057003408685321,"(53, 53)","(26, 23)","(43, 6)",fireproof_button_v1,5000
56,60,0.7,bot2,burned,50,3953158600772623661,2920057003408685321,"(53, 53)","(26, 23)","(43, 6)",fireproof_button_v1,5000
56,60,0.7,bot3,burned,50,3953158600772623661,2920057003408685321,"(53, 53)","(26, 23)","(43, 6)",fireproof_button_v1,5000
56,60,0.7,bot4,burned,50,3953158600772623661,2920057003408685321,"(53, 53)","(26, 23)","(43, 6)",fireproof_button_v1,5000
56,60,0.8,bot1,burned,49,3953158600772623661,2920057003408685321,"(53, 53)","(26, 23)","(43, 6)",fireproof_button_v1,5000
56,60,0.8,bot2,burned,50,3953158600772623661,2920057003408685321,"(53, 53)","(26, 23)","(43, 6)",fireproof_button_v1,5000
56,60,0.8,bot3,burned,50,3953158600772623661,2920057003408685321,"(53, 53)","(26, 23)","(43, 6)",fireproof_button_v1,5000
56,60,0.8,bot4,burned,50,3953158600772623661,2920057003408685321,"(53, 53)","(26, 23)","(43, 6)",fireproof_button_v1,5000
56,60,0.9,bot1,burned,46,3953158600772623661,2920057003408685321,"(53, 53)","(26, 23)","(43, 6)",fireproof_button_v1,5000
56,60,0.9,bot2,burned,48,3953158600772623661,2920057003408685321,"(53, 53)","(26, 23)","(43, 6)",fireproof_button_v1,5000
56,60,0.9,bot3,burned,48,3953158600772623661,2920057003408685321,"(53, 53)","(26, 23)","(43, 6)",fireproof_button_v1,5000
56,60,0.9,bot4,burned,48,3953158600772623661,2920057003408685321,"(53, 53)","(26, 23)","(43, 6)",fireproof_button_v1,5000
56,60,1.0,bot1,burned,46,3953158600772623661,2920057003408685321,"(53, 53)","(26, 23)","(43, 6)",fireproof_button_v1,5000
56,60,1.0,bot2,burned,43,3953158600772623661,2920057003408685321,"(53, 53)","(26, 23)","(43, 6)",fireproof_button_v1,5000
56,60,1.0,bot3,burned,43,3953158600772623661,2920057003408685321,"(53, 53)","(26, 23)","(43, 6)",fireproof_button_v1,5000
56,60,1.0,bot4,burned,43,3953158600772623661,2920057003408685321,"(53, 53)","(26, 23)","(43, 6)",fireproof_button_v1,5000
57,60,0.0,bot1,success,37,1072766797153309108,13313089559408914182,"(34, 44)","(20, 29)","(18, 1)",fireproof_button_v1,5000
57,60,0.0,bot2,success,37,1072766797153309108,13313089559408914182,"(34, 44)","(20, 29)","(18, 1)",fireproof_button_v1,5000
57,60,0.0,bot3,success,37,1072766797153309108,13313089559408914182,"(34, 44)","(20, 29)","(18, 1)",fireproof_button_v1,5000
57,60,0.0,bot4,success,37,1072766797153309108,13313089559408914182,"(34, 44)","(20, 29)","(18, 1)",fireproof_button_v1,5000
57,60,0.1,bot1,success,37,1072766797153309108,13313089559408914182,"(34, 44)","(20, 29)","(18, 1)",fireproof_button_v1,5000
57,60,0.1,bot2,success,37,1072766797153309108,13313089559408914182,"(34, 44)","(20, 29)","(18, 1)",fireproof_button_v1,5000
57,60,0.1,bot3,success,37,1072766797153309108,13313089559408914182,"(34, 44)","(20, 29)","(18, 1)",fireproof_button_v1,5000
57,60,0.1,bot4,success,37,1072766797153309108,13313089559408914182,"(34, 44)","(20, 29)","(18, 1)",fireproof_button_v1,5000
57,60,0.2,bot1,success,37,1072766797153309108,13313089559408914182,"(34, 44)","(20, 29)","(18, 1)",fireproof_button_v1,5000
57,60,0.2,bot2,success,37,1072766797153309108,13313089559408914182,"(34, 44)","(20, 29)","(18, 1)",fireproof_button_v1,5000
57,60,0.2,bot3,success,37,1072766797153309108,13313089559408914182,"(34, 44)","(20, 29)","(18, 1)",fireproof_button_v1,5000
57,60,0.2,bot4,success,37,1072766797153309108,13313089559408914182,"(34, 44)","(20, 29)","(18, 1)",fireproof_button_v1,5000
57,60,0.3,bot1,success,37,1072766797153309108,13313089559408914182,"(34, 44)","(20, 29)","(18, 1)",fireproof_button_v1,5000
57,60,0.3,bot2,success,37,1072766797153309108,13313089559408914182,"(34, 44)","(20, 29)","(18, 1)",fireproof_button_v1,5000
57,60,0.3,bot3,success,37,1072766797153309108,13313089559408914182,"(34, 44)","(20, 29)","(18, 1)",fireproof_button_v1,5000
57,60,0.3,bot4,success,37,1072766797153309108,13313089559408914182,"(34, 44)","(20, 29)","(18, 1)",fireproof_button_v1,5000
57,60,0.4,bot1,success,37,1072766797153309108,13313089559408914182,"(34, 44)","(20, 29)","(18, 1)",fireproof_button_v1,5000
57,60,0.4,bot2,success,37,1072766797153309108,13313089559408914182,"(34, 44)","(20, 29)","(18, 1)",fireproof_button_v1,5000
57,60,0.4,bot3,success,37,1072766797153309108,13313089559408914182,"(34, 44)","(20, 29)","(18, 1)",fireproof_button_v1,5000
57,60,0.4,bot4,success,37,1072766797153309108,13313089559408914182,"(34, 44)","(20, 29)","(18, 1)",fireproof_button_v1,5000
57,60,0.5,bot1,success,37,1072766797153309108,13313089559408914182,"(34, 44)","(20, 29)","(18, 1)",fireproof_button_v1,5000
57,60,0.5,bot2,success,37,1072766797153309108,13313089559408914182,"(34, 44)","(20, 29)","(18, 1)",fireproof_button_v1,5000
57,60,0.5,bot3,success,37,1072766797153309108,13313089559408914182,"(34, 44)","(20, 29)","(18, 1)",fireproof_button_v1,5000
57,60,0.5,bot4,success,37,1072766797153309108,13313089559408914182,"(34, 44)","(20, 29)","(18, 1)",fireproof_button_v1,5000
57,60,0.6,bot1,success,37,1072766797153309108,13313089559408914182,"(34, 44)","(20, 29)","(18, 1)",fireproof_button_v1,5000
57,60,0.6,bot2,success,37,1072766797153309108,13313089559408914182,"(34, 44)","(20, 29)","(18, 1)",fireproof_button_v1,5000
57,60,0.6,bot3,success,37,1072766797153309108,13313089559408914182,"(34, 44)","(20, 29)","(18, 1)",fireproof_button_v1,5000
57,60,0.6,bot4,success,37,1072766797153309108,13313089559408914182,"(34, 44)","(20, 29)","(18, 1)",fireproof_button_v1,5000
57,60,0.7,bot1,success,37,1072766797153309108,13313089559408914182,"(34, 44)","(20, 29)","(18, 1)",fireproof_button_v1,5000
57,60,0.7,bot2,success,37,1072766797153309108,13313089559408914182,"(34, 44)","(20, 29)","(18, 1)",fireproof_button_v1,5000
57,60,0.7,bot3,success,37,1072766797153309108,13313089559408914182,"(34, 44)","(20, 29)","(18, 1)",fireproof_button_v1,5000
57,60,0.7,bot4,success,37,1072766797153309108,13313089559408914182,"(34, 44)","(20, 29)","(18, 1)",fireproof_button_v1,5000
57,60,0.8,bot1,success,37,1072766797153309108,13313089559408914182,"(34, 44)","(20, 29)","(18, 1)",fireproof_button_v1,5000
57,60,0.8,bot2,success,37,1072766797153309108,13313089559408914182,"(34, 44)","(20, 29)","(18, 1)",fireproof_button_v1,5000
57,60,0.8,bot3,success,37,1072766797153309108,13313089559408914182,"(34, 44)","(20, 29)","(18, 1)",fireproof_button_v1,5000
57,60,0.8,bot4,success,37,1072766797153309108,13313089559408914182,"(34, 44)","(20, 29)","(18, 1)",fireproof_button_v1,5000
57,60,0.9,bot1,success,37,1072766797153309108,13313089559408914182,"(34, 44)","(20, 29)","(18, 1)",fireproof_button_v1,5000
57,60,0.9,bot2,success,37,1072766797153309108,13313089559408914182,"(34, 44)","(20, 29)","(18, 1)",fireproof_button_v1,5000
57,60,0.9,bot3,success,37,1072766797153309108,13313089559408914182,"(34, 44)","(20, 29)","(18, 1)",fireproof_button_v1,5000
57,60,0.9,bot4,success,37,1072766797153309108,13313089559408914182,"(34, 44)","(20, 29)","(18, 1)",fireproof_button_v1,5000
57,60,1.0,bot1,success,37,1072766797153309108,13313089559408914182,"(34, 44)","(20, 29)","(18, 1)",fireproof_button_v1,5000
57,60,1.0,bot2,success,37,1072766797153309108,13313089559408914182,"(34, 44)","(20, 29)","(18, 1)",fireproof_button_v1,5000
57,60,1.0,bot3,success,37,1072766797153309108,13313089559408914182,"(34, 44)","(20, 29)","(18, 1)",fireproof_button_v1,5000
57,60,1.0,bot4,success,37,1072766797153309108,13313089559408914182,"(34, 44)","(20, 29)","(18, 1)",fireproof_button_v1,5000
58,60,0.0,bot1,success,87,8163867005698714084,13099575784370758921,"(42, 52)","(24, 1)","(57, 13)",fireproof_button_v1,5000
58,60,0.0,bot2,success,87,8163867005698714084,13099575784370758921,"(42, 52)","(24, 1)","(57, 13)",fireproof_button_v1,5000
58,60,0.0,bot3,success,87,8163867005698714084,13099575784370758921,"(42, 52)","(24, 1)","(57, 13)",fireproof_button_v1,5000
58,60,0.0,bot4,success,87,8163867005698714084,13099575784370758921,"(42, 52)","(24, 1)","(57, 13)",fireproof_button_v1,5000
58,60,0.1,bot1,success,87,8163867005698714084,13099575784370758921,"(42, 52)","(24, 1)","(57, 13)",fireproof_button_v1,5000
58,60,0.1,bot2,success,87,8163867005698714084,13099575784370758921,"(42, 52)","(24, 1)","(57, 13)",fireproof_button_v1,5000
58,60,0.1,bot3,success,87,8163867005698714084,13099575784370758921,"(42, 52)","(24, 1)","(57, 13)",fireproof_button_v1,5000
58,60,0.1,bot4,success,87,8163867005698714084,13099575784370758921,"(42, 52)","(24, 1)","(57, 13)",fireproof_button_v1,5000
58,60,0.2,bot1,success,87,8163867005698714084,13099575784370758921,"(42, 52)","(24, 1)","(57, 13)",fireproof_button_v1,5000
58,60,0.2,bot2,success,87,8163867005698714084,13099575784370758921,"(42, 52)","(24, 1)","(57, 13)",fireproof_button_v1,5000
58,60,0.2,bot3,success,87,8163867005698714084,13099575784370758921,"(42, 52)","(24, 1)","(57, 13)",fireproof_button_v1,5000
58,60,0.2,bot4,success,87,8163867005698714084,13099575784370758921,"(42, 52)","(24, 1)","(57, 13)",fireproof_button_v1,5000
58,60,0.3,bot1,success,87,8163867005698714084,13099575784370758921,"(42, 52)","(24, 1)","(57, 13)",fireproof_button_v1,5000
58,60,0.3,bot2,success,87,8163867005698714084,13099575784370758921,"(42, 52)","(24, 1)","(57, 13)",fireproof_button_v1,5000
58,60,0.3,bot3,success,87,8163867005698714084,13099575784370758921,"(42, 52)","(24, 1)","(57, 13)",fireproof_button_v1,5000
58,60,0.3,bot4,success,87,8163867005698714084,13099575784370758921,"(42, 52)","(24, 1)","(57, 13)",fireproof_button_v1,5000
58,60,0.4,bot1,success,87,8163867005698714084,13099575784370758921,"(42, 52)","(24, 1)","(57, 13)",fireproof_button_v1,5000
58,60,0.4,bot2,success,87,8163867005698714084,13099575784370758921,"(42, 52)","(24, 1)","(57, 13)",fireproof_button_v1,5000
58,60,0.4,bot3,success,87,8163867005698714084,13099575784370758921,"(42, 52)","(24, 1)","(57, 13)",fireproof_button_v1,5000
58,60,0.4,bot4,success,87,8163867005698714084,13099575784370758921,"(42, 52)","(24, 1)","(57, 13)",fireproof_button_v1,5000
58,60,0.5,bot1,success,87,8163867005698714084,13099575784370758921,"(42, 52)","(24, 1)","(57, 13)",fireproof_button_v1,5000
58,60,0.5,bot2,success,87,8163867005698714084,13099575784370758921,"(42, 52)","(24, 1)","(57, 13)",fireproof_button_v1,5000
58,60,0.5,bot3,success,87,8163867005698714084,13099575784370758921,"(42, 52)","(24, 1)","(57, 13)",fireproof_button_v1,5000
58,60,0.5,bot4,success,87,8163867005698714084,13099575784370758921,"(42, 52)","(24, 1)","(57, 13)",fireproof_button_v1,5000
58,60,0.6,bot1,success,87,8163867005698714084,13099575784370758921,"(42, 52)","(24, 1)","(57, 13)",fireproof_button_v1,5000
58,60,0.6,bot2,success,87,8163867005698714084,13099575784370758921,"(42, 52)","(24, 1)","(57, 13)",fireproof_button_v1,5000
58,60,0.6,bot3,success,87,8163867005698714084,13099575784370758921,"(42, 52)","(24, 1)","(57, 13)",fireproof_button_v1,5000
58,60,0.6,bot4,success,87,8163867005698714084,13099575784370758921,"(42, 52)","(24, 1)","(57, 13)",fireproof_button_v1,5000
58,60,0.7,bot1,burned,85,8163867005698714084,13099575784370758921,"(42, 52)","(24, 1)","(57, 13)",fireproof_button_v1,5000
58,60,0.7,bot2,burned,94,8163867005698714084,13099575784370758921,"(42, 52)","(24, 1)","(57, 13)",fireproof_button_v1,5000
58,60,0.7,bot3,burned,96,8163867005698714084,13099575784370758921,"(42, 52)","(24, 1)","(57, 13)",fireproof_button_v1,5000
58,60,0.7,bot4,burned,94,8163867005698714084,13099575784370758921,"(42, 52)","(24, 1)","(57, 13)",fireproof_button_v1,5000
58,60,0.8,bot1,burned,82,8163867005698714084,13099575784370758921,"(42, 52)","(24, 1)","(57, 13)",fireproof_button_v1,5000
58,60,0.8,bot2,burned,82,8163867005698714084,13099575784370758921,"(42, 52)","(24, 1)","(57, 13)",fireproof_button_v1,5000
58,60,0.8,bot3,burned,82,8163867005698714084,13099575784370758921,"(42, 52)","(24, 1)","(57, 13)",fireproof_button_v1,5000
58,60,0.8,bot4,burned,82,8163867005698714084,13099575784370758921,"(42, 52)","(24, 1)","(57, 13)",fireproof_button_v1,5000
58,60,0.9,bot1,burned,62,8163867005698714084,13099575784370758921,"(42, 52)","(24, 1)","(57, 13)",fireproof_button_v1,5000
58,60,0.9,bot2,burned,70,8163867005698714084,13099575784370758921,"(42, 52)","(24, 1)","(57, 13)",fireproof_button_v1,5000
58,60,0.9,bot3,burned,70,8163867005698714084,13099575784370758921,"(42, 52)","(24, 1)","(57, 13)",fireproof_button_v1,5000
58,60,0.9,bot4,burned,70,8163867005698714084,13099575784370758921,"(42, 52)","(24, 1)","(57, 13)",fireproof_button_v1,5000
58,60,1.0,bot1,burned,54,8163867005698714084,13099575784370758921,"(42, 52)","(24, 1)","(57, 13)",fireproof_button_v1,5000
58,60,1.0,bot2,burned,54,8163867005698714084,13099575784370758921,"(42, 52)","(24, 1)","(57, 13)",fireproof_button_v1,5000
58,60,1.0,bot3,burned,54,8163867005698714084,13099575784370758921,"(42, 52)","(24, 1)","(57, 13)",fireproof_button_v1,5000
58,60,1.0,bot4,burned,54,8163867005698714084,13099575784370758921,"(42, 52)","(24, 1)","(57, 13)",fireproof_button_v1,5000
59,60,0.0,bot1,success,84,3557110435295371816,14788249542485837532,"(2, 12)","(53, 41)","(10, 53)",fireproof_button_v1,5000
59,60,0.0,bot2,success,84,3557110435295371816,14788249542485837532,"(2, 12)","(53, 41)","(10, 53)",fireproof_button_v1,5000
59,60,0.0,bot3,success,84,3557110435295371816,14788249542485837532,"(2, 12)","(53, 41)","(10, 53)",fireproof_button_v1,5000
59,60,0.0,bot4,success,84,3557110435295371816,14788249542485837532,"(2, 12)","(53, 41)","(10, 53)",fireproof_button_v1,5000
59,60,0.1,bot1,success,84,3557110435295371816,14788249542485837532,"(2, 12)","(53, 41)","(10, 53)",fireproof_button_v1,5000
59,60,0.1,bot2,success,84,3557110435295371816,14788249542485837532,"(2, 12)","(53, 41)","(10, 53)",fireproof_button_v1,5000
59,60,0.1,bot3,success,84,3557110435295371816,14788249542485837532,"(2, 12)","(53, 41)","(10, 53)",fireproof_button_v1,5000
59,60,0.1,bot4,success,84,3557110435295371816,14788249542485837532,"(2, 12)","(53, 41)","(10, 53)",fireproof_button_v1,5000
59,60,0.2,bot1,success,84,3557110435295371816,14788249542485837532,"(2, 12)","(53, 41)","(10, 53)",fireproof_button_v1,5000
59,60,0.2,bot2,success,84,3557110435295371816,14788249542485837532,"(2, 12)","(53, 41)","(10, 53)",fireproof_button_v1,5000
59,60,0.2,bot3,success,84,3557110435295371816,14788249542485837532,"(2, 12)","(53, 41)","(10, 53)",fireproof_button_v1,5000
59,60,0.2,bot4,success,84,3557110435295371816,14788249542485837532,"(2, 12)","(53, 41)","(10, 53)",fireproof_button_v1,5000
59,60,0.3,bot1,success,84,3557110435295371816,14788249542485837532,"(2, 12)","(53, 41)","(10, 53)",fireproof_button_v1,5000
59,60,0.3,bot2,success,84,3557110435295371816,14788249542485837532,"(2, 12)","(53, 41)","(10, 53)",fireproof_button_v1,5000
59,60,0.3,bot3,success,84,3557110435295371816,14788249542485837532,"(2, 12)","(53, 41)","(10, 53)",fireproof_button_v1,5000
59,60,0.3,bot4,success,84,3557110435295371816,14788249542485837532,"(2, 12)","(53, 41)","(10, 53)",fireproof_button_v1,5000
59,60,0.4,bot1,success,84,3557110435295371816,14788249542485837532,"(2, 12)","(53, 41)","(10, 53)",fireproof_button_v1,5000
59,60,0.4,bot2,success,84,3557110435295371816,14788249542485837532,"(2, 12)","(53, 41)","(10, 53)",fireproof_button_v1,5000
59,60,0.4,bot3,success,84,3557110435295371816,14788249542485837532,"(2, 12)","(53, 41)","(10, 53)",fireproof_button_v1,5000
59,60,0.4,bot4,success,84,3557110435295371816,14788249542485837532,"(2, 12)","(53, 41)","(10, 53)",fireproof_button_v1,5000
59,60,0.5,bot1,success,84,3557110435295371816,14788249542485837532,"(2, 12)","(53, 41)","(10, 53)",fireproof_button_v1,5000
59,60,0.5,bot2,success,84,3557110435295371816,14788249542485837532,"(2, 12)","(53, 41)","(10, 53)",fireproof_button_v1,5000
59,60,0.5,bot3,success,84,3557110435295371816,14788249542485837532,"(2, 12)","(53, 41)","(10, 53)",fireproof_button_v1,5000
59,60,0.5,bot4,success,84,3557110435295371816,14788249542485837532,"(2, 12)","(53, 41)","(10, 53)",fireproof_button_v1,5000
59,60,0.6,bot1,success,84,3557110435295371816,14788249542485837532,"(2, 12)","(53, 41)","(10, 53)",fireproof_button_v1,5000
59,60,0.6,bot2,success,84,3557110435295371816,14788249542485837532,"(2, 12)","(53, 41)","(10, 53)",fireproof_button_v1,5000
59,60,0.6,bot3,success,84,3557110435295371816,14788249542485837532,"(2, 12)","(53, 41)","(10, 53)",fireproof_button_v1,5000
59,60,0.6,bot4,success,84,3557110435295371816,14788249542485837532,"(2, 12)","(53, 41)","(10, 53)",fireproof_button_v1,5000
59,60,0.7,bot1,success,84,3557110435295371816,14788249542485837532,"(2, 12)","(53, 41)","(10, 53)",fireproof_button_v1,5000
59,60,0.7,bot2,success,84,3557110435295371816,14788249542485837532,"(2, 12)","(53, 41)","(10, 53)",fireproof_button_v1,5000
59,60,0.7,bot3,success,84,3557110435295371816,14788249542485837532,"(2, 12)","(53, 41)","(10, 53)",fireproof_button_v1,5000
59,60,0.7,bot4,success,84,3557110435295371816,14788249542485837532,"(2, 12)","(53, 41)","(10, 53)",fireproof_button_v1,5000
59,60,0.8,bot1,success,84,3557110435295371816,14788249542485837532,"(2, 12)","(53, 41)","(10, 53)",fireproof_button_v1,5000
59,60,0.8,bot2,success,84,3557110435295371816,14788249542485837532,"(2, 12)","(53, 41)","(10, 53)",fireproof_button_v1,5000
59,60,0.8,bot3,success,84,3557110435295371816,14788249542485837532,"(2, 12)","(53, 41)","(10, 53)",fireproof_button_v1,5000
59,60,0.8,bot4,success,84,3557110435295371816,14788249542485837532,"(2, 12)","(53, 41)","(10, 53)",fireproof_button_v1,5000
59,60,0.9,bot1,success,84,3557110435295371816,14788249542485837532,"(2, 12)","(53, 41)","(10, 53)",fireproof_button_v1,5000
59,60,0.9,bot2,success,84,3557110435295371816,14788249542485837532,"(2, 12)","(53, 41)","(10, 53)",fireproof_button_v1,5000
59,60,0.9,bot3,success,84,3557110435295371816,14788249542485837532,"(2, 12)","(53, 41)","(10, 53)",fireproof_button_v1,5000
59,60,0.9,bot4,success,84,3557110435295371816,14788249542485837532,"(2, 12)","(53, 41)","(10, 53)",fireproof_button_v1,5000
59,60,1.0,bot1,success,84,3557110435295371816,14788249542485837532,"(2, 12)","(53, 41)","(10, 53)",fireproof_button_v1,5000
59,60,1.0,bot2,success,84,3557110435295371816,14788249542485837532,"(2, 12)","(53, 41)","(10, 53)",fireproof_button_v1,5000
59,60,1.0,bot3,success,84,3557110435295371816,14788249542485837532,"(2, 12)","(53, 41)","(10, 53)",fireproof_button_v1,5000
59,60,1.0,bot4,success,84,3557110435295371816,14788249542485837532,"(2, 12)","(53, 41)","(10, 53)",fireproof_button_v1,5000
60,60,0.0,bot1,success,31,16224631360599587725,6687499714904998776,"(45, 36)","(36, 48)","(13, 49)",fireproof_button_v1,5000
60,60,0.0,bot2,success,31,16224631360599587725,6687499714904998776,"(45, 36)","(36, 48)","(13, 49)",fireproof_button_v1,5000
60,60,0.0,bot3,success,31,16224631360599587725,6687499714904998776,"(45, 36)","(36, 48)","(13, 49)",fireproof_button_v1,5000
60,60,0.0,bot4,success,31,16224631360599587725,6687499714904998776,"(45, 36)","(36, 48)","(13, 49)",fireproof_button_v1,5000
60,60,0.1,bot1,success,31,16224631360599587725,6687499714904998776,"(45, 36)","(36, 48)","(13, 49)",fireproof_button_v1,5000
60,60,0.1,bot2,success,31,16224631360599587725,6687499714904998776,"(45, 36)","(36, 48)","(13, 49)",fireproof_button_v1,5000
60,60,0.1,bot3,success,31,16224631360599587725,6687499714904998776,"(45, 36)","(36, 48)","(13, 49)",fireproof_button_v1,5000
60,60,0.1,bot4,success,31,16224631360599587725,6687499714904998776,"(45, 36)","(36, 48)","(13, 49)",fireproof_button_v1,5000
60,60,0.2,bot1,success,31,16224631360599587725,6687499714904998776,"(45, 36)","(36, 48)","(13, 49)",fireproof_button_v1,5000
60,60,0.2,bot2,success,31,16224631360599587725,6687499714904998776,"(45, 36)","(36, 48)","(13, 49)",fireproof_button_v1,5000
60,60,0.2,bot3,success,31,16224631360599587725,6687499714904998776,"(45, 36)","(36, 48)","(13, 49)",fireproof_button_v1,5000
60,60,0.2,bot4,success,31,16224631360599587725,6687499714904998776,"(45, 36)","(36, 48)","(13, 49)",fireproof_button_v1,5000
60,60,0.3,bot1,success,31,16224631360599587725,6687499714904998776,"(45, 36)","(36, 48)","(13, 49)",fireproof_button_v1,5000
60,60,0.3,bot2,success,31,16224631360599587725,6687499714904998776,"(45, 36)","(36, 48)","(13, 49)",fireproof_button_v1,5000
60,60,0.3,bot3,success,31,16224631360599587725,6687499714904998776,"(45, 36)","(36, 48)","(13, 49)",fireproof_button_v1,5000
60,60,0.3,bot4,success,31,16224631360599587725,6687499714904998776,"(45, 36)","(36, 48)","(13, 49)",fireproof_button_v1,5000
60,60,0.4,bot1,success,31,16224631360599587725,6687499714904998776,"(45, 36)","(36, 48)","(13, 49)",fireproof_button_v1,5000
60,60,0.4,bot2,success,31,16224631360599587725,6687499714904998776,"(45, 36)","(36, 48)","(13, 49)",fireproof_button_v1,5000
60,60,0.4,bot3,success,31,16224631360599587725,6687499714904998776,"(45, 36)","(36, 48)","(13, 49)",fireproof_button_v1,5000
60,60,0.4,bot4,success,31,16224631360599587725,6687499714904998776,"(45, 36)","(36, 48)","(13, 49)",fireproof_button_v1,5000
60,60,0.5,bot1,success,31,16224631360599587725,6687499714904998776,"(45, 36)","(36, 48)","(13, 49)",fireproof_button_v1,5000
60,60,0.5,bot2,success,31,16224631360599587725,6687499714904998776,"(45, 36)","(36, 48)","(13, 49)",fireproof_button_v1,5000
60,60,0.5,bot3,success,31,16224631360599587725,6687499714904998776,"(45, 36)","(36, 48)","(13, 49)",fireproof_button_v1,5000
60,60,0.5,bot4,success,31,16224631360599587725,6687499714904998776,"(45, 36)","(36, 48)","(13, 49)",fireproof_button_v1,5000
60,60,0.6,bot1,success,31,16224631360599587725,6687499714904998776,"(45, 36)","(36, 48)","(13, 49)",fireproof_button_v1,5000
60,60,0.6,bot2,success,31,16224631360599587725,6687499714904998776,"(45, 36)","(36, 48)","(13, 49)",fireproof_button_v1,5000
60,60,0.6,bot3,success,31,16224631360599587725,6687499714904998776,"(45, 36)","(36, 48)","(13, 49)",fireproof_button_v1,5000
60,60,0.6,bot4,success,31,16224631360599587725,6687499714904998776,"(45, 36)","(36, 48)","(13, 49)",fireproof_button_v1,5000
60,60,0.7,bot1,success,31,16224631360599587725,6687499714904998776,"(45, 36)","(36, 48)","(13, 49)",fireproof_button_v1,5000
60,60,0.7,bot2,success,31,16224631360599587725,6687499714904998776,"(45, 36)","(36, 48)","(13, 49)",fireproof_button_v1,5000
60,60,0.7,bot3,success,31,16224631360599587725,6687499714904998776,"(45, 36)","(36, 48)","(13, 49)",fireproof_button_v1,5000
60,60,0.7,bot4,success,31,16224631360599587725,6687499714904998776,"(45, 36)","(36, 48)","(13, 49)",fireproof_button_v1,5000
60,60,0.8,bot1,success,31,16224631360599587725,6687499714904998776,"(45, 36)","(36, 48)","(13, 49)",fireproof_button_v1,5000
60,60,0.8,bot2,success,31,16224631360599587725,6687499714904998776,"(45, 36)","(36, 48)","(13, 49)",fireproof_button_v1,5000
60,60,0.8,bot3,success,31,16224631360599587725,6687499714904998776,"(45, 36)","(36, 48)","(13, 49)",fireproof_button_v1,5000
60,60,0.8,bot4,success,31,16224631360599587725,6687499714904998776,"(45, 36)","(36, 48)","(13, 49)",fireproof_button_v1,5000
60,60,0.9,bot1,success,31,16224631360599587725,6687499714904998776,"(45, 36)","(36, 48)","(13, 49)",fireproof_button_v1,5000
60,60,0.9,bot2,success,31,16224631360599587725,6687499714904998776,"(45, 36)","(36, 48)","(13, 49)",fireproof_button_v1,5000
60,60,0.9,bot3,success,31,16224631360599587725,6687499714904998776,"(45, 36)","(36, 48)","(13, 49)",fireproof_button_v1,5000
60,60,0.9,bot4,success,31,16224631360599587725,6687499714904998776,"(45, 36)","(36, 48)","(13, 49)",fireproof_button_v1,5000
60,60,1.0,bot1,success,31,16224631360599587725,6687499714904998776,"(45, 36)","(36, 48)","(13, 49)",fireproof_button_v1,5000
60,60,1.0,bot2,success,31,16224631360599587725,6687499714904998776,"(45, 36)","(36, 48)","(13, 49)",fireproof_button_v1,5000
60,60,1.0,bot3,success,31,16224631360599587725,6687499714904998776,"(45, 36)","(36, 48)","(13, 49)",fireproof_button_v1,5000
60,60,1.0,bot4,success,31,16224631360599587725,6687499714904998776,"(45, 36)","(36, 48)","(13, 49)",fireproof_button_v1,5000
61,60,0.0,bot1,success,21,8756067437947956045,3017699416307732348,"(18, 46)","(31, 38)","(1, 50)",fireproof_button_v1,5000
61,60,0.0,bot2,success,21,8756067437947956045,3017699416307732348,"(18, 46)","(31, 38)","(1, 50)",fireproof_button_v1,5000
61,60,0.0,bot3,success,21,8756067437947956045,3017699416307732348,"(18, 46)","(31, 38)","(1, 50)",fireproof_button_v1,5000
61,60,0.0,bot4,success,21,8756067437947956045,3017699416307732348,"(18, 46)","(31, 38)","(1, 50)",fireproof_button_v1,5000
61,60,0.1,bot1,success,21,8756067437947956045,3017699416307732348,"(18, 46)","(31, 38)","(1, 50)",fireproof_button_v1,5000
61,60,0.1,bot2,success,21,8756067437947956045,3017699416307732348,"(18, 46)","(31, 38)","(1, 50)",fireproof_button_v1,5000
61,60,0.1,bot3,success,21,8756067437947956045,3017699416307732348,"(18, 46)","(31, 38)","(1, 50)",fireproof_button_v1,5000
61,60,0.1,bot4,success,21,8756067437947956045,3017699416307732348,"(18, 46)","(31, 38)","(1, 50)",fireproof_button_v1,5000
61,60,0.2,bot1,success,21,8756067437947956045,3017699416307732348,"(18, 46)","(31, 38)","(1, 50)",fireproof_button_v1,5000
61,60,0.2,bot2,success,21,8756067437947956045,3017699416307732348,"(18, 46)","(31, 38)","(1, 50)",fireproof_button_v1,5000
61,60,0.2,bot3,success,21,8756067437947956045,3017699416307732348,"(18, 46)","(31, 38)","(1, 50)",fireproof_button_v1,5000
61,60,0.2,bot4,success,21,8756067437947956045,3017699416307732348,"(18, 46)","(31, 38)","(1, 50)",fireproof_button_v1,5000
61,60,0.3,bot1,success,21,8756067437947956045,3017699416307732348,"(18, 46)","(31, 38)","(1, 50)",fireproof_button_v1,5000
61,60,0.3,bot2,success,21,8756067437947956045,3017699416307732348,"(18, 46)","(31, 38)","(1, 50)",fireproof_button_v1,5000
61,60,0.3,bot3,success,21,8756067437947956045,3017699416307732348,"(18, 46)","(31, 38)","(1, 50)",fireproof_button_v1,5000
61,60,0.3,bot4,success,21,8756067437947956045,3017699416307732348,"(18, 46)","(31, 38)","(1, 50)",fireproof_button_v1,5000
61,60,0.4,bot1,success,21,8756067437947956045,3017699416307732348,"(18, 46)","(31, 38)","(1, 50)",fireproof_button_v1,5000
61,60,0.4,bot2,success,21,8756067437947956045,3017699416307732348,"(18, 46)","(31, 38)","(1, 50)",fireproof_button_v1,5000
61,60,0.4,bot3,success,21,8756067437947956045,3017699416307732348,"(18, 46)","(31, 38)","(1, 50)",fireproof_button_v1,5000
61,60,0.4,bot4,success,21,8756067437947956045,3017699416307732348,"(18, 46)","(31, 38)","(1, 50)",fireproof_button_v1,5000
61,60,0.5,bot1,success,21,8756067437947956045,3017699416307732348,"(18, 46)","(31, 38)","(1, 50)",fireproof_button_v1,5000
61,60,0.5,bot2,success,21,8756067437947956045,3017699416307732348,"(18, 46)","(31, 38)","(1, 50)",fireproof_button_v1,5000
61,60,0.5,bot3,success,21,8756067437947956045,3017699416307732348,"(18, 46)","(31, 38)","(1, 50)",fireproof_button_v1,5000
61,60,0.5,bot4,success,21,8756067437947956045,3017699416307732348,"(18, 46)","(31, 38)","(1, 50)",fireproof_button_v1,5000
61,60,0.6,bot1,success,21,8756067437947956045,3017699416307732348,"(18, 46)","(31, 38)","(1, 50)",fireproof_button_v1,5000
61,60,0.6,bot2,success,21,8756067437947956045,3017699416307732348,"(18, 46)","(31, 38)","(1, 50)",fireproof_button_v1,5000
61,60,0.6,bot3,success,21,8756067437947956045,3017699416307732348,"(18, 46)","(31, 38)","(1, 50)",fireproof_button_v1,5000
61,60,0.6,bot4,success,21,8756067437947956045,3017699416307732348,"(18, 46)","(31, 38)","(1, 50)",fireproof_button_v1,5000
61,60,0.7,bot1,success,21,8756067437947956045,3017699416307732348,"(18, 46)","(31, 38)","(1, 50)",fireproof_button_v1,5000
61,60,0.7,bot2,success,21,8756067437947956045,3017699416307732348,"(18, 46)","(31, 38)","(1, 50)",fireproof_button_v1,5000
61,60,0.7,bot3,success,21,8756067437947956045,3017699416307732348,"(18, 46)","(31, 38)","(1, 50)",fireproof_button_v1,5000
61,60,0.7,bot4,success,21,8756067437947956045,3017699416307732348,"(18, 46)","(31, 38)","(1, 50)",fireproof_button_v1,5000
61,60,0.8,bot1,success,21,8756067437947956045,3017699416307732348,"(18, 46)","(31, 38)","(1, 50)",fireproof_button_v1,5000
61,60,0.8,bot2,success,21,8756067437947956045,3017699416307732348,"(18, 46)","(31, 38)","(1, 50)",fireproof_button_v1,5000
61,60,0.8,bot3,success,21,8756067437947956045,3017699416307732348,"(18, 46)","(31, 38)","(1, 50)",fireproof_button_v1,5000
61,60,0.8,bot4,success,21,8756067437947956045,3017699416307732348,"(18, 46)","(31, 38)","(1, 50)",fireproof_button_v1,5000
61,60,0.9,bot1,success,21,8756067437947956045,3017699416307732348,"(18, 46)","(31, 38)","(1, 50)",fireproof_button_v1,5000
61,60,0.9,bot2,success,21,8756067437947956045,3017699416307732348,"(18, 46)","(31, 38)","(1, 50)",fireproof_button_v1,5000
61,60,0.9,bot3,success,21,8756067437947956045,3017699416307732348,"(18, 46)","(31, 38)","(1, 50)",fireproof_button_v1,5000
61,60,0.9,bot4,success,21,8756067437947956045,3017699416307732348,"(18, 46)","(31, 38)","(1, 50)",fireproof_button_v1,5000
61,60,1.0,bot1,success,21,8756067437947956045,3017699416307732348,"(18, 46)","(31, 38)","(1, 50)",fireproof_button_v1,5000
61,60,1.0,bot2,success,21,8756067437947956045,3017699416307732348,"(18, 46)","(31, 38)","(1, 50)",fireproof_button_v1,5000
61,60,1.0,bot3,success,21,8756067437947956045,3017699416307732348,"(18, 46)","(31, 38)","(1, 50)",fireproof_button_v1,5000
61,60,1.0,bot4,success,21,8756067437947956045,3017699416307732348,"(18, 46)","(31, 38)","(1, 50)",fireproof_button_v1,5000
62,60,0.0,bot1,success,53,13856547721669259272,7619884627258391988,"(35, 42)","(10, 16)","(41, 8)",fireproof_button_v1,5000
62,60,0.0,bot2,success,53,13856547721669259272,7619884627258391988,"(35, 42)","(10, 16)","(41, 8)",fireproof_button_v1,5000
62,60,0.0,bot3,success,53,13856547721669259272,7619884627258391988,"(35, 42)","(10, 16)","(41, 8)",fireproof_button_v1,5000
62,60,0.0,bot4,success,53,13856547721669259272,7619884627258391988,"(35, 42)","(10, 16)","(41, 8)",fireproof_button_v1,5000
62,60,0.1,bot1,success,53,13856547721669259272,7619884627258391988,"(35, 42)","(10, 16)","(41, 8)",fireproof_button_v1,5000
62,60,0.1,bot2,success,53,13856547721669259272,7619884627258391988,"(35, 42)","(10, 16)","(41, 8)",fireproof_button_v1,5000
62,60,0.1,bot3,success,53,13856547721669259272,7619884627258391988,"(35, 42)","(10, 16)","(41, 8)",fireproof_button_v1,5000
62,60,0.1,bot4,success,53,13856547721669259272,7619884627258391988,"(35, 42)","(10, 16)","(41, 8)",fireproof_button_v1,5000
62,60,0.2,bot1,success,53,13856547721669259272,7619884627258391988,"(35, 42)","(10, 16)","(41, 8)",fireproof_button_v1,5000
62,60,0.2,bot2,success,53,13856547721669259272,7619884627258391988,"(35, 42)","(10, 16)","(41, 8)",fireproof_button_v1,5000
62,60,0.2,bot3,success,53,13856547721669259272,7619884627258391988,"(35, 42)","(10, 16)","(41, 8)",fireproof_button_v1,5000
62,60,0.2,bot4,success,53,13856547721669259272,7619884627258391988,"(35, 42)","(10, 16)","(41, 8)",fireproof_button_v1,5000
62,60,0.3,bot1,success,53,13856547721669259272,7619884627258391988,"(35, 42)","(10, 16)","(41, 8)",fireproof_button_v1,5000
62,60,0.3,bot2,success,53,13856547721669259272,7619884627258391988,"(35, 42)","(10, 16)","(41, 8)",fireproof_button_v1,5000
62,60,0.3,bot3,success,53,13856547721669259272,7619884627258391988,"(35, 42)","(10, 16)","(41, 8)",fireproof_button_v1,5000
62,60,0.3,bot4,success,53,13856547721669259272,7619884627258391988,"(35, 42)","(10, 16)","(41, 8)",fireproof_button_v1,5000
62,60,0.4,bot1,success,53,13856547721669259272,7619884627258391988,"(35, 42)","(10, 16)","(41, 8)",fireproof_button_v1,5000
62,60,0.4,bot2,success,53,13856547721669259272,7619884627258391988,"(35, 42)","(10, 16)","(41, 8)",fireproof_button_v1,5000
62,60,0.4,bot3,success,53,13856547721669259272,7619884627258391988,"(35, 42)","(10, 16)","(41, 8)",fireproof_button_v1,5000
62,60,0.4,bot4,success,53,13856547721669259272,7619884627258391988,"(35, 42)","(10, 16)","(41, 8)",fireproof_button_v1,5000
62,60,0.5,bot1,success,53,13856547721669259272,7619884627258391988,"(35, 42)","(10, 16)","(41, 8)",fireproof_button_v1,5000
62,60,0.5,bot2,success,53,13856547721669259272,7619884627258391988,"(35, 42)","(10, 16)","(41, 8)",fireproof_button_v1,5000
62,60,0.5,bot3,success,53,13856547721669259272,7619884627258391988,"(35, 42)","(10, 16)","(41, 8)",fireproof_button_v1,5000
62,60,0.5,bot4,success,53,13856547721669259272,7619884627258391988,"(35, 42)","(10, 16)","(41, 8)",fireproof_button_v1,5000
62,60,0.6,bot1,success,53,13856547721669259272,7619884627258391988,"(35, 42)","(10, 16)","(41, 8)",fireproof_button_v1,5000
62,60,0.6,bot2,success,53,13856547721669259272,7619884627258391988,"(35, 42)","(10, 16)","(41, 8)",fireproof_button_v1,5000
62,60,0.6,bot3,success,53,13856547721669259272,7619884627258391988,"(35, 42)","(10, 16)","(41, 8)",fireproof_button_v1,5000
62,60,0.6,bot4,success,53,13856547721669259272,7619884627258391988,"(35, 42)","(10, 16)","(41, 8)",fireproof_button_v1,5000
62,60,0.7,bot1,success,53,13856547721669259272,7619884627258391988,"(35, 42)","(10, 16)","(41, 8)",fireproof_button_v1,5000
62,60,0.7,bot2,success,53,13856547721669259272,7619884627258391988,"(35, 42)","(10, 16)","(41, 8)",fireproof_button_v1,5000
62,60,0.7,bot3,success,53,13856547721669259272,7619884627258391988,"(35, 42)","(10, 16)","(41, 8)",fireproof_button_v1,5000
62,60,0.7,bot4,success,53,13856547721669259272,7619884627258391988,"(35, 42)","(10, 16)","(41, 8)",fireproof_button_v1,5000
62,60,0.8,bot1,success,53,13856547721669259272,7619884627258391988,"(35, 42)","(10, 16)","(41, 8)",fireproof_button_v1,5000
62,60,0.8,bot2,success,53,13856547721669259272,7619884627258391988,"(35, 42)","(10, 16)","(41, 8)",fireproof_button_v1,5000
62,60,0.8,bot3,success,53,13856547721669259272,7619884627258391988,"(35, 42)","(10, 16)","(41, 8)",fireproof_button_v1,5000
62,60,0.8,bot4,success,53,13856547721669259272,7619884627258391988,"(35, 42)","(10, 16)","(41, 8)",fireproof_button_v1,5000
62,60,0.9,bot1,success,53,13856547721669259272,7619884627258391988,"(35, 42)","(10, 16)","(41, 8)",fireproof_button_v1,5000
62,60,0.9,bot2,success,53,13856547721669259272,7619884627258391988,"(35, 42)","(10, 16)","(41, 8)",fireproof_button_v1,5000
62,60,0.9,bot3,success,53,13856547721669259272,7619884627258391988,"(35, 42)","(10, 16)","(41, 8)",fireproof_button_v1,5000
62,60,0.9,bot4,success,53,13856547721669259272,7619884627258391988,"(35, 42)","(10, 16)","(41, 8)",fireproof_button_v1,5000
62,60,1.0,bot1,burned,48,13856547721669259272,7619884627258391988,"(35, 42)","(10, 16)","(41, 8)",fireproof_button_v1,5000
62,60,1.0,bot2,burned,48,13856547721669259272,7619884627258391988,"(35, 42)","(10, 16)","(41, 8)",fireproof_button_v1,5000
62,60,1.0,bot3,burned,48,13856547721669259272,7619884627258391988,"(35, 42)","(10, 16)","(41, 8)",fireproof_button_v1,5000
62,60,1.0,bot4,burned,48,13856547721669259272,7619884627258391988,"(35, 42)","(10, 16)","(41, 8)",fireproof_button_v1,5000
63,60,0.0,bot1,success,69,7657688236868932702,17579418092505061134,"(7, 13)","(52, 29)","(22, 39)",fireproof_button_v1,5000
63,60,0.0,bot2,success,69,7657688236868932702,17579418092505061134,"(7, 13)","(52, 29)","(22, 39)",fireproof_button_v1,5000
63,60,0.0,bot3,success,69,7657688236868932702,17579418092505061134,"(7, 13)","(52, 29)","(22, 39)",fireproof_button_v1,5000
63,60,0.0,bot4,success,69,7657688236868932702,17579418092505061134,"(7, 13)","(52, 29)","(22, 39)",fireproof_button_v1,5000
63,60,0.1,bot1,success,69,7657688236868932702,17579418092505061134,"(7, 13)","(52, 29)","(22, 39)",fireproof_button_v1,5000
63,60,0.1,bot2,success,69,7657688236868932702,17579418092505061134,"(7, 13)","(52, 29)","(22, 39)",fireproof_button_v1,5000
63,60,0.1,bot3,success,69,7657688236868932702,17579418092505061134,"(7, 13)","(52, 29)","(22, 39)",fireproof_button_v1,5000
63,60,0.1,bot4,success,73,7657688236868932702,17579418092505061134,"(7, 13)","(52, 29)","(22, 39)",fireproof_button_v1,5000
63,60,0.2,bot1,success,69,7657688236868932702,17579418092505061134,"(7, 13)","(52, 29)","(22, 39)",fireproof_button_v1,5000
63,60,0.2,bot2,success,69,7657688236868932702,17579418092505061134,"(7, 13)","(52, 29)","(22, 39)",fireproof_button_v1,5000
63,60,0.2,bot3,success,69,7657688236868932702,17579418092505061134,"(7, 13)","(52, 29)","(22, 39)",fireproof_button_v1,5000
63,60,0.2,bot4,success,73,7657688236868932702,17579418092505061134,"(7, 13)","(52, 29)","(22, 39)",fireproof_button_v1,5000
63,60,0.3,bot1,success,69,7657688236868932702,17579418092505061134,"(7, 13)","(52, 29)","(22, 39)",fireproof_button_v1,5000
63,60,0.3,bot2,success,69,7657688236868932702,17579418092505061134,"(7, 13)","(52, 29)","(22, 39)",fireproof_button_v1,5000
63,60,0.3,bot3,success,69,7657688236868932702,17579418092505061134,"(7, 13)","(52, 29)","(22, 39)",fireproof_button_v1,5000
63,60,0.3,bot4,success,73,7657688236868932702,17579418092505061134,"(7, 13)","(52, 29)","(22, 39)",fireproof_button_v1,5000
63,60,0.4,bot1,success,69,7657688236868932702,17579418092505061134,"(7, 13)","(52, 29)","(22, 39)",fireproof_button_v1,5000
63,60,0.4,bot2,success,69,7657688236868932702,17579418092505061134,"(7, 13)","(52, 29)","(22, 39)",fireproof_button_v1,5000
63,60,0.4,bot3,success,101,7657688236868932702,17579418092505061134,"(7, 13)","(52, 29)","(22, 39)",fireproof_button_v1,5000
63,60,0.4,bot4,success,73,7657688236868932702,17579418092505061134,"(7, 13)","(52, 29)","(22, 39)",fireproof_button_v1,5000
63,60,0.5,bot1,burned,38,7657688236868932702,17579418092505061134,"(7, 13)","(52, 29)","(22, 39)",fireproof_button_v1,5000
63,60,0.5,bot2,success,105,7657688236868932702,17579418092505061134,"(7, 13)","(52, 29)","(22, 39)",fireproof_button_v1,5000
63,60,0.5,bot3,success,93,7657688236868932702,17579418092505061134,"(7, 13)","(52, 29)","(22, 39)",fireproof_button_v1,5000
63,60,0.5,bot4,success,73,7657688236868932702,17579418092505061134,"(7, 13)","(52, 29)","(22, 39)",fireproof_button_v1,5000
63,60,0.6,bot1,burned,34,7657688236868932702,17579418092505061134,"(7, 13)","(52, 29)","(22, 39)",fireproof_button_v1,5000
63,60,0.6,bot2,success,85,7657688236868932702,17579418092505061134,"(7, 13)","(52, 29)","(22, 39)",fireproof_button_v1,5000
63,60,0.6,bot3,success,85,7657688236868932702,17579418092505061134,"(7, 13)","(52, 29)","(22, 39)",fireproof_button_v1,5000
63,60,0.6,bot4,success,73,7657688236868932702,17579418092505061134,"(7, 13)","(52, 29)","(22, 39)",fireproof_button_v1,5000
63,60,0.7,bot1,burned,33,7657688236868932702,17579418092505061134,"(7, 13)","(52, 29)","(22, 39)",fireproof_button_v1,5000
63,60,0.7,bot2,burned,80,7657688236868932702,17579418092505061134,"(7, 13)","(52, 29)","(22, 39)",fireproof_button_v1,5000
63,60,0.7,bot3,burned,82,7657688236868932702,17579418092505061134,"(7, 13)","(52, 29)","(22, 39)",fireproof_button_v1,5000
63,60,0.7,bot4,success,73,7657688236868932702,17579418092505061134,"(7, 13)","(52, 29)","(22, 39)",fireproof_button_v1,5000
63,60,0.8,bot1,burned,32,7657688236868932702,17579418092505061134,"(7, 13)","(52, 29)","(22, 39)",fireproof_button_v1,5000
63,60,0.8,bot2,burned,73,7657688236868932702,17579418092505061134,"(7, 13)","(52, 29)","(22, 39)",fireproof_button_v1,5000
63,60,0.8,bot3,burned,75,7657688236868932702,17579418092505061134,"(7, 13)","(52, 29)","(22, 39)",fireproof_button_v1,5000
63,60,0.8,bot4,success,73,7657688236868932702,17579418092505061134,"(7, 13)","(52, 29)","(22, 39)",fireproof_button_v1,5000
63,60,0.9,bot1,burned,30,7657688236868932702,17579418092505061134,"(7, 13)","(52, 29)","(22, 39)",fireproof_button_v1,5000
63,60,0.9,bot2,burned,58,7657688236868932702,17579418092505061134,"(7, 13)","(52, 29)","(22, 39)",fireproof_button_v1,5000
63,60,0.9,bot3,burned,58,7657688236868932702,17579418092505061134,"(7, 13)","(52, 29)","(22, 39)",fireproof_button_v1,5000
63,60,0.9,bot4,burned,58,7657688236868932702,17579418092505061134,"(7, 13)","(52, 29)","(22, 39)",fireproof_button_v1,5000
63,60,1.0,bot1,burned,29,7657688236868932702,17579418092505061134,"(7, 13)","(52, 29)","(22, 39)",fireproof_button_v1,5000
63,60,1.0,bot2,burned,57,7657688236868932702,17579418092505061134,"(7, 13)","(52, 29)","(22, 39)",fireproof_button_v1,5000
63,60,1.0,bot3,burned,57,7657688236868932702,17579418092505061134,"(7, 13)","(52, 29)","(22, 39)",fireproof_button_v1,5000
63,60,1.0,bot4,burned,57,7657688236868932702,17579418092505061134,"(7, 13)","(52, 29)","(22, 39)",fireproof_button_v1,5000
64,60,0.0,bot1,success,33,14284773672015554670,10358099514680972613,"(22, 29)","(14, 54)","(45, 31)",fireproof_button_v1,5000
64,60,0.0,bot2,success,33,14284773672015554670,10358099514680972613,"(22, 29)","(14, 54)","(45, 31)",fireproof_button_v1,5000
64,60,0.0,bot3,success,33,14284773672015554670,10358099514680972613,"(22, 29)","(14, 54)","(45, 31)",fireproof_button_v1,5000
64,60,0.0,bot4,success,33,14284773672015554670,10358099514680972613,"(22, 29)","(14, 54)","(45, 31)",fireproof_button_v1,5000
64,60,0.1,bot1,success,33,14284773672015554670,10358099514680972613,"(22, 29)","(14, 54)","(45, 31)",fireproof_button_v1,5000
64,60,0.1,bot2,success,33,14284773672015554670,10358099514680972613,"(22, 29)","(14, 54)","(45, 31)",fireproof_button_v1,5000
64,60,0.1,bot3,success,33,14284773672015554670,10358099514680972613,"(22, 29)","(14, 54)","(45, 31)",fireproof_button_v1,5000
64,60,0.1,bot4,success,33,14284773672015554670,10358099514680972613,"(22, 29)","(14, 54)","(45, 31)",fireproof_button_v1,5000
64,60,0.2,bot1,success,33,14284773672015554670,10358099514680972613,"(22, 29)","(14, 54)","(45, 31)",fireproof_button_v1,5000
64,60,0.2,bot2,success,33,14284773672015554670,10358099514680972613,"(22, 29)","(14, 54)","(45, 31)",fireproof_button_v1,5000
64,60,0.2,bot3,success,33,14284773672015554670,10358099514680972613,"(22, 29)","(14, 54)","(45, 31)",fireproof_button_v1,5000
64,60,0.2,bot4,success,33,14284773672015554670,10358099514680972613,"(22, 29)","(14, 54)","(45, 31)",fireproof_button_v1,5000
64,60,0.3,bot1,success,33,14284773672015554670,10358099514680972613,"(22, 29)","(14, 54)","(45, 31)",fireproof_button_v1,5000
64,60,0.3,bot2,success,33,14284773672015554670,10358099514680972613,"(22, 29)","(14, 54)","(45, 31)",fireproof_button_v1,5000
64,60,0.3,bot3,success,33,14284773672015554670,10358099514680972613,"(22, 29)","(14, 54)","(45, 31)",fireproof_button_v1,5000
64,60,0.3,bot4,success,33,14284773672015554670,10358099514680972613,"(22, 29)","(14, 54)","(45, 31)",fireproof_button_v1,5000
64,60,0.4,bot1,success,33,14284773672015554670,10358099514680972613,"(22, 29)","(14, 54)","(45, 31)",fireproof_button_v1,5000
64,60,0.4,bot2,success,33,14284773672015554670,10358099514680972613,"(22, 29)","(14, 54)","(45, 31)",fireproof_button_v1,5000
64,60,0.4,bot3,success,33,14284773672015554670,10358099514680972613,"(22, 29)","(14, 54)","(45, 31)",fireproof_button_v1,5000
64,60,0.4,bot4,success,33,14284773672015554670,10358099514680972613,"(22, 29)","(14, 54)","(45, 31)",fireproof_button_v1,5000
64,60,0.5,bot1,success,33,14284773672015554670,10358099514680972613,"(22, 29)","(14, 54)","(45, 31)",fireproof_button_v1,5000
64,60,0.5,bot2,success,33,14284773672015554670,10358099514680972613,"(22, 29)","(14, 54)","(45, 31)",fireproof_button_v1,5000
64,60,0.5,bot3,success,33,14284773672015554670,10358099514680972613,"(22, 29)","(14, 54)","(45, 31)",fireproof_button_v1,5000
64,60,0.5,bot4,success,33,14284773672015554670,10358099514680972613,"(22, 29)","(14, 54)","(45, 31)",fireproof_button_v1,5000
64,60,0.6,bot1,success,33,14284773672015554670,10358099514680972613,"(22, 29)","(14, 54)","(45, 31)",fireproof_button_v1,5000
64,60,0.6,bot2,success,33,14284773672015554670,10358099514680972613,"(22, 29)","(14, 54)","(45, 31)",fireproof_button_v1,5000
64,60,0.6,bot3,success,33,14284773672015554670,10358099514680972613,"(22, 29)","(14, 54)","(45, 31)",fireproof_button_v1,5000
64,60,0.6,bot4,success,33,14284773672015554670,10358099514680972613,"(22, 29)","(14, 54)","(45, 31)",fireproof_button_v1,5000
64,60,0.7,bot1,success,33,14284773672015554670,10358099514680972613,"(22, 29)","(14, 54)","(45, 31)",fireproof_button_v1,5000
64,60,0.7,bot2,success,33,14284773672015554670,10358099514680972613,"(22, 29)","(14, 54)","(45, 31)",fireproof_button_v1,5000
64,60,0.7,bot3,success,33,14284773672015554670,10358099514680972613,"(22, 29)","(14, 54)","(45, 31)",fireproof_button_v1,5000
64,60,0.7,bot4,success,33,14284773672015554670,10358099514680972613,"(22, 29)","(14, 54)","(45, 31)",fireproof_button_v1,5000
64,60,0.8,bot1,success,33,14284773672015554670,10358099514680972613,"(22, 29)","(14, 54)","(45, 31)",fireproof_button_v1,5000
64,60,0.8,bot2,success,33,14284773672015554670,10358099514680972613,"(22, 29)","(14, 54)","(45, 31)",fireproof_button_v1,5000
64,60,0.8,bot3,success,33,14284773672015554670,10358099514680972613,"(22, 29)","(14, 54)","(45, 31)",fireproof_button_v1,5000
64,60,0.8,bot4,success,33,14284773672015554670,10358099514680972613,"(22, 29)","(14, 54)","(45, 31)",fireproof_button_v1,5000
64,60,0.9,bot1,success,33,14284773672015554670,10358099514680972613,"(22, 29)","(14, 54)","(45, 31)",fireproof_button_v1,5000
64,60,0.9,bot2,success,33,14284773672015554670,10358099514680972613,"(22, 29)","(14, 54)","(45, 31)",fireproof_button_v1,5000
64,60,0.9,bot3,success,33,14284773672015554670,10358099514680972613,"(22, 29)","(14, 54)","(45, 31)",fireproof_button_v1,5000
64,60,0.9,bot4,success,33,14284773672015554670,10358099514680972613,"(22, 29)","(14, 54)","(45, 31)",fireproof_button_v1,5000
64,60,1.0,bot1,success,33,14284773672015554670,10358099514680972613,"(22, 29)","(14, 54)","(45, 31)",fireproof_button_v1,5000
64,60,1.0,bot2,success,33,14284773672015554670,10358099514680972613,"(22, 29)","(14, 54)","(45, 31)",fireproof_button_v1,5000
64,60,1.0,bot3,success,33,14284773672015554670,10358099514680972613,"(22, 29)","(14, 54)","(45, 31)",fireproof_button_v1,5000
64,60,1.0,bot4,success,33,14284773672015554670,10358099514680972613,"(22, 29)","(14, 54)","(45, 31)",fireproof_button_v1,5000
65,60,0.0,bot1,success,48,11294121130959732420,5973857323127390611,"(13, 17)","(44, 18)","(59, 51)",fireproof_button_v1,5000
65,60,0.0,bot2,success,48,11294121130959732420,5973857323127390611,"(13, 17)","(44, 18)","(59, 51)",fireproof_button_v1,5000
65,60,0.0,bot3,success,48,11294121130959732420,5973857323127390611,"(13, 17)","(44, 18)","(59, 51)",fireproof_button_v1,5000
65,60,0.0,bot4,success,48,11294121130959732420,5973857323127390611,"(13, 17)","(44, 18)","(59, 51)",fireproof_button_v1,5000
65,60,0.1,bot1,success,48,11294121130959732420,5973857323127390611,"(13, 17)","(44, 18)","(59, 51)",fireproof_button_v1,5000
65,60,0.1,bot2,success,48,11294121130959732420,5973857323127390611,"(13, 17)","(44, 18)","(59, 51)",fireproof_button_v1,5000
65,60,0.1,bot3,success,48,11294121130959732420,5973857323127390611,"(13, 17)","(44, 18)","(59, 51)",fireproof_button_v1,5000
65,60,0.1,bot4,success,48,11294121130959732420,5973857323127390611,"(13, 17)","(44, 18)","(59, 51)",fireproof_button_v1,5000
65,60,0.2,bot1,success,48,11294121130959732420,5973857323127390611,"(13, 17)","(44, 18)","(59, 51)",fireproof_button_v1,5000
65,60,0.2,bot2,success,48,11294121130959732420,5973857323127390611,"(13, 17)","(44, 18)","(59, 51)",fireproof_button_v1,5000
65,60,0.2,bot3,success,48,11294121130959732420,5973857323127390611,"(13, 17)","(44, 18)","(59, 51)",fireproof_button_v1,5000
65,60,0.2,bot4,success,48,11294121130959732420,5973857323127390611,"(13, 17)","(44, 18)","(59, 51)",fireproof_button_v1,5000
65,60,0.3,bot1,success,48,11294121130959732420,5973857323127390611,"(13, 17)","(44, 18)","(59, 51)",fireproof_button_v1,5000
65,60,0.3,bot2,success,48,11294121130959732420,5973857323127390611,"(13, 17)","(44, 18)","(59, 51)",fireproof_button_v1,5000
65,60,0.3,bot3,success,48,11294121130959732420,5973857323127390611,"(13, 17)","(44, 18)","(59, 51)",fireproof_button_v1,5000
65,60,0.3,bot4,success,48,11294121130959732420,5973857323127390611,"(13, 17)","(44, 18)","(59, 51)",fireproof_button_v1,5000
65,60,0.4,bot1,success,48,11294121130959732420,5973857323127390611,"(13, 17)","(44, 18)","(59, 51)",fireproof_button_v1,5000
65,60,0.4,bot2,success,48,11294121130959732420,5973857323127390611,"(13, 17)","(44, 18)","(59, 51)",fireproof_button_v1,5000
65,60,0.4,bot3,success,48,11294121130959732420,5973857323127390611,"(13, 17)","(44, 18)","(59, 51)",fireproof_button_v1,5000
65,60,0.4,bot4,success,48,11294121130959732420,5973857323127390611,"(13, 17)","(44, 18)","(59, 51)",fireproof_button_v1,5000
65,60,0.5,bot1,success,48,11294121130959732420,5973857323127390611,"(13, 17)","(44, 18)","(59, 51)",fireproof_button_v1,5000
65,60,0.5,bot2,success,48,11294121130959732420,5973857323127390611,"(13, 17)","(44, 18)","(59, 51)",fireproof_button_v1,5000
65,60,0.5,bot3,success,48,11294121130959732420,5973857323127390611,"(13, 17)","(44, 18)","(59, 51)",fireproof_button_v1,5000
65,60,0.5,bot4,success,48,11294121130959732420,5973857323127390611,"(13, 17)","(44, 18)","(59, 51)",fireproof_button_v1,5000
65,60,0.6,bot1,success,48,11294121130959732420,5973857323127390611,"(13, 17)","(44, 18)","(59, 51)",fireproof_button_v1,5000
65,60,0.6,bot2,success,48,11294121130959732420,5973857323127390611,"(13, 17)","(44, 18)","(59, 51)",fireproof_button_v1,5000
65,60,0.6,bot3,success,48,11294121130959732420,5973857323127390611,"(13, 17)","(44, 18)","(59, 51)",fireproof_button_v1,5000
65,60,0.6,bot4,success,48,11294121130959732420,5973857323127390611,"(13, 17)","(44, 18)","(59, 51)",fireproof_button_v1,5000
65,60,0.7,bot1,success,48,11294121130959732420,5973857323127390611,"(13, 17)","(44, 18)","(59, 51)",fireproof_button_v1,5000
65,60,0.7,bot2,success,48,11294121130959732420,5973857323127390611,"(13, 17)","(44, 18)","(59, 51)",fireproof_button_v1,5000
65,60,0.7,bot3,success,48,11294121130959732420,5973857323127390611,"(13, 17)","(44, 18)","(59, 51)",fireproof_button_v1,5000
65,60,0.7,bot4,success,48,11294121130959732420,5973857323127390611,"(13, 17)","(44, 18)","(59, 51)",fireproof_button_v1,5000
65,60,0.8,bot1,success,48,11294121130959732420,5973857323127390611,"(13, 17)","(44, 18)","(59, 51)",fireproof_button_v1,5000
65,60,0.8,bot2,success,48,11294121130959732420,5973857323127390611,"(13, 17)","(44, 18)","(59, 51)",fireproof_button_v1,5000
65,60,0.8,bot3,success,48,11294121130959732420,5973857323127390611,"(13, 17)","(44, 18)","(59, 51)",fireproof_button_v1,5000
65,60,0.8,bot4,success,48,11294121130959732420,5973857323127390611,"(13, 17)","(44, 18)","(59, 51)",fireproof_button_v1,5000
65,60,0.9,bot1,success,48,11294121130959732420,5973857323127390611,"(13, 17)","(44, 18)","(59, 51)",fireproof_button_v1,5000
65,60,0.9,bot2,success,48,11294121130959732420,5973857323127390611,"(13, 17)","(44, 18)","(59, 51)",fireproof_button_v1,5000
65,60,0.9,bot3,success,48,11294121130959732420,5973857323127390611,"(13, 17)","(44, 18)","(59, 51)",fireproof_button_v1,5000
65,60,0.9,bot4,success,48,11294121130959732420,5973857323127390611,"(13, 17)","(44, 18)","(59, 51)",fireproof_button_v1,5000
65,60,1.0,bot1,success,48,11294121130959732420,5973857323127390611,"(13, 17)","(44, 18)","(59, 51)",fireproof_button_v1,5000
65,60,1.0,bot2,success,48,11294121130959732420,5973857323127390611,"(13, 17)","(44, 18)","(59, 51)",fireproof_button_v1,5000
65,60,1.0,bot3,success,48,11294121130959732420,5973857323127390611,"(13, 17)","(44, 18)","(59, 51)",fireproof_button_v1,5000
65,60,1.0,bot4,success,48,11294121130959732420,5973857323127390611,"(13, 17)","(44, 18)","(59, 51)",fireproof_button_v1,5000
66,60,0.0,bot1,success,56,1369162825813096950,9852429762588619984,"(45, 30)","(11, 12)","(38, 0)",fireproof_button_v1,5000
66,60,0.0,bot2,success,56,1369162825813096950,9852429762588619984,"(45, 30)","(11, 12)","(38, 0)",fireproof_button_v1,5000
66,60,0.0,bot3,success,56,1369162825813096950,9852429762588619984,"(45, 30)","(11, 12)","(38, 0)",fireproof_button_v1,5000
66,60,0.0,bot4,success,56,1369162825813096950,9852429762588619984,"(45, 30)","(11, 12)","(38, 0)",fireproof_button_v1,5000
66,60,0.1,bot1,success,56,1369162825813096950,9852429762588619984,"(45, 30)","(11, 12)","(38, 0)",fireproof_button_v1,5000
66,60,0.1,bot2,success,56,1369162825813096950,9852429762588619984,"(45, 30)","(11, 12)","(38, 0)",fireproof_button_v1,5000
66,60,0.1,bot3,success,56,1369162825813096950,9852429762588619984,"(45, 30)","(11, 12)","(38, 0)",fireproof_button_v1,5000
66,60,0.1,bot4,success,56,1369162825813096950,9852429762588619984,"(45, 30)","(11, 12)","(38, 0)",fireproof_button_v1,5000
66,60,0.2,bot1,success,56,1369162825813096950,9852429762588619984,"(45, 30)","(11, 12)","(38, 0)",fireproof_button_v1,5000
66,60,0.2,bot2,success,56,1369162825813096950,9852429762588619984,"(45, 30)","(11, 12)","(38, 0)",fireproof_button_v1,5000
66,60,0.2,bot3,success,56,1369162825813096950,9852429762588619984,"(45, 30)","(11, 12)","(38, 0)",fireproof_button_v1,5000
66,60,0.2,bot4,success,56,1369162825813096950,9852429762588619984,"(45, 30)","(11, 12)","(38, 0)",fireproof_button_v1,5000
66,60,0.3,bot1,success,56,1369162825813096950,9852429762588619984,"(45, 30)","(11, 12)","(38, 0)",fireproof_button_v1,5000
66,60,0.3,bot2,success,56,1369162825813096950,9852429762588619984,"(45, 30)","(11, 12)","(38, 0)",fireproof_button_v1,5000
66,60,0.3,bot3,success,56,1369162825813096950,9852429762588619984,"(45, 30)","(11, 12)","(38, 0)",fireproof_button_v1,5000
66,60,0.3,bot4,success,56,1369162825813096950,9852429762588619984,"(45, 30)","(11, 12)","(38, 0)",fireproof_button_v1,5000
66,60,0.4,bot1,success,56,1369162825813096950,9852429762588619984,"(45, 30)","(11, 12)","(38, 0)",fireproof_button_v1,5000
66,60,0.4,bot2,success,56,1369162825813096950,9852429762588619984,"(45, 30)","(11, 12)","(38, 0)",fireproof_button_v1,5000
66,60,0.4,bot3,success,56,1369162825813096950,9852429762588619984,"(45, 30)","(11, 12)","(38, 0)",fireproof_button_v1,5000
66,60,0.4,bot4,success,56,1369162825813096950,9852429762588619984,"(45, 30)","(11, 12)","(38, 0)",fireproof_button_v1,5000
66,60,0.5,bot1,success,56,1369162825813096950,9852429762588619984,"(45, 30)","(11, 12)","(38, 0)",fireproof_button_v1,5000
66,60,0.5,bot2,success,56,1369162825813096950,9852429762588619984,"(45, 30)","(11, 12)","(38, 0)",fireproof_button_v1,5000
66,60,0.5,bot3,success,56,1369162825813096950,9852429762588619984,"(45, 30)","(11, 12)","(38, 0)",fireproof_button_v1,5000
66,60,0.5,bot4,success,56,1369162825813096950,9852429762588619984,"(45, 30)","(11, 12)","(38, 0)",fireproof_button_v1,5000
66,60,0.6,bot1,success,56,1369162825813096950,9852429762588619984,"(45, 30)","(11, 12)","(38, 0)",fireproof_button_v1,5000
66,60,0.6,bot2,success,56,1369162825813096950,9852429762588619984,"(45, 30)","(11, 12)","(38, 0)",fireproof_button_v1,5000
66,60,0.6,bot3,success,56,1369162825813096950,9852429762588619984,"(45, 30)","(11, 12)","(38, 0)",fireproof_button_v1,5000
66,60,0.6,bot4,success,56,1369162825813096950,9852429762588619984,"(45, 30)","(11, 12)","(38, 0)",fireproof_button_v1,5000
66,60,0.7,bot1,success,56,1369162825813096950,9852429762588619984,"(45, 30)","(11, 12)","(38, 0)",fireproof_button_v1,5000
66,60,0.7,bot2,success,56,1369162825813096950,9852429762588619984,"(45, 30)","(11, 12)","(38, 0)",fireproof_button_v1,5000
66,60,0.7,bot3,success,56,1369162825813096950,9852429762588619984,"(45, 30)","(11, 12)","(38, 0)",fireproof_button_v1,5000
66,60,0.7,bot4,success,56,1369162825813096950,9852429762588619984,"(45, 30)","(11, 12)","(38, 0)",fireproof_button_v1,5000
66,60,0.8,bot1,success,56,1369162825813096950,9852429762588619984,"(45, 30)","(11, 12)","(38, 0)",fireproof_button_v1,5000
66,60,0.8,bot2,success,56,1369162825813096950,9852429762588619984,"(45, 30)","(11, 12)","(38, 0)",fireproof_button_v1,5000
66,60,0.8,bot3,success,56,1369162825813096950,9852429762588619984,"(45, 30)","(11, 12)","(38, 0)",fireproof_button_v1,5000
66,60,0.8,bot4,success,56,1369162825813096950,9852429762588619984,"(45, 30)","(11, 12)","(38, 0)",fireproof_button_v1,5000
66,60,0.9,bot1,burned,47,1369162825813096950,9852429762588619984,"(45, 30)","(11, 12)","(38, 0)",fireproof_button_v1,5000
66,60,0.9,bot2,burned,48,1369162825813096950,9852429762588619984,"(45, 30)","(11, 12)","(38, 0)",fireproof_button_v1,5000
66,60,0.9,bot3,burned,48,1369162825813096950,9852429762588619984,"(45, 30)","(11, 12)","(38, 0)",fireproof_button_v1,5000
66,60,0.9,bot4,burned,48,1369162825813096950,9852429762588619984,"(45, 30)","(11, 12)","(38, 0)",fireproof_button_v1,5000
66,60,1.0,bot1,burned,46,1369162825813096950,9852429762588619984,"(45, 30)","(11, 12)","(38, 0)",fireproof_button_v1,5000
66,60,1.0,bot2,burned,43,1369162825813096950,9852429762588619984,"(45, 30)","(11, 12)","(38, 0)",fireproof_button_v1,5000
66,60,1.0,bot3,burned,43,1369162825813096950,9852429762588619984,"(45, 30)","(11, 12)","(38, 0)",fireproof_button_v1,5000
66,60,1.0,bot4,burned,43,1369162825813096950,9852429762588619984,"(45, 30)","(11, 12)","(38, 0)",fireproof_button_v1,5000
67,60,0.0,bot1,success,56,1450717964203788319,6627338767651034990,"(7, 39)","(5, 1)","(33, 58)",fireproof_button_v1,5000
67,60,0.0,bot2,success,56,1450717964203788319,6627338767651034990,"(7, 39)","(5, 1)","(33, 58)",fireproof_button_v1,5000
67,60,0.0,bot3,success,56,1450717964203788319,6627338767651034990,"(7, 39)","(5, 1)","(33, 58)",fireproof_button_v1,5000
67,60,0.0,bot4,success,56,1450717964203788319,6627338767651034990,"(7, 39)","(5, 1)","(33, 58)",fireproof_button_v1,5000
67,60,0.1,bot1,success,56,1450717964203788319,6627338767651034990,"(7, 39)","(5, 1)","(33, 58)",fireproof_button_v1,5000
67,60,0.1,bot2,success,56,1450717964203788319,6627338767651034990,"(7, 39)","(5, 1)","(33, 58)",fireproof_button_v1,5000
67,60,0.1,bot3,success,56,1450717964203788319,6627338767651034990,"(7, 39)","(5, 1)","(33, 58)",fireproof_button_v1,5000
67,60,0.1,bot4,success,56,1450717964203788319,6627338767651034990,"(7, 39)","(5, 1)","(33, 58)",fireproof_button_v1,5000
67,60,0.2,bot1,success,56,1450717964203788319,6627338767651034990,"(7, 39)","(5, 1)","(33, 58)",fireproof_button_v1,5000
67,60,0.2,bot2,success,56,1450717964203788319,6627338767651034990,"(7, 39)","(5, 1)","(33, 58)",fireproof_button_v1,5000
67,60,0.2,bot3,success,56,1450717964203788319,6627338767651034990,"(7, 39)","(5, 1)","(33, 58)",fireproof_button_v1,5000
67,60,0.2,bot4,success,56,1450717964203788319,6627338767651034990,"(7, 39)","(5, 1)","(33, 58)",fireproof_button_v1,5000
67,60,0.3,bot1,success,56,1450717964203788319,6627338767651034990,"(7, 39)","(5, 1)","(33, 58)",fireproof_button_v1,5000
67,60,0.3,bot2,success,56,1450717964203788319,6627338767651034990,"(7, 39)","(5, 1)","(33, 58)",fireproof_button_v1,5000
67,60,0.3,bot3,success,56,1450717964203788319,6627338767651034990,"(7, 39)","(5, 1)","(33, 58)",fireproof_button_v1,5000
67,60,0.3,bot4,success,56,1450717964203788319,6627338767651034990,"(7, 39)","(5, 1)","(33, 58)",fireproof_button_v1,5000
67,60,0.4,bot1,success,56,1450717964203788319,6627338767651034990,"(7, 39)","(5, 1)","(33, 58)",fireproof_button_v1,5000
67,60,0.4,bot2,success,56,1450717964203788319,6627338767651034990,"(7, 39)","(5, 1)","(33, 58)",fireproof_button_v1,5000
67,60,0.4,bot3,success,56,1450717964203788319,6627338767651034990,"(7, 39)","(5, 1)","(33, 58)",fireproof_button_v1,5000
67,60,0.4,bot4,success,56,1450717964203788319,6627338767651034990,"(7, 39)","(5, 1)","(33, 58)",fireproof_button_v1,5000
67,60,0.5,bot1,success,56,1450717964203788319,6627338767651034990,"(7, 39)","(5, 1)","(33, 58)",fireproof_button_v1,5000
67,60,0.5,bot2,success,56,1450717964203788319,6627338767651034990,"(7, 39)","(5, 1)","(33, 58)",fireproof_button_v1,5000
67,60,0.5,bot3,success,56,1450717964203788319,6627338767651034990,"(7, 39)","(5, 1)","(33, 58)",fireproof_button_v1,5000
67,60,0.5,bot4,success,56,1450717964203788319,6627338767651034990,"(7, 39)","(5, 1)","(33, 58)",fireproof_button_v1,5000
67,60,0.6,bot1,success,56,1450717964203788319,6627338767651034990,"(7, 39)","(5, 1)","(33, 58)",fireproof_button_v1,5000
67,60,0.6,bot2,success,56,1450717964203788319,6627338767651034990,"(7, 39)","(5, 1)","(33, 58)",fireproof_button_v1,5000
67,60,0.6,bot3,success,56,1450717964203788319,6627338767651034990,"(7, 39)","(5, 1)","(33, 58)",fireproof_button_v1,5000
67,60,0.6,bot4,success,56,1450717964203788319,6627338767651034990,"(7, 39)","(5, 1)","(33, 58)",fireproof_button_v1,5000
67,60,0.7,bot1,success,56,1450717964203788319,6627338767651034990,"(7, 39)","(5, 1)","(33, 58)",fireproof_button_v1,5000
67,60,0.7,bot2,success,56,1450717964203788319,6627338767651034990,"(7, 39)","(5, 1)","(33, 58)",fireproof_button_v1,5000
67,60,0.7,bot3,success,56,1450717964203788319,6627338767651034990,"(7, 39)","(5, 1)","(33, 58)",fireproof_button_v1,5000
67,60,0.7,bot4,success,56,1450717964203788319,6627338767651034990,"(7, 39)","(5, 1)","(33, 58)",fireproof_button_v1,5000
67,60,0.8,bot1,success,56,1450717964203788319,6627338767651034990,"(7, 39)","(5, 1)","(33, 58)",fireproof_button_v1,5000
67,60,0.8,bot2,success,56,1450717964203788319,6627338767651034990,"(7, 39)","(5, 1)","(33, 58)",fireproof_button_v1,5000
67,60,0.8,bot3,success,56,1450717964203788319,6627338767651034990,"(7, 39)","(5, 1)","(33, 58)",fireproof_button_v1,5000
67,60,0.8,bot4,success,56,1450717964203788319,6627338767651034990,"(7, 39)","(5, 1)","(33, 58)",fireproof_button_v1,5000
67,60,0.9,bot1,success,56,1450717964203788319,6627338767651034990,"(7, 39)","(5, 1)","(33, 58)",fireproof_button_v1,5000
67,60,0.9,bot2,success,56,1450717964203788319,6627338767651034990,"(7, 39)","(5, 1)","(33, 58)",fireproof_button_v1,5000
67,60,0.9,bot3,success,56,1450717964203788319,6627338767651034990,"(7, 39)","(5, 1)","(33, 58)",fireproof_button_v1,5000
67,60,0.9,bot4,success,56,1450717964203788319,6627338767651034990,"(7, 39)","(5, 1)","(33, 58)",fireproof_button_v1,5000
67,60,1.0,bot1,success,56,1450717964203788319,6627338767651034990,"(7, 39)","(5, 1)","(33, 58)",fireproof_button_v1,5000
67,60,1.0,bot2,success,56,1450717964203788319,6627338767651034990,"(7, 39)","(5, 1)","(33, 58)",fireproof_button_v1,5000
67,60,1.0,bot3,success,56,1450717964203788319,6627338767651034990,"(7, 39)","(5, 1)","(33, 58)",fireproof_button_v1,5000
67,60,1.0,bot4,success,56,1450717964203788319,6627338767651034990,"(7, 39)","(5, 1)","(33, 58)",fireproof_button_v1,5000
68,60,0.0,bot1,success,14,5589921418207934666,4168162857362850842,"(33, 45)","(35, 37)","(23, 55)",fireproof_button_v1,5000
68,60,0.0,bot2,success,14,5589921418207934666,4168162857362850842,"(33, 45)","(35, 37)","(23, 55)",fireproof_button_v1,5000
68,60,0.0,bot3,success,14,5589921418207934666,4168162857362850842,"(33, 45)","(35, 37)","(23, 55)",fireproof_button_v1,5000
68,60,0.0,bot4,success,14,5589921418207934666,4168162857362850842,"(33, 45)","(35, 37)","(23, 55)",fireproof_button_v1,5000
68,60,0.1,bot1,success,14,5589921418207934666,4168162857362850842,"(33, 45)","(35, 37)","(23, 55)",fireproof_button_v1,5000
68,60,0.1,bot2,success,14,5589921418207934666,4168162857362850842,"(33, 45)","(35, 37)","(23, 55)",fireproof_button_v1,5000
68,60,0.1,bot3,success,14,5589921418207934666,4168162857362850842,"(33, 45)","(35, 37)","(23, 55)",fireproof_button_v1,5000
68,60,0.1,bot4,success,14,5589921418207934666,4168162857362850842,"(33, 45)","(35, 37)","(23, 55)",fireproof_button_v1,5000
68,60,0.2,bot1,success,14,5589921418207934666,4168162857362850842,"(33, 45)","(35, 37)","(23, 55)",fireproof_button_v1,5000
68,60,0.2,bot2,success,14,5589921418207934666,4168162857362850842,"(33, 45)","(35, 37)","(23, 55)",fireproof_button_v1,5000
68,60,0.2,bot3,success,14,5589921418207934666,4168162857362850842,"(33, 45)","(35, 37)","(23, 55)",fireproof_button_v1,5000
68,60,0.2,bot4,success,14,5589921418207934666,4168162857362850842,"(33, 45)","(35, 37)","(23, 55)",fireproof_button_v1,5000
68,60,0.3,bot1,success,14,5589921418207934666,4168162857362850842,"(33, 45)","(35, 37)","(23, 55)",fireproof_button_v1,5000
68,60,0.3,bot2,success,14,5589921418207934666,4168162857362850842,"(33, 45)","(35, 37)","(23, 55)",fireproof_button_v1,5000
68,60,0.3,bot3,success,14,5589921418207934666,4168162857362850842,"(33, 45)","(35, 37)","(23, 55)",fireproof_button_v1,5000
68,60,0.3,bot4,success,14,5589921418207934666,4168162857362850842,"(33, 45)","(35, 37)","(23, 55)",fireproof_button_v1,5000
68,60,0.4,bot1,success,14,5589921418207934666,4168162857362850842,"(33, 45)","(35, 37)","(23, 55)",fireproof_button_v1,5000
68,60,0.4,bot2,success,14,5589921418207934666,4168162857362850842,"(33, 45)","(35, 37)","(23, 55)",fireproof_button_v1,5000
68,60,0.4,bot3,success,14,5589921418207934666,4168162857362850842,"(33, 45)","(35, 37)","(23, 55)",fireproof_button_v1,5000
68,60,0.4,bot4,success,14,5589921418207934666,4168162857362850842,"(33, 45)","(35, 37)","(23, 55)",fireproof_button_v1,5000
68,60,0.5,bot1,success,14,5589921418207934666,4168162857362850842,"(33, 45)","(35, 37)","(23, 55)",fireproof_button_v1,5000
68,60,0.5,bot2,success,14,5589921418207934666,4168162857362850842,"(33, 45)","(35, 37)","(23, 55)",fireproof_button_v1,5000
68,60,0.5,bot3,success,14,5589921418207934666,4168162857362850842,"(33, 45)","(35, 37)","(23, 55)",fireproof_button_v1,5000
68,60,0.5,bot4,success,14,5589921418207934666,4168162857362850842,"(33, 45)","(35, 37)","(23, 55)",fireproof_button_v1,5000
68,60,0.6,bot1,success,14,5589921418207934666,4168162857362850842,"(33, 45)","(35, 37)","(23, 55)",fireproof_button_v1,5000
68,60,0.6,bot2,success,14,5589921418207934666,4168162857362850842,"(33, 45)","(35, 37)","(23, 55)",fireproof_button_v1,5000
68,60,0.6,bot3,success,14,5589921418207934666,4168162857362850842,"(33, 45)","(35, 37)","(23, 55)",fireproof_button_v1,5000
68,60,0.6,bot4,success,14,5589921418207934666,4168162857362850842,"(33, 45)","(35, 37)","(23, 55)",fireproof_button_v1,5000
68,60,0.7,bot1,success,14,5589921418207934666,4168162857362850842,"(33, 45)","(35, 37)","(23, 55)",fireproof_button_v1,5000
68,60,0.7,bot2,success,14,5589921418207934666,4168162857362850842,"(33, 45)","(35, 37)","(23, 55)",fireproof_button_v1,5000
68,60,0.7,bot3,success,14,5589921418207934666,4168162857362850842,"(33, 45)","(35, 37)","(23, 55)",fireproof_button_v1,5000
68,60,0.7,bot4,success,14,5589921418207934666,4168162857362850842,"(33, 45)","(35, 37)","(23, 55)",fireproof_button_v1,5000
68,60,0.8,bot1,success,14,5589921418207934666,4168162857362850842,"(33, 45)","(35, 37)","(23, 55)",fireproof_button_v1,5000
68,60,0.8,bot2,success,14,5589921418207934666,4168162857362850842,"(33, 45)","(35, 37)","(23, 55)",fireproof_button_v1,5000
68,60,0.8,bot3,success,14,5589921418207934666,4168162857362850842,"(33, 45)","(35, 37)","(23, 55)",fireproof_button_v1,5000
68,60,0.8,bot4,success,14,5589921418207934666,4168162857362850842,"(33, 45)","(35, 37)","(23, 55)",fireproof_button_v1,5000
68,60,0.9,bot1,success,14,5589921418207934666,4168162857362850842,"(33, 45)","(35, 37)","(23, 55)",fireproof_button_v1,5000
68,60,0.9,bot2,success,14,5589921418207934666,4168162857362850842,"(33, 45)","(35, 37)","(23, 55)",fireproof_button_v1,5000
68,60,0.9,bot3,success,14,5589921418207934666,4168162857362850842,"(33, 45)","(35, 37)","(23, 55)",fireproof_button_v1,5000
68,60,0.9,bot4,success,14,5589921418207934666,4168162857362850842,"(33, 45)","(35, 37)","(23, 55)",fireproof_button_v1,5000
68,60,1.0,bot1,success,14,5589921418207934666,4168162857362850842,"(33, 45)","(35, 37)","(23, 55)",fireproof_button_v1,5000
68,60,1.0,bot2,success,14,5589921418207934666,4168162857362850842,"(33, 45)","(35, 37)","(23, 55)",fireproof_button_v1,5000
68,60,1.0,bot3,success,14,5589921418207934666,4168162857362850842,"(33, 45)","(35, 37)","(23, 55)",fireproof_button_v1,5000
68,60,1.0,bot4,success,14,5589921418207934666,4168162857362850842,"(33, 45)","(35, 37)","(23, 55)",fireproof_button_v1,5000
69,60,0.0,bot1,success,42,3542019613725377307,1755425380881883381,"(46, 54)","(47, 29)","(52, 57)",fireproof_button_v1,5000
69,60,0.0,bot2,success,42,3542019613725377307,1755425380881883381,"(46, 54)","(47, 29)","(52, 57)",fireproof_button_v1,5000
69,60,0.0,bot3,success,42,3542019613725377307,1755425380881883381,"(46, 54)","(47, 29)","(52, 57)",fireproof_button_v1,5000
69,60,0.0,bot4,success,42,3542019613725377307,1755425380881883381,"(46, 54)","(47, 29)","(52, 57)",fireproof_button_v1,5000
69,60,0.1,bot1,success,42,3542019613725377307,1755425380881883381,"(46, 54)","(47, 29)","(52, 57)",fireproof_button_v1,5000
69,60,0.1,bot2,success,42,3542019613725377307,1755425380881883381,"(46, 54)","(47, 29)","(52, 57)",fireproof_button_v1,5000
69,60,0.1,bot3,success,42,3542019613725377307,1755425380881883381,"(46, 54)","(47, 29)","(52, 57)",fireproof_button_v1,5000
69,60,0.1,bot4,success,42,3542019613725377307,1755425380881883381,"(46, 54)","(47, 29)","(52, 57)",fireproof_button_v1,5000
69,60,0.2,bot1,success,42,3542019613725377307,1755425380881883381,"(46, 54)","(47, 29)","(52, 57)",fireproof_button_v1,5000
69,60,0.2,bot2,success,42,3542019613725377307,1755425380881883381,"(46, 54)","(47, 29)","(52, 57)",fireproof_button_v1,5000
69,60,0.2,bot3,success,42,3542019613725377307,1755425380881883381,"(46, 54)","(47, 29)","(52, 57)",fireproof_button_v1,5000
69,60,0.2,bot4,success,42,3542019613725377307,1755425380881883381,"(46, 54)","(47, 29)","(52, 57)",fireproof_button_v1,5000
69,60,0.3,bot1,success,42,3542019613725377307,1755425380881883381,"(46, 54)","(47, 29)","(52, 57)",fireproof_button_v1,5000
69,60,0.3,bot2,success,42,3542019613725377307,1755425380881883381,"(46, 54)","(47, 29)","(52, 57)",fireproof_button_v1,5000
69,60,0.3,bot3,success,42,3542019613725377307,1755425380881883381,"(46, 54)","(47, 29)","(52, 57)",fireproof_button_v1,5000
69,60,0.3,bot4,success,42,3542019613725377307,1755425380881883381,"(46, 54)","(47, 29)","(52, 57)",fireproof_button_v1,5000
69,60,0.4,bot1,success,42,3542019613725377307,1755425380881883381,"(46, 54)","(47, 29)","(52, 57)",fireproof_button_v1,5000
69,60,0.4,bot2,success,42,3542019613725377307,1755425380881883381,"(46, 54)","(47, 29)","(52, 57)",fireproof_button_v1,5000
69,60,0.4,bot3,success,42,3542019613725377307,1755425380881883381,"(46, 54)","(47, 29)","(52, 57)",fireproof_button_v1,5000
69,60,0.4,bot4,success,42,3542019613725377307,1755425380881883381,"(46, 54)","(47, 29)","(52, 57)",fireproof_button_v1,5000
69,60,0.5,bot1,success,42,3542019613725377307,1755425380881883381,"(46, 54)","(47, 29)","(52, 57)",fireproof_button_v1,5000
69,60,0.5,bot2,success,42,3542019613725377307,1755425380881883381,"(46, 54)","(47, 29)","(52, 57)",fireproof_button_v1,5000
69,60,0.5,bot3,success,42,3542019613725377307,1755425380881883381,"(46, 54)","(47, 29)","(52, 57)",fireproof_button_v1,5000
69,60,0.5,bot4,success,42,3542019613725377307,1755425380881883381,"(46, 54)","(47, 29)","(52, 57)",fireproof_button_v1,5000
69,60,0.6,bot1,success,42,3542019613725377307,1755425380881883381,"(46, 54)","(47, 29)","(52, 57)",fireproof_button_v1,5000
69,60,0.6,bot2,success,42,3542019613725377307,1755425380881883381,"(46, 54)","(47, 29)","(52, 57)",fireproof_button_v1,5000
69,60,0.6,bot3,success,42,3542019613725377307,1755425380881883381,"(46, 54)","(47, 29)","(52, 57)",fireproof_button_v1,5000
69,60,0.6,bot4,success,42,3542019613725377307,1755425380881883381,"(46, 54)","(47, 29)","(52, 57)",fireproof_button_v1,5000
69,60,0.7,bot1,success,42,3542019613725377307,1755425380881883381,"(46, 54)","(47, 29)","(52, 57)",fireproof_button_v1,5000
69,60,0.7,bot2,success,42,3542019613725377307,1755425380881883381,"(46, 54)","(47, 29)","(52, 57)",fireproof_button_v1,5000
69,60,0.7,bot3,success,42,3542019613725377307,1755425380881883381,"(46, 54)","(47, 29)","(52, 57)",fireproof_button_v1,5000
69,60,0.7,bot4,success,42,3542019613725377307,1755425380881883381,"(46, 54)","(47, 29)","(52, 57)",fireproof_button_v1,5000
69,60,0.8,bot1,success,42,3542019613725377307,1755425380881883381,"(46, 54)","(47, 29)","(52, 57)",fireproof_button_v1,5000
69,60,0.8,bot2,success,42,3542019613725377307,1755425380881883381,"(46, 54)","(47, 29)","(52, 57)",fireproof_button_v1,5000
69,60,0.8,bot3,success,42,3542019613725377307,1755425380881883381,"(46, 54)","(47, 29)","(52, 57)",fireproof_button_v1,5000
69,60,0.8,bot4,success,42,3542019613725377307,1755425380881883381,"(46, 54)","(47, 29)","(52, 57)",fireproof_button_v1,5000
69,60,0.9,bot1,burned,22,3542019613725377307,1755425380881883381,"(46, 54)","(47, 29)","(52, 57)",fireproof_button_v1,5000
69,60,0.9,bot2,burned,22,3542019613725377307,1755425380881883381,"(46, 54)","(47, 29)","(52, 57)",fireproof_button_v1,5000
69,60,0.9,bot3,burned,26,3542019613725377307,1755425380881883381,"(46, 54)","(47, 29)","(52, 57)",fireproof_button_v1,5000
69,60,0.9,bot4,success,48,3542019613725377307,1755425380881883381,"(46, 54)","(47, 29)","(52, 57)",fireproof_button_v1,5000
69,60,1.0,bot1,burned,22,3542019613725377307,1755425380881883381,"(46, 54)","(47, 29)","(52, 57)",fireproof_button_v1,5000
69,60,1.0,bot2,burned,23,3542019613725377307,1755425380881883381,"(46, 54)","(47, 29)","(52, 57)",fireproof_button_v1,5000
69,60,1.0,bot3,burned,25,3542019613725377307,1755425380881883381,"(46, 54)","(47, 29)","(52, 57)",fireproof_button_v1,5000
69,60,1.0,bot4,success,48,3542019613725377307,1755425380881883381,"(46, 54)","(47, 29)","(52, 57)",fireproof_button_v1,5000
70,60,0.0,bot1,success,37,1442883193662157064,13945961867482724928,"(11, 14)","(13, 37)","(32, 58)",fireproof_button_v1,5000
70,60,0.0,bot2,success,37,1442883193662157064,13945961867482724928,"(11, 14)","(13, 37)","(32, 58)",fireproof_button_v1,5000
70,60,0.0,bot3,success,37,1442883193662157064,13945961867482724928,"(11, 14)","(13, 37)","(32, 58)",fireproof_button_v1,5000
70,60,0.0,bot4,success,37,1442883193662157064,13945961867482724928,"(11, 14)","(13, 37)","(32, 58)",fireproof_button_v1,5000
70,60,0.1,bot1,success,37,1442883193662157064,13945961867482724928,"(11, 14)","(13, 37)","(32, 58)",fireproof_button_v1,5000
70,60,0.1,bot2,success,37,1442883193662157064,13945961867482724928,"(11, 14)","(13, 37)","(32, 58)",fireproof_button_v1,5000
70,60,0.1,bot3,success,37,1442883193662157064,13945961867482724928,"(11, 14)","(13, 37)","(32, 58)",fireproof_button_v1,5000
70,60,0.1,bot4,success,37,1442883193662157064,13945961867482724928,"(11, 14)","(13, 37)","(32, 58)",fireproof_button_v1,5000
70,60,0.2,bot1,success,37,1442883193662157064,13945961867482724928,"(11, 14)","(13, 37)","(32, 58)",fireproof_button_v1,5000
70,60,0.2,bot2,success,37,1442883193662157064,13945961867482724928,"(11, 14)","(13, 37)","(32, 58)",fireproof_button_v1,5000
70,60,0.2,bot3,success,37,1442883193662157064,13945961867482724928,"(11, 14)","(13, 37)","(32, 58)",fireproof_button_v1,5000
70,60,0.2,bot4,success,37,1442883193662157064,13945961867482724928,"(11, 14)","(13, 37)","(32, 58)",fireproof_button_v1,5000
70,60,0.3,bot1,success,37,1442883193662157064,13945961867482724928,"(11, 14)","(13, 37)","(32, 58)",fireproof_button_v1,5000
70,60,0.3,bot2,success,37,1442883193662157064,13945961867482724928,"(11, 14)","(13, 37)","(32, 58)",fireproof_button_v1,5000
70,60,0.3,bot3,success,37,1442883193662157064,13945961867482724928,"(11, 14)","(13, 37)","(32, 58)",fireproof_button_v1,5000
70,60,0.3,bot4,success,37,1442883193662157064,13945961867482724928,"(11, 14)","(13, 37)","(32, 58)",fireproof_button_v1,5000
70,60,0.4,bot1,success,37,1442883193662157064,13945961867482724928,"(11, 14)","(13, 37)","(32, 58)",fireproof_button_v1,5000
70,60,0.4,bot2,success,37,1442883193662157064,13945961867482724928,"(11, 14)","(13, 37)","(32, 58)",fireproof_button_v1,5000
70,60,0.4,bot3,success,37,1442883193662157064,13945961867482724928,"(11, 14)","(13, 37)","(32, 58)",fireproof_button_v1,5000
70,60,0.4,bot4,success,37,1442883193662157064,13945961867482724928,"(11, 14)","(13, 37)","(32, 58)",fireproof_button_v1,5000
70,60,0.5,bot1,success,37,1442883193662157064,13945961867482724928,"(11, 14)","(13, 37)","(32, 58)",fireproof_button_v1,5000
70,60,0.5,bot2,success,37,1442883193662157064,13945961867482724928,"(11, 14)","(13, 37)","(32, 58)",fireproof_button_v1,5000
70,60,0.5,bot3,success,37,1442883193662157064,13945961867482724928,"(11, 14)","(13, 37)","(32, 58)",fireproof_button_v1,5000
70,60,0.5,bot4,success,37,1442883193662157064,13945961867482724928,"(11, 14)","(13, 37)","(32, 58)",fireproof_button_v1,5000
70,60,0.6,bot1,success,37,1442883193662157064,13945961867482724928,"(11, 14)","(13, 37)","(32, 58)",fireproof_button_v1,5000
70,60,0.6,bot2,success,37,1442883193662157064,13945961867482724928,"(11, 14)","(13, 37)","(32, 58)",fireproof_button_v1,5000
70,60,0.6,bot3,success,37,1442883193662157064,13945961867482724928,"(11, 14)","(13, 37)","(32, 58)",fireproof_button_v1,5000
70,60,0.6,bot4,success,37,1442883193662157064,13945961867482724928,"(11, 14)","(13, 37)","(32, 58)",fireproof_button_v1,5000
70,60,0.7,bot1,success,37,1442883193662157064,13945961867482724928,"(11, 14)","(13, 37)","(32, 58)",fireproof_button_v1,5000
70,60,0.7,bot2,success,37,1442883193662157064,13945961867482724928,"(11, 14)","(13, 37)","(32, 58)",fireproof_button_v1,5000
70,60,0.7,bot3,success,37,1442883193662157064,13945961867482724928,"(11, 14)","(13, 37)","(32, 58)",fireproof_button_v1,5000
70,60,0.7,bot4,success,37,1442883193662157064,13945961867482724928,"(11, 14)","(13, 37)","(32, 58)",fireproof_button_v1,5000
70,60,0.8,bot1,success,37,1442883193662157064,13945961867482724928,"(11, 14)","(13, 37)","(32, 58)",fireproof_button_v1,5000
70,60,0.8,bot2,success,37,1442883193662157064,13945961867482724928,"(11, 14)","(13, 37)","(32, 58)",fireproof_button_v1,5000
70,60,0.8,bot3,success,37,1442883193662157064,13945961867482724928,"(11, 14)","(13, 37)","(32, 58)",fireproof_button_v1,5000
70,60,0.8,bot4,success,37,1442883193662157064,13945961867482724928,"(11, 14)","(13, 37)","(32, 58)",fireproof_button_v1,5000
70,60,0.9,bot1,success,37,1442883193662157064,13945961867482724928,"(11, 14)","(13, 37)","(32, 58)",fireproof_button_v1,5000
70,60,0.9,bot2,success,37,1442883193662157064,13945961867482724928,"(11, 14)","(13, 37)","(32, 58)",fireproof_button_v1,5000
70,60,0.9,bot3,success,37,1442883193662157064,13945961867482724928,"(11, 14)","(13, 37)","(32, 58)",fireproof_button_v1,5000
70,60,0.9,bot4,success,37,1442883193662157064,13945961867482724928,"(11, 14)","(13, 37)","(32, 58)",fireproof_button_v1,5000
70,60,1.0,bot1,success,37,1442883193662157064,13945961867482724928,"(11, 14)","(13, 37)","(32, 58)",fireproof_button_v1,5000
70,60,1.0,bot2,success,37,1442883193662157064,13945961867482724928,"(11, 14)","(13, 37)","(32, 58)",fireproof_button_v1,5000
70,60,1.0,bot3,success,37,1442883193662157064,13945961867482724928,"(11, 14)","(13, 37)","(32, 58)",fireproof_button_v1,5000
70,60,1.0,bot4,success,37,1442883193662157064,13945961867482724928,"(11, 14)","(13, 37)","(32, 58)",fireproof_button_v1,5000
71,60,0.0,bot1,success,66,16610372953262257748,14571968601597260991,"(17, 4)","(53, 6)","(25, 49)",fireproof_button_v1,5000
71,60,0.0,bot2,success,66,16610372953262257748,14571968601597260991,"(17, 4)","(53, 6)","(25, 49)",fireproof_button_v1,5000
71,60,0.0,bot3,success,66,16610372953262257748,14571968601597260991,"(17, 4)","(53, 6)","(25, 49)",fireproof_button_v1,5000
71,60,0.0,bot4,success,66,16610372953262257748,14571968601597260991,"(17, 4)","(53, 6)","(25, 49)",fireproof_button_v1,5000
71,60,0.1,bot1,success,66,16610372953262257748,14571968601597260991,"(17, 4)","(53, 6)","(25, 49)",fireproof_button_v1,5000
71,60,0.1,bot2,success,66,16610372953262257748,14571968601597260991,"(17, 4)","(53, 6)","(25, 49)",fireproof_button_v1,5000
71,60,0.1,bot3,success,66,16610372953262257748,14571968601597260991,"(17, 4)","(53, 6)","(25, 49)",fireproof_button_v1,5000
71,60,0.1,bot4,success,66,16610372953262257748,14571968601597260991,"(17, 4)","(53, 6)","(25, 49)",fireproof_button_v1,5000
71,60,0.2,bot1,success,66,16610372953262257748,14571968601597260991,"(17, 4)","(53, 6)","(25, 49)",fireproof_button_v1,5000
71,60,0.2,bot2,success,66,16610372953262257748,14571968601597260991,"(17, 4)","(53, 6)","(25, 49)",fireproof_button_v1,5000
71,60,0.2,bot3,success,66,16610372953262257748,14571968601597260991,"(17, 4)","(53, 6)","(25, 49)",fireproof_button_v1,5000
71,60,0.2,bot4,success,66,16610372953262257748,14571968601597260991,"(17, 4)","(53, 6)","(25, 49)",fireproof_button_v1,5000
71,60,0.3,bot1,success,66,16610372953262257748,14571968601597260991,"(17, 4)","(53, 6)","(25, 49)",fireproof_button_v1,5000
71,60,0.3,bot2,success,66,16610372953262257748,14571968601597260991,"(17, 4)","(53, 6)","(25, 49)",fireproof_button_v1,5000
71,60,0.3,bot3,success,66,16610372953262257748,14571968601597260991,"(17, 4)","(53, 6)","(25, 49)",fireproof_button_v1,5000
71,60,0.3,bot4,success,66,16610372953262257748,14571968601597260991,"(17, 4)","(53, 6)","(25, 49)",fireproof_button_v1,5000
71,60,0.4,bot1,success,66,16610372953262257748,14571968601597260991,"(17, 4)","(53, 6)","(25, 49)",fireproof_button_v1,5000
71,60,0.4,bot2,success,66,16610372953262257748,14571968601597260991,"(17, 4)","(53, 6)","(25, 49)",fireproof_button_v1,5000
71,60,0.4,bot3,success,66,16610372953262257748,14571968601597260991,"(17, 4)","(53, 6)","(25, 49)",fireproof_button_v1,5000
71,60,0.4,bot4,success,66,16610372953262257748,14571968601597260991,"(17, 4)","(53, 6)","(25, 49)",fireproof_button_v1,5000
71,60,0.5,bot1,success,66,16610372953262257748,14571968601597260991,"(17, 4)","(53, 6)","(25, 49)",fireproof_button_v1,5000
71,60,0.5,bot2,success,66,16610372953262257748,14571968601597260991,"(17, 4)","(53, 6)","(25, 49)",fireproof_button_v1,5000
71,60,0.5,bot3,success,66,16610372953262257748,14571968601597260991,"(17, 4)","(53, 6)","(25, 49)",fireproof_button_v1,5000
71,60,0.5,bot4,success,66,16610372953262257748,14571968601597260991,"(17, 4)","(53, 6)","(25, 49)",fireproof_button_v1,5000
71,60,0.6,bot1,success,66,16610372953262257748,14571968601597260991,"(17, 4)","(53, 6)","(25, 49)",fireproof_button_v1,5000
71,60,0.6,bot2,success,66,16610372953262257748,14571968601597260991,"(17, 4)","(53, 6)","(25, 49)",fireproof_button_v1,5000
71,60,0.6,bot3,success,66,16610372953262257748,14571968601597260991,"(17, 4)","(53, 6)","(25, 49)",fireproof_button_v1,5000
71,60,0.6,bot4,success,66,16610372953262257748,14571968601597260991,"(17, 4)","(53, 6)","(25, 49)",fireproof_button_v1,5000
71,60,0.7,bot1,success,66,16610372953262257748,14571968601597260991,"(17, 4)","(53, 6)","(25, 49)",fireproof_button_v1,5000
71,60,0.7,bot2,success,66,16610372953262257748,14571968601597260991,"(17, 4)","(53, 6)","(25, 49)",fireproof_button_v1,5000
71,60,0.7,bot3,success,66,16610372953262257748,14571968601597260991,"(17, 4)","(53, 6)","(25, 49)",fireproof_button_v1,5000
71,60,0.7,bot4,success,66,16610372953262257748,14571968601597260991,"(17, 4)","(53, 6)","(25, 49)",fireproof_button_v1,5000
71,60,0.8,bot1,success,66,16610372953262257748,14571968601597260991,"(17, 4)","(53, 6)","(25, 49)",fireproof_button_v1,5000
71,60,0.8,bot2,success,66,16610372953262257748,14571968601597260991,"(17, 4)","(53, 6)","(25, 49)",fireproof_button_v1,5000
71,60,0.8,bot3,success,66,16610372953262257748,14571968601597260991,"(17, 4)","(53, 6)","(25, 49)",fireproof_button_v1,5000
71,60,0.8,bot4,success,66,16610372953262257748,14571968601597260991,"(17, 4)","(53, 6)","(25, 49)",fireproof_button_v1,5000
71,60,0.9,bot1,success,66,16610372953262257748,14571968601597260991,"(17, 4)","(53, 6)","(25, 49)",fireproof_button_v1,5000
71,60,0.9,bot2,success,66,16610372953262257748,14571968601597260991,"(17, 4)","(53, 6)","(25, 49)",fireproof_button_v1,5000
71,60,0.9,bot3,success,66,16610372953262257748,14571968601597260991,"(17, 4)","(53, 6)","(25, 49)",fireproof_button_v1,5000
71,60,0.9,bot4,success,66,16610372953262257748,14571968601597260991,"(17, 4)","(53, 6)","(25, 49)",fireproof_button_v1,5000
71,60,1.0,bot1,success,66,16610372953262257748,14571968601597260991,"(17, 4)","(53, 6)","(25, 49)",fireproof_button_v1,5000
71,60,1.0,bot2,success,66,16610372953262257748,14571968601597260991,"(17, 4)","(53, 6)","(25, 49)",fireproof_button_v1,5000
71,60,1.0,bot3,success,66,16610372953262257748,14571968601597260991,"(17, 4)","(53, 6)","(25, 49)",fireproof_button_v1,5000
71,60,1.0,bot4,success,66,16610372953262257748,14571968601597260991,"(17, 4)","(53, 6)","(25, 49)",fireproof_button_v1,5000
72,60,0.0,bot1,success,57,246339614477943935,3159358631398411816,"(12, 43)","(46, 20)","(6, 7)",fireproof_button_v1,5000
72,60,0.0,bot2,success,57,246339614477943935,3159358631398411816,"(12, 43)","(46, 20)","(6, 7)",fireproof_button_v1,5000
72,60,0.0,bot3,success,57,246339614477943935,3159358631398411816,"(12, 43)","(46, 20)","(6, 7)",fireproof_button_v1,5000
72,60,0.0,bot4,success,57,246339614477943935,3159358631398411816,"(12, 43)","(46, 20)","(6, 7)",fireproof_button_v1,5000
72,60,0.1,bot1,success,57,246339614477943935,3159358631398411816,"(12, 43)","(46, 20)","(6, 7)",fireproof_button_v1,5000
72,60,0.1,bot2,success,57,246339614477943935,3159358631398411816,"(12, 43)","(46, 20)","(6, 7)",fireproof_button_v1,5000
72,60,0.1,bot3,success,57,246339614477943935,3159358631398411816,"(12, 43)","(46, 20)","(6, 7)",fireproof_button_v1,5000
72,60,0.1,bot4,success,57,246339614477943935,3159358631398411816,"(12, 43)","(46, 20)","(6, 7)",fireproof_button_v1,5000
72,60,0.2,bot1,success,57,246339614477943935,3159358631398411816,"(12, 43)","(46, 20)","(6, 7)",fireproof_button_v1,5000
72,60,0.2,bot2,success,57,246339614477943935,3159358631398411816,"(12, 43)","(46, 20)","(6, 7)",fireproof_button_v1,5000
72,60,0.2,bot3,success,57,246339614477943935,3159358631398411816,"(12, 43)","(46, 20)","(6, 7)",fireproof_button_v1,5000
72,60,0.2,bot4,success,57,246339614477943935,3159358631398411816,"(12, 43)","(46, 20)","(6, 7)",fireproof_button_v1,5000
72,60,0.3,bot1,success,57,246339614477943935,3159358631398411816,"(12, 43)","(46, 20)","(6, 7)",fireproof_button_v1,5000
72,60,0.3,bot2,success,57,246339614477943935,3159358631398411816,"(12, 43)","(46, 20)","(6, 7)",fireproof_button_v1,5000
72,60,0.3,bot3,success,57,246339614477943935,3159358631398411816,"(12, 43)","(46, 20)","(6, 7)",fireproof_button_v1,5000
72,60,0.3,bot4,success,57,246339614477943935,3159358631398411816,"(12, 43)","(46, 20)","(6, 7)",fireproof_button_v1,5000
72,60,0.4,bot1,success,57,246339614477943935,3159358631398411816,"(12, 43)","(46, 20)","(6, 7)",fireproof_button_v1,5000
72,60,0.4,bot2,success,57,246339614477943935,3159358631398411816,"(12, 43)","(46, 20)","(6, 7)",fireproof_button_v1,5000
72,60,0.4,bot3,success,57,246339614477943935,3159358631398411816,"(12, 43)","(46, 20)","(6, 7)",fireproof_button_v1,5000
72,60,0.4,bot4,success,57,246339614477943935,3159358631398411816,"(12, 43)","(46, 20)","(6, 7)",fireproof_button_v1,5000
72,60,0.5,bot1,success,57,246339614477943935,3159358631398411816,"(12, 43)","(46, 20)","(6, 7)",fireproof_button_v1,5000
72,60,0.5,bot2,success,57,246339614477943935,3159358631398411816,"(12, 43)","(46, 20)","(6, 7)",fireproof_button_v1,5000
72,60,0.5,bot3,success,57,246339614477943935,3159358631398411816,"(12, 43)","(46, 20)","(6, 7)",fireproof_button_v1,5000
72,60,0.5,bot4,success,57,246339614477943935,3159358631398411816,"(12, 43)","(46, 20)","(6, 7)",fireproof_button_v1,5000
72,60,0.6,bot1,success,57,246339614477943935,3159358631398411816,"(12, 43)","(46, 20)","(6, 7)",fireproof_button_v1,5000
72,60,0.6,bot2,success,57,246339614477943935,3159358631398411816,"(12, 43)","(46, 20)","(6, 7)",fireproof_button_v1,5000
72,60,0.6,bot3,success,57,246339614477943935,3159358631398411816,"(12, 43)","(46, 20)","(6, 7)",fireproof_button_v1,5000
72,60,0.6,bot4,success,57,246339614477943935,3159358631398411816,"(12, 43)","(46, 20)","(6, 7)",fireproof_button_v1,5000
72,60,0.7,bot1,success,57,246339614477943935,3159358631398411816,"(12, 43)","(46, 20)","(6, 7)",fireproof_button_v1,5000
72,60,0.7,bot2,success,57,246339614477943935,3159358631398411816,"(12, 43)","(46, 20)","(6, 7)",fireproof_button_v1,5000
72,60,0.7,bot3,success,57,246339614477943935,3159358631398411816,"(12, 43)","(46, 20)","(6, 7)",fireproof_button_v1,5000
72,60,0.7,bot4,success,57,246339614477943935,3159358631398411816,"(12, 43)","(46, 20)","(6, 7)",fireproof_button_v1,5000
72,60,0.8,bot1,success,57,246339614477943935,3159358631398411816,"(12, 43)","(46, 20)","(6, 7)",fireproof_button_v1,5000
72,60,0.8,bot2,success,57,246339614477943935,3159358631398411816,"(12, 43)","(46, 20)","(6, 7)",fireproof_button_v1,5000
72,60,0.8,bot3,success,57,246339614477943935,3159358631398411816,"(12, 43)","(46, 20)","(6, 7)",fireproof_button_v1,5000
72,60,0.8,bot4,success,57,246339614477943935,3159358631398411816,"(12, 43)","(46, 20)","(6, 7)",fireproof_button_v1,5000
72,60,0.9,bot1,success,57,246339614477943935,3159358631398411816,"(12, 43)","(46, 20)","(6, 7)",fireproof_button_v1,5000
72,60,0.9,bot2,success,57,246339614477943935,3159358631398411816,"(12, 43)","(46, 20)","(6, 7)",fireproof_button_v1,5000
72,60,0.9,bot3,success,57,246339614477943935,3159358631398411816,"(12, 43)","(46, 20)","(6, 7)",fireproof_button_v1,5000
72,60,0.9,bot4,success,57,246339614477943935,3159358631398411816,"(12, 43)","(46, 20)","(6, 7)",fireproof_button_v1,5000
72,60,1.0,bot1,success,57,246339614477943935,3159358631398411816,"(12, 43)","(46, 20)","(6, 7)",fireproof_button_v1,5000
72,60,1.0,bot2,success,57,246339614477943935,3159358631398411816,"(12, 43)","(46, 20)","(6, 7)",fireproof_button_v1,5000
72,60,1.0,bot3,success,57,246339614477943935,3159358631398411816,"(12, 43)","(46, 20)","(6, 7)",fireproof_button_v1,5000
72,60,1.0,bot4,success,57,246339614477943935,3159358631398411816,"(12, 43)","(46, 20)","(6, 7)",fireproof_button_v1,5000
73,60,0.0,bot1,success,42,8321633301688383745,16560885325691822585,"(49, 9)","(30, 28)","(13, 12)",fireproof_button_v1,5000
73,60,0.0,bot2,success,42,8321633301688383745,16560885325691822585,"(49, 9)","(30, 28)","(13, 12)",fireproof_button_v1,5000
73,60,0.0,bot3,success,42,8321633301688383745,16560885325691822585,"(49, 9)","(30, 28)","(13, 12)",fireproof_button_v1,5000
73,60,0.0,bot4,success,42,8321633301688383745,16560885325691822585,"(49, 9)","(30, 28)","(13, 12)",fireproof_button_v1,5000
73,60,0.1,bot1,success,42,8321633301688383745,16560885325691822585,"(49, 9)","(30, 28)","(13, 12)",fireproof_button_v1,5000
73,60,0.1,bot2,success,42,8321633301688383745,16560885325691822585,"(49, 9)","(30, 28)","(13, 12)",fireproof_button_v1,5000
73,60,0.1,bot3,success,42,8321633301688383745,16560885325691822585,"(49, 9)","(30, 28)","(13, 12)",fireproof_button_v1,5000
73,60,0.1,bot4,success,42,8321633301688383745,16560885325691822585,"(49, 9)","(30, 28)","(13, 12)",fireproof_button_v1,5000
73,60,0.2,bot1,success,42,8321633301688383745,16560885325691822585,"(49, 9)","(30, 28)","(13, 12)",fireproof_button_v1,5000
73,60,0.2,bot2,success,42,8321633301688383745,16560885325691822585,"(49, 9)","(30, 28)","(13, 12)",fireproof_button_v1,5000
73,60,0.2,bot3,success,42,8321633301688383745,16560885325691822585,"(49, 9)","(30, 28)","(13, 12)",fireproof_button_v1,5000
73,60,0.2,bot4,success,42,8321633301688383745,16560885325691822585,"(49, 9)","(30, 28)","(13, 12)",fireproof_button_v1,5000
73,60,0.3,bot1,success,42,8321633301688383745,16560885325691822585,"(49, 9)","(30, 28)","(13, 12)",fireproof_button_v1,5000
73,60,0.3,bot2,success,42,8321633301688383745,16560885325691822585,"(49, 9)","(30, 28)","(13, 12)",fireproof_button_v1,5000
73,60,0.3,bot3,success,42,8321633301688383745,16560885325691822585,"(49, 9)","(30, 28)","(13, 12)",fireproof_button_v1,5000
73,60,0.3,bot4,success,42,8321633301688383745,16560885325691822585,"(49, 9)","(30, 28)","(13, 12)",fireproof_button_v1,5000
73,60,0.4,bot1,success,42,8321633301688383745,16560885325691822585,"(49, 9)","(30, 28)","(13, 12)",fireproof_button_v1,5000
73,60,0.4,bot2,success,42,8321633301688383745,16560885325691822585,"(49, 9)","(30, 28)","(13, 12)",fireproof_button_v1,5000
73,60,0.4,bot3,success,42,8321633301688383745,16560885325691822585,"(49, 9)","(30, 28)","(13, 12)",fireproof_button_v1,5000
73,60,0.4,bot4,success,42,8321633301688383745,16560885325691822585,"(49, 9)","(30, 28)","(13, 12)",fireproof_button_v1,5000
73,60,0.5,bot1,success,42,8321633301688383745,16560885325691822585,"(49, 9)","(30, 28)","(13, 12)",fireproof_button_v1,5000
73,60,0.5,bot2,success,42,8321633301688383745,16560885325691822585,"(49, 9)","(30, 28)","(13, 12)",fireproof_button_v1,5000
73,60,0.5,bot3,success,42,8321633301688383745,16560885325691822585,"(49, 9)","(30, 28)","(13, 12)",fireproof_button_v1,5000
73,60,0.5,bot4,success,42,8321633301688383745,16560885325691822585,"(49, 9)","(30, 28)","(13, 12)",fireproof_button_v1,5000
73,60,0.6,bot1,success,42,8321633301688383745,16560885325691822585,"(49, 9)","(30, 28)","(13, 12)",fireproof_button_v1,5000
73,60,0.6,bot2,success,42,8321633301688383745,16560885325691822585,"(49, 9)","(30, 28)","(13, 12)",fireproof_button_v1,5000
73,60,0.6,bot3,success,42,8321633301688383745,16560885325691822585,"(49, 9)","(30, 28)","(13, 12)",fireproof_button_v1,5000
73,60,0.6,bot4,success,42,8321633301688383745,16560885325691822585,"(49, 9)","(30, 28)","(13, 12)",fireproof_button_v1,5000
73,60,0.7,bot1,success,42,8321633301688383745,16560885325691822585,"(49, 9)","(30, 28)","(13, 12)",fireproof_button_v1,5000
73,60,0.7,bot2,success,42,8321633301688383745,16560885325691822585,"(49, 9)","(30, 28)","(13, 12)",fireproof_button_v1,5000
73,60,0.7,bot3,success,42,8321633301688383745,16560885325691822585,"(49, 9)","(30, 28)","(13, 12)",fireproof_button_v1,5000
73,60,0.7,bot4,success,42,8321633301688383745,16560885325691822585,"(49, 9)","(30, 28)","(13, 12)",fireproof_button_v1,5000
73,60,0.8,bot1,success,42,8321633301688383745,16560885325691822585,"(49, 9)","(30, 28)","(13, 12)",fireproof_button_v1,5000
73,60,0.8,bot2,success,42,8321633301688383745,16560885325691822585,"(49, 9)","(30, 28)","(13, 12)",fireproof_button_v1,5000
73,60,0.8,bot3,success,42,8321633301688383745,16560885325691822585,"(49, 9)","(30, 28)","(13, 12)",fireproof_button_v1,5000
73,60,0.8,bot4,success,42,8321633301688383745,16560885325691822585,"(49, 9)","(30, 28)","(13, 12)",fireproof_button_v1,5000
73,60,0.9,bot1,success,42,8321633301688383745,16560885325691822585,"(49, 9)","(30, 28)","(13, 12)",fireproof_button_v1,5000
73,60,0.9,bot2,success,42,8321633301688383745,16560885325691822585,"(49, 9)","(30, 28)","(13, 12)",fireproof_button_v1,5000
73,60,0.9,bot3,success,42,8321633301688383745,16560885325691822585,"(49, 9)","(30, 28)","(13, 12)",fireproof_button_v1,5000
73,60,0.9,bot4,success,42,8321633301688383745,16560885325691822585,"(49, 9)","(30, 28)","(13, 12)",fireproof_button_v1,5000
73,60,1.0,bot1,burned,34,8321633301688383745,16560885325691822585,"(49, 9)","(30, 28)","(13, 12)",fireproof_button_v1,5000
73,60,1.0,bot2,burned,41,8321633301688383745,16560885325691822585,"(49, 9)","(30, 28)","(13, 12)",fireproof_button_v1,5000
73,60,1.0,bot3,burned,41,8321633301688383745,16560885325691822585,"(49, 9)","(30, 28)","(13, 12)",fireproof_button_v1,5000
73,60,1.0,bot4,burned,41,8321633301688383745,16560885325691822585,"(49, 9)","(30, 28)","(13, 12)",fireproof_button_v1,5000
74,60,0.0,bot1,success,61,1710738993193496523,4134326608824290364,"(10, 22)","(45, 0)","(5, 52)",fireproof_button_v1,5000
74,60,0.0,bot2,success,61,1710738993193496523,4134326608824290364,"(10, 22)","(45, 0)","(5, 52)",fireproof_button_v1,5000
74,60,0.0,bot3,success,61,1710738993193496523,4134326608824290364,"(10, 22)","(45, 0)","(5, 52)",fireproof_button_v1,5000
74,60,0.0,bot4,success,61,1710738993193496523,4134326608824290364,"(10, 22)","(45, 0)","(5, 52)",fireproof_button_v1,5000
74,60,0.1,bot1,success,61,1710738993193496523,4134326608824290364,"(10, 22)","(45, 0)","(5, 52)",fireproof_button_v1,5000
74,60,0.1,bot2,success,61,1710738993193496523,4134326608824290364,"(10, 22)","(45, 0)","(5, 52)",fireproof_button_v1,5000
74,60,0.1,bot3,success,61,1710738993193496523,4134326608824290364,"(10, 22)","(45, 0)","(5, 52)",fireproof_button_v1,5000
74,60,0.1,bot4,success,61,1710738993193496523,4134326608824290364,"(10, 22)","(45, 0)","(5, 52)",fireproof_button_v1,5000
74,60,0.2,bot1,success,61,1710738993193496523,4134326608824290364,"(10, 22)","(45, 0)","(5, 52)",fireproof_button_v1,5000
74,60,0.2,bot2,success,61,1710738993193496523,4134326608824290364,"(10, 22)","(45, 0)","(5, 52)",fireproof_button_v1,5000
74,60,0.2,bot3,success,61,1710738993193496523,4134326608824290364,"(10, 22)","(45, 0)","(5, 52)",fireproof_button_v1,5000
74,60,0.2,bot4,success,61,1710738993193496523,4134326608824290364,"(10, 22)","(45, 0)","(5, 52)",fireproof_button_v1,5000
74,60,0.3,bot1,success,61,1710738993193496523,4134326608824290364,"(10, 22)","(45, 0)","(5, 52)",fireproof_button_v1,5000
74,60,0.3,bot2,success,61,1710738993193496523,4134326608824290364,"(10, 22)","(45, 0)","(5, 52)",fireproof_button_v1,5000
74,60,0.3,bot3,success,61,1710738993193496523,4134326608824290364,"(10, 22)","(45, 0)","(5, 52)",fireproof_button_v1,5000
74,60,0.3,bot4,success,61,1710738993193496523,4134326608824290364,"(10, 22)","(45, 0)","(5, 52)",fireproof_button_v1,5000
74,60,0.4,bot1,success,61,1710738993193496523,4134326608824290364,"(10, 22)","(45, 0)","(5, 52)",fireproof_button_v1,5000
74,60,0.4,bot2,success,61,1710738993193496523,4134326608824290364,"(10, 22)","(45, 0)","(5, 52)",fireproof_button_v1,5000
74,60,0.4,bot3,success,61,1710738993193496523,4134326608824290364,"(10, 22)","(45, 0)","(5, 52)",fireproof_button_v1,5000
74,60,0.4,bot4,success,61,1710738993193496523,4134326608824290364,"(10, 22)","(45, 0)","(5, 52)",fireproof_button_v1,5000
74,60,0.5,bot1,success,61,1710738993193496523,4134326608824290364,"(10, 22)","(45, 0)","(5, 52)",fireproof_button_v1,5000
74,60,0.5,bot2,success,61,1710738993193496523,4134326608824290364,"(10, 22)","(45, 0)","(5, 52)",fireproof_button_v1,5000
74,60,0.5,bot3,success,61,1710738993193496523,4134326608824290364,"(10, 22)","(45, 0)","(5, 52)",fireproof_button_v1,5000
74,60,0.5,bot4,success,61,1710738993193496523,4134326608824290364,"(10, 22)","(45, 0)","(5, 52)",fireproof_button_v1,5000
74,60,0.6,bot1,success,61,1710738993193496523,4134326608824290364,"(10, 22)","(45, 0)","(5, 52)",fireproof_button_v1,5000
74,60,0.6,bot2,success,61,1710738993193496523,4134326608824290364,"(10, 22)","(45, 0)","(5, 52)",fireproof_button_v1,5000
74,60,0.6,bot3,success,61,1710738993193496523,4134326608824290364,"(10, 22)","(45, 0)","(5, 52)",fireproof_button_v1,5000
74,60,0.6,bot4,success,61,1710738993193496523,4134326608824290364,"(10, 22)","(45, 0)","(5, 52)",fireproof_button_v1,5000
74,60,0.7,bot1,success,61,1710738993193496523,4134326608824290364,"(10, 22)","(45, 0)","(5, 52)",fireproof_button_v1,5000
74,60,0.7,bot2,success,61,1710738993193496523,4134326608824290364,"(10, 22)","(45, 0)","(5, 52)",fireproof_button_v1,5000
74,60,0.7,bot3,success,61,1710738993193496523,4134326608824290364,"(10, 22)","(45, 0)","(5, 52)",fireproof_button_v1,5000
74,60,0.7,bot4,success,61,1710738993193496523,4134326608824290364,"(10, 22)","(45, 0)","(5, 52)",fireproof_button_v1,5000
74,60,0.8,bot1,success,61,1710738993193496523,4134326608824290364,"(10, 22)","(45, 0)","(5, 52)",fireproof_button_v1,5000
74,60,0.8,bot2,success,61,1710738993193496523,4134326608824290364,"(10, 22)","(45, 0)","(5, 52)",fireproof_button_v1,5000
74,60,0.8,bot3,success,61,1710738993193496523,4134326608824290364,"(10, 22)","(45, 0)","(5, 52)",fireproof_button_v1,5000
74,60,0.8,bot4,success,61,1710738993193496523,4134326608824290364,"(10, 22)","(45, 0)","(5, 52)",fireproof_button_v1,5000
74,60,0.9,bot1,success,61,1710738993193496523,4134326608824290364,"(10, 22)","(45, 0)","(5, 52)",fireproof_button_v1,5000
74,60,0.9,bot2,success,61,1710738993193496523,4134326608824290364,"(10, 22)","(45, 0)","(5, 52)",fireproof_button_v1,5000
74,60,0.9,bot3,success,61,1710738993193496523,4134326608824290364,"(10, 22)","(45, 0)","(5, 52)",fireproof_button_v1,5000
74,60,0.9,bot4,success,61,1710738993193496523,4134326608824290364,"(10, 22)","(45, 0)","(5, 52)",fireproof_button_v1,5000
74,60,1.0,bot1,success,61,1710738993193496523,4134326608824290364,"(10, 22)","(45, 0)","(5, 52)",fireproof_button_v1,5000
74,60,1.0,bot2,success,61,1710738993193496523,4134326608824290364,"(10, 22)","(45, 0)","(5, 52)",fireproof_button_v1,5000
74,60,1.0,bot3,success,61,1710738993193496523,4134326608824290364,"(10, 22)","(45, 0)","(5, 52)",fireproof_button_v1,5000
74,60,1.0,bot4,success,61,1710738993193496523,4134326608824290364,"(10, 22)","(45, 0)","(5, 52)",fireproof_button_v1,5000
75,60,0.0,bot1,success,90,10074435032397392580,5182292333529658586,"(32, 5)","(6, 57)","(23, 32)",fireproof_button_v1,5000
75,60,0.0,bot2,success,90,10074435032397392580,5182292333529658586,"(32, 5)","(6, 57)","(23, 32)",fireproof_button_v1,5000
75,60,0.0,bot3,success,90,10074435032397392580,5182292333529658586,"(32, 5)","(6, 57)","(23, 32)",fireproof_button_v1,5000
75,60,0.0,bot4,success,90,10074435032397392580,5182292333529658586,"(32, 5)","(6, 57)","(23, 32)",fireproof_button_v1,5000
75,60,0.1,bot1,burned,42,10074435032397392580,5182292333529658586,"(32, 5)","(6, 57)","(23, 32)",fireproof_button_v1,5000
75,60,0.1,bot2,success,108,10074435032397392580,5182292333529658586,"(32, 5)","(6, 57)","(23, 32)",fireproof_button_v1,5000
75,60,0.1,bot3,success,104,10074435032397392580,5182292333529658586,"(32, 5)","(6, 57)","(23, 32)",fireproof_button_v1,5000
75,60,0.1,bot4,success,100,10074435032397392580,5182292333529658586,"(32, 5)","(6, 57)","(23, 32)",fireproof_button_v1,5000
75,60,0.2,bot1,burned,42,10074435032397392580,5182292333529658586,"(32, 5)","(6, 57)","(23, 32)",fireproof_button_v1,5000
75,60,0.2,bot2,success,112,10074435032397392580,5182292333529658586,"(32, 5)","(6, 57)","(23, 32)",fireproof_button_v1,5000
75,60,0.2,bot3,success,102,10074435032397392580,5182292333529658586,"(32, 5)","(6, 57)","(23, 32)",fireproof_button_v1,5000
75,60,0.2,bot4,success,100,10074435032397392580,5182292333529658586,"(32, 5)","(6, 57)","(23, 32)",fireproof_button_v1,5000
75,60,0.3,bot1,burned,42,10074435032397392580,5182292333529658586,"(32, 5)","(6, 57)","(23, 32)",fireproof_button_v1,5000
75,60,0.3,bot2,success,104,10074435032397392580,5182292333529658586,"(32, 5)","(6, 57)","(23, 32)",fireproof_button_v1,5000
75,60,0.3,bot3,success,102,10074435032397392580,5182292333529658586,"(32, 5)","(6, 57)","(23, 32)",fireproof_button_v1,5000
75,60,0.3,bot4,success,100,10074435032397392580,5182292333529658586,"(32, 5)","(6, 57)","(23, 32)",fireproof_button_v1,5000
75,60,0.4,bot1,burned,36,10074435032397392580,5182292333529658586,"(32, 5)","(6, 57)","(23, 32)",fireproof_button_v1,5000
75,60,0.4,bot2,success,100,10074435032397392580,5182292333529658586,"(32, 5)","(6, 57)","(23, 32)",fireproof_button_v1,5000
75,60,0.4,bot3,burned,97,10074435032397392580,5182292333529658586,"(32, 5)","(6, 57)","(23, 32)",fireproof_button_v1,5000
75,60,0.4,bot4,success,100,10074435032397392580,5182292333529658586,"(32, 5)","(6, 57)","(23, 32)",fireproof_button_v1,5000
75,60,0.5,bot1,burned,35,10074435032397392580,5182292333529658586,"(32, 5)","(6, 57)","(23, 32)",fireproof_button_v1,5000
75,60,0.5,bot2,burned,70,10074435032397392580,5182292333529658586,"(32, 5)","(6, 57)","(23, 32)",fireproof_button_v1,5000
75,60,0.5,bot3,burned,70,10074435032397392580,5182292333529658586,"(32, 5)","(6, 57)","(23, 32)",fireproof_button_v1,5000
75,60,0.5,bot4,burned,70,10074435032397392580,5182292333529658586,"(32, 5)","(6, 57)","(23, 32)",fireproof_button_v1,5000
75,60,0.6,bot1,burned,31,10074435032397392580,5182292333529658586,"(32, 5)","(6, 57)","(23, 32)",fireproof_button_v1,5000
75,60,0.6,bot2,burned,61,10074435032397392580,5182292333529658586,"(32, 5)","(6, 57)","(23, 32)",fireproof_button_v1,5000
75,60,0.6,bot3,burned,58,10074435032397392580,5182292333529658586,"(32, 5)","(6, 57)","(23, 32)",fireproof_button_v1,5000
75,60,0.6,bot4,burned,61,10074435032397392580,5182292333529658586,"(32, 5)","(6, 57)","(23, 32)",fireproof_button_v1,5000
75,60,0.7,bot1,burned,29,10074435032397392580,5182292333529658586,"(32, 5)","(6, 57)","(23, 32)",fireproof_button_v1,5000
75,60,0.7,bot2,burned,51,10074435032397392580,5182292333529658586,"(32, 5)","(6, 57)","(23, 32)",fireproof_button_v1,5000
75,60,0.7,bot3,burned,54,10074435032397392580,5182292333529658586,"(32, 5)","(6, 57)","(23, 32)",fireproof_button_v1,5000
75,60,0.7,bot4,burned,51,10074435032397392580,5182292333529658586,"(32, 5)","(6, 57)","(23, 32)",fireproof_button_v1,5000
75,60,0.8,bot1,burned,27,10074435032397392580,5182292333529658586,"(32, 5)","(6, 57)","(23, 32)",fireproof_button_v1,5000
75,60,0.8,bot2,burned,45,10074435032397392580,5182292333529658586,"(32, 5)","(6, 57)","(23, 32)",fireproof_button_v1,5000
75,60,0.8,bot3,burned,45,10074435032397392580,5182292333529658586,"(32, 5)","(6, 57)","(23, 32)",fireproof_button_v1,5000
75,60,0.8,bot4,burned,45,10074435032397392580,5182292333529658586,"(32, 5)","(6, 57)","(23, 32)",fireproof_button_v1,5000
75,60,0.9,bot1,burned,26,10074435032397392580,5182292333529658586,"(32, 5)","(6, 57)","(23, 32)",fireproof_button_v1,5000
75,60,0.9,bot2,burned,39,10074435032397392580,5182292333529658586,"(32, 5)","(6, 57)","(23, 32)",fireproof_button_v1,5000
75,60,0.9,bot3,burned,39,10074435032397392580,5182292333529658586,"(32, 5)","(6, 57)","(23, 32)",fireproof_button_v1,5000
75,60,0.9,bot4,burned,39,10074435032397392580,5182292333529658586,"(32, 5)","(6, 57)","(23, 32)",fireproof_button_v1,5000
75,60,1.0,bot1,burned,25,10074435032397392580,5182292333529658586,"(32, 5)","(6, 57)","(23, 32)",fireproof_button_v1,5000
75,60,1.0,bot2,burned,36,10074435032397392580,5182292333529658586,"(32, 5)","(6, 57)","(23, 32)",fireproof_button_v1,5000
75,60,1.0,bot3,burned,36,10074435032397392580,5182292333529658586,"(32, 5)","(6, 57)","(23, 32)",fireproof_button_v1,5000
75,60,1.0,bot4,burned,36,10074435032397392580,5182292333529658586,"(32, 5)","(6, 57)","(23, 32)",fireproof_button_v1,5000
76,60,0.0,bot1,success,69,483112505804619541,6115184310786818368,"(0, 52)","(24, 21)","(18, 24)",fireproof_button_v1,5000
76,60,0.0,bot2,success,69,483112505804619541,6115184310786818368,"(0, 52)","(24, 21)","(18, 24)",fireproof_button_v1,5000
76,60,0.0,bot3,success,69,483112505804619541,6115184310786818368,"(0, 52)","(24, 21)","(18, 24)",fireproof_button_v1,5000
76,60,0.0,bot4,success,69,483112505804619541,6115184310786818368,"(0, 52)","(24, 21)","(18, 24)",fireproof_button_v1,5000
76,60,0.1,bot1,success,69,483112505804619541,6115184310786818368,"(0, 52)","(24, 21)","(18, 24)",fireproof_button_v1,5000
76,60,0.1,bot2,success,69,483112505804619541,6115184310786818368,"(0, 52)","(24, 21)","(18, 24)",fireproof_button_v1,5000
76,60,0.1,bot3,success,69,483112505804619541,6115184310786818368,"(0, 52)","(24, 21)","(18, 24)",fireproof_button_v1,5000
76,60,0.1,bot4,success,69,483112505804619541,6115184310786818368,"(0, 52)","(24, 21)","(18, 24)",fireproof_button_v1,5000
76,60,0.2,bot1,burned,46,483112505804619541,6115184310786818368,"(0, 52)","(24, 21)","(18, 24)",fireproof_button_v1,5000
76,60,0.2,bot2,success,77,483112505804619541,6115184310786818368,"(0, 52)","(24, 21)","(18, 24)",fireproof_button_v1,5000
76,60,0.2,bot3,success,77,483112505804619541,6115184310786818368,"(0, 52)","(24, 21)","(18, 24)",fireproof_button_v1,5000
76,60,0.2,bot4,success,77,483112505804619541,6115184310786818368,"(0, 52)","(24, 21)","(18, 24)",fireproof_button_v1,5000
76,60,0.3,bot1,burned,43,483112505804619541,6115184310786818368,"(0, 52)","(24, 21)","(18, 24)",fireproof_button_v1,5000
76,60,0.3,bot2,burned,102,483112505804619541,6115184310786818368,"(0, 52)","(24, 21)","(18, 24)",fireproof_button_v1,5000
76,60,0.3,bot3,burned,102,483112505804619541,6115184310786818368,"(0, 52)","(24, 21)","(18, 24)",fireproof_button_v1,5000
76,60,0.3,bot4,burned,102,483112505804619541,6115184310786818368,"(0, 52)","(24, 21)","(18, 24)",fireproof_button_v1,5000
76,60,0.4,bot1,burned,46,483112505804619541,6115184310786818368,"(0, 52)","(24, 21)","(18, 24)",fireproof_button_v1,5000
76,60,0.4,bot2,burned,54,483112505804619541,6115184310786818368,"(0, 52)","(24, 21)","(18, 24)",fireproof_button_v1,5000
76,60,0.4,bot3,burned,54,483112505804619541,6115184310786818368,"(0, 52)","(24, 21)","(18, 24)",fireproof_button_v1,5000
76,60,0.4,bot4,burned,54,483112505804619541,6115184310786818368,"(0, 52)","(24, 21)","(18, 24)",fireproof_button_v1,5000
76,60,0.5,bot1,burned,40,483112505804619541,6115184310786818368,"(0, 52)","(24, 21)","(18, 24)",fireproof_button_v1,5000
76,60,0.5,bot2,burned,43,483112505804619541,6115184310786818368,"(0, 52)","(24, 21)","(18, 24)",fireproof_button_v1,5000
76,60,0.5,bot3,burned,43,483112505804619541,6115184310786818368,"(0, 52)","(24, 21)","(18, 24)",fireproof_button_v1,5000
76,60,0.5,bot4,burned,43,483112505804619541,6115184310786818368,"(0, 52)","(24, 21)","(18, 24)",fireproof_button_v1,5000
76,60,0.6,bot1,burned,36,483112505804619541,6115184310786818368,"(0, 52)","(24, 21)","(18, 24)",fireproof_button_v1,5000
76,60,0.6,bot2,burned,43,483112505804619541,6115184310786818368,"(0, 52)","(24, 21)","(18, 24)",fireproof_button_v1,5000
76,60,0.6,bot3,burned,49,483112505804619541,6115184310786818368,"(0, 52)","(24, 21)","(18, 24)",fireproof_button_v1,5000
76,60,0.6,bot4,burned,43,483112505804619541,6115184310786818368,"(0, 52)","(24, 21)","(18, 24)",fireproof_button_v1,5000
76,60,0.7,bot1,burned,34,483112505804619541,6115184310786818368,"(0, 52)","(24, 21)","(18, 24)",fireproof_button_v1,5000
76,60,0.7,bot2,burned,43,483112505804619541,6115184310786818368,"(0, 52)","(24, 21)","(18, 24)",fireproof_button_v1,5000
76,60,0.7,bot3,burned,43,483112505804619541,6115184310786818368,"(0, 52)","(24, 21)","(18, 24)",fireproof_button_v1,5000
76,60,0.7,bot4,burned,43,483112505804619541,6115184310786818368,"(0, 52)","(24, 21)","(18, 24)",fireproof_button_v1,5000
76,60,0.8,bot1,burned,33,483112505804619541,6115184310786818368,"(0, 52)","(24, 21)","(18, 24)",fireproof_button_v1,5000
76,60,0.8,bot2,burned,45,483112505804619541,6115184310786818368,"(0, 52)","(24, 21)","(18, 24)",fireproof_button_v1,5000
76,60,0.8,bot3,burned,45,483112505804619541,6115184310786818368,"(0, 52)","(24, 21)","(18, 24)",fireproof_button_v1,5000
76,60,0.8,bot4,burned,45,483112505804619541,6115184310786818368,"(0, 52)","(24, 21)","(18, 24)",fireproof_button_v1,5000
76,60,0.9,bot1,burned,32,483112505804619541,6115184310786818368,"(0, 52)","(24, 21)","(18, 24)",fireproof_button_v1,5000
76,60,0.9,bot2,burned,45,483112505804619541,6115184310786818368,"(0, 52)","(24, 21)","(18, 24)",fireproof_button_v1,5000
76,60,0.9,bot3,burned,45,483112505804619541,6115184310786818368,"(0, 52)","(24, 21)","(18, 24)",fireproof_button_v1,5000
76,60,0.9,bot4,burned,45,483112505804619541,6115184310786818368,"(0, 52)","(24, 21)","(18, 24)",fireproof_button_v1,5000
76,60,1.0,bot1,burned,30,483112505804619541,6115184310786818368,"(0, 52)","(24, 21)","(18, 24)",fireproof_button_v1,5000
76,60,1.0,bot2,burned,39,483112505804619541,6115184310786818368,"(0, 52)","(24, 21)","(18, 24)",fireproof_button_v1,5000
76,60,1.0,bot3,burned,39,483112505804619541,6115184310786818368,"(0, 52)","(24, 21)","(18, 24)",fireproof_button_v1,5000
76,60,1.0,bot4,burned,39,483112505804619541,6115184310786818368,"(0, 52)","(24, 21)","(18, 24)",fireproof_button_v1,5000
77,60,0.0,bot1,success,52,5053914572487730510,10134605590626449522,"(16, 53)","(36, 37)","(43, 27)",fireproof_button_v1,5000
77,60,0.0,bot2,success,52,5053914572487730510,10134605590626449522,"(16, 53)","(36, 37)","(43, 27)",fireproof_button_v1,5000
77,60,0.0,bot3,success,52,5053914572487730510,10134605590626449522,"(16, 53)","(36, 37)","(43, 27)",fireproof_button_v1,5000
77,60,0.0,bot4,success,52,5053914572487730510,10134605590626449522,"(16, 53)","(36, 37)","(43, 27)",fireproof_button_v1,5000
77,60,0.1,bot1,success,52,5053914572487730510,10134605590626449522,"(16, 53)","(36, 37)","(43, 27)",fireproof_button_v1,5000
77,60,0.1,bot2,success,52,5053914572487730510,10134605590626449522,"(16, 53)","(36, 37)","(43, 27)",fireproof_button_v1,5000
77,60,0.1,bot3,success,52,5053914572487730510,10134605590626449522,"(16, 53)","(36, 37)","(43, 27)",fireproof_button_v1,5000
77,60,0.1,bot4,success,52,5053914572487730510,10134605590626449522,"(16, 53)","(36, 37)","(43, 27)",fireproof_button_v1,5000
77,60,0.2,bot1,success,52,5053914572487730510,10134605590626449522,"(16, 53)","(36, 37)","(43, 27)",fireproof_button_v1,5000
77,60,0.2,bot2,success,52,5053914572487730510,10134605590626449522,"(16, 53)","(36, 37)","(43, 27)",fireproof_button_v1,5000
77,60,0.2,bot3,success,52,5053914572487730510,10134605590626449522,"(16, 53)","(36, 37)","(43, 27)",fireproof_button_v1,5000
77,60,0.2,bot4,success,52,5053914572487730510,10134605590626449522,"(16, 53)","(36, 37)","(43, 27)",fireproof_button_v1,5000
77,60,0.3,bot1,success,52,5053914572487730510,10134605590626449522,"(16, 53)","(36, 37)","(43, 27)",fireproof_button_v1,5000
77,60,0.3,bot2,success,52,5053914572487730510,10134605590626449522,"(16, 53)","(36, 37)","(43, 27)",fireproof_button_v1,5000
77,60,0.3,bot3,success,52,5053914572487730510,10134605590626449522,"(16, 53)","(36, 37)","(43, 27)",fireproof_button_v1,5000
77,60,0.3,bot4,success,52,5053914572487730510,10134605590626449522,"(16, 53)","(36, 37)","(43, 27)",fireproof_button_v1,5000
77,60,0.4,bot1,burned,44,5053914572487730510,10134605590626449522,"(16, 53)","(36, 37)","(43, 27)",fireproof_button_v1,5000
77,60,0.4,bot2,burned,53,5053914572487730510,10134605590626449522,"(16, 53)","(36, 37)","(43, 27)",fireproof_button_v1,5000
77,60,0.4,bot3,burned,53,5053914572487730510,10134605590626449522,"(16, 53)","(36, 37)","(43, 27)",fireproof_button_v1,5000
77,60,0.4,bot4,burned,57,5053914572487730510,10134605590626449522,"(16, 53)","(36, 37)","(43, 27)",fireproof_button_v1,5000
77,60,0.5,bot1,burned,45,5053914572487730510,10134605590626449522,"(16, 53)","(36, 37)","(43, 27)",fireproof_button_v1,5000
77,60,0.5,bot2,burned,45,5053914572487730510,10134605590626449522,"(16, 53)","(36, 37)","(43, 27)",fireproof_button_v1,5000
77,60,0.5,bot3,burned,45,5053914572487730510,10134605590626449522,"(16, 53)","(36, 37)","(43, 27)",fireproof_button_v1,5000
77,60,0.5,bot4,burned,45,5053914572487730510,10134605590626449522,"(16, 53)","(36, 37)","(43, 27)",fireproof_button_v1,5000
77,60,0.6,bot1,burned,41,5053914572487730510,10134605590626449522,"(16, 53)","(36, 37)","(43, 27)",fireproof_button_v1,5000
77,60,0.6,bot2,burned,53,5053914572487730510,10134605590626449522,"(16, 53)","(36, 37)","(43, 27)",fireproof_button_v1,5000
77,60,0.6,bot3,burned,53,5053914572487730510,10134605590626449522,"(16, 53)","(36, 37)","(43, 27)",fireproof_button_v1,5000
77,60,0.6,bot4,burned,53,5053914572487730510,10134605590626449522,"(16, 53)","(36, 37)","(43, 27)",fireproof_button_v1,5000
77,60,0.7,bot1,burned,40,5053914572487730510,10134605590626449522,"(16, 53)","(36, 37)","(43, 27)",fireproof_button_v1,5000
77,60,0.7,bot2,burned,51,5053914572487730510,10134605590626449522,"(16, 53)","(36, 37)","(43, 27)",fireproof_button_v1,5000
77,60,0.7,bot3,burned,51,5053914572487730510,10134605590626449522,"(16, 53)","(36, 37)","(43, 27)",fireproof_button_v1,5000
77,60,0.7,bot4,burned,51,5053914572487730510,10134605590626449522,"(16, 53)","(36, 37)","(43, 27)",fireproof_button_v1,5000
77,60,0.8,bot1,burned,37,5053914572487730510,10134605590626449522,"(16, 53)","(36, 37)","(43, 27)",fireproof_button_v1,5000
77,60,0.8,bot2,burned,51,5053914572487730510,10134605590626449522,"(16, 53)","(36, 37)","(43, 27)",fireproof_button_v1,5000
77,60,0.8,bot3,burned,51,5053914572487730510,10134605590626449522,"(16, 53)","(36, 37)","(43, 27)",fireproof_button_v1,5000
77,60,0.8,bot4,burned,51,5053914572487730510,10134605590626449522,"(16, 53)","(36, 37)","(43, 27)",fireproof_button_v1,5000
77,60,0.9,bot1,burned,37,5053914572487730510,10134605590626449522,"(16, 53)","(36, 37)","(43, 27)",fireproof_button_v1,5000
77,60,0.9,bot2,burned,48,5053914572487730510,10134605590626449522,"(16, 53)","(36, 37)","(43, 27)",fireproof_button_v1,5000
77,60,0.9,bot3,burned,48,5053914572487730510,10134605590626449522,"(16, 53)","(36, 37)","(43, 27)",fireproof_button_v1,5000
77,60,0.9,bot4,burned,48,5053914572487730510,10134605590626449522,"(16, 53)","(36, 37)","(43, 27)",fireproof_button_v1,5000
77,60,1.0,bot1,burned,34,5053914572487730510,10134605590626449522,"(16, 53)","(36, 37)","(43, 27)",fireproof_button_v1,5000
77,60,1.0,bot2,burned,47,5053914572487730510,10134605590626449522,"(16, 53)","(36, 37)","(43, 27)",fireproof_button_v1,5000
77,60,1.0,bot3,burned,47,5053914572487730510,10134605590626449522,"(16, 53)","(36, 37)","(43, 27)",fireproof_button_v1,5000
77,60,1.0,bot4,burned,47,5053914572487730510,10134605590626449522,"(16, 53)","(36, 37)","(43, 27)",fireproof_button_v1,5000
78,60,0.0,bot1,success,89,11279980806606996893,9003187861059063291,"(44, 57)","(56, 2)","(52, 5)",fireproof_button_v1,5000
78,60,0.0,bot2,success,89,11279980806606996893,9003187861059063291,"(44, 57)","(56, 2)","(52, 5)",fireproof_button_v1,5000
78,60,0.0,bot3,success,89,11279980806606996893,9003187861059063291,"(44, 57)","(56, 2)","(52, 5)",fireproof_button_v1,5000
78,60,0.0,bot4,success,89,11279980806606996893,9003187861059063291,"(44, 57)","(56, 2)","(52, 5)",fireproof_button_v1,5000
78,60,0.1,bot1,burned,72,11279980806606996893,9003187861059063291,"(44, 57)","(56, 2)","(52, 5)",fireproof_button_v1,5000
78,60,0.1,bot2,burned,553,11279980806606996893,9003187861059063291,"(44, 57)","(56, 2)","(52, 5)",fireproof_button_v1,5000
78,60,0.1,bot3,burned,553,11279980806606996893,9003187861059063291,"(44, 57)","(56, 2)","(52, 5)",fireproof_button_v1,5000
78,60,0.1,bot4,burned,553,11279980806606996893,9003187861059063291,"(44, 57)","(56, 2)","(52, 5)",fireproof_button_v1,5000
78,60,0.2,bot1,burned,66,11279980806606996893,9003187861059063291,"(44, 57)","(56, 2)","(52, 5)",fireproof_button_v1,5000
78,60,0.2,bot2,burned,326,11279980806606996893,9003187861059063291,"(44, 57)","(56, 2)","(52, 5)",fireproof_button_v1,5000
78,60,0.2,bot3,burned,326,11279980806606996893,9003187861059063291,"(44, 57)","(56, 2)","(52, 5)",fireproof_button_v1,5000
78,60,0.2,bot4,burned,326,11279980806606996893,9003187861059063291,"(44, 57)","(56, 2)","(52, 5)",fireproof_button_v1,5000
78,60,0.3,bot1,burned,60,11279980806606996893,9003187861059063291,"(44, 57)","(56, 2)","(52, 5)",fireproof_button_v1,5000
78,60,0.3,bot2,burned,199,11279980806606996893,9003187861059063291,"(44, 57)","(56, 2)","(52, 5)",fireproof_button_v1,5000
78,60,0.3,bot3,burned,199,11279980806606996893,9003187861059063291,"(44, 57)","(56, 2)","(52, 5)",fireproof_button_v1,5000
78,60,0.3,bot4,burned,199,11279980806606996893,9003187861059063291,"(44, 57)","(56, 2)","(52, 5)",fireproof_button_v1,5000
78,60,0.4,bot1,burned,61,11279980806606996893,9003187861059063291,"(44, 57)","(56, 2)","(52, 5)",fireproof_button_v1,5000
78,60,0.4,bot2,burned,168,11279980806606996893,9003187861059063291,"(44, 57)","(56, 2)","(52, 5)",fireproof_button_v1,5000
78,60,0.4,bot3,burned,168,11279980806606996893,9003187861059063291,"(44, 57)","(56, 2)","(52, 5)",fireproof_button_v1,5000
78,60,0.4,bot4,burned,168,11279980806606996893,9003187861059063291,"(44, 57)","(56, 2)","(52, 5)",fireproof_button_v1,5000
78,60,0.5,bot1,burned,47,11279980806606996893,9003187861059063291,"(44, 57)","(56, 2)","(52, 5)",fireproof_button_v1,5000
78,60,0.5,bot2,burned,124,11279980806606996893,9003187861059063291,"(44, 57)","(56, 2)","(52, 5)",fireproof_button_v1,5000
78,60,0.5,bot3,burned,124,11279980806606996893,9003187861059063291,"(44, 57)","(56, 2)","(52, 5)",fireproof_button_v1,5000
78,60,0.5,bot4,burned,124,11279980806606996893,9003187861059063291,"(44, 57)","(56, 2)","(52, 5)",fireproof_button_v1,5000
78,60,0.6,bot1,burned,51,11279980806606996893,9003187861059063291,"(44, 57)","(56, 2)","(52, 5)",fireproof_button_v1,5000
78,60,0.6,bot2,burned,118,11279980806606996893,9003187861059063291,"(44, 57)","(56, 2)","(52, 5)",fireproof_button_v1,5000
78,60,0.6,bot3,burned,118,11279980806606996893,9003187861059063291,"(44, 57)","(56, 2)","(52, 5)",fireproof_button_v1,5000
78,60,0.6,bot4,burned,118,11279980806606996893,9003187861059063291,"(44, 57)","(56, 2)","(52, 5)",fireproof_button_v1,5000
78,60,0.7,bot1,burned,44,11279980806606996893,9003187861059063291,"(44, 57)","(56, 2)","(52, 5)",fireproof_button_v1,5000
78,60,0.7,bot2,burned,98,11279980806606996893,9003187861059063291,"(44, 57)","(56, 2)","(52, 5)",fireproof_button_v1,5000
78,60,0.7,bot3,burned,98,11279980806606996893,9003187861059063291,"(44, 57)","(56, 2)","(52, 5)",fireproof_button_v1,5000
78,60,0.7,bot4,burned,98,11279980806606996893,9003187861059063291,"(44, 57)","(56, 2)","(52, 5)",fireproof_button_v1,5000
78,60,0.8,bot1,burned,44,11279980806606996893,9003187861059063291,"(44, 57)","(56, 2)","(52, 5)",fireproof_button_v1,5000
78,60,0.8,bot2,burned,93,11279980806606996893,9003187861059063291,"(44, 57)","(56, 2)","(52, 5)",fireproof_button_v1,5000
78,60,0.8,bot3,burned,93,11279980806606996893,9003187861059063291,"(44, 57)","(56, 2)","(52, 5)",fireproof_button_v1,5000
78,60,0.8,bot4,burned,93,11279980806606996893,9003187861059063291,"(44, 57)","(56, 2)","(52, 5)",fireproof_button_v1,5000
78,60,0.9,bot1,burned,42,11279980806606996893,9003187861059063291,"(44, 57)","(56, 2)","(52, 5)",fireproof_button_v1,5000
78,60,0.9,bot2,burned,85,11279980806606996893,9003187861059063291,"(44, 57)","(56, 2)","(52, 5)",fireproof_button_v1,5000
78,60,0.9,bot3,burned,85,11279980806606996893,9003187861059063291,"(44, 57)","(56, 2)","(52, 5)",fireproof_button_v1,5000
78,60,0.9,bot4,burned,85,11279980806606996893,9003187861059063291,"(44, 57)","(56, 2)","(52, 5)",fireproof_button_v1,5000
78,60,1.0,bot1,burned,40,11279980806606996893,9003187861059063291,"(44, 57)","(56, 2)","(52, 5)",fireproof_button_v1,5000
78,60,1.0,bot2,burned,79,11279980806606996893,9003187861059063291,"(44, 57)","(56, 2)","(52, 5)",fireproof_button_v1,5000
78,60,1.0,bot3,burned,79,11279980806606996893,9003187861059063291,"(44, 57)","(56, 2)","(52, 5)",fireproof_button_v1,5000
78,60,1.0,bot4,burned,79,11279980806606996893,9003187861059063291,"(44, 57)","(56, 2)","(52, 5)",fireproof_button_v1,5000
79,60,0.0,bot1,success,53,9349879771597309770,7869788826728503638,"(42, 10)","(16, 37)","(20, 44)",fireproof_button_v1,5000
79,60,0.0,bot2,success,53,9349879771597309770,7869788826728503638,"(42, 10)","(16, 37)","(20, 44)",fireproof_button_v1,5000
79,60,0.0,bot3,success,53,9349879771597309770,7869788826728503638,"(42, 10)","(16, 37)","(20, 44)",fireproof_button_v1,5000
79,60,0.0,bot4,success,53,9349879771597309770,7869788826728503638,"(42, 10)","(16, 37)","(20, 44)",fireproof_button_v1,5000
79,60,0.1,bot1,success,53,9349879771597309770,7869788826728503638,"(42, 10)","(16, 37)","(20, 44)",fireproof_button_v1,5000
79,60,0.1,bot2,success,53,9349879771597309770,7869788826728503638,"(42, 10)","(16, 37)","(20, 44)",fireproof_button_v1,5000
79,60,0.1,bot3,success,53,9349879771597309770,7869788826728503638,"(42, 10)","(16, 37)","(20, 44)",fireproof_button_v1,5000
79,60,0.1,bot4,success,55,9349879771597309770,7869788826728503638,"(42, 10)","(16, 37)","(20, 44)",fireproof_button_v1,5000
79,60,0.2,bot1,burned,43,9349879771597309770,7869788826728503638,"(42, 10)","(16, 37)","(20, 44)",fireproof_button_v1,5000
79,60,0.2,bot2,burned,73,9349879771597309770,7869788826728503638,"(42, 10)","(16, 37)","(20, 44)",fireproof_button_v1,5000
79,60,0.2,bot3,burned,82,9349879771597309770,7869788826728503638,"(42, 10)","(16, 37)","(20, 44)",fireproof_button_v1,5000
79,60,0.2,bot4,success,55,9349879771597309770,7869788826728503638,"(42, 10)","(16, 37)","(20, 44)",fireproof_button_v1,5000
79,60,0.3,bot1,burned,38,9349879771597309770,7869788826728503638,"(42, 10)","(16, 37)","(20, 44)",fireproof_button_v1,5000
79,60,0.3,bot2,burned,64,9349879771597309770,7869788826728503638,"(42, 10)","(16, 37)","(20, 44)",fireproof_button_v1,5000
79,60,0.3,bot3,burned,95,9349879771597309770,7869788826728503638,"(42, 10)","(16, 37)","(20, 44)",fireproof_button_v1,5000
79,60,0.3,bot4,burned,64,9349879771597309770,7869788826728503638,"(42, 10)","(16, 37)","(20, 44)",fireproof_button_v1,5000
79,60,0.4,bot1,burned,39,9349879771597309770,7869788826728503638,"(42, 10)","(16, 37)","(20, 44)",fireproof_button_v1,5000
79,60,0.4,bot2,burned,67,9349879771597309770,7869788826728503638,"(42, 10)","(16, 37)","(20, 44)",fireproof_button_v1,5000
79,60,0.4,bot3,burned,67,9349879771597309770,7869788826728503638,"(42, 10)","(16, 37)","(20, 44)",fireproof_button_v1,5000
79,60,0.4,bot4,burned,63,9349879771597309770,7869788826728503638,"(42, 10)","(16, 37)","(20, 44)",fireproof_button_v1,5000
79,60,0.5,bot1,burned,39,9349879771597309770,7869788826728503638,"(42, 10)","(16, 37)","(20, 44)",fireproof_button_v1,5000
79,60,0.5,bot2,burned,58,9349879771597309770,7869788826728503638,"(42, 10)","(16, 37)","(20, 44)",fireproof_button_v1,5000
79,60,0.5,bot3,burned,58,9349879771597309770,7869788826728503638,"(42, 10)","(16, 37)","(20, 44)",fireproof_button_v1,5000
79,60,0.5,bot4,burned,58,9349879771597309770,7869788826728503638,"(42, 10)","(16, 37)","(20, 44)",fireproof_button_v1,5000
79,60,0.6,bot1,burned,36,9349879771597309770,7869788826728503638,"(42, 10)","(16, 37)","(20, 44)",fireproof_button_v1,5000
79,60,0.6,bot2,burned,57,9349879771597309770,7869788826728503638,"(42, 10)","(16, 37)","(20, 44)",fireproof_button_v1,5000
79,60,0.6,bot3,burned,57,9349879771597309770,7869788826728503638,"(42, 10)","(16, 37)","(20, 44)",fireproof_button_v1,5000
79,60,0.6,bot4,burned,57,9349879771597309770,7869788826728503638,"(42, 10)","(16, 37)","(20, 44)",fireproof_button_v1,5000
79,60,0.7,bot1,burned,32,9349879771597309770,7869788826728503638,"(42, 10)","(16, 37)","(20, 44)",fireproof_button_v1,5000
79,60,0.7,bot2,burned,40,9349879771597309770,7869788826728503638,"(42, 10)","(16, 37)","(20, 44)",fireproof_button_v1,5000
79,60,0.7,bot3,burned,40,9349879771597309770,7869788826728503638,"(42, 10)","(16, 37)","(20, 44)",fireproof_button_v1,5000
79,60,0.7,bot4,burned,40,9349879771597309770,7869788826728503638,"(42, 10)","(16, 37)","(20, 44)",fireproof_button_v1,5000
79,60,0.8,bot1,burned,30,9349879771597309770,7869788826728503638,"(42, 10)","(16, 37)","(20, 44)",fireproof_button_v1,5000
79,60,0.8,bot2,burned,40,9349879771597309770,7869788826728503638,"(42, 10)","(16, 37)","(20, 44)",fireproof_button_v1,5000
79,60,0.8,bot3,burned,40,9349879771597309770,7869788826728503638,"(42, 10)","(16, 37)","(20, 44)",fireproof_button_v1,5000
79,60,0.8,bot4,burned,40,9349879771597309770,7869788826728503638,"(42, 10)","(16, 37)","(20, 44)",fireproof_button_v1,5000
79,60,0.9,bot1,burned,29,9349879771597309770,7869788826728503638,"(42, 10)","(16, 37)","(20, 44)",fireproof_button_v1,5000
79,60,0.9,bot2,burned,38,9349879771597309770,7869788826728503638,"(42, 10)","(16, 37)","(20, 44)",fireproof_button_v1,5000
79,60,0.9,bot3,burned,38,9349879771597309770,7869788826728503638,"(42, 10)","(16, 37)","(20, 44)",fireproof_button_v1,5000
79,60,0.9,bot4,burned,38,9349879771597309770,7869788826728503638,"(42, 10)","(16, 37)","(20, 44)",fireproof_button_v1,5000
79,60,1.0,bot1,burned,28,9349879771597309770,7869788826728503638,"(42, 10)","(16, 37)","(20, 44)",fireproof_button_v1,5000
79,60,1.0,bot2,burned,37,9349879771597309770,7869788826728503638,"(42, 10)","(16, 37)","(20, 44)",fireproof_button_v1,5000
79,60,1.0,bot3,burned,37,9349879771597309770,7869788826728503638,"(42, 10)","(16, 37)","(20, 44)",fireproof_button_v1,5000
79,60,1.0,bot4,burned,37,9349879771597309770,7869788826728503638,"(42, 10)","(16, 37)","(20, 44)",fireproof_button_v1,5000
80,60,0.0,bot1,success,45,12252018704943823390,3767367856393626543,"(51, 2)","(47, 33)","(57, 35)",fireproof_button_v1,5000
80,60,0.0,bot2,success,45,12252018704943823390,3767367856393626543,"(51, 2)","(47, 33)","(57, 35)",fireproof_button_v1,5000
80,60,0.0,bot3,success,45,12252018704943823390,3767367856393626543,"(51, 2)","(47, 33)","(57, 35)",fireproof_button_v1,5000
80,60,0.0,bot4,success,45,12252018704943823390,3767367856393626543,"(51, 2)","(47, 33)","(57, 35)",fireproof_button_v1,5000
80,60,0.1,bot1,success,45,12252018704943823390,3767367856393626543,"(51, 2)","(47, 33)","(57, 35)",fireproof_button_v1,5000
80,60,0.1,bot2,success,45,12252018704943823390,3767367856393626543,"(51, 2)","(47, 33)","(57, 35)",fireproof_button_v1,5000
80,60,0.1,bot3,success,45,12252018704943823390,3767367856393626543,"(51, 2)","(47, 33)","(57, 35)",fireproof_button_v1,5000
80,60,0.1,bot4,success,45,12252018704943823390,3767367856393626543,"(51, 2)","(47, 33)","(57, 35)",fireproof_button_v1,5000
80,60,0.2,bot1,success,45,12252018704943823390,3767367856393626543,"(51, 2)","(47, 33)","(57, 35)",fireproof_button_v1,5000
80,60,0.2,bot2,success,45,12252018704943823390,3767367856393626543,"(51, 2)","(47, 33)","(57, 35)",fireproof_button_v1,5000
80,60,0.2,bot3,success,45,12252018704943823390,3767367856393626543,"(51, 2)","(47, 33)","(57, 35)",fireproof_button_v1,5000
80,60,0.2,bot4,success,45,12252018704943823390,3767367856393626543,"(51, 2)","(47, 33)","(57, 35)",fireproof_button_v1,5000
80,60,0.3,bot1,success,45,12252018704943823390,3767367856393626543,"(51, 2)","(47, 33)","(57, 35)",fireproof_button_v1,5000
80,60,0.3,bot2,success,45,12252018704943823390,3767367856393626543,"(51, 2)","(47, 33)","(57, 35)",fireproof_button_v1,5000
80,60,0.3,bot3,success,45,12252018704943823390,3767367856393626543,"(51, 2)","(47, 33)","(57, 35)",fireproof_button_v1,5000
80,60,0.3,bot4,success,45,12252018704943823390,3767367856393626543,"(51, 2)","(47, 33)","(57, 35)",fireproof_button_v1,5000
80,60,0.4,bot1,burned,42,12252018704943823390,3767367856393626543,"(51, 2)","(47, 33)","(57, 35)",fireproof_button_v1,5000
80,60,0.4,bot2,burned,45,12252018704943823390,3767367856393626543,"(51, 2)","(47, 33)","(57, 35)",fireproof_button_v1,5000
80,60,0.4,bot3,burned,45,12252018704943823390,3767367856393626543,"(51, 2)","(47, 33)","(57, 35)",fireproof_button_v1,5000
80,60,0.4,bot4,burned,45,12252018704943823390,3767367856393626543,"(51, 2)","(47, 33)","(57, 35)",fireproof_button_v1,5000
80,60,0.5,bot1,burned,39,12252018704943823390,3767367856393626543,"(51, 2)","(47, 33)","(57, 35)",fireproof_button_v1,5000
80,60,0.5,bot2,burned,43,12252018704943823390,3767367856393626543,"(51, 2)","(47, 33)","(57, 35)",fireproof_button_v1,5000
80,60,0.5,bot3,burned,43,12252018704943823390,3767367856393626543,"(51, 2)","(47, 33)","(57, 35)",fireproof_button_v1,5000
80,60,0.5,bot4,burned,45,12252018704943823390,3767367856393626543,"(51, 2)","(47, 33)","(57, 35)",fireproof_button_v1,5000
80,60,0.6,bot1,burned,28,12252018704943823390,3767367856393626543,"(51, 2)","(47, 33)","(57, 35)",fireproof_button_v1,5000
80,60,0.6,bot2,burned,48,12252018704943823390,3767367856393626543,"(51, 2)","(47, 33)","(57, 35)",fireproof_button_v1,5000
80,60,0.6,bot3,burned,48,12252018704943823390,3767367856393626543,"(51, 2)","(47, 33)","(57, 35)",fireproof_button_v1,5000
80,60,0.6,bot4,burned,48,12252018704943823390,3767367856393626543,"(51, 2)","(47, 33)","(57, 35)",fireproof_button_v1,5000
80,60,0.7,bot1,burned,28,12252018704943823390,3767367856393626543,"(51, 2)","(47, 33)","(57, 35)",fireproof_button_v1,5000
80,60,0.7,bot2,burned,38,12252018704943823390,3767367856393626543,"(51, 2)","(47, 33)","(57, 35)",fireproof_button_v1,5000
80,60,0.7,bot3,burned,38,12252018704943823390,3767367856393626543,"(51, 2)","(47, 33)","(57, 35)",fireproof_button_v1,5000
80,60,0.7,bot4,burned,38,12252018704943823390,3767367856393626543,"(51, 2)","(47, 33)","(57, 35)",fireproof_button_v1,5000
80,60,0.8,bot1,burned,26,12252018704943823390,3767367856393626543,"(51, 2)","(47, 33)","(57, 35)",fireproof_button_v1,5000
80,60,0.8,bot2,burned,41,12252018704943823390,3767367856393626543,"(51, 2)","(47, 33)","(57, 35)",fireproof_button_v1,5000
80,60,0.8,bot3,burned,41,12252018704943823390,3767367856393626543,"(51, 2)","(47, 33)","(57, 35)",fireproof_button_v1,5000
80,60,0.8,bot4,burned,41,12252018704943823390,3767367856393626543,"(51, 2)","(47, 33)","(57, 35)",fireproof_button_v1,5000
80,60,0.9,bot1,burned,25,12252018704943823390,3767367856393626543,"(51, 2)","(47, 33)","(57, 35)",fireproof_button_v1,5000
80,60,0.9,bot2,burned,32,12252018704943823390,3767367856393626543,"(51, 2)","(47, 33)","(57, 35)",fireproof_button_v1,5000
80,60,0.9,bot3,burned,32,12252018704943823390,3767367856393626543,"(51, 2)","(47, 33)","(57, 35)",fireproof_button_v1,5000
80,60,0.9,bot4,burned,32,12252018704943823390,3767367856393626543,"(51, 2)","(47, 33)","(57, 35)",fireproof_button_v1,5000
80,60,1.0,bot1,burned,25,12252018704943823390,3767367856393626543,"(51, 2)","(47, 33)","(57, 35)",fireproof_button_v1,5000
80,60,1.0,bot2,burned,34,12252018704943823390,3767367856393626543,"(51, 2)","(47, 33)","(57, 35)",fireproof_button_v1,5000
80,60,1.0,bot3,burned,34,12252018704943823390,3767367856393626543,"(51, 2)","(47, 33)","(57, 35)",fireproof_button_v1,5000
80,60,1.0,bot4,burned,34,12252018704943823390,3767367856393626543,"(51, 2)","(47, 33)","(57, 35)",fireproof_button_v1,5000
81,60,0.0,bot1,success,56,14814465687295105738,3452163538487654293,"(34, 28)","(0, 10)","(52, 38)",fireproof_button_v1,5000
81,60,0.0,bot2,success,56,14814465687295105738,3452163538487654293,"(34, 28)","(0, 10)","(52, 38)",fireproof_button_v1,5000
81,60,0.0,bot3,success,56,14814465687295105738,3452163538487654293,"(34, 28)","(0, 10)","(52, 38)",fireproof_button_v1,5000
81,60,0.0,bot4,success,56,14814465687295105738,3452163538487654293,"(34, 28)","(0, 10)","(52, 38)",fireproof_button_v1,5000
81,60,0.1,bot1,success,56,14814465687295105738,3452163538487654293,"(34, 28)","(0, 10)","(52, 38)",fireproof_button_v1,5000
81,60,0.1,bot2,success,56,14814465687295105738,3452163538487654293,"(34, 28)","(0, 10)","(52, 38)",fireproof_button_v1,5000
81,60,0.1,bot3,success,56,14814465687295105738,3452163538487654293,"(34, 28)","(0, 10)","(52, 38)",fireproof_button_v1,5000
81,60,0.1,bot4,success,56,14814465687295105738,3452163538487654293,"(34, 28)","(0, 10)","(52, 38)",fireproof_button_v1,5000
81,60,0.2,bot1,success,56,14814465687295105738,3452163538487654293,"(34, 28)","(0, 10)","(52, 38)",fireproof_button_v1,5000
81,60,0.2,bot2,success,56,14814465687295105738,3452163538487654293,"(34, 28)","(0, 10)","(52, 38)",fireproof_button_v1,5000
81,60,0.2,bot3,success,56,14814465687295105738,3452163538487654293,"(34, 28)","(0, 10)","(52, 38)",fireproof_button_v1,5000
81,60,0.2,bot4,success,56,14814465687295105738,3452163538487654293,"(34, 28)","(0, 10)","(52, 38)",fireproof_button_v1,5000
81,60,0.3,bot1,success,56,14814465687295105738,3452163538487654293,"(34, 28)","(0, 10)","(52, 38)",fireproof_button_v1,5000
81,60,0.3,bot2,success,56,14814465687295105738,3452163538487654293,"(34, 28)","(0, 10)","(52, 38)",fireproof_button_v1,5000
81,60,0.3,bot3,success,56,14814465687295105738,3452163538487654293,"(34, 28)","(0, 10)","(52, 38)",fireproof_button_v1,5000
81,60,0.3,bot4,success,56,14814465687295105738,3452163538487654293,"(34, 28)","(0, 10)","(52, 38)",fireproof_button_v1,5000
81,60,0.4,bot1,success,56,14814465687295105738,3452163538487654293,"(34, 28)","(0, 10)","(52, 38)",fireproof_button_v1,5000
81,60,0.4,bot2,success,56,14814465687295105738,3452163538487654293,"(34, 28)","(0, 10)","(52, 38)",fireproof_button_v1,5000
81,60,0.4,bot3,success,56,14814465687295105738,3452163538487654293,"(34, 28)","(0, 10)","(52, 38)",fireproof_button_v1,5000
81,60,0.4,bot4,success,56,14814465687295105738,3452163538487654293,"(34, 28)","(0, 10)","(52, 38)",fireproof_button_v1,5000
81,60,0.5,bot1,success,56,14814465687295105738,3452163538487654293,"(34, 28)","(0, 10)","(52, 38)",fireproof_button_v1,5000
81,60,0.5,bot2,success,56,14814465687295105738,3452163538487654293,"(34, 28)","(0, 10)","(52, 38)",fireproof_button_v1,5000
81,60,0.5,bot3,success,56,14814465687295105738,3452163538487654293,"(34, 28)","(0, 10)","(52, 38)",fireproof_button_v1,5000
81,60,0.5,bot4,success,56,14814465687295105738,3452163538487654293,"(34, 28)","(0, 10)","(52, 38)",fireproof_button_v1,5000
81,60,0.6,bot1,success,56,14814465687295105738,3452163538487654293,"(34, 28)","(0, 10)","(52, 38)",fireproof_button_v1,5000
81,60,0.6,bot2,success,56,14814465687295105738,3452163538487654293,"(34, 28)","(0, 10)","(52, 38)",fireproof_button_v1,5000
81,60,0.6,bot3,success,56,14814465687295105738,3452163538487654293,"(34, 28)","(0, 10)","(52, 38)",fireproof_button_v1,5000
81,60,0.6,bot4,success,56,14814465687295105738,3452163538487654293,"(34, 28)","(0, 10)","(52, 38)",fireproof_button_v1,5000
81,60,0.7,bot1,success,56,14814465687295105738,3452163538487654293,"(34, 28)","(0, 10)","(52, 38)",fireproof_button_v1,5000
81,60,0.7,bot2,success,56,14814465687295105738,3452163538487654293,"(34, 28)","(0, 10)","(52, 38)",fireproof_button_v1,5000
81,60,0.7,bot3,success,56,14814465687295105738,3452163538487654293,"(34, 28)","(0, 10)","(52, 38)",fireproof_button_v1,5000
81,60,0.7,bot4,success,56,14814465687295105738,3452163538487654293,"(34, 28)","(0, 10)","(52, 38)",fireproof_button_v1,5000
81,60,0.8,bot1,success,56,14814465687295105738,3452163538487654293,"(34, 28)","(0, 10)","(52, 38)",fireproof_button_v1,5000
81,60,0.8,bot2,success,56,14814465687295105738,3452163538487654293,"(34, 28)","(0, 10)","(52, 38)",fireproof_button_v1,5000
81,60,0.8,bot3,success,56,14814465687295105738,3452163538487654293,"(34, 28)","(0, 10)","(52, 38)",fireproof_button_v1,5000
81,60,0.8,bot4,success,56,14814465687295105738,3452163538487654293,"(34, 28)","(0, 10)","(52, 38)",fireproof_button_v1,5000
81,60,0.9,bot1,success,56,14814465687295105738,3452163538487654293,"(34, 28)","(0, 10)","(52, 38)",fireproof_button_v1,5000
81,60,0.9,bot2,success,56,14814465687295105738,3452163538487654293,"(34, 28)","(0, 10)","(52, 38)",fireproof_button_v1,5000
81,60,0.9,bot3,success,56,14814465687295105738,3452163538487654293,"(34, 28)","(0, 10)","(52, 38)",fireproof_button_v1,5000
81,60,0.9,bot4,success,56,14814465687295105738,3452163538487654293,"(34, 28)","(0, 10)","(52, 38)",fireproof_button_v1,5000
81,60,1.0,bot1,success,56,14814465687295105738,3452163538487654293,"(34, 28)","(0, 10)","(52, 38)",fireproof_button_v1,5000
81,60,1.0,bot2,success,56,14814465687295105738,3452163538487654293,"(34, 28)","(0, 10)","(52, 38)",fireproof_button_v1,5000
81,60,1.0,bot3,success,56,14814465687295105738,3452163538487654293,"(34, 28)","(0, 10)","(52, 38)",fireproof_button_v1,5000
81,60,1.0,bot4,success,56,14814465687295105738,3452163538487654293,"(34, 28)","(0, 10)","(52, 38)",fireproof_button_v1,5000
82,60,0.0,bot1,success,7,2298679108499846903,6689875367913177993,"(41, 41)","(46, 39)","(43, 5)",fireproof_button_v1,5000
82,60,0.0,bot2,success,7,2298679108499846903,6689875367913177993,"(41, 41)","(46, 39)","(43, 5)",fireproof_button_v1,5000
82,60,0.0,bot3,success,7,2298679108499846903,6689875367913177993,"(41, 41)","(46, 39)","(43, 5)",fireproof_button_v1,5000
82,60,0.0,bot4,success,7,2298679108499846903,6689875367913177993,"(41, 41)","(46, 39)","(43, 5)",fireproof_button_v1,5000
82,60,0.1,bot1,success,7,2298679108499846903,6689875367913177993,"(41, 41)","(46, 39)","(43, 5)",fireproof_button_v1,5000
82,60,0.1,bot2,success,7,2298679108499846903,6689875367913177993,"(41, 41)","(46, 39)","(43, 5)",fireproof_button_v1,5000
82,60,0.1,bot3,success,7,2298679108499846903,6689875367913177993,"(41, 41)","(46, 39)","(43, 5)",fireproof_button_v1,5000
82,60,0.1,bot4,success,7,2298679108499846903,6689875367913177993,"(41, 41)","(46, 39)","(43, 5)",fireproof_button_v1,5000
82,60,0.2,bot1,success,7,2298679108499846903,6689875367913177993,"(41, 41)","(46, 39)","(43, 5)",fireproof_button_v1,5000
82,60,0.2,bot2,success,7,2298679108499846903,6689875367913177993,"(41, 41)","(46, 39)","(43, 5)",fireproof_button_v1,5000
82,60,0.2,bot3,success,7,2298679108499846903,6689875367913177993,"(41, 41)","(46, 39)","(43, 5)",fireproof_button_v1,5000
82,60,0.2,bot4,success,7,2298679108499846903,6689875367913177993,"(41, 41)","(46, 39)","(43, 5)",fireproof_button_v1,5000
82,60,0.3,bot1,success,7,2298679108499846903,6689875367913177993,"(41, 41)","(46, 39)","(43, 5)",fireproof_button_v1,5000
82,60,0.3,bot2,success,7,2298679108499846903,6689875367913177993,"(41, 41)","(46, 39)","(43, 5)",fireproof_button_v1,5000
82,60,0.3,bot3,success,7,2298679108499846903,6689875367913177993,"(41, 41)","(46, 39)","(43, 5)",fireproof_button_v1,5000
82,60,0.3,bot4,success,7,2298679108499846903,6689875367913177993,"(41, 41)","(46, 39)","(43, 5)",fireproof_button_v1,5000
82,60,0.4,bot1,success,7,2298679108499846903,6689875367913177993,"(41, 41)","(46, 39)","(43, 5)",fireproof_button_v1,5000
82,60,0.4,bot2,success,7,2298679108499846903,6689875367913177993,"(41, 41)","(46, 39)","(43, 5)",fireproof_button_v1,5000
82,60,0.4,bot3,success,7,2298679108499846903,6689875367913177993,"(41, 41)","(46, 39)","(43, 5)",fireproof_button_v1,5000
82,60,0.4,bot4,success,7,2298679108499846903,6689875367913177993,"(41, 41)","(46, 39)","(43, 5)",fireproof_button_v1,5000
82,60,0.5,bot1,success,7,2298679108499846903,6689875367913177993,"(41, 41)","(46, 39)","(43, 5)",fireproof_button_v1,5000
82,60,0.5,bot2,success,7,2298679108499846903,6689875367913177993,"(41, 41)","(46, 39)","(43, 5)",fireproof_button_v1,5000
82,60,0.5,bot3,success,7,2298679108499846903,6689875367913177993,"(41, 41)","(46, 39)","(43, 5)",fireproof_button_v1,5000
82,60,0.5,bot4,success,7,2298679108499846903,6689875367913177993,"(41, 41)","(46, 39)","(43, 5)",fireproof_button_v1,5000
82,60,0.6,bot1,success,7,2298679108499846903,6689875367913177993,"(41, 41)","(46, 39)","(43, 5)",fireproof_button_v1,5000
82,60,0.6,bot2,success,7,2298679108499846903,6689875367913177993,"(41, 41)","(46, 39)","(43, 5)",fireproof_button_v1,5000
82,60,0.6,bot3,success,7,2298679108499846903,6689875367913177993,"(41, 41)","(46, 39)","(43, 5)",fireproof_button_v1,5000
82,60,0.6,bot4,success,7,2298679108499846903,6689875367913177993,"(41, 41)","(46, 39)","(43, 5)",fireproof_button_v1,5000
82,60,0.7,bot1,success,7,2298679108499846903,6689875367913177993,"(41, 41)","(46, 39)","(43, 5)",fireproof_button_v1,5000
82,60,0.7,bot2,success,7,2298679108499846903,6689875367913177993,"(41, 41)","(46, 39)","(43, 5)",fireproof_button_v1,5000
82,60,0.7,bot3,success,7,2298679108499846903,6689875367913177993,"(41, 41)","(46, 39)","(43, 5)",fireproof_button_v1,5000
82,60,0.7,bot4,success,7,2298679108499846903,6689875367913177993,"(41, 41)","(46, 39)","(43, 5)",fireproof_button_v1,5000
82,60,0.8,bot1,success,7,2298679108499846903,6689875367913177993,"(41, 41)","(46, 39)","(43, 5)",fireproof_button_v1,5000
82,60,0.8,bot2,success,7,2298679108499846903,6689875367913177993,"(41, 41)","(46, 39)","(43, 5)",fireproof_button_v1,5000
82,60,0.8,bot3,success,7,2298679108499846903,6689875367913177993,"(41, 41)","(46, 39)","(43, 5)",fireproof_button_v1,5000
82,60,0.8,bot4,success,7,2298679108499846903,6689875367913177993,"(41, 41)","(46, 39)","(43, 5)",fireproof_button_v1,5000
82,60,0.9,bot1,success,7,2298679108499846903,6689875367913177993,"(41, 41)","(46, 39)","(43, 5)",fireproof_button_v1,5000
82,60,0.9,bot2,success,7,2298679108499846903,6689875367913177993,"(41, 41)","(46, 39)","(43, 5)",fireproof_button_v1,5000
82,60,0.9,bot3,success,7,2298679108499846903,6689875367913177993,"(41, 41)","(46, 39)","(43, 5)",fireproof_button_v1,5000
82,60,0.9,bot4,success,7,2298679108499846903,6689875367913177993,"(41, 41)","(46, 39)","(43, 5)",fireproof_button_v1,5000
82,60,1.0,bot1,success,7,2298679108499846903,6689875367913177993,"(41, 41)","(46, 39)","(43, 5)",fireproof_button_v1,5000
82,60,1.0,bot2,success,7,2298679108499846903,6689875367913177993,"(41, 41)","(46, 39)","(43, 5)",fireproof_button_v1,5000
82,60,1.0,bot3,success,7,2298679108499846903,6689875367913177993,"(41, 41)","(46, 39)","(43, 5)",fireproof_button_v1,5000
82,60,1.0,bot4,success,7,2298679108499846903,6689875367913177993,"(41, 41)","(46, 39)","(43, 5)",fireproof_button_v1,5000
83,60,0.0,bot1,success,55,11272178990003679698,2925918746213149366,"(46, 44)","(27, 12)","(17, 45)",fireproof_button_v1,5000
83,60,0.0,bot2,success,55,11272178990003679698,2925918746213149366,"(46, 44)","(27, 12)","(17, 45)",fireproof_button_v1,5000
83,60,0.0,bot3,success,55,11272178990003679698,2925918746213149366,"(46, 44)","(27, 12)","(17, 45)",fireproof_button_v1,5000
83,60,0.0,bot4,success,55,11272178990003679698,2925918746213149366,"(46, 44)","(27, 12)","(17, 45)",fireproof_button_v1,5000
83,60,0.1,bot1,success,55,11272178990003679698,2925918746213149366,"(46, 44)","(27, 12)","(17, 45)",fireproof_button_v1,5000
83,60,0.1,bot2,success,55,11272178990003679698,2925918746213149366,"(46, 44)","(27, 12)","(17, 45)",fireproof_button_v1,5000
83,60,0.1,bot3,success,55,11272178990003679698,2925918746213149366,"(46, 44)","(27, 12)","(17, 45)",fireproof_button_v1,5000
83,60,0.1,bot4,success,55,11272178990003679698,2925918746213149366,"(46, 44)","(27, 12)","(17, 45)",fireproof_button_v1,5000
83,60,0.2,bot1,success,55,11272178990003679698,2925918746213149366,"(46, 44)","(27, 12)","(17, 45)",fireproof_button_v1,5000
83,60,0.2,bot2,success,55,11272178990003679698,2925918746213149366,"(46, 44)","(27, 12)","(17, 45)",fireproof_button_v1,5000
83,60,0.2,bot3,success,55,11272178990003679698,2925918746213149366,"(46, 44)","(27, 12)","(17, 45)",fireproof_button_v1,5000
83,60,0.2,bot4,success,55,11272178990003679698,2925918746213149366,"(46, 44)","(27, 12)","(17, 45)",fireproof_button_v1,5000
83,60,0.3,bot1,success,55,11272178990003679698,2925918746213149366,"(46, 44)","(27, 12)","(17, 45)",fireproof_button_v1,5000
83,60,0.3,bot2,success,55,11272178990003679698,2925918746213149366,"(46, 44)","(27, 12)","(17, 45)",fireproof_button_v1,5000
83,60,0.3,bot3,success,55,11272178990003679698,2925918746213149366,"(46, 44)","(27, 12)","(17, 45)",fireproof_button_v1,5000
83,60,0.3,bot4,success,55,11272178990003679698,2925918746213149366,"(46, 44)","(27, 12)","(17, 45)",fireproof_button_v1,5000
83,60,0.4,bot1,success,55,11272178990003679698,2925918746213149366,"(46, 44)","(27, 12)","(17, 45)",fireproof_button_v1,5000
83,60,0.4,bot2,success,55,11272178990003679698,2925918746213149366,"(46, 44)","(27, 12)","(17, 45)",fireproof_button_v1,5000
83,60,0.4,bot3,success,55,11272178990003679698,2925918746213149366,"(46, 44)","(27, 12)","(17, 45)",fireproof_button_v1,5000
83,60,0.4,bot4,success,55,11272178990003679698,2925918746213149366,"(46, 44)","(27, 12)","(17, 45)",fireproof_button_v1,5000
83,60,0.5,bot1,success,55,11272178990003679698,2925918746213149366,"(46, 44)","(27, 12)","(17, 45)",fireproof_button_v1,5000
83,60,0.5,bot2,success,55,11272178990003679698,2925918746213149366,"(46, 44)","(27, 12)","(17, 45)",fireproof_button_v1,5000
83,60,0.5,bot3,success,55,11272178990003679698,2925918746213149366,"(46, 44)","(27, 12)","(17, 45)",fireproof_button_v1,5000
83,60,0.5,bot4,success,55,11272178990003679698,2925918746213149366,"(46, 44)","(27, 12)","(17, 45)",fireproof_button_v1,5000
83,60,0.6,bot1,success,55,11272178990003679698,2925918746213149366,"(46, 44)","(27, 12)","(17, 45)",fireproof_button_v1,5000
83,60,0.6,bot2,success,55,11272178990003679698,2925918746213149366,"(46, 44)","(27, 12)","(17, 45)",fireproof_button_v1,5000
83,60,0.6,bot3,success,55,11272178990003679698,2925918746213149366,"(46, 44)","(27, 12)","(17, 45)",fireproof_button_v1,5000
83,60,0.6,bot4,success,55,11272178990003679698,2925918746213149366,"(46, 44)","(27, 12)","(17, 45)",fireproof_button_v1,5000
83,60,0.7,bot1,success,55,11272178990003679698,2925918746213149366,"(46, 44)","(27, 12)","(17, 45)",fireproof_button_v1,5000
83,60,0.7,bot2,success,55,11272178990003679698,2925918746213149366,"(46, 44)","(27, 12)","(17, 45)",fireproof_button_v1,5000
83,60,0.7,bot3,success,55,11272178990003679698,2925918746213149366,"(46, 44)","(27, 12)","(17, 45)",fireproof_button_v1,5000
83,60,0.7,bot4,success,55,11272178990003679698,2925918746213149366,"(46, 44)","(27, 12)","(17, 45)",fireproof_button_v1,5000
83,60,0.8,bot1,success,55,11272178990003679698,2925918746213149366,"(46, 44)","(27, 12)","(17, 45)",fireproof_button_v1,5000
83,60,0.8,bot2,success,55,11272178990003679698,2925918746213149366,"(46, 44)","(27, 12)","(17, 45)",fireproof_button_v1,5000
83,60,0.8,bot3,success,55,11272178990003679698,2925918746213149366,"(46, 44)","(27, 12)","(17, 45)",fireproof_button_v1,5000
83,60,0.8,bot4,success,55,11272178990003679698,2925918746213149366,"(46, 44)","(27, 12)","(17, 45)",fireproof_button_v1,5000
83,60,0.9,bot1,success,55,11272178990003679698,2925918746213149366,"(46, 44)","(27, 12)","(17, 45)",fireproof_button_v1,5000
83,60,0.9,bot2,success,55,11272178990003679698,2925918746213149366,"(46, 44)","(27, 12)","(17, 45)",fireproof_button_v1,5000
83,60,0.9,bot3,success,55,11272178990003679698,2925918746213149366,"(46, 44)","(27, 12)","(17, 45)",fireproof_button_v1,5000
83,60,0.9,bot4,success,55,11272178990003679698,2925918746213149366,"(46, 44)","(27, 12)","(17, 45)",fireproof_button_v1,5000
83,60,1.0,bot1,success,55,11272178990003679698,2925918746213149366,"(46, 44)","(27, 12)","(17, 45)",fireproof_button_v1,5000
83,60,1.0,bot2,success,55,11272178990003679698,2925918746213149366,"(46, 44)","(27, 12)","(17, 45)",fireproof_button_v1,5000
83,60,1.0,bot3,success,55,11272178990003679698,2925918746213149366,"(46, 44)","(27, 12)","(17, 45)",fireproof_button_v1,5000
83,60,1.0,bot4,success,55,11272178990003679698,2925918746213149366,"(46, 44)","(27, 12)","(17, 45)",fireproof_button_v1,5000
84,60,0.0,bot1,success,36,7347688936258056241,8425034717336862459,"(40, 35)","(57, 54)","(26, 21)",fireproof_button_v1,5000
84,60,0.0,bot2,success,36,7347688936258056241,8425034717336862459,"(40, 35)","(57, 54)","(26, 21)",fireproof_button_v1,5000
84,60,0.0,bot3,success,36,7347688936258056241,8425034717336862459,"(40, 35)","(57, 54)","(26, 21)",fireproof_button_v1,5000
84,60,0.0,bot4,success,36,7347688936258056241,8425034717336862459,"(40, 35)","(57, 54)","(26, 21)",fireproof_button_v1,5000
84,60,0.1,bot1,success,36,7347688936258056241,8425034717336862459,"(40, 35)","(57, 54)","(26, 21)",fireproof_button_v1,5000
84,60,0.1,bot2,success,36,7347688936258056241,8425034717336862459,"(40, 35)","(57, 54)","(26, 21)",fireproof_button_v1,5000
84,60,0.1,bot3,success,36,7347688936258056241,8425034717336862459,"(40, 35)","(57, 54)","(26, 21)",fireproof_button_v1,5000
84,60,0.1,bot4,success,36,7347688936258056241,8425034717336862459,"(40, 35)","(57, 54)","(26, 21)",fireproof_button_v1,5000
84,60,0.2,bot1,success,36,7347688936258056241,8425034717336862459,"(40, 35)","(57, 54)","(26, 21)",fireproof_button_v1,5000
84,60,0.2,bot2,success,36,7347688936258056241,8425034717336862459,"(40, 35)","(57, 54)","(26, 21)",fireproof_button_v1,5000
84,60,0.2,bot3,success,36,7347688936258056241,8425034717336862459,"(40, 35)","(57, 54)","(26, 21)",fireproof_button_v1,5000
84,60,0.2,bot4,success,36,7347688936258056241,8425034717336862459,"(40, 35)","(57, 54)","(26, 21)",fireproof_button_v1,5000
84,60,0.3,bot1,success,36,7347688936258056241,8425034717336862459,"(40, 35)","(57, 54)","(26, 21)",fireproof_button_v1,5000
84,60,0.3,bot2,success,36,7347688936258056241,8425034717336862459,"(40, 35)","(57, 54)","(26, 21)",fireproof_button_v1,5000
84,60,0.3,bot3,success,36,7347688936258056241,8425034717336862459,"(40, 35)","(57, 54)","(26, 21)",fireproof_button_v1,5000
84,60,0.3,bot4,success,36,7347688936258056241,8425034717336862459,"(40, 35)","(57, 54)","(26, 21)",fireproof_button_v1,5000
84,60,0.4,bot1,success,36,7347688936258056241,8425034717336862459,"(40, 35)","(57, 54)","(26, 21)",fireproof_button_v1,5000
84,60,0.4,bot2,success,36,7347688936258056241,8425034717336862459,"(40, 35)","(57, 54)","(26, 21)",fireproof_button_v1,5000
84,60,0.4,bot3,success,36,7347688936258056241,8425034717336862459,"(40, 35)","(57, 54)","(26, 21)",fireproof_button_v1,5000
84,60,0.4,bot4,success,36,7347688936258056241,8425034717336862459,"(40, 35)","(57, 54)","(26, 21)",fireproof_button_v1,5000
84,60,0.5,bot1,success,36,7347688936258056241,8425034717336862459,"(40, 35)","(57, 54)","(26, 21)",fireproof_button_v1,5000
84,60,0.5,bot2,success,36,7347688936258056241,8425034717336862459,"(40, 35)","(57, 54)","(26, 21)",fireproof_button_v1,5000
84,60,0.5,bot3,success,36,7347688936258056241,8425034717336862459,"(40, 35)","(57, 54)","(26, 21)",fireproof_button_v1,5000
84,60,0.5,bot4,success,36,7347688936258056241,8425034717336862459,"(40, 35)","(57, 54)","(26, 21)",fireproof_button_v1,5000
84,60,0.6,bot1,success,36,7347688936258056241,8425034717336862459,"(40, 35)","(57, 54)","(26, 21)",fireproof_button_v1,5000
84,60,0.6,bot2,success,36,7347688936258056241,8425034717336862459,"(40, 35)","(57, 54)","(26, 21)",fireproof_button_v1,5000
84,60,0.6,bot3,success,36,7347688936258056241,8425034717336862459,"(40, 35)","(57, 54)","(26, 21)",fireproof_button_v1,5000
84,60,0.6,bot4,success,36,7347688936258056241,8425034717336862459,"(40, 35)","(57, 54)","(26, 21)",fireproof_button_v1,5000
84,60,0.7,bot1,success,36,7347688936258056241,8425034717336862459,"(40, 35)","(57, 54)","(26, 21)",fireproof_button_v1,5000
84,60,0.7,bot2,success,36,7347688936258056241,8425034717336862459,"(40, 35)","(57, 54)","(26, 21)",fireproof_button_v1,5000
84,60,0.7,bot3,success,36,7347688936258056241,8425034717336862459,"(40, 35)","(57, 54)","(26, 21)",fireproof_button_v1,5000
84,60,0.7,bot4,success,36,7347688936258056241,8425034717336862459,"(40, 35)","(57, 54)","(26, 21)",fireproof_button_v1,5000
84,60,0.8,bot1,success,36,7347688936258056241,8425034717336862459,"(40, 35)","(57, 54)","(26, 21)",fireproof_button_v1,5000
84,60,0.8,bot2,success,36,7347688936258056241,8425034717336862459,"(40, 35)","(57, 54)","(26, 21)",fireproof_button_v1,5000
84,60,0.8,bot3,success,36,7347688936258056241,8425034717336862459,"(40, 35)","(57, 54)","(26, 21)",fireproof_button_v1,5000
84,60,0.8,bot4,success,36,7347688936258056241,8425034717336862459,"(40, 35)","(57, 54)","(26, 21)",fireproof_button_v1,5000
84,60,0.9,bot1,success,36,7347688936258056241,8425034717336862459,"(40, 35)","(57, 54)","(26, 21)",fireproof_button_v1,5000
84,60,0.9,bot2,success,36,7347688936258056241,8425034717336862459,"(40, 35)","(57, 54)","(26, 21)",fireproof_button_v1,5000
84,60,0.9,bot3,success,36,7347688936258056241,8425034717336862459,"(40, 35)","(57, 54)","(26, 21)",fireproof_button_v1,5000
84,60,0.9,bot4,success,36,7347688936258056241,8425034717336862459,"(40, 35)","(57, 54)","(26, 21)",fireproof_button_v1,5000
84,60,1.0,bot1,success,36,7347688936258056241,8425034717336862459,"(40, 35)","(57, 54)","(26, 21)",fireproof_button_v1,5000
84,60,1.0,bot2,success,36,7347688936258056241,8425034717336862459,"(40, 35)","(57, 54)","(26, 21)",fireproof_button_v1,5000
84,60,1.0,bot3,success,36,7347688936258056241,8425034717336862459,"(40, 35)","(57, 54)","(26, 21)",fireproof_button_v1,5000
84,60,1.0,bot4,success,36,7347688936258056241,8425034717336862459,"(40, 35)","(57, 54)","(26, 21)",fireproof_button_v1,5000
85,60,0.0,bot1,success,21,7973262429049148517,12439505034381013298,"(45, 13)","(56, 5)","(14, 22)",fireproof_button_v1,5000
85,60,0.0,bot2,success,21,7973262429049148517,12439505034381013298,"(45, 13)","(56, 5)","(14, 22)",fireproof_button_v1,5000
85,60,0.0,bot3,success,21,7973262429049148517,12439505034381013298,"(45, 13)","(56, 5)","(14, 22)",fireproof_button_v1,5000
85,60,0.0,bot4,success,21,7973262429049148517,12439505034381013298,"(45, 13)","(56, 5)","(14, 22)",fireproof_button_v1,5000
85,60,0.1,bot1,success,21,7973262429049148517,12439505034381013298,"(45, 13)","(56, 5)","(14, 22)",fireproof_button_v1,5000
85,60,0.1,bot2,success,21,7973262429049148517,12439505034381013298,"(45, 13)","(56, 5)","(14, 22)",fireproof_button_v1,5000
85,60,0.1,bot3,success,21,7973262429049148517,12439505034381013298,"(45, 13)","(56, 5)","(14, 22)",fireproof_button_v1,5000
85,60,0.1,bot4,success,21,7973262429049148517,12439505034381013298,"(45, 13)","(56, 5)","(14, 22)",fireproof_button_v1,5000
85,60,0.2,bot1,success,21,7973262429049148517,12439505034381013298,"(45, 13)","(56, 5)","(14, 22)",fireproof_button_v1,5000
85,60,0.2,bot2,success,21,7973262429049148517,12439505034381013298,"(45, 13)","(56, 5)","(14, 22)",fireproof_button_v1,5000
85,60,0.2,bot3,success,21,7973262429049148517,12439505034381013298,"(45, 13)","(56, 5)","(14, 22)",fireproof_button_v1,5000
85,60,0.2,bot4,success,21,7973262429049148517,12439505034381013298,"(45, 13)","(56, 5)","(14, 22)",fireproof_button_v1,5000
85,60,0.3,bot1,success,21,7973262429049148517,12439505034381013298,"(45, 13)","(56, 5)","(14, 22)",fireproof_button_v1,5000
85,60,0.3,bot2,success,21,7973262429049148517,12439505034381013298,"(45, 13)","(56, 5)","(14, 22)",fireproof_button_v1,5000
85,60,0.3,bot3,success,21,7973262429049148517,12439505034381013298,"(45, 13)","(56, 5)","(14, 22)",fireproof_button_v1,5000
85,60,0.3,bot4,success,21,7973262429049148517,12439505034381013298,"(45, 13)","(56, 5)","(14, 22)",fireproof_button_v1,5000
85,60,0.4,bot1,success,21,7973262429049148517,12439505034381013298,"(45, 13)","(56, 5)","(14, 22)",fireproof_button_v1,5000
85,60,0.4,bot2,success,21,7973262429049148517,12439505034381013298,"(45, 13)","(56, 5)","(14, 22)",fireproof_button_v1,5000
85,60,0.4,bot3,success,21,7973262429049148517,12439505034381013298,"(45, 13)","(56, 5)","(14, 22)",fireproof_button_v1,5000
85,60,0.4,bot4,success,21,7973262429049148517,12439505034381013298,"(45, 13)","(56, 5)","(14, 22)",fireproof_button_v1,5000
85,60,0.5,bot1,success,21,7973262429049148517,12439505034381013298,"(45, 13)","(56, 5)","(14, 22)",fireproof_button_v1,5000
85,60,0.5,bot2,success,21,7973262429049148517,12439505034381013298,"(45, 13)","(56, 5)","(14, 22)",fireproof_button_v1,5000
85,60,0.5,bot3,success,21,7973262429049148517,12439505034381013298,"(45, 13)","(56, 5)","(14, 22)",fireproof_button_v1,5000
85,60,0.5,bot4,success,21,7973262429049148517,12439505034381013298,"(45, 13)","(56, 5)","(14, 22)",fireproof_button_v1,5000
85,60,0.6,bot1,success,21,7973262429049148517,12439505034381013298,"(45, 13)","(56, 5)","(14, 22)",fireproof_button_v1,5000
85,60,0.6,bot2,success,21,7973262429049148517,12439505034381013298,"(45, 13)","(56, 5)","(14, 22)",fireproof_button_v1,5000
85,60,0.6,bot3,success,21,7973262429049148517,12439505034381013298,"(45, 13)","(56, 5)","(14, 22)",fireproof_button_v1,5000
85,60,0.6,bot4,success,21,7973262429049148517,12439505034381013298,"(45, 13)","(56, 5)","(14, 22)",fireproof_button_v1,5000
85,60,0.7,bot1,success,21,7973262429049148517,12439505034381013298,"(45, 13)","(56, 5)","(14, 22)",fireproof_button_v1,5000
85,60,0.7,bot2,success,21,7973262429049148517,12439505034381013298,"(45, 13)","(56, 5)","(14, 22)",fireproof_button_v1,5000
85,60,0.7,bot3,success,21,7973262429049148517,12439505034381013298,"(45, 13)","(56, 5)","(14, 22)",fireproof_button_v1,5000
85,60,0.7,bot4,success,21,7973262429049148517,12439505034381013298,"(45, 13)","(56, 5)","(14, 22)",fireproof_button_v1,5000
85,60,0.8,bot1,success,21,7973262429049148517,12439505034381013298,"(45, 13)","(56, 5)","(14, 22)",fireproof_button_v1,5000
85,60,0.8,bot2,success,21,7973262429049148517,12439505034381013298,"(45, 13)","(56, 5)","(14, 22)",fireproof_button_v1,5000
85,60,0.8,bot3,success,21,7973262429049148517,12439505034381013298,"(45, 13)","(56, 5)","(14, 22)",fireproof_button_v1,5000
85,60,0.8,bot4,success,21,7973262429049148517,12439505034381013298,"(45, 13)","(56, 5)","(14, 22)",fireproof_button_v1,5000
85,60,0.9,bot1,success,21,7973262429049148517,12439505034381013298,"(45, 13)","(56, 5)","(14, 22)",fireproof_button_v1,5000
85,60,0.9,bot2,success,21,7973262429049148517,12439505034381013298,"(45, 13)","(56, 5)","(14, 22)",fireproof_button_v1,5000
85,60,0.9,bot3,success,21,7973262429049148517,12439505034381013298,"(45, 13)","(56, 5)","(14, 22)",fireproof_button_v1,5000
85,60,0.9,bot4,success,21,7973262429049148517,12439505034381013298,"(45, 13)","(56, 5)","(14, 22)",fireproof_button_v1,5000
85,60,1.0,bot1,success,21,7973262429049148517,12439505034381013298,"(45, 13)","(56, 5)","(14, 22)",fireproof_button_v1,5000
85,60,1.0,bot2,success,21,7973262429049148517,12439505034381013298,"(45, 13)","(56, 5)","(14, 22)",fireproof_button_v1,5000
85,60,1.0,bot3,success,21,7973262429049148517,12439505034381013298,"(45, 13)","(56, 5)","(14, 22)",fireproof_button_v1,5000
85,60,1.0,bot4,success,21,7973262429049148517,12439505034381013298,"(45, 13)","(56, 5)","(14, 22)",fireproof_button_v1,5000
86,60,0.0,bot1,success,88,6195066843349853306,14637588028243322319,"(8, 13)","(57, 46)","(6, 50)",fireproof_button_v1,5000
86,60,0.0,bot2,success,88,6195066843349853306,14637588028243322319,"(8, 13)","(57, 46)","(6, 50)",fireproof_button_v1,5000
86,60,0.0,bot3,success,88,6195066843349853306,14637588028243322319,"(8, 13)","(57, 46)","(6, 50)",fireproof_button_v1,5000
86,60,0.0,bot4,success,88,6195066843349853306,14637588028243322319,"(8, 13)","(57, 46)","(6, 50)",fireproof_button_v1,5000
86,60,0.1,bot1,success,88,6195066843349853306,14637588028243322319,"(8, 13)","(57, 46)","(6, 50)",fireproof_button_v1,5000
86,60,0.1,bot2,success,88,6195066843349853306,14637588028243322319,"(8, 13)","(57, 46)","(6, 50)",fireproof_button_v1,5000
86,60,0.1,bot3,success,88,6195066843349853306,14637588028243322319,"(8, 13)","(57, 46)","(6, 50)",fireproof_button_v1,5000
86,60,0.1,bot4,success,88,6195066843349853306,14637588028243322319,"(8, 13)","(57, 46)","(6, 50)",fireproof_button_v1,5000
86,60,0.2,bot1,success,88,6195066843349853306,14637588028243322319,"(8, 13)","(57, 46)","(6, 50)",fireproof_button_v1,5000
86,60,0.2,bot2,success,88,6195066843349853306,14637588028243322319,"(8, 13)","(57, 46)","(6, 50)",fireproof_button_v1,5000
86,60,0.2,bot3,success,88,6195066843349853306,14637588028243322319,"(8, 13)","(57, 46)","(6, 50)",fireproof_button_v1,5000
86,60,0.2,bot4,success,88,6195066843349853306,14637588028243322319,"(8, 13)","(57, 46)","(6, 50)",fireproof_button_v1,5000
86,60,0.3,bot1,success,88,6195066843349853306,14637588028243322319,"(8, 13)","(57, 46)","(6, 50)",fireproof_button_v1,5000
86,60,0.3,bot2,success,88,6195066843349853306,14637588028243322319,"(8, 13)","(57, 46)","(6, 50)",fireproof_button_v1,5000
86,60,0.3,bot3,success,88,6195066843349853306,14637588028243322319,"(8, 13)","(57, 46)","(6, 50)",fireproof_button_v1,5000
86,60,0.3,bot4,success,88,6195066843349853306,14637588028243322319,"(8, 13)","(57, 46)","(6, 50)",fireproof_button_v1,5000
86,60,0.4,bot1,success,88,6195066843349853306,14637588028243322319,"(8, 13)","(57, 46)","(6, 50)",fireproof_button_v1,5000
86,60,0.4,bot2,success,88,6195066843349853306,14637588028243322319,"(8, 13)","(57, 46)","(6, 50)",fireproof_button_v1,5000
86,60,0.4,bot3,success,88,6195066843349853306,14637588028243322319,"(8, 13)","(57, 46)","(6, 50)",fireproof_button_v1,5000
86,60,0.4,bot4,success,88,6195066843349853306,14637588028243322319,"(8, 13)","(57, 46)","(6, 50)",fireproof_button_v1,5000
86,60,0.5,bot1,success,88,6195066843349853306,14637588028243322319,"(8, 13)","(57, 46)","(6, 50)",fireproof_button_v1,5000
86,60,0.5,bot2,success,88,6195066843349853306,14637588028243322319,"(8, 13)","(57, 46)","(6, 50)",fireproof_button_v1,5000
86,60,0.5,bot3,success,88,6195066843349853306,14637588028243322319,"(8, 13)","(57, 46)","(6, 50)",fireproof_button_v1,5000
86,60,0.5,bot4,success,88,6195066843349853306,14637588028243322319,"(8, 13)","(57, 46)","(6, 50)",fireproof_button_v1,5000
86,60,0.6,bot1,success,88,6195066843349853306,14637588028243322319,"(8, 13)","(57, 46)","(6, 50)",fireproof_button_v1,5000
86,60,0.6,bot2,success,88,6195066843349853306,14637588028243322319,"(8, 13)","(57, 46)","(6, 50)",fireproof_button_v1,5000
86,60,0.6,bot3,success,88,6195066843349853306,14637588028243322319,"(8, 13)","(57, 46)","(6, 50)",fireproof_button_v1,5000
86,60,0.6,bot4,success,88,6195066843349853306,14637588028243322319,"(8, 13)","(57, 46)","(6, 50)",fireproof_button_v1,5000
86,60,0.7,bot1,success,88,6195066843349853306,14637588028243322319,"(8, 13)","(57, 46)","(6, 50)",fireproof_button_v1,5000
86,60,0.7,bot2,success,88,6195066843349853306,14637588028243322319,"(8, 13)","(57, 46)","(6, 50)",fireproof_button_v1,5000
86,60,0.7,bot3,success,88,6195066843349853306,14637588028243322319,"(8, 13)","(57, 46)","(6, 50)",fireproof_button_v1,5000
86,60,0.7,bot4,success,88,6195066843349853306,14637588028243322319,"(8, 13)","(57, 46)","(6, 50)",fireproof_button_v1,5000
86,60,0.8,bot1,success,88,6195066843349853306,14637588028243322319,"(8, 13)","(57, 46)","(6, 50)",fireproof_button_v1,5000
86,60,0.8,bot2,success,88,6195066843349853306,14637588028243322319,"(8, 13)","(57, 46)","(6, 50)",fireproof_button_v1,5000
86,60,0.8,bot3,success,88,6195066843349853306,14637588028243322319,"(8, 13)","(57, 46)","(6, 50)",fireproof_button_v1,5000
86,60,0.8,bot4,success,88,6195066843349853306,14637588028243322319,"(8, 13)","(57, 46)","(6, 50)",fireproof_button_v1,5000
86,60,0.9,bot1,success,88,6195066843349853306,14637588028243322319,"(8, 13)","(57, 46)","(6, 50)",fireproof_button_v1,5000
86,60,0.9,bot2,success,88,6195066843349853306,14637588028243322319,"(8, 13)","(57, 46)","(6, 50)",fireproof_button_v1,5000
86,60,0.9,bot3,success,88,6195066843349853306,14637588028243322319,"(8, 13)","(57, 46)","(6, 50)",fireproof_button_v1,5000
86,60,0.9,bot4,success,88,6195066843349853306,14637588028243322319,"(8, 13)","(57, 46)","(6, 50)",fireproof_button_v1,5000
86,60,1.0,bot1,burned,74,6195066843349853306,14637588028243322319,"(8, 13)","(57, 46)","(6, 50)",fireproof_button_v1,5000
86,60,1.0,bot2,burned,74,6195066843349853306,14637588028243322319,"(8, 13)","(57, 46)","(6, 50)",fireproof_button_v1,5000
86,60,1.0,bot3,burned,74,6195066843349853306,14637588028243322319,"(8, 13)","(57, 46)","(6, 50)",fireproof_button_v1,5000
86,60,1.0,bot4,burned,74,6195066843349853306,14637588028243322319,"(8, 13)","(57, 46)","(6, 50)",fireproof_button_v1,5000
87,60,0.0,bot1,success,52,7274403961362838143,1798490597007718525,"(55, 31)","(32, 48)","(1, 7)",fireproof_button_v1,5000
87,60,0.0,bot2,success,52,7274403961362838143,1798490597007718525,"(55, 31)","(32, 48)","(1, 7)",fireproof_button_v1,5000
87,60,0.0,bot3,success,52,7274403961362838143,1798490597007718525,"(55, 31)","(32, 48)","(1, 7)",fireproof_button_v1,5000
87,60,0.0,bot4,success,52,7274403961362838143,1798490597007718525,"(55, 31)","(32, 48)","(1, 7)",fireproof_button_v1,5000
87,60,0.1,bot1,success,52,7274403961362838143,1798490597007718525,"(55, 31)","(32, 48)","(1, 7)",fireproof_button_v1,5000
87,60,0.1,bot2,success,52,7274403961362838143,1798490597007718525,"(55, 31)","(32, 48)","(1, 7)",fireproof_button_v1,5000
87,60,0.1,bot3,success,52,7274403961362838143,1798490597007718525,"(55, 31)","(32, 48)","(1, 7)",fireproof_button_v1,5000
87,60,0.1,bot4,success,52,7274403961362838143,1798490597007718525,"(55, 31)","(32, 48)","(1, 7)",fireproof_button_v1,5000
87,60,0.2,bot1,success,52,7274403961362838143,1798490597007718525,"(55, 31)","(32, 48)","(1, 7)",fireproof_button_v1,5000
87,60,0.2,bot2,success,52,7274403961362838143,1798490597007718525,"(55, 31)","(32, 48)","(1, 7)",fireproof_button_v1,5000
87,60,0.2,bot3,success,52,7274403961362838143,1798490597007718525,"(55, 31)","(32, 48)","(1, 7)",fireproof_button_v1,5000
87,60,0.2,bot4,success,52,7274403961362838143,1798490597007718525,"(55, 31)","(32, 48)","(1, 7)",fireproof_button_v1,5000
87,60,0.3,bot1,success,52,7274403961362838143,1798490597007718525,"(55, 31)","(32, 48)","(1, 7)",fireproof_button_v1,5000
87,60,0.3,bot2,success,52,7274403961362838143,1798490597007718525,"(55, 31)","(32, 48)","(1, 7)",fireproof_button_v1,5000
87,60,0.3,bot3,success,52,7274403961362838143,1798490597007718525,"(55, 31)","(32, 48)","(1, 7)",fireproof_button_v1,5000
87,60,0.3,bot4,success,52,7274403961362838143,1798490597007718525,"(55, 31)","(32, 48)","(1, 7)",fireproof_button_v1,5000
87,60,0.4,bot1,success,52,7274403961362838143,1798490597007718525,"(55, 31)","(32, 48)","(1, 7)",fireproof_button_v1,5000
87,60,0.4,bot2,success,52,7274403961362838143,1798490597007718525,"(55, 31)","(32, 48)","(1, 7)",fireproof_button_v1,5000
87,60,0.4,bot3,success,52,7274403961362838143,1798490597007718525,"(55, 31)","(32, 48)","(1, 7)",fireproof_button_v1,5000
87,60,0.4,bot4,success,52,7274403961362838143,1798490597007718525,"(55, 31)","(32, 48)","(1, 7)",fireproof_button_v1,5000
87,60,0.5,bot1,success,52,7274403961362838143,1798490597007718525,"(55, 31)","(32, 48)","(1, 7)",fireproof_button_v1,5000
87,60,0.5,bot2,success,52,7274403961362838143,1798490597007718525,"(55, 31)","(32, 48)","(1, 7)",fireproof_button_v1,5000
87,60,0.5,bot3,success,52,7274403961362838143,1798490597007718525,"(55, 31)","(32, 48)","(1, 7)",fireproof_button_v1,5000
87,60,0.5,bot4,success,52,7274403961362838143,1798490597007718525,"(55, 31)","(32, 48)","(1, 7)",fireproof_button_v1,5000
87,60,0.6,bot1,success,52,7274403961362838143,1798490597007718525,"(55, 31)","(32, 48)","(1, 7)",fireproof_button_v1,5000
87,60,0.6,bot2,success,52,7274403961362838143,1798490597007718525,"(55, 31)","(32, 48)","(1, 7)",fireproof_button_v1,5000
87,60,0.6,bot3,success,52,7274403961362838143,1798490597007718525,"(55, 31)","(32, 48)","(1, 7)",fireproof_button_v1,5000
87,60,0.6,bot4,success,52,7274403961362838143,1798490597007718525,"(55, 31)","(32, 48)","(1, 7)",fireproof_button_v1,5000
87,60,0.7,bot1,success,52,7274403961362838143,1798490597007718525,"(55, 31)","(32, 48)","(1, 7)",fireproof_button_v1,5000
87,60,0.7,bot2,success,52,7274403961362838143,1798490597007718525,"(55, 31)","(32, 48)","(1, 7)",fireproof_button_v1,5000
87,60,0.7,bot3,success,52,7274403961362838143,1798490597007718525,"(55, 31)","(32, 48)","(1, 7)",fireproof_button_v1,5000
87,60,0.7,bot4,success,52,7274403961362838143,1798490597007718525,"(55, 31)","(32, 48)","(1, 7)",fireproof_button_v1,5000
87,60,0.8,bot1,success,52,7274403961362838143,1798490597007718525,"(55, 31)","(32, 48)","(1, 7)",fireproof_button_v1,5000
87,60,0.8,bot2,success,52,7274403961362838143,1798490597007718525,"(55, 31)","(32, 48)","(1, 7)",fireproof_button_v1,5000
87,60,0.8,bot3,success,52,7274403961362838143,1798490597007718525,"(55, 31)","(32, 48)","(1, 7)",fireproof_button_v1,5000
87,60,0.8,bot4,success,52,7274403961362838143,1798490597007718525,"(55, 31)","(32, 48)","(1, 7)",fireproof_button_v1,5000
87,60,0.9,bot1,success,52,7274403961362838143,1798490597007718525,"(55, 31)","(32, 48)","(1, 7)",fireproof_button_v1,5000
87,60,0.9,bot2,success,52,7274403961362838143,1798490597007718525,"(55, 31)","(32, 48)","(1, 7)",fireproof_button_v1,5000
87,60,0.9,bot3,success,52,7274403961362838143,1798490597007718525,"(55, 31)","(32, 48)","(1, 7)",fireproof_button_v1,5000
87,60,0.9,bot4,success,52,7274403961362838143,1798490597007718525,"(55, 31)","(32, 48)","(1, 7)",fireproof_button_v1,5000
87,60,1.0,bot1,success,52,7274403961362838143,1798490597007718525,"(55, 31)","(32, 48)","(1, 7)",fireproof_button_v1,5000
87,60,1.0,bot2,success,52,7274403961362838143,1798490597007718525,"(55, 31)","(32, 48)","(1, 7)",fireproof_button_v1,5000
87,60,1.0,bot3,success,52,7274403961362838143,1798490597007718525,"(55, 31)","(32, 48)","(1, 7)",fireproof_button_v1,5000
87,60,1.0,bot4,success,52,7274403961362838143,1798490597007718525,"(55, 31)","(32, 48)","(1, 7)",fireproof_button_v1,5000
88,60,0.0,bot1,success,39,17930968916994540990,2501165762556636041,"(9, 21)","(32, 33)","(51, 18)",fireproof_button_v1,5000
88,60,0.0,bot2,success,39,17930968916994540990,2501165762556636041,"(9, 21)","(32, 33)","(51, 18)",fireproof_button_v1,5000
88,60,0.0,bot3,success,39,17930968916994540990,2501165762556636041,"(9, 21)","(32, 33)","(51, 18)",fireproof_button_v1,5000
88,60,0.0,bot4,success,39,17930968916994540990,2501165762556636041,"(9, 21)","(32, 33)","(51, 18)",fireproof_button_v1,5000
88,60,0.1,bot1,success,39,17930968916994540990,2501165762556636041,"(9, 21)","(32, 33)","(51, 18)",fireproof_button_v1,5000
88,60,0.1,bot2,success,39,17930968916994540990,2501165762556636041,"(9, 21)","(32, 33)","(51, 18)",fireproof_button_v1,5000
88,60,0.1,bot3,success,39,17930968916994540990,2501165762556636041,"(9, 21)","(32, 33)","(51, 18)",fireproof_button_v1,5000
88,60,0.1,bot4,success,39,17930968916994540990,2501165762556636041,"(9, 21)","(32, 33)","(51, 18)",fireproof_button_v1,5000
88,60,0.2,bot1,success,39,17930968916994540990,2501165762556636041,"(9, 21)","(32, 33)","(51, 18)",fireproof_button_v1,5000
88,60,0.2,bot2,success,39,17930968916994540990,2501165762556636041,"(9, 21)","(32, 33)","(51, 18)",fireproof_button_v1,5000
88,60,0.2,bot3,success,39,17930968916994540990,2501165762556636041,"(9, 21)","(32, 33)","(51, 18)",fireproof_button_v1,5000
88,60,0.2,bot4,success,39,17930968916994540990,2501165762556636041,"(9, 21)","(32, 33)","(51, 18)",fireproof_button_v1,5000
88,60,0.3,bot1,success,39,17930968916994540990,2501165762556636041,"(9, 21)","(32, 33)","(51, 18)",fireproof_button_v1,5000
88,60,0.3,bot2,success,39,17930968916994540990,2501165762556636041,"(9, 21)","(32, 33)","(51, 18)",fireproof_button_v1,5000
88,60,0.3,bot3,success,39,17930968916994540990,2501165762556636041,"(9, 21)","(32, 33)","(51, 18)",fireproof_button_v1,5000
88,60,0.3,bot4,success,39,17930968916994540990,2501165762556636041,"(9, 21)","(32, 33)","(51, 18)",fireproof_button_v1,5000
88,60,0.4,bot1,success,39,17930968916994540990,2501165762556636041,"(9, 21)","(32, 33)","(51, 18)",fireproof_button_v1,5000
88,60,0.4,bot2,success,39,17930968916994540990,2501165762556636041,"(9, 21)","(32, 33)","(51, 18)",fireproof_button_v1,5000
88,60,0.4,bot3,success,39,17930968916994540990,2501165762556636041,"(9, 21)","(32, 33)","(51, 18)",fireproof_button_v1,5000
88,60,0.4,bot4,success,39,17930968916994540990,2501165762556636041,"(9, 21)","(32, 33)","(51, 18)",fireproof_button_v1,5000
88,60,0.5,bot1,success,39,17930968916994540990,2501165762556636041,"(9, 21)","(32, 33)","(51, 18)",fireproof_button_v1,5000
88,60,0.5,bot2,success,39,17930968916994540990,2501165762556636041,"(9, 21)","(32, 33)","(51, 18)",fireproof_button_v1,5000
88,60,0.5,bot3,success,39,17930968916994540990,2501165762556636041,"(9, 21)","(32, 33)","(51, 18)",fireproof_button_v1,5000
88,60,0.5,bot4,success,39,17930968916994540990,2501165762556636041,"(9, 21)","(32, 33)","(51, 18)",fireproof_button_v1,5000
88,60,0.6,bot1,success,39,17930968916994540990,2501165762556636041,"(9, 21)","(32, 33)","(51, 18)",fireproof_button_v1,5000
88,60,0.6,bot2,success,39,17930968916994540990,2501165762556636041,"(9, 21)","(32, 33)","(51, 18)",fireproof_button_v1,5000
88,60,0.6,bot3,success,39,17930968916994540990,2501165762556636041,"(9, 21)","(32, 33)","(51, 18)",fireproof_button_v1,5000
88,60,0.6,bot4,success,39,17930968916994540990,2501165762556636041,"(9, 21)","(32, 33)","(51, 18)",fireproof_button_v1,5000
88,60,0.7,bot1,success,39,17930968916994540990,2501165762556636041,"(9, 21)","(32, 33)","(51, 18)",fireproof_button_v1,5000
88,60,0.7,bot2,success,39,17930968916994540990,2501165762556636041,"(9, 21)","(32, 33)","(51, 18)",fireproof_button_v1,5000
88,60,0.7,bot3,success,39,17930968916994540990,2501165762556636041,"(9, 21)","(32, 33)","(51, 18)",fireproof_button_v1,5000
88,60,0.7,bot4,success,39,17930968916994540990,2501165762556636041,"(9, 21)","(32, 33)","(51, 18)",fireproof_button_v1,5000
88,60,0.8,bot1,success,39,17930968916994540990,2501165762556636041,"(9, 21)","(32, 33)","(51, 18)",fireproof_button_v1,5000
88,60,0.8,bot2,success,39,17930968916994540990,2501165762556636041,"(9, 21)","(32, 33)","(51, 18)",fireproof_button_v1,5000
88,60,0.8,bot3,success,39,17930968916994540990,2501165762556636041,"(9, 21)","(32, 33)","(51, 18)",fireproof_button_v1,5000
88,60,0.8,bot4,success,39,17930968916994540990,2501165762556636041,"(9, 21)","(32, 33)","(51, 18)",fireproof_button_v1,5000
88,60,0.9,bot1,success,39,17930968916994540990,2501165762556636041,"(9, 21)","(32, 33)","(51, 18)",fireproof_button_v1,5000
88,60,0.9,bot2,success,39,17930968916994540990,2501165762556636041,"(9, 21)","(32, 33)","(51, 18)",fireproof_button_v1,5000
88,60,0.9,bot3,success,39,17930968916994540990,2501165762556636041,"(9, 21)","(32, 33)","(51, 18)",fireproof_button_v1,5000
88,60,0.9,bot4,success,39,17930968916994540990,2501165762556636041,"(9, 21)","(32, 33)","(51, 18)",fireproof_button_v1,5000
88,60,1.0,bot1,success,39,17930968916994540990,2501165762556636041,"(9, 21)","(32, 33)","(51, 18)",fireproof_button_v1,5000
88,60,1.0,bot2,success,39,17930968916994540990,2501165762556636041,"(9, 21)","(32, 33)","(51, 18)",fireproof_button_v1,5000
88,60,1.0,bot3,success,39,17930968916994540990,2501165762556636041,"(9, 21)","(32, 33)","(51, 18)",fireproof_button_v1,5000
88,60,1.0,bot4,success,39,17930968916994540990,2501165762556636041,"(9, 21)","(32, 33)","(51, 18)",fireproof_button_v1,5000
89,60,0.0,bot1,success,34,5586614508782600608,11917931204114149785,"(14, 56)","(1, 37)","(55, 22)",fireproof_button_v1,5000
89,60,0.0,bot2,success,34,5586614508782600608,11917931204114149785,"(14, 56)","(1, 37)","(55, 22)",fireproof_button_v1,5000
89,60,0.0,bot3,success,34,5586614508782600608,11917931204114149785,"(14, 56)","(1, 37)","(55, 22)",fireproof_button_v1,5000
89,60,0.0,bot4,success,34,5586614508782600608,11917931204114149785,"(14, 56)","(1, 37)","(55, 22)",fireproof_button_v1,5000
89,60,0.1,bot1,success,34,5586614508782600608,11917931204114149785,"(14, 56)","(1, 37)","(55, 22)",fireproof_button_v1,5000
89,60,0.1,bot2,success,34,5586614508782600608,11917931204114149785,"(14, 56)","(1, 37)","(55, 22)",fireproof_button_v1,5000
89,60,0.1,bot3,success,34,5586614508782600608,11917931204114149785,"(14, 56)","(1, 37)","(55, 22)",fireproof_button_v1,5000
89,60,0.1,bot4,success,34,5586614508782600608,11917931204114149785,"(14, 56)","(1, 37)","(55, 22)",fireproof_button_v1,5000
89,60,0.2,bot1,success,34,5586614508782600608,11917931204114149785,"(14, 56)","(1, 37)","(55, 22)",fireproof_button_v1,5000
89,60,0.2,bot2,success,34,5586614508782600608,11917931204114149785,"(14, 56)","(1, 37)","(55, 22)",fireproof_button_v1,5000
89,60,0.2,bot3,success,34,5586614508782600608,11917931204114149785,"(14, 56)","(1, 37)","(55, 22)",fireproof_button_v1,5000
89,60,0.2,bot4,success,34,5586614508782600608,11917931204114149785,"(14, 56)","(1, 37)","(55, 22)",fireproof_button_v1,5000
89,60,0.3,bot1,success,34,5586614508782600608,11917931204114149785,"(14, 56)","(1, 37)","(55, 22)",fireproof_button_v1,5000
89,60,0.3,bot2,success,34,5586614508782600608,11917931204114149785,"(14, 56)","(1, 37)","(55, 22)",fireproof_button_v1,5000
89,60,0.3,bot3,success,34,5586614508782600608,11917931204114149785,"(14, 56)","(1, 37)","(55, 22)",fireproof_button_v1,5000
89,60,0.3,bot4,success,34,5586614508782600608,11917931204114149785,"(14, 56)","(1, 37)","(55, 22)",fireproof_button_v1,5000
89,60,0.4,bot1,success,34,5586614508782600608,11917931204114149785,"(14, 56)","(1, 37)","(55, 22)",fireproof_button_v1,5000
89,60,0.4,bot2,success,34,5586614508782600608,11917931204114149785,"(14, 56)","(1, 37)","(55, 22)",fireproof_button_v1,5000
89,60,0.4,bot3,success,34,5586614508782600608,11917931204114149785,"(14, 56)","(1, 37)","(55, 22)",fireproof_button_v1,5000
89,60,0.4,bot4,success,34,5586614508782600608,11917931204114149785,"(14, 56)","(1, 37)","(55, 22)",fireproof_button_v1,5000
89,60,0.5,bot1,success,34,5586614508782600608,11917931204114149785,"(14, 56)","(1, 37)","(55, 22)",fireproof_button_v1,5000
89,60,0.5,bot2,success,34,5586614508782600608,11917931204114149785,"(14, 56)","(1, 37)","(55, 22)",fireproof_button_v1,5000
89,60,0.5,bot3,success,34,5586614508782600608,11917931204114149785,"(14, 56)","(1, 37)","(55, 22)",fireproof_button_v1,5000
89,60,0.5,bot4,success,34,5586614508782600608,11917931204114149785,"(14, 56)","(1, 37)","(55, 22)",fireproof_button_v1,5000
89,60,0.6,bot1,success,34,5586614508782600608,11917931204114149785,"(14, 56)","(1, 37)","(55, 22)",fireproof_button_v1,5000
89,60,0.6,bot2,success,34,5586614508782600608,11917931204114149785,"(14, 56)","(1, 37)","(55, 22)",fireproof_button_v1,5000
89,60,0.6,bot3,success,34,5586614508782600608,11917931204114149785,"(14, 56)","(1, 37)","(55, 22)",fireproof_button_v1,5000
89,60,0.6,bot4,success,34,5586614508782600608,11917931204114149785,"(14, 56)","(1, 37)","(55, 22)",fireproof_button_v1,5000
89,60,0.7,bot1,success,34,5586614508782600608,11917931204114149785,"(14, 56)","(1, 37)","(55, 22)",fireproof_button_v1,5000
89,60,0.7,bot2,success,34,5586614508782600608,11917931204114149785,"(14, 56)","(1, 37)","(55, 22)",fireproof_button_v1,5000
89,60,0.7,bot3,success,34,5586614508782600608,11917931204114149785,"(14, 56)","(1, 37)","(55, 22)",fireproof_button_v1,5000
89,60,0.7,bot4,success,34,5586614508782600608,11917931204114149785,"(14, 56)","(1, 37)","(55, 22)",fireproof_button_v1,5000
89,60,0.8,bot1,success,34,5586614508782600608,11917931204114149785,"(14, 56)","(1, 37)","(55, 22)",fireproof_button_v1,5000
89,60,0.8,bot2,success,34,5586614508782600608,11917931204114149785,"(14, 56)","(1, 37)","(55, 22)",fireproof_button_v1,5000
89,60,0.8,bot3,success,34,5586614508782600608,11917931204114149785,"(14, 56)","(1, 37)","(55, 22)",fireproof_button_v1,5000
89,60,0.8,bot4,success,34,5586614508782600608,11917931204114149785,"(14, 56)","(1, 37)","(55, 22)",fireproof_button_v1,5000
89,60,0.9,bot1,success,34,5586614508782600608,11917931204114149785,"(14, 56)","(1, 37)","(55, 22)",fireproof_button_v1,5000
89,60,0.9,bot2,success,34,5586614508782600608,11917931204114149785,"(14, 56)","(1, 37)","(55, 22)",fireproof_button_v1,5000
89,60,0.9,bot3,success,34,5586614508782600608,11917931204114149785,"(14, 56)","(1, 37)","(55, 22)",fireproof_button_v1,5000
89,60,0.9,bot4,success,34,5586614508782600608,11917931204114149785,"(14, 56)","(1, 37)","(55, 22)",fireproof_button_v1,5000
89,60,1.0,bot1,success,34,5586614508782600608,11917931204114149785,"(14, 56)","(1, 37)","(55, 22)",fireproof_button_v1,5000
89,60,1.0,bot2,success,34,5586614508782600608,11917931204114149785,"(14, 56)","(1, 37)","(55, 22)",fireproof_button_v1,5000
89,60,1.0,bot3,success,34,5586614508782600608,11917931204114149785,"(14, 56)","(1, 37)","(55, 22)",fireproof_button_v1,5000
89,60,1.0,bot4,success,34,5586614508782600608,11917931204114149785,"(14, 56)","(1, 37)","(55, 22)",fireproof_button_v1,5000
90,60,0.0,bot1,success,15,10401990900434668367,772650075119707460,"(18, 44)","(22, 51)","(24, 47)",fireproof_button_v1,5000
90,60,0.0,bot2,success,15,10401990900434668367,772650075119707460,"(18, 44)","(22, 51)","(24, 47)",fireproof_button_v1,5000
90,60,0.0,bot3,success,15,10401990900434668367,772650075119707460,"(18, 44)","(22, 51)","(24, 47)",fireproof_button_v1,5000
90,60,0.0,bot4,success,15,10401990900434668367,772650075119707460,"(18, 44)","(22, 51)","(24, 47)",fireproof_button_v1,5000
90,60,0.1,bot1,success,15,10401990900434668367,772650075119707460,"(18, 44)","(22, 51)","(24, 47)",fireproof_button_v1,5000
90,60,0.1,bot2,success,15,10401990900434668367,772650075119707460,"(18, 44)","(22, 51)","(24, 47)",fireproof_button_v1,5000
90,60,0.1,bot3,success,15,10401990900434668367,772650075119707460,"(18, 44)","(22, 51)","(24, 47)",fireproof_button_v1,5000
90,60,0.1,bot4,success,15,10401990900434668367,772650075119707460,"(18, 44)","(22, 51)","(24, 47)",fireproof_button_v1,5000
90,60,0.2,bot1,success,15,10401990900434668367,772650075119707460,"(18, 44)","(22, 51)","(24, 47)",fireproof_button_v1,5000
90,60,0.2,bot2,success,15,10401990900434668367,772650075119707460,"(18, 44)","(22, 51)","(24, 47)",fireproof_button_v1,5000
90,60,0.2,bot3,success,15,10401990900434668367,772650075119707460,"(18, 44)","(22, 51)","(24, 47)",fireproof_button_v1,5000
90,60,0.2,bot4,success,15,10401990900434668367,772650075119707460,"(18, 44)","(22, 51)","(24, 47)",fireproof_button_v1,5000
90,60,0.3,bot1,success,15,10401990900434668367,772650075119707460,"(18, 44)","(22, 51)","(24, 47)",fireproof_button_v1,5000
90,60,0.3,bot2,success,15,10401990900434668367,772650075119707460,"(18, 44)","(22, 51)","(24, 47)",fireproof_button_v1,5000
90,60,0.3,bot3,success,15,10401990900434668367,772650075119707460,"(18, 44)","(22, 51)","(24, 47)",fireproof_button_v1,5000
90,60,0.3,bot4,success,15,10401990900434668367,772650075119707460,"(18, 44)","(22, 51)","(24, 47)",fireproof_button_v1,5000
90,60,0.4,bot1,burned,13,10401990900434668367,772650075119707460,"(18, 44)","(22, 51)","(24, 47)",fireproof_button_v1,5000
90,60,0.4,bot2,burned,13,10401990900434668367,772650075119707460,"(18, 44)","(22, 51)","(24, 47)",fireproof_button_v1,5000
90,60,0.4,bot3,burned,13,10401990900434668367,772650075119707460,"(18, 44)","(22, 51)","(24, 47)",fireproof_button_v1,5000
90,60,0.4,bot4,burned,13,10401990900434668367,772650075119707460,"(18, 44)","(22, 51)","(24, 47)",fireproof_button_v1,5000
90,60,0.5,bot1,burned,13,10401990900434668367,772650075119707460,"(18, 44)","(22, 51)","(24, 47)",fireproof_button_v1,5000
90,60,0.5,bot2,burned,13,10401990900434668367,772650075119707460,"(18, 44)","(22, 51)","(24, 47)",fireproof_button_v1,5000
90,60,0.5,bot3,burned,13,10401990900434668367,772650075119707460,"(18, 44)","(22, 51)","(24, 47)",fireproof_button_v1,5000
90,60,0.5,bot4,burned,13,10401990900434668367,772650075119707460,"(18, 44)","(22, 51)","(24, 47)",fireproof_button_v1,5000
90,60,0.6,bot1,success,15,10401990900434668367,772650075119707460,"(18, 44)","(22, 51)","(24, 47)",fireproof_button_v1,5000
90,60,0.6,bot2,success,15,10401990900434668367,772650075119707460,"(18, 44)","(22, 51)","(24, 47)",fireproof_button_v1,5000
90,60,0.6,bot3,success,15,10401990900434668367,772650075119707460,"(18, 44)","(22, 51)","(24, 47)",fireproof_button_v1,5000
90,60,0.6,bot4,success,15,10401990900434668367,772650075119707460,"(18, 44)","(22, 51)","(24, 47)",fireproof_button_v1,5000
90,60,0.7,bot1,burned,12,10401990900434668367,772650075119707460,"(18, 44)","(22, 51)","(24, 47)",fireproof_button_v1,5000
90,60,0.7,bot2,burned,14,10401990900434668367,772650075119707460,"(18, 44)","(22, 51)","(24, 47)",fireproof_button_v1,5000
90,60,0.7,bot3,burned,14,10401990900434668367,772650075119707460,"(18, 44)","(22, 51)","(24, 47)",fireproof_button_v1,5000
90,60,0.7,bot4,burned,14,10401990900434668367,772650075119707460,"(18, 44)","(22, 51)","(24, 47)",fireproof_button_v1,5000
90,60,0.8,bot1,burned,11,10401990900434668367,772650075119707460,"(18, 44)","(22, 51)","(24, 47)",fireproof_button_v1,5000
90,60,0.8,bot2,burned,13,10401990900434668367,772650075119707460,"(18, 44)","(22, 51)","(24, 47)",fireproof_button_v1,5000
90,60,0.8,bot3,burned,13,10401990900434668367,772650075119707460,"(18, 44)","(22, 51)","(24, 47)",fireproof_button_v1,5000
90,60,0.8,bot4,burned,13,10401990900434668367,772650075119707460,"(18, 44)","(22, 51)","(24, 47)",fireproof_button_v1,5000
90,60,0.9,bot1,burned,12,10401990900434668367,772650075119707460,"(18, 44)","(22, 51)","(24, 47)",fireproof_button_v1,5000
90,60,0.9,bot2,burned,13,10401990900434668367,772650075119707460,"(18, 44)","(22, 51)","(24, 47)",fireproof_button_v1,5000
90,60,0.9,bot3,burned,13,10401990900434668367,772650075119707460,"(18, 44)","(22, 51)","(24, 47)",fireproof_button_v1,5000
90,60,0.9,bot4,burned,13,10401990900434668367,772650075119707460,"(18, 44)","(22, 51)","(24, 47)",fireproof_button_v1,5000
90,60,1.0,bot1,burned,11,10401990900434668367,772650075119707460,"(18, 44)","(22, 51)","(24, 47)",fireproof_button_v1,5000
90,60,1.0,bot2,burned,11,10401990900434668367,772650075119707460,"(18, 44)","(22, 51)","(24, 47)",fireproof_button_v1,5000
90,60,1.0,bot3,burned,11,10401990900434668367,772650075119707460,"(18, 44)","(22, 51)","(24, 47)",fireproof_button_v1,5000
90,60,1.0,bot4,burned,11,10401990900434668367,772650075119707460,"(18, 44)","(22, 51)","(24, 47)",fireproof_button_v1,5000
91,60,0.0,bot1,success,36,3104518063408638271,5712618820614347175,"(1, 7)","(5, 29)","(58, 59)",fireproof_button_v1,5000
91,60,0.0,bot2,success,36,3104518063408638271,5712618820614347175,"(1, 7)","(5, 29)","(58, 59)",fireproof_button_v1,5000
91,60,0.0,bot3,success,36,3104518063408638271,5712618820614347175,"(1, 7)","(5, 29)","(58, 59)",fireproof_button_v1,5000
91,60,0.0,bot4,success,36,3104518063408638271,5712618820614347175,"(1, 7)","(5, 29)","(58, 59)",fireproof_button_v1,5000
91,60,0.1,bot1,success,36,3104518063408638271,5712618820614347175,"(1, 7)","(5, 29)","(58, 59)",fireproof_button_v1,5000
91,60,0.1,bot2,success,36,3104518063408638271,5712618820614347175,"(1, 7)","(5, 29)","(58, 59)",fireproof_button_v1,5000
91,60,0.1,bot3,success,36,3104518063408638271,5712618820614347175,"(1, 7)","(5, 29)","(58, 59)",fireproof_button_v1,5000
91,60,0.1,bot4,success,36,3104518063408638271,5712618820614347175,"(1, 7)","(5, 29)","(58, 59)",fireproof_button_v1,5000
91,60,0.2,bot1,success,36,3104518063408638271,5712618820614347175,"(1, 7)","(5, 29)","(58, 59)",fireproof_button_v1,5000
91,60,0.2,bot2,success,36,3104518063408638271,5712618820614347175,"(1, 7)","(5, 29)","(58, 59)",fireproof_button_v1,5000
91,60,0.2,bot3,success,36,3104518063408638271,5712618820614347175,"(1, 7)","(5, 29)","(58, 59)",fireproof_button_v1,5000
91,60,0.2,bot4,success,36,3104518063408638271,5712618820614347175,"(1, 7)","(5, 29)","(58, 59)",fireproof_button_v1,5000
91,60,0.3,bot1,success,36,3104518063408638271,5712618820614347175,"(1, 7)","(5, 29)","(58, 59)",fireproof_button_v1,5000
91,60,0.3,bot2,success,36,3104518063408638271,5712618820614347175,"(1, 7)","(5, 29)","(58, 59)",fireproof_button_v1,5000
91,60,0.3,bot3,success,36,3104518063408638271,5712618820614347175,"(1, 7)","(5, 29)","(58, 59)",fireproof_button_v1,5000
91,60,0.3,bot4,success,36,3104518063408638271,5712618820614347175,"(1, 7)","(5, 29)","(58, 59)",fireproof_button_v1,5000
91,60,0.4,bot1,success,36,3104518063408638271,5712618820614347175,"(1, 7)","(5, 29)","(58, 59)",fireproof_button_v1,5000
91,60,0.4,bot2,success,36,3104518063408638271,5712618820614347175,"(1, 7)","(5, 29)","(58, 59)",fireproof_button_v1,5000
91,60,0.4,bot3,success,36,3104518063408638271,5712618820614347175,"(1, 7)","(5, 29)","(58, 59)",fireproof_button_v1,5000
91,60,0.4,bot4,success,36,3104518063408638271,5712618820614347175,"(1, 7)","(5, 29)","(58, 59)",fireproof_button_v1,5000
91,60,0.5,bot1,success,36,3104518063408638271,5712618820614347175,"(1, 7)","(5, 29)","(58, 59)",fireproof_button_v1,5000
91,60,0.5,bot2,success,36,3104518063408638271,5712618820614347175,"(1, 7)","(5, 29)","(58, 59)",fireproof_button_v1,5000
91,60,0.5,bot3,success,36,3104518063408638271,5712618820614347175,"(1, 7)","(5, 29)","(58, 59)",fireproof_button_v1,5000
91,60,0.5,bot4,success,36,3104518063408638271,5712618820614347175,"(1, 7)","(5, 29)","(58, 59)",fireproof_button_v1,5000
91,60,0.6,bot1,success,36,3104518063408638271,5712618820614347175,"(1, 7)","(5, 29)","(58, 59)",fireproof_button_v1,5000
91,60,0.6,bot2,success,36,3104518063408638271,5712618820614347175,"(1, 7)","(5, 29)","(58, 59)",fireproof_button_v1,5000
91,60,0.6,bot3,success,36,3104518063408638271,5712618820614347175,"(1, 7)","(5, 29)","(58, 59)",fireproof_button_v1,5000
91,60,0.6,bot4,success,36,3104518063408638271,5712618820614347175,"(1, 7)","(5, 29)","(58, 59)",fireproof_button_v1,5000
91,60,0.7,bot1,success,36,3104518063408638271,5712618820614347175,"(1, 7)","(5, 29)","(58, 59)",fireproof_button_v1,5000
91,60,0.7,bot2,success,36,3104518063408638271,5712618820614347175,"(1, 7)","(5, 29)","(58, 59)",fireproof_button_v1,5000
91,60,0.7,bot3,success,36,3104518063408638271,5712618820614347175,"(1, 7)","(5, 29)","(58, 59)",fireproof_button_v1,5000
91,60,0.7,bot4,success,36,3104518063408638271,5712618820614347175,"(1, 7)","(5, 29)","(58, 59)",fireproof_button_v1,5000
91,60,0.8,bot1,success,36,3104518063408638271,5712618820614347175,"(1, 7)","(5, 29)","(58, 59)",fireproof_button_v1,5000
91,60,0.8,bot2,success,36,3104518063408638271,5712618820614347175,"(1, 7)","(5, 29)","(58, 59)",fireproof_button_v1,5000
91,60,0.8,bot3,success,36,3104518063408638271,5712618820614347175,"(1, 7)","(5, 29)","(58, 59)",fireproof_button_v1,5000
91,60,0.8,bot4,success,36,3104518063408638271,5712618820614347175,"(1, 7)","(5, 29)","(58, 59)",fireproof_button_v1,5000
91,60,0.9,bot1,success,36,3104518063408638271,5712618820614347175,"(1, 7)","(5, 29)","(58, 59)",fireproof_button_v1,5000
91,60,0.9,bot2,success,36,3104518063408638271,5712618820614347175,"(1, 7)","(5, 29)","(58, 59)",fireproof_button_v1,5000
91,60,0.9,bot3,success,36,3104518063408638271,5712618820614347175,"(1, 7)","(5, 29)","(58, 59)",fireproof_button_v1,5000
91,60,0.9,bot4,success,36,3104518063408638271,5712618820614347175,"(1, 7)","(5, 29)","(58, 59)",fireproof_button_v1,5000
91,60,1.0,bot1,success,36,3104518063408638271,5712618820614347175,"(1, 7)","(5, 29)","(58, 59)",fireproof_button_v1,5000
91,60,1.0,bot2,success,36,3104518063408638271,5712618820614347175,"(1, 7)","(5, 29)","(58, 59)",fireproof_button_v1,5000
91,60,1.0,bot3,success,36,3104518063408638271,5712618820614347175,"(1, 7)","(5, 29)","(58, 59)",fireproof_button_v1,5000
91,60,1.0,bot4,success,36,3104518063408638271,5712618820614347175,"(1, 7)","(5, 29)","(58, 59)",fireproof_button_v1,5000
92,60,0.0,bot1,success,44,8843223649761382335,8593201826706993370,"(47, 54)","(19, 56)","(15, 1)",fireproof_button_v1,5000
92,60,0.0,bot2,success,44,8843223649761382335,8593201826706993370,"(47, 54)","(19, 56)","(15, 1)",fireproof_button_v1,5000
92,60,0.0,bot3,success,44,8843223649761382335,8593201826706993370,"(47, 54)","(19, 56)","(15, 1)",fireproof_button_v1,5000
92,60,0.0,bot4,success,44,8843223649761382335,8593201826706993370,"(47, 54)","(19, 56)","(15, 1)",fireproof_button_v1,5000
92,60,0.1,bot1,success,44,8843223649761382335,8593201826706993370,"(47, 54)","(19, 56)","(15, 1)",fireproof_button_v1,5000
92,60,0.1,bot2,success,44,8843223649761382335,8593201826706993370,"(47, 54)","(19, 56)","(15, 1)",fireproof_button_v1,5000
92,60,0.1,bot3,success,44,8843223649761382335,8593201826706993370,"(47, 54)","(19, 56)","(15, 1)",fireproof_button_v1,5000
92,60,0.1,bot4,success,44,8843223649761382335,8593201826706993370,"(47, 54)","(19, 56)","(15, 1)",fireproof_button_v1,5000
92,60,0.2,bot1,success,44,8843223649761382335,8593201826706993370,"(47, 54)","(19, 56)","(15, 1)",fireproof_button_v1,5000
92,60,0.2,bot2,success,44,8843223649761382335,8593201826706993370,"(47, 54)","(19, 56)","(15, 1)",fireproof_button_v1,5000
92,60,0.2,bot3,success,44,8843223649761382335,8593201826706993370,"(47, 54)","(19, 56)","(15, 1)",fireproof_button_v1,5000
92,60,0.2,bot4,success,44,8843223649761382335,8593201826706993370,"(47, 54)","(19, 56)","(15, 1)",fireproof_button_v1,5000
92,60,0.3,bot1,success,44,8843223649761382335,8593201826706993370,"(47, 54)","(19, 56)","(15, 1)",fireproof_button_v1,5000
92,60,0.3,bot2,success,44,8843223649761382335,8593201826706993370,"(47, 54)","(19, 56)","(15, 1)",fireproof_button_v1,5000
92,60,0.3,bot3,success,44,8843223649761382335,8593201826706993370,"(47, 54)","(19, 56)","(15, 1)",fireproof_button_v1,5000
92,60,0.3,bot4,success,44,8843223649761382335,8593201826706993370,"(47, 54)","(19, 56)","(15, 1)",fireproof_button_v1,5000
92,60,0.4,bot1,success,44,8843223649761382335,8593201826706993370,"(47, 54)","(19, 56)","(15, 1)",fireproof_button_v1,5000
92,60,0.4,bot2,success,44,8843223649761382335,8593201826706993370,"(47, 54)","(19, 56)","(15, 1)",fireproof_button_v1,5000
92,60,0.4,bot3,success,44,8843223649761382335,8593201826706993370,"(47, 54)","(19, 56)","(15, 1)",fireproof_button_v1,5000
92,60,0.4,bot4,success,44,8843223649761382335,8593201826706993370,"(47, 54)","(19, 56)","(15, 1)",fireproof_button_v1,5000
92,60,0.5,bot1,success,44,8843223649761382335,8593201826706993370,"(47, 54)","(19, 56)","(15, 1)",fireproof_button_v1,5000
92,60,0.5,bot2,success,44,8843223649761382335,8593201826706993370,"(47, 54)","(19, 56)","(15, 1)",fireproof_button_v1,5000
92,60,0.5,bot3,success,44,8843223649761382335,8593201826706993370,"(47, 54)","(19, 56)","(15, 1)",fireproof_button_v1,5000
92,60,0.5,bot4,success,44,8843223649761382335,8593201826706993370,"(47, 54)","(19, 56)","(15, 1)",fireproof_button_v1,5000
92,60,0.6,bot1,success,44,8843223649761382335,8593201826706993370,"(47, 54)","(19, 56)","(15, 1)",fireproof_button_v1,5000
92,60,0.6,bot2,success,44,8843223649761382335,8593201826706993370,"(47, 54)","(19, 56)","(15, 1)",fireproof_button_v1,5000
92,60,0.6,bot3,success,44,8843223649761382335,8593201826706993370,"(47, 54)","(19, 56)","(15, 1)",fireproof_button_v1,5000
92,60,0.6,bot4,success,44,8843223649761382335,8593201826706993370,"(47, 54)","(19, 56)","(15, 1)",fireproof_button_v1,5000
92,60,0.7,bot1,success,44,8843223649761382335,8593201826706993370,"(47, 54)","(19, 56)","(15, 1)",fireproof_button_v1,5000
92,60,0.7,bot2,success,44,8843223649761382335,8593201826706993370,"(47, 54)","(19, 56)","(15, 1)",fireproof_button_v1,5000
92,60,0.7,bot3,success,44,8843223649761382335,8593201826706993370,"(47, 54)","(19, 56)","(15, 1)",fireproof_button_v1,5000
92,60,0.7,bot4,success,44,8843223649761382335,8593201826706993370,"(47, 54)","(19, 56)","(15, 1)",fireproof_button_v1,5000
92,60,0.8,bot1,success,44,8843223649761382335,8593201826706993370,"(47, 54)","(19, 56)","(15, 1)",fireproof_button_v1,5000
92,60,0.8,bot2,success,44,8843223649761382335,8593201826706993370,"(47, 54)","(19, 56)","(15, 1)",fireproof_button_v1,5000
92,60,0.8,bot3,success,44,8843223649761382335,8593201826706993370,"(47, 54)","(19, 56)","(15, 1)",fireproof_button_v1,5000
92,60,0.8,bot4,success,44,8843223649761382335,8593201826706993370,"(47, 54)","(19, 56)","(15, 1)",fireproof_button_v1,5000
92,60,0.9,bot1,success,44,8843223649761382335,8593201826706993370,"(47, 54)","(19, 56)","(15, 1)",fireproof_button_v1,5000
92,60,0.9,bot2,success,44,8843223649761382335,8593201826706993370,"(47, 54)","(19, 56)","(15, 1)",fireproof_button_v1,5000
92,60,0.9,bot3,success,44,8843223649761382335,8593201826706993370,"(47, 54)","(19, 56)","(15, 1)",fireproof_button_v1,5000
92,60,0.9,bot4,success,44,8843223649761382335,8593201826706993370,"(47, 54)","(19, 56)","(15, 1)",fireproof_button_v1,5000
92,60,1.0,bot1,success,44,8843223649761382335,8593201826706993370,"(47, 54)","(19, 56)","(15, 1)",fireproof_button_v1,5000
92,60,1.0,bot2,success,44,8843223649761382335,8593201826706993370,"(47, 54)","(19, 56)","(15, 1)",fireproof_button_v1,5000
92,60,1.0,bot3,success,44,8843223649761382335,8593201826706993370,"(47, 54)","(19, 56)","(15, 1)",fireproof_button_v1,5000
92,60,1.0,bot4,success,44,8843223649761382335,8593201826706993370,"(47, 54)","(19, 56)","(15, 1)",fireproof_button_v1,5000
93,60,0.0,bot1,success,53,8707344339461757806,1829640659831509256,"(55, 30)","(27, 43)","(31, 20)",fireproof_button_v1,5000
93,60,0.0,bot2,success,53,8707344339461757806,1829640659831509256,"(55, 30)","(27, 43)","(31, 20)",fireproof_button_v1,5000
93,60,0.0,bot3,success,53,8707344339461757806,1829640659831509256,"(55, 30)","(27, 43)","(31, 20)",fireproof_button_v1,5000
93,60,0.0,bot4,success,53,8707344339461757806,1829640659831509256,"(55, 30)","(27, 43)","(31, 20)",fireproof_button_v1,5000
93,60,0.1,bot1,success,53,8707344339461757806,1829640659831509256,"(55, 30)","(27, 43)","(31, 20)",fireproof_button_v1,5000
93,60,0.1,bot2,success,53,8707344339461757806,1829640659831509256,"(55, 30)","(27, 43)","(31, 20)",fireproof_button_v1,5000
93,60,0.1,bot3,success,53,8707344339461757806,1829640659831509256,"(55, 30)","(27, 43)","(31, 20)",fireproof_button_v1,5000
93,60,0.1,bot4,success,53,8707344339461757806,1829640659831509256,"(55, 30)","(27, 43)","(31, 20)",fireproof_button_v1,5000
93,60,0.2,bot1,success,53,8707344339461757806,1829640659831509256,"(55, 30)","(27, 43)","(31, 20)",fireproof_button_v1,5000
93,60,0.2,bot2,success,53,8707344339461757806,1829640659831509256,"(55, 30)","(27, 43)","(31, 20)",fireproof_button_v1,5000
93,60,0.2,bot3,success,53,8707344339461757806,1829640659831509256,"(55, 30)","(27, 43)","(31, 20)",fireproof_button_v1,5000
93,60,0.2,bot4,success,53,8707344339461757806,1829640659831509256,"(55, 30)","(27, 43)","(31, 20)",fireproof_button_v1,5000
93,60,0.3,bot1,success,53,8707344339461757806,1829640659831509256,"(55, 30)","(27, 43)","(31, 20)",fireproof_button_v1,5000
93,60,0.3,bot2,success,53,8707344339461757806,1829640659831509256,"(55, 30)","(27, 43)","(31, 20)",fireproof_button_v1,5000
93,60,0.3,bot3,success,53,8707344339461757806,1829640659831509256,"(55, 30)","(27, 43)","(31, 20)",fireproof_button_v1,5000
93,60,0.3,bot4,success,53,8707344339461757806,1829640659831509256,"(55, 30)","(27, 43)","(31, 20)",fireproof_button_v1,5000
93,60,0.4,bot1,success,53,8707344339461757806,1829640659831509256,"(55, 30)","(27, 43)","(31, 20)",fireproof_button_v1,5000
93,60,0.4,bot2,success,53,8707344339461757806,1829640659831509256,"(55, 30)","(27, 43)","(31, 20)",fireproof_button_v1,5000
93,60,0.4,bot3,success,53,8707344339461757806,1829640659831509256,"(55, 30)","(27, 43)","(31, 20)",fireproof_button_v1,5000
93,60,0.4,bot4,success,53,8707344339461757806,1829640659831509256,"(55, 30)","(27, 43)","(31, 20)",fireproof_button_v1,5000
93,60,0.5,bot1,success,53,8707344339461757806,1829640659831509256,"(55, 30)","(27, 43)","(31, 20)",fireproof_button_v1,5000
93,60,0.5,bot2,success,53,8707344339461757806,1829640659831509256,"(55, 30)","(27, 43)","(31, 20)",fireproof_button_v1,5000
93,60,0.5,bot3,success,53,8707344339461757806,1829640659831509256,"(55, 30)","(27, 43)","(31, 20)",fireproof_button_v1,5000
93,60,0.5,bot4,success,53,8707344339461757806,1829640659831509256,"(55, 30)","(27, 43)","(31, 20)",fireproof_button_v1,5000
93,60,0.6,bot1,burned,50,8707344339461757806,1829640659831509256,"(55, 30)","(27, 43)","(31, 20)",fireproof_button_v1,5000
93,60,0.6,bot2,burned,54,8707344339461757806,1829640659831509256,"(55, 30)","(27, 43)","(31, 20)",fireproof_button_v1,5000
93,60,0.6,bot3,burned,55,8707344339461757806,1829640659831509256,"(55, 30)","(27, 43)","(31, 20)",fireproof_button_v1,5000
93,60,0.6,bot4,burned,55,8707344339461757806,1829640659831509256,"(55, 30)","(27, 43)","(31, 20)",fireproof_button_v1,5000
93,60,0.7,bot1,burned,31,8707344339461757806,1829640659831509256,"(55, 30)","(27, 43)","(31, 20)",fireproof_button_v1,5000
93,60,0.7,bot2,burned,46,8707344339461757806,1829640659831509256,"(55, 30)","(27, 43)","(31, 20)",fireproof_button_v1,5000
93,60,0.7,bot3,burned,47,8707344339461757806,1829640659831509256,"(55, 30)","(27, 43)","(31, 20)",fireproof_button_v1,5000
93,60,0.7,bot4,burned,46,8707344339461757806,1829640659831509256,"(55, 30)","(27, 43)","(31, 20)",fireproof_button_v1,5000
93,60,0.8,bot1,burned,31,8707344339461757806,1829640659831509256,"(55, 30)","(27, 43)","(31, 20)",fireproof_button_v1,5000
93,60,0.8,bot2,burned,43,8707344339461757806,1829640659831509256,"(55, 30)","(27, 43)","(31, 20)",fireproof_button_v1,5000
93,60,0.8,bot3,burned,44,8707344339461757806,1829640659831509256,"(55, 30)","(27, 43)","(31, 20)",fireproof_button_v1,5000
93,60,0.8,bot4,burned,43,8707344339461757806,1829640659831509256,"(55, 30)","(27, 43)","(31, 20)",fireproof_button_v1,5000
93,60,0.9,bot1,burned,31,8707344339461757806,1829640659831509256,"(55, 30)","(27, 43)","(31, 20)",fireproof_button_v1,5000
93,60,0.9,bot2,burned,37,8707344339461757806,1829640659831509256,"(55, 30)","(27, 43)","(31, 20)",fireproof_button_v1,5000
93,60,0.9,bot3,burned,38,8707344339461757806,1829640659831509256,"(55, 30)","(27, 43)","(31, 20)",fireproof_button_v1,5000
93,60,0.9,bot4,burned,37,8707344339461757806,1829640659831509256,"(55, 30)","(27, 43)","(31, 20)",fireproof_button_v1,5000
93,60,1.0,bot1,burned,29,8707344339461757806,1829640659831509256,"(55, 30)","(27, 43)","(31, 20)",fireproof_button_v1,5000
93,60,1.0,bot2,burned,29,8707344339461757806,1829640659831509256,"(55, 30)","(27, 43)","(31, 20)",fireproof_button_v1,5000
93,60,1.0,bot3,burned,31,8707344339461757806,1829640659831509256,"(55, 30)","(27, 43)","(31, 20)",fireproof_button_v1,5000
93,60,1.0,bot4,burned,29,8707344339461757806,1829640659831509256,"(55, 30)","(27, 43)","(31, 20)",fireproof_button_v1,5000
94,60,0.0,bot1,success,21,15746561070211369333,12426120980271393838,"(23, 58)","(35, 55)","(50, 8)",fireproof_button_v1,5000
94,60,0.0,bot2,success,21,15746561070211369333,12426120980271393838,"(23, 58)","(35, 55)","(50, 8)",fireproof_button_v1,5000
94,60,0.0,bot3,success,21,15746561070211369333,12426120980271393838,"(23, 58)","(35, 55)","(50, 8)",fireproof_button_v1,5000
94,60,0.0,bot4,success,21,15746561070211369333,12426120980271393838,"(23, 58)","(35, 55)","(50, 8)",fireproof_button_v1,5000
94,60,0.1,bot1,success,21,15746561070211369333,12426120980271393838,"(23, 58)","(35, 55)","(50, 8)",fireproof_button_v1,5000
94,60,0.1,bot2,success,21,15746561070211369333,12426120980271393838,"(23, 58)","(35, 55)","(50, 8)",fireproof_button_v1,5000
94,60,0.1,bot3,success,21,15746561070211369333,12426120980271393838,"(23, 58)","(35, 55)","(50, 8)",fireproof_button_v1,5000
94,60,0.1,bot4,success,21,15746561070211369333,12426120980271393838,"(23, 58)","(35, 55)","(50, 8)",fireproof_button_v1,5000
94,60,0.2,bot1,success,21,15746561070211369333,12426120980271393838,"(23, 58)","(35, 55)","(50, 8)",fireproof_button_v1,5000
94,60,0.2,bot2,success,21,15746561070211369333,12426120980271393838,"(23, 58)","(35, 55)","(50, 8)",fireproof_button_v1,5000
94,60,0.2,bot3,success,21,15746561070211369333,12426120980271393838,"(23, 58)","(35, 55)","(50, 8)",fireproof_button_v1,5000
94,60,0.2,bot4,success,21,15746561070211369333,12426120980271393838,"(23, 58)","(35, 55)","(50, 8)",fireproof_button_v1,5000
94,60,0.3,bot1,success,21,15746561070211369333,12426120980271393838,"(23, 58)","(35, 55)","(50, 8)",fireproof_button_v1,5000
94,60,0.3,bot2,success,21,15746561070211369333,12426120980271393838,"(23, 58)","(35, 55)","(50, 8)",fireproof_button_v1,5000
94,60,0.3,bot3,success,21,15746561070211369333,12426120980271393838,"(23, 58)","(35, 55)","(50, 8)",fireproof_button_v1,5000
94,60,0.3,bot4,success,21,15746561070211369333,12426120980271393838,"(23, 58)","(35, 55)","(50, 8)",fireproof_button_v1,5000
94,60,0.4,bot1,success,21,15746561070211369333,12426120980271393838,"(23, 58)","(35, 55)","(50, 8)",fireproof_button_v1,5000
94,60,0.4,bot2,success,21,15746561070211369333,12426120980271393838,"(23, 58)","(35, 55)","(50, 8)",fireproof_button_v1,5000
94,60,0.4,bot3,success,21,15746561070211369333,12426120980271393838,"(23, 58)","(35, 55)","(50, 8)",fireproof_button_v1,5000
94,60,0.4,bot4,success,21,15746561070211369333,12426120980271393838,"(23, 58)","(35, 55)","(50, 8)",fireproof_button_v1,5000
94,60,0.5,bot1,success,21,15746561070211369333,12426120980271393838,"(23, 58)","(35, 55)","(50, 8)",fireproof_button_v1,5000
94,60,0.5,bot2,success,21,15746561070211369333,12426120980271393838,"(23, 58)","(35, 55)","(50, 8)",fireproof_button_v1,5000
94,60,0.5,bot3,success,21,15746561070211369333,12426120980271393838,"(23, 58)","(35, 55)","(50, 8)",fireproof_button_v1,5000
94,60,0.5,bot4,success,21,15746561070211369333,12426120980271393838,"(23, 58)","(35, 55)","(50, 8)",fireproof_button_v1,5000
94,60,0.6,bot1,success,21,15746561070211369333,12426120980271393838,"(23, 58)","(35, 55)","(50, 8)",fireproof_button_v1,5000
94,60,0.6,bot2,success,21,15746561070211369333,12426120980271393838,"(23, 58)","(35, 55)","(50, 8)",fireproof_button_v1,5000
94,60,0.6,bot3,success,21,15746561070211369333,12426120980271393838,"(23, 58)","(35, 55)","(50, 8)",fireproof_button_v1,5000
94,60,0.6,bot4,success,21,15746561070211369333,12426120980271393838,"(23, 58)","(35, 55)","(50, 8)",fireproof_button_v1,5000
94,60,0.7,bot1,success,21,15746561070211369333,12426120980271393838,"(23, 58)","(35, 55)","(50, 8)",fireproof_button_v1,5000
94,60,0.7,bot2,success,21,15746561070211369333,12426120980271393838,"(23, 58)","(35, 55)","(50, 8)",fireproof_button_v1,5000
94,60,0.7,bot3,success,21,15746561070211369333,12426120980271393838,"(23, 58)","(35, 55)","(50, 8)",fireproof_button_v1,5000
94,60,0.7,bot4,success,21,15746561070211369333,12426120980271393838,"(23, 58)","(35, 55)","(50, 8)",fireproof_button_v1,5000
94,60,0.8,bot1,success,21,15746561070211369333,12426120980271393838,"(23, 58)","(35, 55)","(50, 8)",fireproof_button_v1,5000
94,60,0.8,bot2,success,21,15746561070211369333,12426120980271393838,"(23, 58)","(35, 55)","(50, 8)",fireproof_button_v1,5000
94,60,0.8,bot3,success,21,15746561070211369333,12426120980271393838,"(23, 58)","(35, 55)","(50, 8)",fireproof_button_v1,5000
94,60,0.8,bot4,success,21,15746561070211369333,12426120980271393838,"(23, 58)","(35, 55)","(50, 8)",fireproof_button_v1,5000
94,60,0.9,bot1,success,21,15746561070211369333,12426120980271393838,"(23, 58)","(35, 55)","(50, 8)",fireproof_button_v1,5000
94,60,0.9,bot2,success,21,15746561070211369333,12426120980271393838,"(23, 58)","(35, 55)","(50, 8)",fireproof_button_v1,5000
94,60,0.9,bot3,success,21,15746561070211369333,12426120980271393838,"(23, 58)","(35, 55)","(50, 8)",fireproof_button_v1,5000
94,60,0.9,bot4,success,21,15746561070211369333,12426120980271393838,"(23, 58)","(35, 55)","(50, 8)",fireproof_button_v1,5000
94,60,1.0,bot1,success,21,15746561070211369333,12426120980271393838,"(23, 58)","(35, 55)","(50, 8)",fireproof_button_v1,5000
94,60,1.0,bot2,success,21,15746561070211369333,12426120980271393838,"(23, 58)","(35, 55)","(50, 8)",fireproof_button_v1,5000
94,60,1.0,bot3,success,21,15746561070211369333,12426120980271393838,"(23, 58)","(35, 55)","(50, 8)",fireproof_button_v1,5000
94,60,1.0,bot4,success,21,15746561070211369333,12426120980271393838,"(23, 58)","(35, 55)","(50, 8)",fireproof_button_v1,5000
95,60,0.0,bot1,success,28,12007112354501134117,15720586598597187797,"(30, 18)","(11, 15)","(2, 4)",fireproof_button_v1,5000
95,60,0.0,bot2,success,28,12007112354501134117,15720586598597187797,"(30, 18)","(11, 15)","(2, 4)",fireproof_button_v1,5000
95,60,0.0,bot3,success,28,12007112354501134117,15720586598597187797,"(30, 18)","(11, 15)","(2, 4)",fireproof_button_v1,5000
95,60,0.0,bot4,success,28,12007112354501134117,15720586598597187797,"(30, 18)","(11, 15)","(2, 4)",fireproof_button_v1,5000
95,60,0.1,bot1,success,28,12007112354501134117,15720586598597187797,"(30, 18)","(11, 15)","(2, 4)",fireproof_button_v1,5000
95,60,0.1,bot2,success,28,12007112354501134117,15720586598597187797,"(30, 18)","(11, 15)","(2, 4)",fireproof_button_v1,5000
95,60,0.1,bot3,success,28,12007112354501134117,15720586598597187797,"(30, 18)","(11, 15)","(2, 4)",fireproof_button_v1,5000
95,60,0.1,bot4,success,28,12007112354501134117,15720586598597187797,"(30, 18)","(11, 15)","(2, 4)",fireproof_button_v1,5000
95,60,0.2,bot1,success,28,12007112354501134117,15720586598597187797,"(30, 18)","(11, 15)","(2, 4)",fireproof_button_v1,5000
95,60,0.2,bot2,success,28,12007112354501134117,15720586598597187797,"(30, 18)","(11, 15)","(2, 4)",fireproof_button_v1,5000
95,60,0.2,bot3,success,28,12007112354501134117,15720586598597187797,"(30, 18)","(11, 15)","(2, 4)",fireproof_button_v1,5000
95,60,0.2,bot4,success,28,12007112354501134117,15720586598597187797,"(30, 18)","(11, 15)","(2, 4)",fireproof_button_v1,5000
95,60,0.3,bot1,success,28,12007112354501134117,15720586598597187797,"(30, 18)","(11, 15)","(2, 4)",fireproof_button_v1,5000
95,60,0.3,bot2,success,28,12007112354501134117,15720586598597187797,"(30, 18)","(11, 15)","(2, 4)",fireproof_button_v1,5000
95,60,0.3,bot3,success,28,12007112354501134117,15720586598597187797,"(30, 18)","(11, 15)","(2, 4)",fireproof_button_v1,5000
95,60,0.3,bot4,success,28,12007112354501134117,15720586598597187797,"(30, 18)","(11, 15)","(2, 4)",fireproof_button_v1,5000
95,60,0.4,bot1,success,28,12007112354501134117,15720586598597187797,"(30, 18)","(11, 15)","(2, 4)",fireproof_button_v1,5000
95,60,0.4,bot2,success,28,12007112354501134117,15720586598597187797,"(30, 18)","(11, 15)","(2, 4)",fireproof_button_v1,5000
95,60,0.4,bot3,success,28,12007112354501134117,15720586598597187797,"(30, 18)","(11, 15)","(2, 4)",fireproof_button_v1,5000
95,60,0.4,bot4,success,28,12007112354501134117,15720586598597187797,"(30, 18)","(11, 15)","(2, 4)",fireproof_button_v1,5000
95,60,0.5,bot1,success,28,12007112354501134117,15720586598597187797,"(30, 18)","(11, 15)","(2, 4)",fireproof_button_v1,5000
95,60,0.5,bot2,success,28,12007112354501134117,15720586598597187797,"(30, 18)","(11, 15)","(2, 4)",fireproof_button_v1,5000
95,60,0.5,bot3,success,28,12007112354501134117,15720586598597187797,"(30, 18)","(11, 15)","(2, 4)",fireproof_button_v1,5000
95,60,0.5,bot4,success,28,12007112354501134117,15720586598597187797,"(30, 18)","(11, 15)","(2, 4)",fireproof_button_v1,5000
95,60,0.6,bot1,success,28,12007112354501134117,15720586598597187797,"(30, 18)","(11, 15)","(2, 4)",fireproof_button_v1,5000
95,60,0.6,bot2,success,28,12007112354501134117,15720586598597187797,"(30, 18)","(11, 15)","(2, 4)",fireproof_button_v1,5000
95,60,0.6,bot3,success,28,12007112354501134117,15720586598597187797,"(30, 18)","(11, 15)","(2, 4)",fireproof_button_v1,5000
95,60,0.6,bot4,success,28,12007112354501134117,15720586598597187797,"(30, 18)","(11, 15)","(2, 4)",fireproof_button_v1,5000
95,60,0.7,bot1,success,28,12007112354501134117,15720586598597187797,"(30, 18)","(11, 15)","(2, 4)",fireproof_button_v1,5000
95,60,0.7,bot2,success,28,12007112354501134117,15720586598597187797,"(30, 18)","(11, 15)","(2, 4)",fireproof_button_v1,5000
95,60,0.7,bot3,success,28,12007112354501134117,15720586598597187797,"(30, 18)","(11, 15)","(2, 4)",fireproof_button_v1,5000
95,60,0.7,bot4,success,28,12007112354501134117,15720586598597187797,"(30, 18)","(11, 15)","(2, 4)",fireproof_button_v1,5000
95,60,0.8,bot1,success,28,12007112354501134117,15720586598597187797,"(30, 18)","(11, 15)","(2, 4)",fireproof_button_v1,5000
95,60,0.8,bot2,success,28,12007112354501134117,15720586598597187797,"(30, 18)","(11, 15)","(2, 4)",fireproof_button_v1,5000
95,60,0.8,bot3,success,28,12007112354501134117,15720586598597187797,"(30, 18)","(11, 15)","(2, 4)",fireproof_button_v1,5000
95,60,0.8,bot4,success,28,12007112354501134117,15720586598597187797,"(30, 18)","(11, 15)","(2, 4)",fireproof_button_v1,5000
95,60,0.9,bot1,success,28,12007112354501134117,15720586598597187797,"(30, 18)","(11, 15)","(2, 4)",fireproof_button_v1,5000
95,60,0.9,bot2,success,28,12007112354501134117,15720586598597187797,"(30, 18)","(11, 15)","(2, 4)",fireproof_button_v1,5000
95,60,0.9,bot3,success,28,12007112354501134117,15720586598597187797,"(30, 18)","(11, 15)","(2, 4)",fireproof_button_v1,5000
95,60,0.9,bot4,success,28,12007112354501134117,15720586598597187797,"(30, 18)","(11, 15)","(2, 4)",fireproof_button_v1,5000
95,60,1.0,bot1,success,28,12007112354501134117,15720586598597187797,"(30, 18)","(11, 15)","(2, 4)",fireproof_button_v1,5000
95,60,1.0,bot2,success,28,12007112354501134117,15720586598597187797,"(30, 18)","(11, 15)","(2, 4)",fireproof_button_v1,5000
95,60,1.0,bot3,success,28,12007112354501134117,15720586598597187797,"(30, 18)","(11, 15)","(2, 4)",fireproof_button_v1,5000
95,60,1.0,bot4,success,28,12007112354501134117,15720586598597187797,"(30, 18)","(11, 15)","(2, 4)",fireproof_button_v1,5000
96,60,0.0,bot1,success,43,1755644247936875542,6689839285349005845,"(33, 54)","(6, 48)","(57, 2)",fireproof_button_v1,5000
96,60,0.0,bot2,success,43,1755644247936875542,6689839285349005845,"(33, 54)","(6, 48)","(57, 2)",fireproof_button_v1,5000
96,60,0.0,bot3,success,43,1755644247936875542,6689839285349005845,"(33, 54)","(6, 48)","(57, 2)",fireproof_button_v1,5000
96,60,0.0,bot4,success,43,1755644247936875542,6689839285349005845,"(33, 54)","(6, 48)","(57, 2)",fireproof_button_v1,5000
96,60,0.1,bot1,success,43,1755644247936875542,6689839285349005845,"(33, 54)","(6, 48)","(57, 2)",fireproof_button_v1,5000
96,60,0.1,bot2,success,43,1755644247936875542,6689839285349005845,"(33, 54)","(6, 48)","(57, 2)",fireproof_button_v1,5000
96,60,0.1,bot3,success,43,1755644247936875542,6689839285349005845,"(33, 54)","(6, 48)","(57, 2)",fireproof_button_v1,5000
96,60,0.1,bot4,success,43,1755644247936875542,6689839285349005845,"(33, 54)","(6, 48)","(57, 2)",fireproof_button_v1,5000
96,60,0.2,bot1,success,43,1755644247936875542,6689839285349005845,"(33, 54)","(6, 48)","(57, 2)",fireproof_button_v1,5000
96,60,0.2,bot2,success,43,1755644247936875542,6689839285349005845,"(33, 54)","(6, 48)","(57, 2)",fireproof_button_v1,5000
96,60,0.2,bot3,success,43,1755644247936875542,6689839285349005845,"(33, 54)","(6, 48)","(57, 2)",fireproof_button_v1,5000
96,60,0.2,bot4,success,43,1755644247936875542,6689839285349005845,"(33, 54)","(6, 48)","(57, 2)",fireproof_button_v1,5000
96,60,0.3,bot1,success,43,1755644247936875542,6689839285349005845,"(33, 54)","(6, 48)","(57, 2)",fireproof_button_v1,5000
96,60,0.3,bot2,success,43,1755644247936875542,6689839285349005845,"(33, 54)","(6, 48)","(57, 2)",fireproof_button_v1,5000
96,60,0.3,bot3,success,43,1755644247936875542,6689839285349005845,"(33, 54)","(6, 48)","(57, 2)",fireproof_button_v1,5000
96,60,0.3,bot4,success,43,1755644247936875542,6689839285349005845,"(33, 54)","(6, 48)","(57, 2)",fireproof_button_v1,5000
96,60,0.4,bot1,success,43,1755644247936875542,6689839285349005845,"(33, 54)","(6, 48)","(57, 2)",fireproof_button_v1,5000
96,60,0.4,bot2,success,43,1755644247936875542,6689839285349005845,"(33, 54)","(6, 48)","(57, 2)",fireproof_button_v1,5000
96,60,0.4,bot3,success,43,1755644247936875542,6689839285349005845,"(33, 54)","(6, 48)","(57, 2)",fireproof_button_v1,5000
96,60,0.4,bot4,success,43,1755644247936875542,6689839285349005845,"(33, 54)","(6, 48)","(57, 2)",fireproof_button_v1,5000
96,60,0.5,bot1,success,43,1755644247936875542,6689839285349005845,"(33, 54)","(6, 48)","(57, 2)",fireproof_button_v1,5000
96,60,0.5,bot2,success,43,1755644247936875542,6689839285349005845,"(33, 54)","(6, 48)","(57, 2)",fireproof_button_v1,5000
96,60,0.5,bot3,success,43,1755644247936875542,6689839285349005845,"(33, 54)","(6, 48)","(57, 2)",fireproof_button_v1,5000
96,60,0.5,bot4,success,43,1755644247936875542,6689839285349005845,"(33, 54)","(6, 48)","(57, 2)",fireproof_button_v1,5000
96,60,0.6,bot1,success,43,1755644247936875542,6689839285349005845,"(33, 54)","(6, 48)","(57, 2)",fireproof_button_v1,5000
96,60,0.6,bot2,success,43,1755644247936875542,6689839285349005845,"(33, 54)","(6, 48)","(57, 2)",fireproof_button_v1,5000
96,60,0.6,bot3,success,43,1755644247936875542,6689839285349005845,"(33, 54)","(6, 48)","(57, 2)",fireproof_button_v1,5000
96,60,0.6,bot4,success,43,1755644247936875542,6689839285349005845,"(33, 54)","(6, 48)","(57, 2)",fireproof_button_v1,5000
96,60,0.7,bot1,success,43,1755644247936875542,6689839285349005845,"(33, 54)","(6, 48)","(57, 2)",fireproof_button_v1,5000
96,60,0.7,bot2,success,43,1755644247936875542,6689839285349005845,"(33, 54)","(6, 48)","(57, 2)",fireproof_button_v1,5000
96,60,0.7,bot3,success,43,1755644247936875542,6689839285349005845,"(33, 54)","(6, 48)","(57, 2)",fireproof_button_v1,5000
96,60,0.7,bot4,success,43,1755644247936875542,6689839285349005845,"(33, 54)","(6, 48)","(57, 2)",fireproof_button_v1,5000
96,60,0.8,bot1,success,43,1755644247936875542,6689839285349005845,"(33, 54)","(6, 48)","(57, 2)",fireproof_button_v1,5000
96,60,0.8,bot2,success,43,1755644247936875542,6689839285349005845,"(33, 54)","(6, 48)","(57, 2)",fireproof_button_v1,5000
96,60,0.8,bot3,success,43,1755644247936875542,6689839285349005845,"(33, 54)","(6, 48)","(57, 2)",fireproof_button_v1,5000
96,60,0.8,bot4,success,43,1755644247936875542,6689839285349005845,"(33, 54)","(6, 48)","(57, 2)",fireproof_button_v1,5000
96,60,0.9,bot1,success,43,1755644247936875542,6689839285349005845,"(33, 54)","(6, 48)","(57, 2)",fireproof_button_v1,5000
96,60,0.9,bot2,success,43,1755644247936875542,6689839285349005845,"(33, 54)","(6, 48)","(57, 2)",fireproof_button_v1,5000
96,60,0.9,bot3,success,43,1755644247936875542,6689839285349005845,"(33, 54)","(6, 48)","(57, 2)",fireproof_button_v1,5000
96,60,0.9,bot4,success,43,1755644247936875542,6689839285349005845,"(33, 54)","(6, 48)","(57, 2)",fireproof_button_v1,5000
96,60,1.0,bot1,success,43,1755644247936875542,6689839285349005845,"(33, 54)","(6, 48)","(57, 2)",fireproof_button_v1,5000
96,60,1.0,bot2,success,43,1755644247936875542,6689839285349005845,"(33, 54)","(6, 48)","(57, 2)",fireproof_button_v1,5000
96,60,1.0,bot3,success,43,1755644247936875542,6689839285349005845,"(33, 54)","(6, 48)","(57, 2)",fireproof_button_v1,5000
96,60,1.0,bot4,success,43,1755644247936875542,6689839285349005845,"(33, 54)","(6, 48)","(57, 2)",fireproof_button_v1,5000
97,60,0.0,bot1,success,46,3675956103230624859,2812586664632574595,"(26, 37)","(51, 56)","(32, 57)",fireproof_button_v1,5000
97,60,0.0,bot2,success,46,3675956103230624859,2812586664632574595,"(26, 37)","(51, 56)","(32, 57)",fireproof_button_v1,5000
97,60,0.0,bot3,success,46,3675956103230624859,2812586664632574595,"(26, 37)","(51, 56)","(32, 57)",fireproof_button_v1,5000
97,60,0.0,bot4,success,46,3675956103230624859,2812586664632574595,"(26, 37)","(51, 56)","(32, 57)",fireproof_button_v1,5000
97,60,0.1,bot1,success,46,3675956103230624859,2812586664632574595,"(26, 37)","(51, 56)","(32, 57)",fireproof_button_v1,5000
97,60,0.1,bot2,success,46,3675956103230624859,2812586664632574595,"(26, 37)","(51, 56)","(32, 57)",fireproof_button_v1,5000
97,60,0.1,bot3,success,46,3675956103230624859,2812586664632574595,"(26, 37)","(51, 56)","(32, 57)",fireproof_button_v1,5000
97,60,0.1,bot4,success,48,3675956103230624859,2812586664632574595,"(26, 37)","(51, 56)","(32, 57)",fireproof_button_v1,5000
97,60,0.2,bot1,success,46,3675956103230624859,2812586664632574595,"(26, 37)","(51, 56)","(32, 57)",fireproof_button_v1,5000
97,60,0.2,bot2,success,46,3675956103230624859,2812586664632574595,"(26, 37)","(51, 56)","(32, 57)",fireproof_button_v1,5000
97,60,0.2,bot3,success,46,3675956103230624859,2812586664632574595,"(26, 37)","(51, 56)","(32, 57)",fireproof_button_v1,5000
97,60,0.2,bot4,success,48,3675956103230624859,2812586664632574595,"(26, 37)","(51, 56)","(32, 57)",fireproof_button_v1,5000
97,60,0.3,bot1,success,46,3675956103230624859,2812586664632574595,"(26, 37)","(51, 56)","(32, 57)",fireproof_button_v1,5000
97,60,0.3,bot2,success,46,3675956103230624859,2812586664632574595,"(26, 37)","(51, 56)","(32, 57)",fireproof_button_v1,5000
97,60,0.3,bot3,success,46,3675956103230624859,2812586664632574595,"(26, 37)","(51, 56)","(32, 57)",fireproof_button_v1,5000
97,60,0.3,bot4,success,48,3675956103230624859,2812586664632574595,"(26, 37)","(51, 56)","(32, 57)",fireproof_button_v1,5000
97,60,0.4,bot1,success,46,3675956103230624859,2812586664632574595,"(26, 37)","(51, 56)","(32, 57)",fireproof_button_v1,5000
97,60,0.4,bot2,success,46,3675956103230624859,2812586664632574595,"(26, 37)","(51, 56)","(32, 57)",fireproof_button_v1,5000
97,60,0.4,bot3,success,46,3675956103230624859,2812586664632574595,"(26, 37)","(51, 56)","(32, 57)",fireproof_button_v1,5000
97,60,0.4,bot4,success,48,3675956103230624859,2812586664632574595,"(26, 37)","(51, 56)","(32, 57)",fireproof_button_v1,5000
97,60,0.5,bot1,burned,40,3675956103230624859,2812586664632574595,"(26, 37)","(51, 56)","(32, 57)",fireproof_button_v1,5000
97,60,0.5,bot2,burned,66,3675956103230624859,2812586664632574595,"(26, 37)","(51, 56)","(32, 57)",fireproof_button_v1,5000
97,60,0.5,bot3,burned,66,3675956103230624859,2812586664632574595,"(26, 37)","(51, 56)","(32, 57)",fireproof_button_v1,5000
97,60,0.5,bot4,success,48,3675956103230624859,2812586664632574595,"(26, 37)","(51, 56)","(32, 57)",fireproof_button_v1,5000
97,60,0.6,bot1,burned,29,3675956103230624859,2812586664632574595,"(26, 37)","(51, 56)","(32, 57)",fireproof_button_v1,5000
97,60,0.6,bot2,burned,48,3675956103230624859,2812586664632574595,"(26, 37)","(51, 56)","(32, 57)",fireproof_button_v1,5000
97,60,0.6,bot3,burned,48,3675956103230624859,2812586664632574595,"(26, 37)","(51, 56)","(32, 57)",fireproof_button_v1,5000
97,60,0.6,bot4,burned,48,3675956103230624859,2812586664632574595,"(26, 37)","(51, 56)","(32, 57)",fireproof_button_v1,5000
97,60,0.7,bot1,burned,28,3675956103230624859,2812586664632574595,"(26, 37)","(51, 56)","(32, 57)",fireproof_button_v1,5000
97,60,0.7,bot2,burned,44,3675956103230624859,2812586664632574595,"(26, 37)","(51, 56)","(32, 57)",fireproof_button_v1,5000
97,60,0.7,bot3,burned,44,3675956103230624859,2812586664632574595,"(26, 37)","(51, 56)","(32, 57)",fireproof_button_v1,5000
97,60,0.7,bot4,burned,44,3675956103230624859,2812586664632574595,"(26, 37)","(51, 56)","(32, 57)",fireproof_button_v1,5000
97,60,0.8,bot1,burned,27,3675956103230624859,2812586664632574595,"(26, 37)","(51, 56)","(32, 57)",fireproof_button_v1,5000
97,60,0.8,bot2,burned,34,3675956103230624859,2812586664632574595,"(26, 37)","(51, 56)","(32, 57)",fireproof_button_v1,5000
97,60,0.8,bot3,burned,40,3675956103230624859,2812586664632574595,"(26, 37)","(51, 56)","(32, 57)",fireproof_button_v1,5000
97,60,0.8,bot4,burned,34,3675956103230624859,2812586664632574595,"(26, 37)","(51, 56)","(32, 57)",fireproof_button_v1,5000
97,60,0.9,bot1,burned,22,3675956103230624859,2812586664632574595,"(26, 37)","(51, 56)","(32, 57)",fireproof_button_v1,5000
97,60,0.9,bot2,burned,23,3675956103230624859,2812586664632574595,"(26, 37)","(51, 56)","(32, 57)",fireproof_button_v1,5000
97,60,0.9,bot3,burned,23,3675956103230624859,2812586664632574595,"(26, 37)","(51, 56)","(32, 57)",fireproof_button_v1,5000
97,60,0.9,bot4,burned,23,3675956103230624859,2812586664632574595,"(26, 37)","(51, 56)","(32, 57)",fireproof_button_v1,5000
97,60,1.0,bot1,burned,21,3675956103230624859,2812586664632574595,"(26, 37)","(51, 56)","(32, 57)",fireproof_button_v1,5000
97,60,1.0,bot2,burned,21,3675956103230624859,2812586664632574595,"(26, 37)","(51, 56)","(32, 57)",fireproof_button_v1,5000
97,60,1.0,bot3,burned,29,3675956103230624859,2812586664632574595,"(26, 37)","(51, 56)","(32, 57)",fireproof_button_v1,5000
97,60,1.0,bot4,burned,21,3675956103230624859,2812586664632574595,"(26, 37)","(51, 56)","(32, 57)",fireproof_button_v1,5000
98,60,0.0,bot1,success,72,12127052556318363744,7880031523302506319,"(41, 11)","(13, 47)","(35, 38)",fireproof_button_v1,5000
98,60,0.0,bot2,success,72,12127052556318363744,7880031523302506319,"(41, 11)","(13, 47)","(35, 38)",fireproof_button_v1,5000
98,60,0.0,bot3,success,72,12127052556318363744,7880031523302506319,"(41, 11)","(13, 47)","(35, 38)",fireproof_button_v1,5000
98,60,0.0,bot4,success,72,12127052556318363744,7880031523302506319,"(41, 11)","(13, 47)","(35, 38)",fireproof_button_v1,5000
98,60,0.1,bot1,success,72,12127052556318363744,7880031523302506319,"(41, 11)","(13, 47)","(35, 38)",fireproof_button_v1,5000
98,60,0.1,bot2,success,72,12127052556318363744,7880031523302506319,"(41, 11)","(13, 47)","(35, 38)",fireproof_button_v1,5000
98,60,0.1,bot3,success,72,12127052556318363744,7880031523302506319,"(41, 11)","(13, 47)","(35, 38)",fireproof_button_v1,5000
98,60,0.1,bot4,success,78,12127052556318363744,7880031523302506319,"(41, 11)","(13, 47)","(35, 38)",fireproof_button_v1,5000
98,60,0.2,bot1,burned,38,12127052556318363744,7880031523302506319,"(41, 11)","(13, 47)","(35, 38)",fireproof_button_v1,5000
98,60,0.2,bot2,success,78,12127052556318363744,7880031523302506319,"(41, 11)","(13, 47)","(35, 38)",fireproof_button_v1,5000
98,60,0.2,bot3,success,104,12127052556318363744,7880031523302506319,"(41, 11)","(13, 47)","(35, 38)",fireproof_button_v1,5000
98,60,0.2,bot4,success,92,12127052556318363744,7880031523302506319,"(41, 11)","(13, 47)","(35, 38)",fireproof_button_v1,5000
98,60,0.3,bot1,burned,36,12127052556318363744,7880031523302506319,"(41, 11)","(13, 47)","(35, 38)",fireproof_button_v1,5000
98,60,0.3,bot2,burned,80,12127052556318363744,7880031523302506319,"(41, 11)","(13, 47)","(35, 38)",fireproof_button_v1,5000
98,60,0.3,bot3,success,82,12127052556318363744,7880031523302506319,"(41, 11)","(13, 47)","(35, 38)",fireproof_button_v1,5000
98,60,0.3,bot4,success,92,12127052556318363744,7880031523302506319,"(41, 11)","(13, 47)","(35, 38)",fireproof_button_v1,5000
98,60,0.4,bot1,burned,31,12127052556318363744,7880031523302506319,"(41, 11)","(13, 47)","(35, 38)",fireproof_button_v1,5000
98,60,0.4,bot2,burned,76,12127052556318363744,7880031523302506319,"(41, 11)","(13, 47)","(35, 38)",fireproof_button_v1,5000
98,60,0.4,bot3,burned,82,12127052556318363744,7880031523302506319,"(41, 11)","(13, 47)","(35, 38)",fireproof_button_v1,5000
98,60,0.4,bot4,burned,91,12127052556318363744,7880031523302506319,"(41, 11)","(13, 47)","(35, 38)",fireproof_button_v1,5000
98,60,0.5,bot1,burned,28,12127052556318363744,7880031523302506319,"(41, 11)","(13, 47)","(35, 38)",fireproof_button_v1,5000
98,60,0.5,bot2,burned,95,12127052556318363744,7880031523302506319,"(41, 11)","(13, 47)","(35, 38)",fireproof_button_v1,5000
98,60,0.5,bot3,burned,97,12127052556318363744,7880031523302506319,"(41, 11)","(13, 47)","(35, 38)",fireproof_button_v1,5000
98,60,0.5,bot4,burned,95,12127052556318363744,7880031523302506319,"(41, 11)","(13, 47)","(35, 38)",fireproof_button_v1,5000
98,60,0.6,bot1,burned,28,12127052556318363744,7880031523302506319,"(41, 11)","(13, 47)","(35, 38)",fireproof_button_v1,5000
98,60,0.6,bot2,burned,64,12127052556318363744,7880031523302506319,"(41, 11)","(13, 47)","(35, 38)",fireproof_button_v1,5000
98,60,0.6,bot3,burned,64,12127052556318363744,7880031523302506319,"(41, 11)","(13, 47)","(35, 38)",fireproof_button_v1,5000
98,60,0.6,bot4,burned,64,12127052556318363744,7880031523302506319,"(41, 11)","(13, 47)","(35, 38)",fireproof_button_v1,5000
98,60,0.7,bot1,burned,26,12127052556318363744,7880031523302506319,"(41, 11)","(13, 47)","(35, 38)",fireproof_button_v1,5000
98,60,0.7,bot2,burned,54,12127052556318363744,7880031523302506319,"(41, 11)","(13, 47)","(35, 38)",fireproof_button_v1,5000
98,60,0.7,bot3,burned,54,12127052556318363744,7880031523302506319,"(41, 11)","(13, 47)","(35, 38)",fireproof_button_v1,5000
98,60,0.7,bot4,burned,54,12127052556318363744,7880031523302506319,"(41, 11)","(13, 47)","(35, 38)",fireproof_button_v1,5000
98,60,0.8,bot1,burned,26,12127052556318363744,7880031523302506319,"(41, 11)","(13, 47)","(35, 38)",fireproof_button_v1,5000
98,60,0.8,bot2,burned,49,12127052556318363744,7880031523302506319,"(41, 11)","(13, 47)","(35, 38)",fireproof_button_v1,5000
98,60,0.8,bot3,burned,49,12127052556318363744,7880031523302506319,"(41, 11)","(13, 47)","(35, 38)",fireproof_button_v1,5000
98,60,0.8,bot4,burned,49,12127052556318363744,7880031523302506319,"(41, 11)","(13, 47)","(35, 38)",fireproof_button_v1,5000
98,60,0.9,bot1,burned,24,12127052556318363744,7880031523302506319,"(41, 11)","(13, 47)","(35, 38)",fireproof_button_v1,5000
98,60,0.9,bot2,burned,30,12127052556318363744,7880031523302506319,"(41, 11)","(13, 47)","(35, 38)",fireproof_button_v1,5000
98,60,0.9,bot3,burned,30,12127052556318363744,7880031523302506319,"(41, 11)","(13, 47)","(35, 38)",fireproof_button_v1,5000
98,60,0.9,bot4,burned,30,12127052556318363744,7880031523302506319,"(41, 11)","(13, 47)","(35, 38)",fireproof_button_v1,5000
98,60,1.0,bot1,burned,24,12127052556318363744,7880031523302506319,"(41, 11)","(13, 47)","(35, 38)",fireproof_button_v1,5000
98,60,1.0,bot2,burned,30,12127052556318363744,7880031523302506319,"(41, 11)","(13, 47)","(35, 38)",fireproof_button_v1,5000
98,60,1.0,bot3,burned,30,12127052556318363744,7880031523302506319,"(41, 11)","(13, 47)","(35, 38)",fireproof_button_v1,5000
98,60,1.0,bot4,burned,30,12127052556318363744,7880031523302506319,"(41, 11)","(13, 47)","(35, 38)",fireproof_button_v1,5000
99,60,0.0,bot1,success,56,15644469634326307438,814420016670213873,"(41, 48)","(42, 5)","(4, 48)",fireproof_button_v1,5000
99,60,0.0,bot2,success,56,15644469634326307438,814420016670213873,"(41, 48)","(42, 5)","(4, 48)",fireproof_button_v1,5000
99,60,0.0,bot3,success,56,15644469634326307438,814420016670213873,"(41, 48)","(42, 5)","(4, 48)",fireproof_button_v1,5000
99,60,0.0,bot4,success,56,15644469634326307438,814420016670213873,"(41, 48)","(42, 5)","(4, 48)",fireproof_button_v1,5000
99,60,0.1,bot1,success,56,15644469634326307438,814420016670213873,"(41, 48)","(42, 5)","(4, 48)",fireproof_button_v1,5000
99,60,0.1,bot2,success,56,15644469634326307438,814420016670213873,"(41, 48)","(42, 5)","(4, 48)",fireproof_button_v1,5000
99,60,0.1,bot3,success,56,15644469634326307438,814420016670213873,"(41, 48)","(42, 5)","(4, 48)",fireproof_button_v1,5000
99,60,0.1,bot4,success,56,15644469634326307438,814420016670213873,"(41, 48)","(42, 5)","(4, 48)",fireproof_button_v1,5000
99,60,0.2,bot1,success,56,15644469634326307438,814420016670213873,"(41, 48)","(42, 5)","(4, 48)",fireproof_button_v1,5000
99,60,0.2,bot2,success,56,15644469634326307438,814420016670213873,"(41, 48)","(42, 5)","(4, 48)",fireproof_button_v1,5000
99,60,0.2,bot3,success,56,15644469634326307438,814420016670213873,"(41, 48)","(42, 5)","(4, 48)",fireproof_button_v1,5000
99,60,0.2,bot4,success,56,15644469634326307438,814420016670213873,"(41, 48)","(42, 5)","(4, 48)",fireproof_button_v1,5000
99,60,0.3,bot1,success,56,15644469634326307438,814420016670213873,"(41, 48)","(42, 5)","(4, 48)",fireproof_button_v1,5000
99,60,0.3,bot2,success,56,15644469634326307438,814420016670213873,"(41, 48)","(42, 5)","(4, 48)",fireproof_button_v1,5000
99,60,0.3,bot3,success,56,15644469634326307438,814420016670213873,"(41, 48)","(42, 5)","(4, 48)",fireproof_button_v1,5000
99,60,0.3,bot4,success,56,15644469634326307438,814420016670213873,"(41, 48)","(42, 5)","(4, 48)",fireproof_button_v1,5000
99,60,0.4,bot1,success,56,15644469634326307438,814420016670213873,"(41, 48)","(42, 5)","(4, 48)",fireproof_button_v1,5000
99,60,0.4,bot2,success,56,15644469634326307438,814420016670213873,"(41, 48)","(42, 5)","(4, 48)",fireproof_button_v1,5000
99,60,0.4,bot3,success,56,15644469634326307438,814420016670213873,"(41, 48)","(42, 5)","(4, 48)",fireproof_button_v1,5000
99,60,0.4,bot4,success,56,15644469634326307438,814420016670213873,"(41, 48)","(42, 5)","(4, 48)",fireproof_button_v1,5000
99,60,0.5,bot1,success,56,15644469634326307438,814420016670213873,"(41, 48)","(42, 5)","(4, 48)",fireproof_button_v1,5000
99,60,0.5,bot2,success,56,15644469634326307438,814420016670213873,"(41, 48)","(42, 5)","(4, 48)",fireproof_button_v1,5000
99,60,0.5,bot3,success,56,15644469634326307438,814420016670213873,"(41, 48)","(42, 5)","(4, 48)",fireproof_button_v1,5000
99,60,0.5,bot4,success,56,15644469634326307438,814420016670213873,"(41, 48)","(42, 5)","(4, 48)",fireproof_button_v1,5000
99,60,0.6,bot1,success,56,15644469634326307438,814420016670213873,"(41, 48)","(42, 5)","(4, 48)",fireproof_button_v1,5000
99,60,0.6,bot2,success,56,15644469634326307438,814420016670213873,"(41, 48)","(42, 5)","(4, 48)",fireproof_button_v1,5000
99,60,0.6,bot3,success,56,15644469634326307438,814420016670213873,"(41, 48)","(42, 5)","(4, 48)",fireproof_button_v1,5000
99,60,0.6,bot4,success,56,15644469634326307438,814420016670213873,"(41, 48)","(42, 5)","(4, 48)",fireproof_button_v1,5000
99,60,0.7,bot1,success,56,15644469634326307438,814420016670213873,"(41, 48)","(42, 5)","(4, 48)",fireproof_button_v1,5000
99,60,0.7,bot2,success,56,15644469634326307438,814420016670213873,"(41, 48)","(42, 5)","(4, 48)",fireproof_button_v1,5000
99,60,0.7,bot3,success,56,15644469634326307438,814420016670213873,"(41, 48)","(42, 5)","(4, 48)",fireproof_button_v1,5000
99,60,0.7,bot4,success,56,15644469634326307438,814420016670213873,"(41, 48)","(42, 5)","(4, 48)",fireproof_button_v1,5000
99,60,0.8,bot1,success,56,15644469634326307438,814420016670213873,"(41, 48)","(42, 5)","(4, 48)",fireproof_button_v1,5000
99,60,0.8,bot2,success,56,15644469634326307438,814420016670213873,"(41, 48)","(42, 5)","(4, 48)",fireproof_button_v1,5000
99,60,0.8,bot3,success,56,15644469634326307438,814420016670213873,"(41, 48)","(42, 5)","(4, 48)",fireproof_button_v1,5000
99,60,0.8,bot4,success,56,15644469634326307438,814420016670213873,"(41, 48)","(42, 5)","(4, 48)",fireproof_button_v1,5000
99,60,0.9,bot1,success,56,15644469634326307438,814420016670213873,"(41, 48)","(42, 5)","(4, 48)",fireproof_button_v1,5000
99,60,0.9,bot2,success,56,15644469634326307438,814420016670213873,"(41, 48)","(42, 5)","(4, 48)",fireproof_button_v1,5000
99,60,0.9,bot3,success,56,15644469634326307438,814420016670213873,"(41, 48)","(42, 5)","(4, 48)",fireproof_button_v1,5000
99,60,0.9,bot4,success,56,15644469634326307438,814420016670213873,"(41, 48)","(42, 5)","(4, 48)",fireproof_button_v1,5000
99,60,1.0,bot1,success,56,15644469634326307438,814420016670213873,"(41, 48)","(42, 5)","(4, 48)",fireproof_button_v1,5000
99,60,1.0,bot2,success,56,15644469634326307438,814420016670213873,"(41, 48)","(42, 5)","(4, 48)",fireproof_button_v1,5000
99,60,1.0,bot3,success,56,15644469634326307438,814420016670213873,"(41, 48)","(42, 5)","(4, 48)",fireproof_button_v1,5000
99,60,1.0,bot4,success,56,15644469634326307438,814420016670213873,"(41, 48)","(42, 5)","(4, 48)",fireproof_button_v1,5000
