trial,size,q,bot,outcome,steps,ship_seed,fire_seed,start,button,fire_start
0,60,0.0,bot1,success,80,10365246100918799151,14519734121765848066,"(9, 47)","(59, 59)","(52, 6)"
0,60,0.0,bot2,success,80,10365246100918799151,14519734121765848066,"(9, 47)","(59, 59)","(52, 6)"
0,60,0.0,bot3,success,80,10365246100918799151,14519734121765848066,"(9, 47)","(59, 59)","(52, 6)"
0,60,0.0,bot4,success,80,10365246100918799151,14519734121765848066,"(9, 47)","(59, 59)","(52, 6)"
0,60,0.1,bot1,success,80,10365246100918799151,14519734121765848066,"(9, 47)","(59, 59)","(52, 6)"
0,60,0.1,bot2,success,80,10365246100918799151,14519734121765848066,"(9, 47)","(59, 59)","(52, 6)"
0,60,0.1,bot3,success,80,10365246100918799151,14519734121765848066,"(9, 47)","(59, 59)","(52, 6)"
0,60,0.1,bot4,success,80,10365246100918799151,14519734121765848066,"(9, 47)","(59, 59)","(52, 6)"
0,60,0.2,bot1,success,80,10365246100918799151,14519734121765848066,"(9, 47)","(59, 59)","(52, 6)"
0,60,0.2,bot2,success,80,10365246100918799151,14519734121765848066,"(9, 47)","(59, 59)","(52, 6)"
0,60,0.2,bot3,success,80,10365246100918799151,14519734121765848066,"(9, 47)","(59, 59)","(52, 6)"
0,60,0.2,bot4,success,80,10365246100918799151,14519734121765848066,"(9, 47)","(59, 59)","(52, 6)"
0,60,0.3,bot1,success,80,10365246100918799151,14519734121765848066,"(9, 47)","(59, 59)","(52, 6)"
0,60,0.3,bot2,success,80,10365246100918799151,14519734121765848066,"(9, 47)","(59, 59)","(52, 6)"
0,60,0.3,bot3,success,80,10365246100918799151,14519734121765848066,"(9, 47)","(59, 59)","(52, 6)"
0,60,0.3,bot4,success,80,10365246100918799151,14519734121765848066,"(9, 47)","(59, 59)","(52, 6)"
0,60,0.4,bot1,success,80,10365246100918799151,14519734121765848066,"(9, 47)","(59, 59)","(52, 6)"
0,60,0.4,bot2,success,80,10365246100918799151,14519734121765848066,"(9, 47)","(59, 59)","(52, 6)"
0,60,0.4,bot3,success,80,10365246100918799151,14519734121765848066,"(9, 47)","(59, 59)","(52, 6)"
0,60,0.4,bot4,success,80,10365246100918799151,14519734121765848066,"(9, 47)","(59, 59)","(52, 6)"
0,60,0.5,bot1,success,80,10365246100918799151,14519734121765848066,"(9, 47)","(59, 59)","(52, 6)"
0,60,0.5,bot2,success,80,10365246100918799151,14519734121765848066,"(9, 47)","(59, 59)","(52, 6)"
0,60,0.5,bot3,success,80,10365246100918799151,14519734121765848066,"(9, 47)","(59, 59)","(52, 6)"
0,60,0.5,bot4,success,80,10365246100918799151,14519734121765848066,"(9, 47)","(59, 59)","(52, 6)"
0,60,0.6,bot1,success,80,10365246100918799151,14519734121765848066,"(9, 47)","(59, 59)","(52, 6)"
0,60,0.6,bot2,success,80,10365246100918799151,14519734121765848066,"(9, 47)","(59, 59)","(52, 6)"
0,60,0.6,bot3,success,80,10365246100918799151,14519734121765848066,"(9, 47)","(59, 59)","(52, 6)"
0,60,0.6,bot4,success,80,10365246100918799151,14519734121765848066,"(9, 47)","(59, 59)","(52, 6)"
0,60,0.7,bot1,success,80,10365246100918799151,14519734121765848066,"(9, 47)","(59, 59)","(52, 6)"
0,60,0.7,bot2,success,80,10365246100918799151,14519734121765848066,"(9, 47)","(59, 59)","(52, 6)"
0,60,0.7,bot3,success,80,10365246100918799151,14519734121765848066,"(9, 47)","(59, 59)","(52, 6)"
0,60,0.7,bot4,success,80,10365246100918799151,14519734121765848066,"(9, 47)","(59, 59)","(52, 6)"
0,60,0.8,bot1,success,80,10365246100918799151,14519734121765848066,"(9, 47)","(59, 59)","(52, 6)"
0,60,0.8,bot2,success,80,10365246100918799151,14519734121765848066,"(9, 47)","(59, 59)","(52, 6)"
0,60,0.8,bot3,success,80,10365246100918799151,14519734121765848066,"(9, 47)","(59, 59)","(52, 6)"
0,60,0.8,bot4,success,80,10365246100918799151,14519734121765848066,"(9, 47)","(59, 59)","(52, 6)"
0,60,0.9,bot1,success,80,10365246100918799151,14519734121765848066,"(9, 47)","(59, 59)","(52, 6)"
0,60,0.9,bot2,success,80,10365246100918799151,14519734121765848066,"(9, 47)","(59, 59)","(52, 6)"
0,60,0.9,bot3,success,80,10365246100918799151,14519734121765848066,"(9, 47)","(59, 59)","(52, 6)"
0,60,0.9,bot4,success,80,10365246100918799151,14519734121765848066,"(9, 47)","(59, 59)","(52, 6)"
0,60,1.0,bot1,success,80,10365246100918799151,14519734121765848066,"(9, 47)","(59, 59)","(52, 6)"
0,60,1.0,bot2,success,80,10365246100918799151,14519734121765848066,"(9, 47)","(59, 59)","(52, 6)"
0,60,1.0,bot3,success,80,10365246100918799151,14519734121765848066,"(9, 47)","(59, 59)","(52, 6)"
0,60,1.0,bot4,success,80,10365246100918799151,14519734121765848066,"(9, 47)","(59, 59)","(52, 6)"
1,60,0.0,bot1,success,38,14347135533179682544,7587015500779514376,"(44, 29)","(57, 44)","(27, 7)"
1,60,0.0,bot2,success,38,14347135533179682544,7587015500779514376,"(44, 29)","(57, 44)","(27, 7)"
1,60,0.0,bot3,success,38,14347135533179682544,7587015500779514376,"(44, 29)","(57, 44)","(27, 7)"
1,60,0.0,bot4,success,38,14347135533179682544,7587015500779514376,"(44, 29)","(57, 44)","(27, 7)"
1,60,0.1,bot1,success,38,14347135533179682544,7587015500779514376,"(44, 29)","(57, 44)","(27, 7)"
1,60,0.1,bot2,success,38,14347135533179682544,7587015500779514376,"(44, 29)","(57, 44)","(27, 7)"
1,60,0.1,bot3,success,38,14347135533179682544,7587015500779514376,"(44, 29)","(57, 44)","(27, 7)"
1,60,0.1,bot4,success,38,14347135533179682544,7587015500779514376,"(44, 29)","(57, 44)","(27, 7)"
1,60,0.2,bot1,success,38,14347135533179682544,7587015500779514376,"(44, 29)","(57, 44)","(27, 7)"
1,60,0.2,bot2,success,38,14347135533179682544,7587015500779514376,"(44, 29)","(57, 44)","(27, 7)"
1,60,0.2,bot3,success,38,14347135533179682544,7587015500779514376,"(44, 29)","(57, 44)","(27, 7)"
1,60,0.2,bot4,success,38,14347135533179682544,7587015500779514376,"(44, 29)","(57, 44)","(27, 7)"
1,60,0.3,bot1,success,38,14347135533179682544,7587015500779514376,"(44, 29)","(57, 44)","(27, 7)"
1,60,0.3,bot2,success,38,14347135533179682544,7587015500779514376,"(44, 29)","(57, 44)","(27, 7)"
1,60,0.3,bot3,success,38,14347135533179682544,7587015500779514376,"(44, 29)","(57, 44)","(27, 7)"
1,60,0.3,bot4,success,38,14347135533179682544,7587015500779514376,"(44, 29)","(57, 44)","(27, 7)"
1,60,0.4,bot1,success,38,14347135533179682544,7587015500779514376,"(44, 29)","(57, 44)","(27, 7)"
1,60,0.4,bot2,success,38,14347135533179682544,7587015500779514376,"(44, 29)","(57, 44)","(27, 7)"
1,60,0.4,bot3,success,38,14347135533179682544,7587015500779514376,"(44, 29)","(57, 44)","(27, 7)"
1,60,0.4,bot4,success,38,14347135533179682544,7587015500779514376,"(44, 29)","(57, 44)","(27, 7)"
1,60,0.5,bot1,success,38,14347135533179682544,7587015500779514376,"(44, 29)","(57, 44)","(27, 7)"
1,60,0.5,bot2,success,38,14347135533179682544,7587015500779514376,"(44, 29)","(57, 44)","(27, 7)"
1,60,0.5,bot3,success,38,14347135533179682544,7587015500779514376,"(44, 29)","(57, 44)","(27, 7)"
1,60,0.5,bot4,success,38,14347135533179682544,7587015500779514376,"(44, 29)","(57, 44)","(27, 7)"
1,60,0.6,bot1,success,38,14347135533179682544,7587015500779514376,"(44, 29)","(57, 44)","(27, 7)"
1,60,0.6,bot2,success,38,14347135533179682544,7587015500779514376,"(44, 29)","(57, 44)","(27, 7)"
1,60,0.6,bot3,success,38,14347135533179682544,7587015500779514376,"(44, 29)","(57, 44)","(27, 7)"
1,60,0.6,bot4,success,38,14347135533179682544,7587015500779514376,"(44, 29)","(57, 44)","(27, 7)"
1,60,0.7,bot1,success,38,14347135533179682544,7587015500779514376,"(44, 29)","(57, 44)","(27, 7)"
1,60,0.7,bot2,success,38,14347135533179682544,7587015500779514376,"(44, 29)","(57, 44)","(27, 7)"
1,60,0.7,bot3,success,38,14347135533179682544,7587015500779514376,"(44, 29)","(57, 44)","(27, 7)"
1,60,0.7,bot4,success,38,14347135533179682544,7587015500779514376,"(44, 29)","(57, 44)","(27, 7)"
1,60,0.8,bot1,success,38,14347135533179682544,7587015500779514376,"(44, 29)","(57, 44)","(27, 7)"
1,60,0.8,bot2,success,38,14347135533179682544,7587015500779514376,"(44, 29)","(57, 44)","(27, 7)"
1,60,0.8,bot3,success,38,14347135533179682544,7587015500779514376,"(44, 29)","(57, 44)","(27, 7)"
1,60,0.8,bot4,success,38,14347135533179682544,7587015500779514376,"(44, 29)","(57, 44)","(27, 7)"
1,60,0.9,bot1,success,38,14347135533179682544,7587015500779514376,"(44, 29)","(57, 44)","(27, 7)"
1,60,0.9,bot2,success,38,14347135533179682544,7587015500779514376,"(44, 29)","(57, 44)","(27, 7)"
1,60,0.9,bot3,success,38,14347135533179682544,7587015500779514376,"(44, 29)","(57, 44)","(27, 7)"
1,60,0.9,bot4,success,38,14347135533179682544,7587015500779514376,"(44, 29)","(57, 44)","(27, 7)"
1,60,1.0,bot1,success,38,14347135533179682544,7587015500779514376,"(44, 29)","(57, 44)","(27, 7)"
1,60,1.0,bot2,success,38,14347135533179682544,7587015500779514376,"(44, 29)","(57, 44)","(27, 7)"
1,60,1.0,bot3,success,38,14347135533179682544,7587015500779514376,"(44, 29)","(57, 44)","(27, 7)"
1,60,1.0,bot4,success,38,14347135533179682544,7587015500779514376,"(44, 29)","(57, 44)","(27, 7)"
2,60,0.0,bot1,success,44,15567641385433113937,8257968835679492030,"(22, 7)","(45, 20)","(14, 42)"
2,60,0.0,bot2,success,44,15567641385433113937,8257968835679492030,"(22, 7)","(45, 20)","(14, 42)"
2,60,0.0,bot3,success,44,15567641385433113937,8257968835679492030,"(22, 7)","(45, 20)","(14, 42)"
2,60,0.0,bot4,success,44,15567641385433113937,8257968835679492030,"(22, 7)","(45, 20)","(14, 42)"
2,60,0.1,bot1,success,44,15567641385433113937,8257968835679492030,"(22, 7)","(45, 20)","(14, 42)"
2,60,0.1,bot2,success,44,15567641385433113937,8257968835679492030,"(22, 7)","(45, 20)","(14, 42)"
2,60,0.1,bot3,success,44,15567641385433113937,8257968835679492030,"(22, 7)","(45, 20)","(14, 42)"
2,60,0.1,bot4,success,44,15567641385433113937,8257968835679492030,"(22, 7)","(45, 20)","(14, 42)"
2,60,0.2,bot1,success,44,15567641385433113937,8257968835679492030,"(22, 7)","(45, 20)","(14, 42)"
2,60,0.2,bot2,success,44,15567641385433113937,8257968835679492030,"(22, 7)","(45, 20)","(14, 42)"
2,60,0.2,bot3,success,44,15567641385433113937,8257968835679492030,"(22, 7)","(45, 20)","(14, 42)"
2,60,0.2,bot4,success,44,15567641385433113937,8257968835679492030,"(22, 7)","(45, 20)","(14, 42)"
2,60,0.3,bot1,success,44,15567641385433113937,8257968835679492030,"(22, 7)","(45, 20)","(14, 42)"
2,60,0.3,bot2,success,44,15567641385433113937,8257968835679492030,"(22, 7)","(45, 20)","(14, 42)"
2,60,0.3,bot3,success,44,15567641385433113937,8257968835679492030,"(22, 7)","(45, 20)","(14, 42)"
2,60,0.3,bot4,success,44,15567641385433113937,8257968835679492030,"(22, 7)","(45, 20)","(14, 42)"
2,60,0.4,bot1,success,44,15567641385433113937,8257968835679492030,"(22, 7)","(45, 20)","(14, 42)"
2,60,0.4,bot2,success,44,15567641385433113937,8257968835679492030,"(22, 7)","(45, 20)","(14, 42)"
2,60,0.4,bot3,success,44,15567641385433113937,8257968835679492030,"(22, 7)","(45, 20)","(14, 42)"
2,60,0.4,bot4,success,44,15567641385433113937,8257968835679492030,"(22, 7)","(45, 20)","(14, 42)"
2,60,0.5,bot1,success,44,15567641385433113937,8257968835679492030,"(22, 7)","(45, 20)","(14, 42)"
2,60,0.5,bot2,success,44,15567641385433113937,8257968835679492030,"(22, 7)","(45, 20)","(14, 42)"
2,60,0.5,bot3,success,44,15567641385433113937,8257968835679492030,"(22, 7)","(45, 20)","(14, 42)"
2,60,0.5,bot4,success,44,15567641385433113937,8257968835679492030,"(22, 7)","(45, 20)","(14, 42)"
2,60,0.6,bot1,success,44,15567641385433113937,8257968835679492030,"(22, 7)","(45, 20)","(14, 42)"
2,60,0.6,bot2,success,44,15567641385433113937,8257968835679492030,"(22, 7)","(45, 20)","(14, 42)"
2,60,0.6,bot3,success,44,15567641385433113937,8257968835679492030,"(22, 7)","(45, 20)","(14, 42)"
2,60,0.6,bot4,success,44,15567641385433113937,8257968835679492030,"(22, 7)","(45, 20)","(14, 42)"
2,60,0.7,bot1,success,44,15567641385433113937,8257968835679492030,"(22, 7)","(45, 20)","(14, 42)"
2,60,0.7,bot2,success,44,15567641385433113937,8257968835679492030,"(22, 7)","(45, 20)","(14, 42)"
2,60,0.7,bot3,success,44,15567641385433113937,8257968835679492030,"(22, 7)","(45, 20)","(14, 42)"
2,60,0.7,bot4,success,44,15567641385433113937,8257968835679492030,"(22, 7)","(45, 20)","(14, 42)"
2,60,0.8,bot1,success,44,15567641385433113937,8257968835679492030,"(22, 7)","(45, 20)","(14, 42)"
2,60,0.8,bot2,success,44,15567641385433113937,8257968835679492030,"(22, 7)","(45, 20)","(14, 42)"
2,60,0.8,bot3,success,44,15567641385433113937,8257968835679492030,"(22, 7)","(45, 20)","(14, 42)"
2,60,0.8,bot4,success,44,15567641385433113937,8257968835679492030,"(22, 7)","(45, 20)","(14, 42)"
2,60,0.9,bot1,success,44,15567641385433113937,8257968835679492030,"(22, 7)","(45, 20)","(14, 42)"
2,60,0.9,bot2,success,44,15567641385433113937,8257968835679492030,"(22, 7)","(45, 20)","(14, 42)"
2,60,0.9,bot3,success,44,15567641385433113937,8257968835679492030,"(22, 7)","(45, 20)","(14, 42)"
2,60,0.9,bot4,success,44,15567641385433113937,8257968835679492030,"(22, 7)","(45, 20)","(14, 42)"
2,60,1.0,bot1,success,44,15567641385433113937,8257968835679492030,"(22, 7)","(45, 20)","(14, 42)"
2,60,1.0,bot2,success,44,15567641385433113937,8257968835679492030,"(22, 7)","(45, 20)","(14, 42)"
2,60,1.0,bot3,success,44,15567641385433113937,8257968835679492030,"(22, 7)","(45, 20)","(14, 42)"
2,60,1.0,bot4,success,44,15567641385433113937,8257968835679492030,"(22, 7)","(45, 20)","(14, 42)"
3,60,0.0,bot1,success,50,14850825031136321797,18146482324751314479,"(4, 35)","(26, 15)","(0, 33)"
3,60,0.0,bot2,success,50,14850825031136321797,18146482324751314479,"(4, 35)","(26, 15)","(0, 33)"
3,60,0.0,bot3,success,50,14850825031136321797,18146482324751314479,"(4, 35)","(26, 15)","(0, 33)"
3,60,0.0,bot4,success,50,14850825031136321797,18146482324751314479,"(4, 35)","(26, 15)","(0, 33)"
3,60,0.1,bot1,success,50,14850825031136321797,18146482324751314479,"(4, 35)","(26, 15)","(0, 33)"
3,60,0.1,bot2,success,50,14850825031136321797,18146482324751314479,"(4, 35)","(26, 15)","(0, 33)"
3,60,0.1,bot3,success,50,14850825031136321797,18146482324751314479,"(4, 35)","(26, 15)","(0, 33)"
3,60,0.1,bot4,success,50,14850825031136321797,18146482324751314479,"(4, 35)","(26, 15)","(0, 33)"
3,60,0.2,bot1,success,50,14850825031136321797,18146482324751314479,"(4, 35)","(26, 15)","(0, 33)"
3,60,0.2,bot2,success,50,14850825031136321797,18146482324751314479,"(4, 35)","(26, 15)","(0, 33)"
3,60,0.2,bot3,success,50,14850825031136321797,18146482324751314479,"(4, 35)","(26, 15)","(0, 33)"
3,60,0.2,bot4,success,50,14850825031136321797,18146482324751314479,"(4, 35)","(26, 15)","(0, 33)"
3,60,0.3,bot1,success,50,14850825031136321797,18146482324751314479,"(4, 35)","(26, 15)","(0, 33)"
3,60,0.3,bot2,success,50,14850825031136321797,18146482324751314479,"(4, 35)","(26, 15)","(0, 33)"
3,60,0.3,bot3,success,50,14850825031136321797,18146482324751314479,"(4, 35)","(26, 15)","(0, 33)"
3,60,0.3,bot4,success,50,14850825031136321797,18146482324751314479,"(4, 35)","(26, 15)","(0, 33)"
3,60,0.4,bot1,success,50,14850825031136321797,18146482324751314479,"(4, 35)","(26, 15)","(0, 33)"
3,60,0.4,bot2,success,50,14850825031136321797,18146482324751314479,"(4, 35)","(26, 15)","(0, 33)"
3,60,0.4,bot3,success,50,14850825031136321797,18146482324751314479,"(4, 35)","(26, 15)","(0, 33)"
3,60,0.4,bot4,success,50,14850825031136321797,18146482324751314479,"(4, 35)","(26, 15)","(0, 33)"
3,60,0.5,bot1,success,50,14850825031136321797,18146482324751314479,"(4, 35)","(26, 15)","(0, 33)"
3,60,0.5,bot2,success,50,14850825031136321797,18146482324751314479,"(4, 35)","(26, 15)","(0, 33)"
3,60,0.5,bot3,success,50,14850825031136321797,18146482324751314479,"(4, 35)","(26, 15)","(0, 33)"
3,60,0.5,bot4,success,50,14850825031136321797,18146482324751314479,"(4, 35)","(26, 15)","(0, 33)"
3,60,0.6,bot1,success,50,14850825031136321797,18146482324751314479,"(4, 35)","(26, 15)","(0, 33)"
3,60,0.6,bot2,success,50,14850825031136321797,18146482324751314479,"(4, 35)","(26, 15)","(0, 33)"
3,60,0.6,bot3,success,50,14850825031136321797,18146482324751314479,"(4, 35)","(26, 15)","(0, 33)"
3,60,0.6,bot4,success,50,14850825031136321797,18146482324751314479,"(4, 35)","(26, 15)","(0, 33)"
3,60,0.7,bot1,success,50,14850825031136321797,18146482324751314479,"(4, 35)","(26, 15)","(0, 33)"
3,60,0.7,bot2,success,50,14850825031136321797,18146482324751314479,"(4, 35)","(26, 15)","(0, 33)"
3,60,0.7,bot3,success,50,14850825031136321797,18146482324751314479,"(4, 35)","(26, 15)","(0, 33)"
3,60,0.7,bot4,success,52,14850825031136321797,18146482324751314479,"(4, 35)","(26, 15)","(0, 33)"
3,60,0.8,bot1,success,50,14850825031136321797,18146482324751314479,"(4, 35)","(26, 15)","(0, 33)"
3,60,0.8,bot2,success,50,14850825031136321797,18146482324751314479,"(4, 35)","(26, 15)","(0, 33)"
3,60,0.8,bot3,success,50,14850825031136321797,18146482324751314479,"(4, 35)","(26, 15)","(0, 33)"
3,60,0.8,bot4,success,52,14850825031136321797,18146482324751314479,"(4, 35)","(26, 15)","(0, 33)"
3,60,0.9,bot1,success,50,14850825031136321797,18146482324751314479,"(4, 35)","(26, 15)","(0, 33)"
3,60,0.9,bot2,success,50,14850825031136321797,18146482324751314479,"(4, 35)","(26, 15)","(0, 33)"
3,60,0.9,bot3,success,50,14850825031136321797,18146482324751314479,"(4, 35)","(26, 15)","(0, 33)"
3,60,0.9,bot4,success,52,14850825031136321797,18146482324751314479,"(4, 35)","(26, 15)","(0, 33)"
3,60,1.0,bot1,burned,25,14850825031136321797,18146482324751314479,"(4, 35)","(26, 15)","(0, 33)"
3,60,1.0,bot2,burned,25,14850825031136321797,18146482324751314479,"(4, 35)","(26, 15)","(0, 33)"
3,60,1.0,bot3,burned,25,14850825031136321797,18146482324751314479,"(4, 35)","(26, 15)","(0, 33)"
3,60,1.0,bot4,burned,25,14850825031136321797,18146482324751314479,"(4, 35)","(26, 15)","(0, 33)"
4,60,0.0,bot1,success,53,5667158397531066410,4221035995066874681,"(43, 25)","(22, 57)","(10, 47)"
4,60,0.0,bot2,success,53,5667158397531066410,4221035995066874681,"(43, 25)","(22, 57)","(10, 47)"
4,60,0.0,bot3,success,53,5667158397531066410,4221035995066874681,"(43, 25)","(22, 57)","(10, 47)"
4,60,0.0,bot4,success,53,5667158397531066410,4221035995066874681,"(43, 25)","(22, 57)","(10, 47)"
4,60,0.1,bot1,success,53,5667158397531066410,4221035995066874681,"(43, 25)","(22, 57)","(10, 47)"
4,60,0.1,bot2,success,53,5667158397531066410,4221035995066874681,"(43, 25)","(22, 57)","(10, 47)"
4,60,0.1,bot3,success,53,5667158397531066410,4221035995066874681,"(43, 25)","(22, 57)","(10, 47)"
4,60,0.1,bot4,success,55,5667158397531066410,4221035995066874681,"(43, 25)","(22, 57)","(10, 47)"
4,60,0.2,bot1,success,53,5667158397531066410,4221035995066874681,"(43, 25)","(22, 57)","(10, 47)"
4,60,0.2,bot2,success,53,5667158397531066410,4221035995066874681,"(43, 25)","(22, 57)","(10, 47)"
4,60,0.2,bot3,success,53,5667158397531066410,4221035995066874681,"(43, 25)","(22, 57)","(10, 47)"
4,60,0.2,bot4,success,55,5667158397531066410,4221035995066874681,"(43, 25)","(22, 57)","(10, 47)"
4,60,0.3,bot1,burned,44,5667158397531066410,4221035995066874681,"(43, 25)","(22, 57)","(10, 47)"
4,60,0.3,bot2,burned,59,5667158397531066410,4221035995066874681,"(43, 25)","(22, 57)","(10, 47)"
4,60,0.3,bot3,burned,59,5667158397531066410,4221035995066874681,"(43, 25)","(22, 57)","(10, 47)"
4,60,0.3,bot4,success,55,5667158397531066410,4221035995066874681,"(43, 25)","(22, 57)","(10, 47)"
4,60,0.4,bot1,burned,41,5667158397531066410,4221035995066874681,"(43, 25)","(22, 57)","(10, 47)"
4,60,0.4,bot2,burned,50,5667158397531066410,4221035995066874681,"(43, 25)","(22, 57)","(10, 47)"
4,60,0.4,bot3,burned,50,5667158397531066410,4221035995066874681,"(43, 25)","(22, 57)","(10, 47)"
4,60,0.4,bot4,burned,76,5667158397531066410,4221035995066874681,"(43, 25)","(22, 57)","(10, 47)"
4,60,0.5,bot1,burned,41,5667158397531066410,4221035995066874681,"(43, 25)","(22, 57)","(10, 47)"
4,60,0.5,bot2,burned,51,5667158397531066410,4221035995066874681,"(43, 25)","(22, 57)","(10, 47)"
4,60,0.5,bot3,burned,51,5667158397531066410,4221035995066874681,"(43, 25)","(22, 57)","(10, 47)"
4,60,0.5,bot4,burned,51,5667158397531066410,4221035995066874681,"(43, 25)","(22, 57)","(10, 47)"
4,60,0.6,bot1,burned,37,5667158397531066410,4221035995066874681,"(43, 25)","(22, 57)","(10, 47)"
4,60,0.6,bot2,burned,39,5667158397531066410,4221035995066874681,"(43, 25)","(22, 57)","(10, 47)"
4,60,0.6,bot3,burned,51,5667158397531066410,4221035995066874681,"(43, 25)","(22, 57)","(10, 47)"
4,60,0.6,bot4,burned,39,5667158397531066410,4221035995066874681,"(43, 25)","(22, 57)","(10, 47)"
4,60,0.7,bot1,burned,34,5667158397531066410,4221035995066874681,"(43, 25)","(22, 57)","(10, 47)"
4,60,0.7,bot2,burned,38,5667158397531066410,4221035995066874681,"(43, 25)","(22, 57)","(10, 47)"
4,60,0.7,bot3,burned,38,5667158397531066410,4221035995066874681,"(43, 25)","(22, 57)","(10, 47)"
4,60,0.7,bot4,burned,38,5667158397531066410,4221035995066874681,"(43, 25)","(22, 57)","(10, 47)"
4,60,0.8,bot1,burned,33,5667158397531066410,4221035995066874681,"(43, 25)","(22, 57)","(10, 47)"
4,60,0.8,bot2,burned,43,5667158397531066410,4221035995066874681,"(43, 25)","(22, 57)","(10, 47)"
4,60,0.8,bot3,burned,43,5667158397531066410,4221035995066874681,"(43, 25)","(22, 57)","(10, 47)"
4,60,0.8,bot4,burned,43,5667158397531066410,4221035995066874681,"(43, 25)","(22, 57)","(10, 47)"
4,60,0.9,bot1,burned,30,5667158397531066410,4221035995066874681,"(43, 25)","(22, 57)","(10, 47)"
4,60,0.9,bot2,burned,37,5667158397531066410,4221035995066874681,"(43, 25)","(22, 57)","(10, 47)"
4,60,0.9,bot3,burned,37,5667158397531066410,4221035995066874681,"(43, 25)","(22, 57)","(10, 47)"
4,60,0.9,bot4,burned,37,5667158397531066410,4221035995066874681,"(43, 25)","(22, 57)","(10, 47)"
4,60,1.0,bot1,burned,30,5667158397531066410,4221035995066874681,"(43, 25)","(22, 57)","(10, 47)"
4,60,1.0,bot2,burned,36,5667158397531066410,4221035995066874681,"(43, 25)","(22, 57)","(10, 47)"
4,60,1.0,bot3,burned,36,5667158397531066410,4221035995066874681,"(43, 25)","(22, 57)","(10, 47)"
4,60,1.0,bot4,burned,36,5667158397531066410,4221035995066874681,"(43, 25)","(22, 57)","(10, 47)"
5,60,0.0,bot1,success,4,1700435530673552536,16039102850557633387,"(6, 43)","(7, 46)","(44, 23)"
5,60,0.0,bot2,success,4,1700435530673552536,16039102850557633387,"(6, 43)","(7, 46)","(44, 23)"
5,60,0.0,bot3,success,4,1700435530673552536,16039102850557633387,"(6, 43)","(7, 46)","(44, 23)"
5,60,0.0,bot4,success,4,1700435530673552536,16039102850557633387,"(6, 43)","(7, 46)","(44, 23)"
5,60,0.1,bot1,success,4,1700435530673552536,16039102850557633387,"(6, 43)","(7, 46)","(44, 23)"
5,60,0.1,bot2,success,4,1700435530673552536,16039102850557633387,"(6, 43)","(7, 46)","(44, 23)"
5,60,0.1,bot3,success,4,1700435530673552536,16039102850557633387,"(6, 43)","(7, 46)","(44, 23)"
5,60,0.1,bot4,success,4,1700435530673552536,16039102850557633387,"(6, 43)","(7, 46)","(44, 23)"
5,60,0.2,bot1,success,4,1700435530673552536,16039102850557633387,"(6, 43)","(7, 46)","(44, 23)"
5,60,0.2,bot2,success,4,1700435530673552536,16039102850557633387,"(6, 43)","(7, 46)","(44, 23)"
5,60,0.2,bot3,success,4,1700435530673552536,16039102850557633387,"(6, 43)","(7, 46)","(44, 23)"
5,60,0.2,bot4,success,4,1700435530673552536,16039102850557633387,"(6, 43)","(7, 46)","(44, 23)"
5,60,0.3,bot1,success,4,1700435530673552536,16039102850557633387,"(6, 43)","(7, 46)","(44, 23)"
5,60,0.3,bot2,success,4,1700435530673552536,16039102850557633387,"(6, 43)","(7, 46)","(44, 23)"
5,60,0.3,bot3,success,4,1700435530673552536,16039102850557633387,"(6, 43)","(7, 46)","(44, 23)"
5,60,0.3,bot4,success,4,1700435530673552536,16039102850557633387,"(6, 43)","(7, 46)","(44, 23)"
5,60,0.4,bot1,success,4,1700435530673552536,16039102850557633387,"(6, 43)","(7, 46)","(44, 23)"
5,60,0.4,bot2,success,4,1700435530673552536,16039102850557633387,"(6, 43)","(7, 46)","(44, 23)"
5,60,0.4,bot3,success,4,1700435530673552536,16039102850557633387,"(6, 43)","(7, 46)","(44, 23)"
5,60,0.4,bot4,success,4,1700435530673552536,16039102850557633387,"(6, 43)","(7, 46)","(44, 23)"
5,60,0.5,bot1,success,4,1700435530673552536,16039102850557633387,"(6, 43)","(7, 46)","(44, 23)"
5,60,0.5,bot2,success,4,1700435530673552536,16039102850557633387,"(6, 43)","(7, 46)","(44, 23)"
5,60,0.5,bot3,success,4,1700435530673552536,16039102850557633387,"(6, 43)","(7, 46)","(44, 23)"
5,60,0.5,bot4,success,4,1700435530673552536,16039102850557633387,"(6, 43)","(7, 46)","(44, 23)"
5,60,0.6,bot1,success,4,1700435530673552536,16039102850557633387,"(6, 43)","(7, 46)","(44, 23)"
5,60,0.6,bot2,success,4,1700435530673552536,16039102850557633387,"(6, 43)","(7, 46)","(44, 23)"
5,60,0.6,bot3,success,4,1700435530673552536,16039102850557633387,"(6, 43)","(7, 46)","(44, 23)"
5,60,0.6,bot4,success,4,1700435530673552536,16039102850557633387,"(6, 43)","(7, 46)","(44, 23)"
5,60,0.7,bot1,success,4,1700435530673552536,16039102850557633387,"(6, 43)","(7, 46)","(44, 23)"
5,60,0.7,bot2,success,4,1700435530673552536,16039102850557633387,"(6, 43)","(7, 46)","(44, 23)"
5,60,0.7,bot3,success,4,1700435530673552536,16039102850557633387,"(6, 43)","(7, 46)","(44, 23)"
5,60,0.7,bot4,success,4,1700435530673552536,16039102850557633387,"(6, 43)","(7, 46)","(44, 23)"
5,60,0.8,bot1,success,4,1700435530673552536,16039102850557633387,"(6, 43)","(7, 46)","(44, 23)"
5,60,0.8,bot2,success,4,1700435530673552536,16039102850557633387,"(6, 43)","(7, 46)","(44, 23)"
5,60,0.8,bot3,success,4,1700435530673552536,16039102850557633387,"(6, 43)","(7, 46)","(44, 23)"
5,60,0.8,bot4,success,4,1700435530673552536,16039102850557633387,"(6, 43)","(7, 46)","(44, 23)"
5,60,0.9,bot1,success,4,1700435530673552536,16039102850557633387,"(6, 43)","(7, 46)","(44, 23)"
5,60,0.9,bot2,success,4,1700435530673552536,16039102850557633387,"(6, 43)","(7, 46)","(44, 23)"
5,60,0.9,bot3,success,4,1700435530673552536,16039102850557633387,"(6, 43)","(7, 46)","(44, 23)"
5,60,0.9,bot4,success,4,1700435530673552536,16039102850557633387,"(6, 43)","(7, 46)","(44, 23)"
5,60,1.0,bot1,success,4,1700435530673552536,16039102850557633387,"(6, 43)","(7, 46)","(44, 23)"
5,60,1.0,bot2,success,4,1700435530673552536,16039102850557633387,"(6, 43)","(7, 46)","(44, 23)"
5,60,1.0,bot3,success,4,1700435530673552536,16039102850557633387,"(6, 43)","(7, 46)","(44, 23)"
5,60,1.0,bot4,success,4,1700435530673552536,16039102850557633387,"(6, 43)","(7, 46)","(44, 23)"
6,60,0.0,bot1,success,54,10476372747105220766,9850331906506221639,"(2, 39)","(6, 7)","(6, 9)"
6,60,0.0,bot2,success,54,10476372747105220766,9850331906506221639,"(2, 39)","(6, 7)","(6, 9)"
6,60,0.0,bot3,success,54,10476372747105220766,9850331906506221639,"(2, 39)","(6, 7)","(6, 9)"
6,60,0.0,bot4,success,54,10476372747105220766,9850331906506221639,"(2, 39)","(6, 7)","(6, 9)"
6,60,0.1,bot1,burned,51,10476372747105220766,9850331906506221639,"(2, 39)","(6, 7)","(6, 9)"
6,60,0.1,bot2,burned,133,10476372747105220766,9850331906506221639,"(2, 39)","(6, 7)","(6, 9)"
6,60,0.1,bot3,burned,133,10476372747105220766,9850331906506221639,"(2, 39)","(6, 7)","(6, 9)"
6,60,0.1,bot4,burned,133,10476372747105220766,9850331906506221639,"(2, 39)","(6, 7)","(6, 9)"
6,60,0.2,bot1,burned,47,10476372747105220766,9850331906506221639,"(2, 39)","(6, 7)","(6, 9)"
6,60,0.2,bot2,burned,141,10476372747105220766,9850331906506221639,"(2, 39)","(6, 7)","(6, 9)"
6,60,0.2,bot3,burned,141,10476372747105220766,9850331906506221639,"(2, 39)","(6, 7)","(6, 9)"
6,60,0.2,bot4,burned,141,10476372747105220766,9850331906506221639,"(2, 39)","(6, 7)","(6, 9)"
6,60,0.3,bot1,burned,45,10476372747105220766,9850331906506221639,"(2, 39)","(6, 7)","(6, 9)"
6,60,0.3,bot2,burned,75,10476372747105220766,9850331906506221639,"(2, 39)","(6, 7)","(6, 9)"
6,60,0.3,bot3,burned,75,10476372747105220766,9850331906506221639,"(2, 39)","(6, 7)","(6, 9)"
6,60,0.3,bot4,burned,75,10476372747105220766,9850331906506221639,"(2, 39)","(6, 7)","(6, 9)"
6,60,0.4,bot1,burned,31,10476372747105220766,9850331906506221639,"(2, 39)","(6, 7)","(6, 9)"
6,60,0.4,bot2,burned,69,10476372747105220766,9850331906506221639,"(2, 39)","(6, 7)","(6, 9)"
6,60,0.4,bot3,burned,69,10476372747105220766,9850331906506221639,"(2, 39)","(6, 7)","(6, 9)"
6,60,0.4,bot4,burned,69,10476372747105220766,9850331906506221639,"(2, 39)","(6, 7)","(6, 9)"
6,60,0.5,bot1,burned,33,10476372747105220766,9850331906506221639,"(2, 39)","(6, 7)","(6, 9)"
6,60,0.5,bot2,burned,67,10476372747105220766,9850331906506221639,"(2, 39)","(6, 7)","(6, 9)"
6,60,0.5,bot3,burned,67,10476372747105220766,9850331906506221639,"(2, 39)","(6, 7)","(6, 9)"
6,60,0.5,bot4,burned,67,10476372747105220766,9850331906506221639,"(2, 39)","(6, 7)","(6, 9)"
6,60,0.6,bot1,burned,27,10476372747105220766,9850331906506221639,"(2, 39)","(6, 7)","(6, 9)"
6,60,0.6,bot2,burned,68,10476372747105220766,9850331906506221639,"(2, 39)","(6, 7)","(6, 9)"
6,60,0.6,bot3,burned,68,10476372747105220766,9850331906506221639,"(2, 39)","(6, 7)","(6, 9)"
6,60,0.6,bot4,burned,68,10476372747105220766,9850331906506221639,"(2, 39)","(6, 7)","(6, 9)"
6,60,0.7,bot1,burned,24,10476372747105220766,9850331906506221639,"(2, 39)","(6, 7)","(6, 9)"
6,60,0.7,bot2,burned,56,10476372747105220766,9850331906506221639,"(2, 39)","(6, 7)","(6, 9)"
6,60,0.7,bot3,burned,56,10476372747105220766,9850331906506221639,"(2, 39)","(6, 7)","(6, 9)"
6,60,0.7,bot4,burned,56,10476372747105220766,9850331906506221639,"(2, 39)","(6, 7)","(6, 9)"
6,60,0.8,bot1,burned,24,10476372747105220766,9850331906506221639,"(2, 39)","(6, 7)","(6, 9)"
6,60,0.8,bot2,burned,49,10476372747105220766,9850331906506221639,"(2, 39)","(6, 7)","(6, 9)"
6,60,0.8,bot3,burned,49,10476372747105220766,9850331906506221639,"(2, 39)","(6, 7)","(6, 9)"
6,60,0.8,bot4,burned,49,10476372747105220766,9850331906506221639,"(2, 39)","(6, 7)","(6, 9)"
6,60,0.9,bot1,burned,23,10476372747105220766,9850331906506221639,"(2, 39)","(6, 7)","(6, 9)"
6,60,0.9,bot2,burned,43,10476372747105220766,9850331906506221639,"(2, 39)","(6, 7)","(6, 9)"
6,60,0.9,bot3,burned,43,10476372747105220766,9850331906506221639,"(2, 39)","(6, 7)","(6, 9)"
6,60,0.9,bot4,burned,43,10476372747105220766,9850331906506221639,"(2, 39)","(6, 7)","(6, 9)"
6,60,1.0,bot1,burned,22,10476372747105220766,9850331906506221639,"(2, 39)","(6, 7)","(6, 9)"
6,60,1.0,bot2,burned,42,10476372747105220766,9850331906506221639,"(2, 39)","(6, 7)","(6, 9)"
6,60,1.0,bot3,burned,42,10476372747105220766,9850331906506221639,"(2, 39)","(6, 7)","(6, 9)"
6,60,1.0,bot4,burned,42,10476372747105220766,9850331906506221639,"(2, 39)","(6, 7)","(6, 9)"
7,60,0.0,bot1,success,70,4202833543465954045,2352898528741471730,"(58, 8)","(33, 43)","(7, 31)"
7,60,0.0,bot2,success,70,4202833543465954045,2352898528741471730,"(58, 8)","(33, 43)","(7, 31)"
7,60,0.0,bot3,success,70,4202833543465954045,2352898528741471730,"(58, 8)","(33, 43)","(7, 31)"
7,60,0.0,bot4,success,70,4202833543465954045,2352898528741471730,"(58, 8)","(33, 43)","(7, 31)"
7,60,0.1,bot1,success,70,4202833543465954045,2352898528741471730,"(58, 8)","(33, 43)","(7, 31)"
7,60,0.1,bot2,success,70,4202833543465954045,2352898528741471730,"(58, 8)","(33, 43)","(7, 31)"
7,60,0.1,bot3,success,70,4202833543465954045,2352898528741471730,"(58, 8)","(33, 43)","(7, 31)"
7,60,0.1,bot4,success,70,4202833543465954045,2352898528741471730,"(58, 8)","(33, 43)","(7, 31)"
7,60,0.2,bot1,success,70,4202833543465954045,2352898528741471730,"(58, 8)","(33, 43)","(7, 31)"
7,60,0.2,bot2,success,70,4202833543465954045,2352898528741471730,"(58, 8)","(33, 43)","(7, 31)"
7,60,0.2,bot3,success,70,4202833543465954045,2352898528741471730,"(58, 8)","(33, 43)","(7, 31)"
7,60,0.2,bot4,success,70,4202833543465954045,2352898528741471730,"(58, 8)","(33, 43)","(7, 31)"
7,60,0.3,bot1,success,70,4202833543465954045,2352898528741471730,"(58, 8)","(33, 43)","(7, 31)"
7,60,0.3,bot2,success,70,4202833543465954045,2352898528741471730,"(58, 8)","(33, 43)","(7, 31)"
7,60,0.3,bot3,success,70,4202833543465954045,2352898528741471730,"(58, 8)","(33, 43)","(7, 31)"
7,60,0.3,bot4,success,70,4202833543465954045,2352898528741471730,"(58, 8)","(33, 43)","(7, 31)"
7,60,0.4,bot1,success,70,4202833543465954045,2352898528741471730,"(58, 8)","(33, 43)","(7, 31)"
7,60,0.4,bot2,success,70,4202833543465954045,2352898528741471730,"(58, 8)","(33, 43)","(7, 31)"
7,60,0.4,bot3,success,70,4202833543465954045,2352898528741471730,"(58, 8)","(33, 43)","(7, 31)"
7,60,0.4,bot4,success,70,4202833543465954045,2352898528741471730,"(58, 8)","(33, 43)","(7, 31)"
7,60,0.5,bot1,success,70,4202833543465954045,2352898528741471730,"(58, 8)","(33, 43)","(7, 31)"
7,60,0.5,bot2,success,70,4202833543465954045,2352898528741471730,"(58, 8)","(33, 43)","(7, 31)"
7,60,0.5,bot3,success,70,4202833543465954045,2352898528741471730,"(58, 8)","(33, 43)","(7, 31)"
7,60,0.5,bot4,success,70,4202833543465954045,2352898528741471730,"(58, 8)","(33, 43)","(7, 31)"
7,60,0.6,bot1,burned,68,4202833543465954045,2352898528741471730,"(58, 8)","(33, 43)","(7, 31)"
7,60,0.6,bot2,burned,76,4202833543465954045,2352898528741471730,"(58, 8)","(33, 43)","(7, 31)"
7,60,0.6,bot3,burned,75,4202833543465954045,2352898528741471730,"(58, 8)","(33, 43)","(7, 31)"
7,60,0.6,bot4,burned,76,4202833543465954045,2352898528741471730,"(58, 8)","(33, 43)","(7, 31)"
7,60,0.7,bot1,burned,63,4202833543465954045,2352898528741471730,"(58, 8)","(33, 43)","(7, 31)"
7,60,0.7,bot2,burned,63,4202833543465954045,2352898528741471730,"(58, 8)","(33, 43)","(7, 31)"
7,60,0.7,bot3,burned,63,4202833543465954045,2352898528741471730,"(58, 8)","(33, 43)","(7, 31)"
7,60,0.7,bot4,burned,63,4202833543465954045,2352898528741471730,"(58, 8)","(33, 43)","(7, 31)"
7,60,0.8,bot1,burned,59,4202833543465954045,2352898528741471730,"(58, 8)","(33, 43)","(7, 31)"
7,60,0.8,bot2,burned,62,4202833543465954045,2352898528741471730,"(58, 8)","(33, 43)","(7, 31)"
7,60,0.8,bot3,burned,62,4202833543465954045,2352898528741471730,"(58, 8)","(33, 43)","(7, 31)"
7,60,0.8,bot4,burned,62,4202833543465954045,2352898528741471730,"(58, 8)","(33, 43)","(7, 31)"
7,60,0.9,bot1,burned,50,4202833543465954045,2352898528741471730,"(58, 8)","(33, 43)","(7, 31)"
7,60,0.9,bot2,burned,54,4202833543465954045,2352898528741471730,"(58, 8)","(33, 43)","(7, 31)"
7,60,0.9,bot3,burned,54,4202833543465954045,2352898528741471730,"(58, 8)","(33, 43)","(7, 31)"
7,60,0.9,bot4,burned,54,4202833543465954045,2352898528741471730,"(58, 8)","(33, 43)","(7, 31)"
7,60,1.0,bot1,burned,48,4202833543465954045,2352898528741471730,"(58, 8)","(33, 43)","(7, 31)"
7,60,1.0,bot2,burned,48,4202833543465954045,2352898528741471730,"(58, 8)","(33, 43)","(7, 31)"
7,60,1.0,bot3,burned,48,4202833543465954045,2352898528741471730,"(58, 8)","(33, 43)","(7, 31)"
7,60,1.0,bot4,burned,48,4202833543465954045,2352898528741471730,"(58, 8)","(33, 43)","(7, 31)"
8,60,0.0,bot1,success,40,5367596288046729735,6036834778005673139,"(42, 24)","(50, 50)","(3, 6)"
8,60,0.0,bot2,success,40,5367596288046729735,6036834778005673139,"(42, 24)","(50, 50)","(3, 6)"
8,60,0.0,bot3,success,40,5367596288046729735,6036834778005673139,"(42, 24)","(50, 50)","(3, 6)"
8,60,0.0,bot4,success,40,5367596288046729735,6036834778005673139,"(42, 24)","(50, 50)","(3, 6)"
8,60,0.1,bot1,success,40,5367596288046729735,6036834778005673139,"(42, 24)","(50, 50)","(3, 6)"
8,60,0.1,bot2,success,40,5367596288046729735,6036834778005673139,"(42, 24)","(50, 50)","(3, 6)"
8,60,0.1,bot3,success,40,5367596288046729735,6036834778005673139,"(42, 24)","(50, 50)","(3, 6)"
8,60,0.1,bot4,success,40,5367596288046729735,6036834778005673139,"(42, 24)","(50, 50)","(3, 6)"
8,60,0.2,bot1,success,40,5367596288046729735,6036834778005673139,"(42, 24)","(50, 50)","(3, 6)"
8,60,0.2,bot2,success,40,5367596288046729735,6036834778005673139,"(42, 24)","(50, 50)","(3, 6)"
8,60,0.2,bot3,success,40,5367596288046729735,6036834778005673139,"(42, 24)","(50, 50)","(3, 6)"
8,60,0.2,bot4,success,40,5367596288046729735,6036834778005673139,"(42, 24)","(50, 50)","(3, 6)"
8,60,0.3,bot1,success,40,5367596288046729735,6036834778005673139,"(42, 24)","(50, 50)","(3, 6)"
8,60,0.3,bot2,success,40,5367596288046729735,6036834778005673139,"(42, 24)","(50, 50)","(3, 6)"
8,60,0.3,bot3,success,40,5367596288046729735,6036834778005673139,"(42, 24)","(50, 50)","(3, 6)"
8,60,0.3,bot4,success,40,5367596288046729735,6036834778005673139,"(42, 24)","(50, 50)","(3, 6)"
8,60,0.4,bot1,success,40,5367596288046729735,6036834778005673139,"(42, 24)","(50, 50)","(3, 6)"
8,60,0.4,bot2,success,40,5367596288046729735,6036834778005673139,"(42, 24)","(50, 50)","(3, 6)"
8,60,0.4,bot3,success,40,5367596288046729735,6036834778005673139,"(42, 24)","(50, 50)","(3, 6)"
8,60,0.4,bot4,success,40,5367596288046729735,6036834778005673139,"(42, 24)","(50, 50)","(3, 6)"
8,60,0.5,bot1,success,40,5367596288046729735,6036834778005673139,"(42, 24)","(50, 50)","(3, 6)"
8,60,0.5,bot2,success,40,5367596288046729735,6036834778005673139,"(42, 24)","(50, 50)","(3, 6)"
8,60,0.5,bot3,success,40,5367596288046729735,6036834778005673139,"(42, 24)","(50, 50)","(3, 6)"
8,60,0.5,bot4,success,40,5367596288046729735,6036834778005673139,"(42, 24)","(50, 50)","(3, 6)"
8,60,0.6,bot1,success,40,5367596288046729735,6036834778005673139,"(42, 24)","(50, 50)","(3, 6)"
8,60,0.6,bot2,success,40,5367596288046729735,6036834778005673139,"(42, 24)","(50, 50)","(3, 6)"
8,60,0.6,bot3,success,40,5367596288046729735,6036834778005673139,"(42, 24)","(50, 50)","(3, 6)"
8,60,0.6,bot4,success,40,5367596288046729735,6036834778005673139,"(42, 24)","(50, 50)","(3, 6)"
8,60,0.7,bot1,success,40,5367596288046729735,6036834778005673139,"(42, 24)","(50, 50)","(3, 6)"
8,60,0.7,bot2,success,40,5367596288046729735,6036834778005673139,"(42, 24)","(50, 50)","(3, 6)"
8,60,0.7,bot3,success,40,5367596288046729735,6036834778005673139,"(42, 24)","(50, 50)","(3, 6)"
8,60,0.7,bot4,success,40,5367596288046729735,6036834778005673139,"(42, 24)","(50, 50)","(3, 6)"
8,60,0.8,bot1,success,40,5367596288046729735,6036834778005673139,"(42, 24)","(50, 50)","(3, 6)"
8,60,0.8,bot2,success,40,5367596288046729735,6036834778005673139,"(42, 24)","(50, 50)","(3, 6)"
8,60,0.8,bot3,success,40,5367596288046729735,6036834778005673139,"(42, 24)","(50, 50)","(3, 6)"
8,60,0.8,bot4,success,40,5367596288046729735,6036834778005673139,"(42, 24)","(50, 50)","(3, 6)"
8,60,0.9,bot1,success,40,5367596288046729735,6036834778005673139,"(42, 24)","(50, 50)","(3, 6)"
8,60,0.9,bot2,success,40,5367596288046729735,6036834778005673139,"(42, 24)","(50, 50)","(3, 6)"
8,60,0.9,bot3,success,40,5367596288046729735,6036834778005673139,"(42, 24)","(50, 50)","(3, 6)"
8,60,0.9,bot4,success,40,5367596288046729735,6036834778005673139,"(42, 24)","(50, 50)","(3, 6)"
8,60,1.0,bot1,success,40,5367596288046729735,6036834778005673139,"(42, 24)","(50, 50)","(3, 6)"
8,60,1.0,bot2,success,40,5367596288046729735,6036834778005673139,"(42, 24)","(50, 50)","(3, 6)"
8,60,1.0,bot3,success,40,5367596288046729735,6036834778005673139,"(42, 24)","(50, 50)","(3, 6)"
8,60,1.0,bot4,success,40,5367596288046729735,6036834778005673139,"(42, 24)","(50, 50)","(3, 6)"
9,60,0.0,bot1,success,34,4429940972009823765,2082016796811600161,"(44, 27)","(29, 42)","(40, 25)"
9,60,0.0,bot2,success,34,4429940972009823765,2082016796811600161,"(44, 27)","(29, 42)","(40, 25)"
9,60,0.0,bot3,success,34,4429940972009823765,2082016796811600161,"(44, 27)","(29, 42)","(40, 25)"
9,60,0.0,bot4,success,34,4429940972009823765,2082016796811600161,"(44, 27)","(29, 42)","(40, 25)"
9,60,0.1,bot1,success,34,4429940972009823765,2082016796811600161,"(44, 27)","(29, 42)","(40, 25)"
9,60,0.1,bot2,success,34,4429940972009823765,2082016796811600161,"(44, 27)","(29, 42)","(40, 25)"
9,60,0.1,bot3,success,34,4429940972009823765,2082016796811600161,"(44, 27)","(29, 42)","(40, 25)"
9,60,0.1,bot4,success,36,4429940972009823765,2082016796811600161,"(44, 27)","(29, 42)","(40, 25)"
9,60,0.2,bot1,success,34,4429940972009823765,2082016796811600161,"(44, 27)","(29, 42)","(40, 25)"
9,60,0.2,bot2,success,34,4429940972009823765,2082016796811600161,"(44, 27)","(29, 42)","(40, 25)"
9,60,0.2,bot3,success,34,4429940972009823765,2082016796811600161,"(44, 27)","(29, 42)","(40, 25)"
9,60,0.2,bot4,success,36,4429940972009823765,2082016796811600161,"(44, 27)","(29, 42)","(40, 25)"
9,60,0.3,bot1,success,34,4429940972009823765,2082016796811600161,"(44, 27)","(29, 42)","(40, 25)"
9,60,0.3,bot2,success,34,4429940972009823765,2082016796811600161,"(44, 27)","(29, 42)","(40, 25)"
9,60,0.3,bot3,success,34,4429940972009823765,2082016796811600161,"(44, 27)","(29, 42)","(40, 25)"
9,60,0.3,bot4,success,36,4429940972009823765,2082016796811600161,"(44, 27)","(29, 42)","(40, 25)"
9,60,0.4,bot1,success,34,4429940972009823765,2082016796811600161,"(44, 27)","(29, 42)","(40, 25)"
9,60,0.4,bot2,success,34,4429940972009823765,2082016796811600161,"(44, 27)","(29, 42)","(40, 25)"
9,60,0.4,bot3,success,34,4429940972009823765,2082016796811600161,"(44, 27)","(29, 42)","(40, 25)"
9,60,0.4,bot4,success,36,4429940972009823765,2082016796811600161,"(44, 27)","(29, 42)","(40, 25)"
9,60,0.5,bot1,burned,8,4429940972009823765,2082016796811600161,"(44, 27)","(29, 42)","(40, 25)"
9,60,0.5,bot2,success,36,4429940972009823765,2082016796811600161,"(44, 27)","(29, 42)","(40, 25)"
9,60,0.5,bot3,success,34,4429940972009823765,2082016796811600161,"(44, 27)","(29, 42)","(40, 25)"
9,60,0.5,bot4,success,34,4429940972009823765,2082016796811600161,"(44, 27)","(29, 42)","(40, 25)"
9,60,0.6,bot1,burned,9,4429940972009823765,2082016796811600161,"(44, 27)","(29, 42)","(40, 25)"
9,60,0.6,bot2,burned,9,4429940972009823765,2082016796811600161,"(44, 27)","(29, 42)","(40, 25)"
9,60,0.6,bot3,success,38,4429940972009823765,2082016796811600161,"(44, 27)","(29, 42)","(40, 25)"
9,60,0.6,bot4,success,34,4429940972009823765,2082016796811600161,"(44, 27)","(29, 42)","(40, 25)"
9,60,0.7,bot1,burned,9,4429940972009823765,2082016796811600161,"(44, 27)","(29, 42)","(40, 25)"
9,60,0.7,bot2,burned,9,4429940972009823765,2082016796811600161,"(44, 27)","(29, 42)","(40, 25)"
9,60,0.7,bot3,success,34,4429940972009823765,2082016796811600161,"(44, 27)","(29, 42)","(40, 25)"
9,60,0.7,bot4,success,34,4429940972009823765,2082016796811600161,"(44, 27)","(29, 42)","(40, 25)"
9,60,0.8,bot1,burned,9,4429940972009823765,2082016796811600161,"(44, 27)","(29, 42)","(40, 25)"
9,60,0.8,bot2,burned,9,4429940972009823765,2082016796811600161,"(44, 27)","(29, 42)","(40, 25)"
9,60,0.8,bot3,success,34,4429940972009823765,2082016796811600161,"(44, 27)","(29, 42)","(40, 25)"
9,60,0.8,bot4,success,34,4429940972009823765,2082016796811600161,"(44, 27)","(29, 42)","(40, 25)"
9,60,0.9,bot1,burned,4,4429940972009823765,2082016796811600161,"(44, 27)","(29, 42)","(40, 25)"
9,60,0.9,bot2,burned,4,4429940972009823765,2082016796811600161,"(44, 27)","(29, 42)","(40, 25)"
9,60,0.9,bot3,burned,5,4429940972009823765,2082016796811600161,"(44, 27)","(29, 42)","(40, 25)"
9,60,0.9,bot4,burned,5,4429940972009823765,2082016796811600161,"(44, 27)","(29, 42)","(40, 25)"
9,60,1.0,bot1,burned,4,4429940972009823765,2082016796811600161,"(44, 27)","(29, 42)","(40, 25)"
9,60,1.0,bot2,burned,4,4429940972009823765,2082016796811600161,"(44, 27)","(29, 42)","(40, 25)"
9,60,1.0,bot3,burned,5,4429940972009823765,2082016796811600161,"(44, 27)","(29, 42)","(40, 25)"
9,60,1.0,bot4,burned,4,4429940972009823765,2082016796811600161,"(44, 27)","(29, 42)","(40, 25)"
10,60,0.0,bot1,success,26,1869184818922152062,15171740154097094495,"(29, 34)","(41, 24)","(50, 50)"
10,60,0.0,bot2,success,26,1869184818922152062,15171740154097094495,"(29, 34)","(41, 24)","(50, 50)"
10,60,0.0,bot3,success,26,1869184818922152062,15171740154097094495,"(29, 34)","(41, 24)","(50, 50)"
10,60,0.0,bot4,success,26,1869184818922152062,15171740154097094495,"(29, 34)","(41, 24)","(50, 50)"
10,60,0.1,bot1,success,26,1869184818922152062,15171740154097094495,"(29, 34)","(41, 24)","(50, 50)"
10,60,0.1,bot2,success,26,1869184818922152062,15171740154097094495,"(29, 34)","(41, 24)","(50, 50)"
10,60,0.1,bot3,success,26,1869184818922152062,15171740154097094495,"(29, 34)","(41, 24)","(50, 50)"
10,60,0.1,bot4,success,26,1869184818922152062,15171740154097094495,"(29, 34)","(41, 24)","(50, 50)"
10,60,0.2,bot1,success,26,1869184818922152062,15171740154097094495,"(29, 34)","(41, 24)","(50, 50)"
10,60,0.2,bot2,success,26,1869184818922152062,15171740154097094495,"(29, 34)","(41, 24)","(50, 50)"
10,60,0.2,bot3,success,26,1869184818922152062,15171740154097094495,"(29, 34)","(41, 24)","(50, 50)"
10,60,0.2,bot4,success,26,1869184818922152062,15171740154097094495,"(29, 34)","(41, 24)","(50, 50)"
10,60,0.3,bot1,success,26,1869184818922152062,15171740154097094495,"(29, 34)","(41, 24)","(50, 50)"
10,60,0.3,bot2,success,26,1869184818922152062,15171740154097094495,"(29, 34)","(41, 24)","(50, 50)"
10,60,0.3,bot3,success,26,1869184818922152062,15171740154097094495,"(29, 34)","(41, 24)","(50, 50)"
10,60,0.3,bot4,success,26,1869184818922152062,15171740154097094495,"(29, 34)","(41, 24)","(50, 50)"
10,60,0.4,bot1,success,26,1869184818922152062,15171740154097094495,"(29, 34)","(41, 24)","(50, 50)"
10,60,0.4,bot2,success,26,1869184818922152062,15171740154097094495,"(29, 34)","(41, 24)","(50, 50)"
10,60,0.4,bot3,success,26,1869184818922152062,15171740154097094495,"(29, 34)","(41, 24)","(50, 50)"
10,60,0.4,bot4,success,26,1869184818922152062,15171740154097094495,"(29, 34)","(41, 24)","(50, 50)"
10,60,0.5,bot1,success,26,1869184818922152062,15171740154097094495,"(29, 34)","(41, 24)","(50, 50)"
10,60,0.5,bot2,success,26,1869184818922152062,15171740154097094495,"(29, 34)","(41, 24)","(50, 50)"
10,60,0.5,bot3,success,26,1869184818922152062,15171740154097094495,"(29, 34)","(41, 24)","(50, 50)"
10,60,0.5,bot4,success,26,1869184818922152062,15171740154097094495,"(29, 34)","(41, 24)","(50, 50)"
10,60,0.6,bot1,success,26,1869184818922152062,15171740154097094495,"(29, 34)","(41, 24)","(50, 50)"
10,60,0.6,bot2,success,26,1869184818922152062,15171740154097094495,"(29, 34)","(41, 24)","(50, 50)"
10,60,0.6,bot3,success,26,1869184818922152062,15171740154097094495,"(29, 34)","(41, 24)","(50, 50)"
10,60,0.6,bot4,success,26,1869184818922152062,15171740154097094495,"(29, 34)","(41, 24)","(50, 50)"
10,60,0.7,bot1,success,26,1869184818922152062,15171740154097094495,"(29, 34)","(41, 24)","(50, 50)"
10,60,0.7,bot2,success,26,1869184818922152062,15171740154097094495,"(29, 34)","(41, 24)","(50, 50)"
10,60,0.7,bot3,success,26,1869184818922152062,15171740154097094495,"(29, 34)","(41, 24)","(50, 50)"
10,60,0.7,bot4,success,26,1869184818922152062,15171740154097094495,"(29, 34)","(41, 24)","(50, 50)"
10,60,0.8,bot1,success,26,1869184818922152062,15171740154097094495,"(29, 34)","(41, 24)","(50, 50)"
10,60,0.8,bot2,success,26,1869184818922152062,15171740154097094495,"(29, 34)","(41, 24)","(50, 50)"
10,60,0.8,bot3,success,26,1869184818922152062,15171740154097094495,"(29, 34)","(41, 24)","(50, 50)"
10,60,0.8,bot4,success,26,1869184818922152062,15171740154097094495,"(29, 34)","(41, 24)","(50, 50)"
10,60,0.9,bot1,success,26,1869184818922152062,15171740154097094495,"(29, 34)","(41, 24)","(50, 50)"
10,60,0.9,bot2,success,26,1869184818922152062,15171740154097094495,"(29, 34)","(41, 24)","(50, 50)"
10,60,0.9,bot3,success,26,1869184818922152062,15171740154097094495,"(29, 34)","(41, 24)","(50, 50)"
10,60,0.9,bot4,success,26,1869184818922152062,15171740154097094495,"(29, 34)","(41, 24)","(50, 50)"
10,60,1.0,bot1,success,26,1869184818922152062,15171740154097094495,"(29, 34)","(41, 24)","(50, 50)"
10,60,1.0,bot2,success,26,1869184818922152062,15171740154097094495,"(29, 34)","(41, 24)","(50, 50)"
10,60,1.0,bot3,success,26,1869184818922152062,15171740154097094495,"(29, 34)","(41, 24)","(50, 50)"
10,60,1.0,bot4,success,26,1869184818922152062,15171740154097094495,"(29, 34)","(41, 24)","(50, 50)"
11,60,0.0,bot1,success,73,5892813151319598084,5680186870734199300,"(46, 2)","(19, 46)","(13, 4)"
11,60,0.0,bot2,success,73,5892813151319598084,5680186870734199300,"(46, 2)","(19, 46)","(13, 4)"
11,60,0.0,bot3,success,73,5892813151319598084,5680186870734199300,"(46, 2)","(19, 46)","(13, 4)"
11,60,0.0,bot4,success,73,5892813151319598084,5680186870734199300,"(46, 2)","(19, 46)","(13, 4)"
11,60,0.1,bot1,success,73,5892813151319598084,5680186870734199300,"(46, 2)","(19, 46)","(13, 4)"
11,60,0.1,bot2,success,73,5892813151319598084,5680186870734199300,"(46, 2)","(19, 46)","(13, 4)"
11,60,0.1,bot3,success,73,5892813151319598084,5680186870734199300,"(46, 2)","(19, 46)","(13, 4)"
11,60,0.1,bot4,success,73,5892813151319598084,5680186870734199300,"(46, 2)","(19, 46)","(13, 4)"
11,60,0.2,bot1,success,73,5892813151319598084,5680186870734199300,"(46, 2)","(19, 46)","(13, 4)"
11,60,0.2,bot2,success,73,5892813151319598084,5680186870734199300,"(46, 2)","(19, 46)","(13, 4)"
11,60,0.2,bot3,success,73,5892813151319598084,5680186870734199300,"(46, 2)","(19, 46)","(13, 4)"
11,60,0.2,bot4,success,73,5892813151319598084,5680186870734199300,"(46, 2)","(19, 46)","(13, 4)"
11,60,0.3,bot1,success,73,5892813151319598084,5680186870734199300,"(46, 2)","(19, 46)","(13, 4)"
11,60,0.3,bot2,success,73,5892813151319598084,5680186870734199300,"(46, 2)","(19, 46)","(13, 4)"
11,60,0.3,bot3,success,73,5892813151319598084,5680186870734199300,"(46, 2)","(19, 46)","(13, 4)"
11,60,0.3,bot4,success,73,5892813151319598084,5680186870734199300,"(46, 2)","(19, 46)","(13, 4)"
11,60,0.4,bot1,success,73,5892813151319598084,5680186870734199300,"(46, 2)","(19, 46)","(13, 4)"
11,60,0.4,bot2,success,73,5892813151319598084,5680186870734199300,"(46, 2)","(19, 46)","(13, 4)"
11,60,0.4,bot3,success,73,5892813151319598084,5680186870734199300,"(46, 2)","(19, 46)","(13, 4)"
11,60,0.4,bot4,success,73,5892813151319598084,5680186870734199300,"(46, 2)","(19, 46)","(13, 4)"
11,60,0.5,bot1,success,73,5892813151319598084,5680186870734199300,"(46, 2)","(19, 46)","(13, 4)"
11,60,0.5,bot2,success,73,5892813151319598084,5680186870734199300,"(46, 2)","(19, 46)","(13, 4)"
11,60,0.5,bot3,success,73,5892813151319598084,5680186870734199300,"(46, 2)","(19, 46)","(13, 4)"
11,60,0.5,bot4,success,73,5892813151319598084,5680186870734199300,"(46, 2)","(19, 46)","(13, 4)"
11,60,0.6,bot1,success,73,5892813151319598084,5680186870734199300,"(46, 2)","(19, 46)","(13, 4)"
11,60,0.6,bot2,success,73,5892813151319598084,5680186870734199300,"(46, 2)","(19, 46)","(13, 4)"
11,60,0.6,bot3,success,73,5892813151319598084,5680186870734199300,"(46, 2)","(19, 46)","(13, 4)"
11,60,0.6,bot4,success,73,5892813151319598084,5680186870734199300,"(46, 2)","(19, 46)","(13, 4)"
11,60,0.7,bot1,success,73,5892813151319598084,5680186870734199300,"(46, 2)","(19, 46)","(13, 4)"
11,60,0.7,bot2,success,73,5892813151319598084,5680186870734199300,"(46, 2)","(19, 46)","(13, 4)"
11,60,0.7,bot3,success,73,5892813151319598084,5680186870734199300,"(46, 2)","(19, 46)","(13, 4)"
11,60,0.7,bot4,success,73,5892813151319598084,5680186870734199300,"(46, 2)","(19, 46)","(13, 4)"
11,60,0.8,bot1,burned,52,5892813151319598084,5680186870734199300,"(46, 2)","(19, 46)","(13, 4)"
11,60,0.8,bot2,burned,55,5892813151319598084,5680186870734199300,"(46, 2)","(19, 46)","(13, 4)"
11,60,0.8,bot3,burned,68,5892813151319598084,5680186870734199300,"(46, 2)","(19, 46)","(13, 4)"
11,60,0.8,bot4,burned,55,5892813151319598084,5680186870734199300,"(46, 2)","(19, 46)","(13, 4)"
11,60,0.9,bot1,burned,51,5892813151319598084,5680186870734199300,"(46, 2)","(19, 46)","(13, 4)"
11,60,0.9,bot2,burned,63,5892813151319598084,5680186870734199300,"(46, 2)","(19, 46)","(13, 4)"
11,60,0.9,bot3,burned,64,5892813151319598084,5680186870734199300,"(46, 2)","(19, 46)","(13, 4)"
11,60,0.9,bot4,burned,63,5892813151319598084,5680186870734199300,"(46, 2)","(19, 46)","(13, 4)"
11,60,1.0,bot1,burned,49,5892813151319598084,5680186870734199300,"(46, 2)","(19, 46)","(13, 4)"
11,60,1.0,bot2,burned,58,5892813151319598084,5680186870734199300,"(46, 2)","(19, 46)","(13, 4)"
11,60,1.0,bot3,burned,58,5892813151319598084,5680186870734199300,"(46, 2)","(19, 46)","(13, 4)"
11,60,1.0,bot4,burned,58,5892813151319598084,5680186870734199300,"(46, 2)","(19, 46)","(13, 4)"
12,60,0.0,bot1,success,36,13169838651058725248,11970180045625434365,"(7, 32)","(27, 18)","(10, 52)"
12,60,0.0,bot2,success,36,13169838651058725248,11970180045625434365,"(7, 32)","(27, 18)","(10, 52)"
12,60,0.0,bot3,success,36,13169838651058725248,11970180045625434365,"(7, 32)","(27, 18)","(10, 52)"
12,60,0.0,bot4,success,36,13169838651058725248,11970180045625434365,"(7, 32)","(27, 18)","(10, 52)"
12,60,0.1,bot1,success,36,13169838651058725248,11970180045625434365,"(7, 32)","(27, 18)","(10, 52)"
12,60,0.1,bot2,success,36,13169838651058725248,11970180045625434365,"(7, 32)","(27, 18)","(10, 52)"
12,60,0.1,bot3,success,36,13169838651058725248,11970180045625434365,"(7, 32)","(27, 18)","(10, 52)"
12,60,0.1,bot4,success,36,13169838651058725248,11970180045625434365,"(7, 32)","(27, 18)","(10, 52)"
12,60,0.2,bot1,success,36,13169838651058725248,11970180045625434365,"(7, 32)","(27, 18)","(10, 52)"
12,60,0.2,bot2,success,36,13169838651058725248,11970180045625434365,"(7, 32)","(27, 18)","(10, 52)"
12,60,0.2,bot3,success,36,13169838651058725248,11970180045625434365,"(7, 32)","(27, 18)","(10, 52)"
12,60,0.2,bot4,success,36,13169838651058725248,11970180045625434365,"(7, 32)","(27, 18)","(10, 52)"
12,60,0.3,bot1,success,36,13169838651058725248,11970180045625434365,"(7, 32)","(27, 18)","(10, 52)"
12,60,0.3,bot2,success,36,13169838651058725248,11970180045625434365,"(7, 32)","(27, 18)","(10, 52)"
12,60,0.3,bot3,success,36,13169838651058725248,11970180045625434365,"(7, 32)","(27, 18)","(10, 52)"
12,60,0.3,bot4,success,36,13169838651058725248,11970180045625434365,"(7, 32)","(27, 18)","(10, 52)"
12,60,0.4,bot1,success,36,13169838651058725248,11970180045625434365,"(7, 32)","(27, 18)","(10, 52)"
12,60,0.4,bot2,success,36,13169838651058725248,11970180045625434365,"(7, 32)","(27, 18)","(10, 52)"
12,60,0.4,bot3,success,36,13169838651058725248,11970180045625434365,"(7, 32)","(27, 18)","(10, 52)"
12,60,0.4,bot4,success,36,13169838651058725248,11970180045625434365,"(7, 32)","(27, 18)","(10, 52)"
12,60,0.5,bot1,success,36,13169838651058725248,11970180045625434365,"(7, 32)","(27, 18)","(10, 52)"
12,60,0.5,bot2,success,36,13169838651058725248,11970180045625434365,"(7, 32)","(27, 18)","(10, 52)"
12,60,0.5,bot3,success,36,13169838651058725248,11970180045625434365,"(7, 32)","(27, 18)","(10, 52)"
12,60,0.5,bot4,success,36,13169838651058725248,11970180045625434365,"(7, 32)","(27, 18)","(10, 52)"
12,60,0.6,bot1,success,36,13169838651058725248,11970180045625434365,"(7, 32)","(27, 18)","(10, 52)"
12,60,0.6,bot2,success,36,13169838651058725248,11970180045625434365,"(7, 32)","(27, 18)","(10, 52)"
12,60,0.6,bot3,success,36,13169838651058725248,11970180045625434365,"(7, 32)","(27, 18)","(10, 52)"
12,60,0.6,bot4,success,36,13169838651058725248,11970180045625434365,"(7, 32)","(27, 18)","(10, 52)"
12,60,0.7,bot1,success,36,13169838651058725248,11970180045625434365,"(7, 32)","(27, 18)","(10, 52)"
12,60,0.7,bot2,success,36,13169838651058725248,11970180045625434365,"(7, 32)","(27, 18)","(10, 52)"
12,60,0.7,bot3,success,36,13169838651058725248,11970180045625434365,"(7, 32)","(27, 18)","(10, 52)"
12,60,0.7,bot4,success,36,13169838651058725248,11970180045625434365,"(7, 32)","(27, 18)","(10, 52)"
12,60,0.8,bot1,success,36,13169838651058725248,11970180045625434365,"(7, 32)","(27, 18)","(10, 52)"
12,60,0.8,bot2,success,36,13169838651058725248,11970180045625434365,"(7, 32)","(27, 18)","(10, 52)"
12,60,0.8,bot3,success,36,13169838651058725248,11970180045625434365,"(7, 32)","(27, 18)","(10, 52)"
12,60,0.8,bot4,success,36,13169838651058725248,11970180045625434365,"(7, 32)","(27, 18)","(10, 52)"
12,60,0.9,bot1,success,36,13169838651058725248,11970180045625434365,"(7, 32)","(27, 18)","(10, 52)"
12,60,0.9,bot2,success,36,13169838651058725248,11970180045625434365,"(7, 32)","(27, 18)","(10, 52)"
12,60,0.9,bot3,success,36,13169838651058725248,11970180045625434365,"(7, 32)","(27, 18)","(10, 52)"
12,60,0.9,bot4,success,36,13169838651058725248,11970180045625434365,"(7, 32)","(27, 18)","(10, 52)"
12,60,1.0,bot1,success,36,13169838651058725248,11970180045625434365,"(7, 32)","(27, 18)","(10, 52)"
12,60,1.0,bot2,success,36,13169838651058725248,11970180045625434365,"(7, 32)","(27, 18)","(10, 52)"
12,60,1.0,bot3,success,36,13169838651058725248,11970180045625434365,"(7, 32)","(27, 18)","(10, 52)"
12,60,1.0,bot4,success,36,13169838651058725248,11970180045625434365,"(7, 32)","(27, 18)","(10, 52)"
13,60,0.0,bot1,success,80,13041392661529628635,15278396220473763938,"(51, 48)","(7, 24)","(30, 48)"
13,60,0.0,bot2,success,80,13041392661529628635,15278396220473763938,"(51, 48)","(7, 24)","(30, 48)"
13,60,0.0,bot3,success,80,13041392661529628635,15278396220473763938,"(51, 48)","(7, 24)","(30, 48)"
13,60,0.0,bot4,success,80,13041392661529628635,15278396220473763938,"(51, 48)","(7, 24)","(30, 48)"
13,60,0.1,bot1,success,80,13041392661529628635,15278396220473763938,"(51, 48)","(7, 24)","(30, 48)"
13,60,0.1,bot2,success,80,13041392661529628635,15278396220473763938,"(51, 48)","(7, 24)","(30, 48)"
13,60,0.1,bot3,success,80,13041392661529628635,15278396220473763938,"(51, 48)","(7, 24)","(30, 48)"
13,60,0.1,bot4,success,80,13041392661529628635,15278396220473763938,"(51, 48)","(7, 24)","(30, 48)"
13,60,0.2,bot1,success,80,13041392661529628635,15278396220473763938,"(51, 48)","(7, 24)","(30, 48)"
13,60,0.2,bot2,success,80,13041392661529628635,15278396220473763938,"(51, 48)","(7, 24)","(30, 48)"
13,60,0.2,bot3,success,80,13041392661529628635,15278396220473763938,"(51, 48)","(7, 24)","(30, 48)"
13,60,0.2,bot4,success,80,13041392661529628635,15278396220473763938,"(51, 48)","(7, 24)","(30, 48)"
13,60,0.3,bot1,success,80,13041392661529628635,15278396220473763938,"(51, 48)","(7, 24)","(30, 48)"
13,60,0.3,bot2,success,80,13041392661529628635,15278396220473763938,"(51, 48)","(7, 24)","(30, 48)"
13,60,0.3,bot3,success,80,13041392661529628635,15278396220473763938,"(51, 48)","(7, 24)","(30, 48)"
13,60,0.3,bot4,success,80,13041392661529628635,15278396220473763938,"(51, 48)","(7, 24)","(30, 48)"
13,60,0.4,bot1,success,80,13041392661529628635,15278396220473763938,"(51, 48)","(7, 24)","(30, 48)"
13,60,0.4,bot2,success,80,13041392661529628635,15278396220473763938,"(51, 48)","(7, 24)","(30, 48)"
13,60,0.4,bot3,success,80,13041392661529628635,15278396220473763938,"(51, 48)","(7, 24)","(30, 48)"
13,60,0.4,bot4,success,80,13041392661529628635,15278396220473763938,"(51, 48)","(7, 24)","(30, 48)"
13,60,0.5,bot1,burned,71,13041392661529628635,15278396220473763938,"(51, 48)","(7, 24)","(30, 48)"
13,60,0.5,bot2,burned,81,13041392661529628635,15278396220473763938,"(51, 48)","(7, 24)","(30, 48)"
13,60,0.5,bot3,burned,81,13041392661529628635,15278396220473763938,"(51, 48)","(7, 24)","(30, 48)"
13,60,0.5,bot4,burned,81,13041392661529628635,15278396220473763938,"(51, 48)","(7, 24)","(30, 48)"
13,60,0.6,bot1,burned,57,13041392661529628635,15278396220473763938,"(51, 48)","(7, 24)","(30, 48)"
13,60,0.6,bot2,burned,64,13041392661529628635,15278396220473763938,"(51, 48)","(7, 24)","(30, 48)"
13,60,0.6,bot3,burned,64,13041392661529628635,15278396220473763938,"(51, 48)","(7, 24)","(30, 48)"
13,60,0.6,bot4,burned,64,13041392661529628635,15278396220473763938,"(51, 48)","(7, 24)","(30, 48)"
13,60,0.7,bot1,burned,53,13041392661529628635,15278396220473763938,"(51, 48)","(7, 24)","(30, 48)"
13,60,0.7,bot2,burned,53,13041392661529628635,15278396220473763938,"(51, 48)","(7, 24)","(30, 48)"
13,60,0.7,bot3,burned,59,13041392661529628635,15278396220473763938,"(51, 48)","(7, 24)","(30, 48)"
13,60,0.7,bot4,burned,53,13041392661529628635,15278396220473763938,"(51, 48)","(7, 24)","(30, 48)"
13,60,0.8,bot1,burned,51,13041392661529628635,15278396220473763938,"(51, 48)","(7, 24)","(30, 48)"
13,60,0.8,bot2,burned,53,13041392661529628635,15278396220473763938,"(51, 48)","(7, 24)","(30, 48)"
13,60,0.8,bot3,burned,55,13041392661529628635,15278396220473763938,"(51, 48)","(7, 24)","(30, 48)"
13,60,0.8,bot4,burned,53,13041392661529628635,15278396220473763938,"(51, 48)","(7, 24)","(30, 48)"
13,60,0.9,bot1,burned,49,13041392661529628635,15278396220473763938,"(51, 48)","(7, 24)","(30, 48)"
13,60,0.9,bot2,burned,47,13041392661529628635,15278396220473763938,"(51, 48)","(7, 24)","(30, 48)"
13,60,0.9,bot3,burned,47,13041392661529628635,15278396220473763938,"(51, 48)","(7, 24)","(30, 48)"
13,60,0.9,bot4,burned,47,13041392661529628635,15278396220473763938,"(51, 48)","(7, 24)","(30, 48)"
13,60,1.0,bot1,burned,44,13041392661529628635,15278396220473763938,"(51, 48)","(7, 24)","(30, 48)"
13,60,1.0,bot2,burned,50,13041392661529628635,15278396220473763938,"(51, 48)","(7, 24)","(30, 48)"
13,60,1.0,bot3,burned,50,13041392661529628635,15278396220473763938,"(51, 48)","(7, 24)","(30, 48)"
13,60,1.0,bot4,burned,50,13041392661529628635,15278396220473763938,"(51, 48)","(7, 24)","(30, 48)"
14,60,0.0,bot1,success,46,12297791248929988709,2910622104803062999,"(30, 21)","(55, 2)","(24, 3)"
14,60,0.0,bot2,success,46,12297791248929988709,2910622104803062999,"(30, 21)","(55, 2)","(24, 3)"
14,60,0.0,bot3,success,46,12297791248929988709,2910622104803062999,"(30, 21)","(55, 2)","(24, 3)"
14,60,0.0,bot4,success,46,12297791248929988709,2910622104803062999,"(30, 21)","(55, 2)","(24, 3)"
14,60,0.1,bot1,success,46,12297791248929988709,2910622104803062999,"(30, 21)","(55, 2)","(24, 3)"
14,60,0.1,bot2,success,46,12297791248929988709,2910622104803062999,"(30, 21)","(55, 2)","(24, 3)"
14,60,0.1,bot3,success,46,12297791248929988709,2910622104803062999,"(30, 21)","(55, 2)","(24, 3)"
14,60,0.1,bot4,success,46,12297791248929988709,2910622104803062999,"(30, 21)","(55, 2)","(24, 3)"
14,60,0.2,bot1,success,46,12297791248929988709,2910622104803062999,"(30, 21)","(55, 2)","(24, 3)"
14,60,0.2,bot2,success,46,12297791248929988709,2910622104803062999,"(30, 21)","(55, 2)","(24, 3)"
14,60,0.2,bot3,success,46,12297791248929988709,2910622104803062999,"(30, 21)","(55, 2)","(24, 3)"
14,60,0.2,bot4,success,46,12297791248929988709,2910622104803062999,"(30, 21)","(55, 2)","(24, 3)"
14,60,0.3,bot1,success,46,12297791248929988709,2910622104803062999,"(30, 21)","(55, 2)","(24, 3)"
14,60,0.3,bot2,success,46,12297791248929988709,2910622104803062999,"(30, 21)","(55, 2)","(24, 3)"
14,60,0.3,bot3,success,46,12297791248929988709,2910622104803062999,"(30, 21)","(55, 2)","(24, 3)"
14,60,0.3,bot4,success,46,12297791248929988709,2910622104803062999,"(30, 21)","(55, 2)","(24, 3)"
14,60,0.4,bot1,success,46,12297791248929988709,2910622104803062999,"(30, 21)","(55, 2)","(24, 3)"
14,60,0.4,bot2,success,46,12297791248929988709,2910622104803062999,"(30, 21)","(55, 2)","(24, 3)"
14,60,0.4,bot3,success,46,12297791248929988709,2910622104803062999,"(30, 21)","(55, 2)","(24, 3)"
14,60,0.4,bot4,success,46,12297791248929988709,2910622104803062999,"(30, 21)","(55, 2)","(24, 3)"
14,60,0.5,bot1,success,46,12297791248929988709,2910622104803062999,"(30, 21)","(55, 2)","(24, 3)"
14,60,0.5,bot2,success,46,12297791248929988709,2910622104803062999,"(30, 21)","(55, 2)","(24, 3)"
14,60,0.5,bot3,success,46,12297791248929988709,2910622104803062999,"(30, 21)","(55, 2)","(24, 3)"
14,60,0.5,bot4,success,46,12297791248929988709,2910622104803062999,"(30, 21)","(55, 2)","(24, 3)"
14,60,0.6,bot1,success,46,12297791248929988709,2910622104803062999,"(30, 21)","(55, 2)","(24, 3)"
14,60,0.6,bot2,success,46,12297791248929988709,2910622104803062999,"(30, 21)","(55, 2)","(24, 3)"
14,60,0.6,bot3,success,46,12297791248929988709,2910622104803062999,"(30, 21)","(55, 2)","(24, 3)"
14,60,0.6,bot4,success,46,12297791248929988709,2910622104803062999,"(30, 21)","(55, 2)","(24, 3)"
14,60,0.7,bot1,success,46,12297791248929988709,2910622104803062999,"(30, 21)","(55, 2)","(24, 3)"
14,60,0.7,bot2,success,46,12297791248929988709,2910622104803062999,"(30, 21)","(55, 2)","(24, 3)"
14,60,0.7,bot3,success,46,12297791248929988709,2910622104803062999,"(30, 21)","(55, 2)","(24, 3)"
14,60,0.7,bot4,success,46,12297791248929988709,2910622104803062999,"(30, 21)","(55, 2)","(24, 3)"
14,60,0.8,bot1,success,46,12297791248929988709,2910622104803062999,"(30, 21)","(55, 2)","(24, 3)"
14,60,0.8,bot2,success,46,12297791248929988709,2910622104803062999,"(30, 21)","(55, 2)","(24, 3)"
14,60,0.8,bot3,success,46,12297791248929988709,2910622104803062999,"(30, 21)","(55, 2)","(24, 3)"
14,60,0.8,bot4,success,46,12297791248929988709,2910622104803062999,"(30, 21)","(55, 2)","(24, 3)"
14,60,0.9,bot1,success,46,12297791248929988709,2910622104803062999,"(30, 21)","(55, 2)","(24, 3)"
14,60,0.9,bot2,success,46,12297791248929988709,2910622104803062999,"(30, 21)","(55, 2)","(24, 3)"
14,60,0.9,bot3,success,46,12297791248929988709,2910622104803062999,"(30, 21)","(55, 2)","(24, 3)"
14,60,0.9,bot4,success,46,12297791248929988709,2910622104803062999,"(30, 21)","(55, 2)","(24, 3)"
14,60,1.0,bot1,success,46,12297791248929988709,2910622104803062999,"(30, 21)","(55, 2)","(24, 3)"
14,60,1.0,bot2,success,46,12297791248929988709,2910622104803062999,"(30, 21)","(55, 2)","(24, 3)"
14,60,1.0,bot3,success,46,12297791248929988709,2910622104803062999,"(30, 21)","(55, 2)","(24, 3)"
14,60,1.0,bot4,success,46,12297791248929988709,2910622104803062999,"(30, 21)","(55, 2)","(24, 3)"
15,60,0.0,bot1,success,23,9678744694265807916,3050833727274155078,"(49, 36)","(37, 39)","(41, 4)"
15,60,0.0,bot2,success,23,9678744694265807916,3050833727274155078,"(49, 36)","(37, 39)","(41, 4)"
15,60,0.0,bot3,success,23,9678744694265807916,3050833727274155078,"(49, 36)","(37, 39)","(41, 4)"
15,60,0.0,bot4,success,23,9678744694265807916,3050833727274155078,"(49, 36)","(37, 39)","(41, 4)"
15,60,0.1,bot1,success,23,9678744694265807916,3050833727274155078,"(49, 36)","(37, 39)","(41, 4)"
15,60,0.1,bot2,success,23,9678744694265807916,3050833727274155078,"(49, 36)","(37, 39)","(41, 4)"
15,60,0.1,bot3,success,23,9678744694265807916,3050833727274155078,"(49, 36)","(37, 39)","(41, 4)"
15,60,0.1,bot4,success,23,9678744694265807916,3050833727274155078,"(49, 36)","(37, 39)","(41, 4)"
15,60,0.2,bot1,success,23,9678744694265807916,3050833727274155078,"(49, 36)","(37, 39)","(41, 4)"
15,60,0.2,bot2,success,23,9678744694265807916,3050833727274155078,"(49, 36)","(37, 39)","(41, 4)"
15,60,0.2,bot3,success,23,9678744694265807916,3050833727274155078,"(49, 36)","(37, 39)","(41, 4)"
15,60,0.2,bot4,success,23,9678744694265807916,3050833727274155078,"(49, 36)","(37, 39)","(41, 4)"
15,60,0.3,bot1,success,23,9678744694265807916,3050833727274155078,"(49, 36)","(37, 39)","(41, 4)"
15,60,0.3,bot2,success,23,9678744694265807916,3050833727274155078,"(49, 36)","(37, 39)","(41, 4)"
15,60,0.3,bot3,success,23,9678744694265807916,3050833727274155078,"(49, 36)","(37, 39)","(41, 4)"
15,60,0.3,bot4,success,23,9678744694265807916,3050833727274155078,"(49, 36)","(37, 39)","(41, 4)"
15,60,0.4,bot1,success,23,9678744694265807916,3050833727274155078,"(49, 36)","(37, 39)","(41, 4)"
15,60,0.4,bot2,success,23,9678744694265807916,3050833727274155078,"(49, 36)","(37, 39)","(41, 4)"
15,60,0.4,bot3,success,23,9678744694265807916,3050833727274155078,"(49, 36)","(37, 39)","(41, 4)"
15,60,0.4,bot4,success,23,9678744694265807916,3050833727274155078,"(49, 36)","(37, 39)","(41, 4)"
15,60,0.5,bot1,success,23,9678744694265807916,3050833727274155078,"(49, 36)","(37, 39)","(41, 4)"
15,60,0.5,bot2,success,23,9678744694265807916,3050833727274155078,"(49, 36)","(37, 39)","(41, 4)"
15,60,0.5,bot3,success,23,9678744694265807916,3050833727274155078,"(49, 36)","(37, 39)","(41, 4)"
15,60,0.5,bot4,success,23,9678744694265807916,3050833727274155078,"(49, 36)","(37, 39)","(41, 4)"
15,60,0.6,bot1,success,23,9678744694265807916,3050833727274155078,"(49, 36)","(37, 39)","(41, 4)"
15,60,0.6,bot2,success,23,9678744694265807916,3050833727274155078,"(49, 36)","(37, 39)","(41, 4)"
15,60,0.6,bot3,success,23,9678744694265807916,3050833727274155078,"(49, 36)","(37, 39)","(41, 4)"
15,60,0.6,bot4,success,23,9678744694265807916,3050833727274155078,"(49, 36)","(37, 39)","(41, 4)"
15,60,0.7,bot1,success,23,9678744694265807916,3050833727274155078,"(49, 36)","(37, 39)","(41, 4)"
15,60,0.7,bot2,success,23,9678744694265807916,3050833727274155078,"(49, 36)","(37, 39)","(41, 4)"
15,60,0.7,bot3,success,23,9678744694265807916,3050833727274155078,"(49, 36)","(37, 39)","(41, 4)"
15,60,0.7,bot4,success,23,9678744694265807916,3050833727274155078,"(49, 36)","(37, 39)","(41, 4)"
15,60,0.8,bot1,success,23,9678744694265807916,3050833727274155078,"(49, 36)","(37, 39)","(41, 4)"
15,60,0.8,bot2,success,23,9678744694265807916,3050833727274155078,"(49, 36)","(37, 39)","(41, 4)"
15,60,0.8,bot3,success,23,9678744694265807916,3050833727274155078,"(49, 36)","(37, 39)","(41, 4)"
15,60,0.8,bot4,success,23,9678744694265807916,3050833727274155078,"(49, 36)","(37, 39)","(41, 4)"
15,60,0.9,bot1,success,23,9678744694265807916,3050833727274155078,"(49, 36)","(37, 39)","(41, 4)"
15,60,0.9,bot2,success,23,9678744694265807916,3050833727274155078,"(49, 36)","(37, 39)","(41, 4)"
15,60,0.9,bot3,success,23,9678744694265807916,3050833727274155078,"(49, 36)","(37, 39)","(41, 4)"
15,60,0.9,bot4,success,23,9678744694265807916,3050833727274155078,"(49, 36)","(37, 39)","(41, 4)"
15,60,1.0,bot1,success,23,9678744694265807916,3050833727274155078,"(49, 36)","(37, 39)","(41, 4)"
15,60,1.0,bot2,success,23,9678744694265807916,3050833727274155078,"(49, 36)","(37, 39)","(41, 4)"
15,60,1.0,bot3,success,23,9678744694265807916,3050833727274155078,"(49, 36)","(37, 39)","(41, 4)"
15,60,1.0,bot4,success,23,9678744694265807916,3050833727274155078,"(49, 36)","(37, 39)","(41, 4)"
16,60,0.0,bot1,success,51,4926158235259903917,16158900550955105030,"(41, 38)","(15, 45)","(39, 18)"
16,60,0.0,bot2,success,51,4926158235259903917,16158900550955105030,"(41, 38)","(15, 45)","(39, 18)"
16,60,0.0,bot3,success,51,4926158235259903917,16158900550955105030,"(41, 38)","(15, 45)","(39, 18)"
16,60,0.0,bot4,success,51,4926158235259903917,16158900550955105030,"(41, 38)","(15, 45)","(39, 18)"
16,60,0.1,bot1,success,51,4926158235259903917,16158900550955105030,"(41, 38)","(15, 45)","(39, 18)"
16,60,0.1,bot2,success,51,4926158235259903917,16158900550955105030,"(41, 38)","(15, 45)","(39, 18)"
16,60,0.1,bot3,success,51,4926158235259903917,16158900550955105030,"(41, 38)","(15, 45)","(39, 18)"
16,60,0.1,bot4,success,51,4926158235259903917,16158900550955105030,"(41, 38)","(15, 45)","(39, 18)"
16,60,0.2,bot1,success,51,4926158235259903917,16158900550955105030,"(41, 38)","(15, 45)","(39, 18)"
16,60,0.2,bot2,success,51,4926158235259903917,16158900550955105030,"(41, 38)","(15, 45)","(39, 18)"
16,60,0.2,bot3,success,51,4926158235259903917,16158900550955105030,"(41, 38)","(15, 45)","(39, 18)"
16,60,0.2,bot4,success,51,4926158235259903917,16158900550955105030,"(41, 38)","(15, 45)","(39, 18)"
16,60,0.3,bot1,success,51,4926158235259903917,16158900550955105030,"(41, 38)","(15, 45)","(39, 18)"
16,60,0.3,bot2,success,51,4926158235259903917,16158900550955105030,"(41, 38)","(15, 45)","(39, 18)"
16,60,0.3,bot3,success,51,4926158235259903917,16158900550955105030,"(41, 38)","(15, 45)","(39, 18)"
16,60,0.3,bot4,success,51,4926158235259903917,16158900550955105030,"(41, 38)","(15, 45)","(39, 18)"
16,60,0.4,bot1,success,51,4926158235259903917,16158900550955105030,"(41, 38)","(15, 45)","(39, 18)"
16,60,0.4,bot2,success,51,4926158235259903917,16158900550955105030,"(41, 38)","(15, 45)","(39, 18)"
16,60,0.4,bot3,success,51,4926158235259903917,16158900550955105030,"(41, 38)","(15, 45)","(39, 18)"
16,60,0.4,bot4,success,51,4926158235259903917,16158900550955105030,"(41, 38)","(15, 45)","(39, 18)"
16,60,0.5,bot1,success,51,4926158235259903917,16158900550955105030,"(41, 38)","(15, 45)","(39, 18)"
16,60,0.5,bot2,success,51,4926158235259903917,16158900550955105030,"(41, 38)","(15, 45)","(39, 18)"
16,60,0.5,bot3,success,51,4926158235259903917,16158900550955105030,"(41, 38)","(15, 45)","(39, 18)"
16,60,0.5,bot4,success,51,4926158235259903917,16158900550955105030,"(41, 38)","(15, 45)","(39, 18)"
16,60,0.6,bot1,success,51,4926158235259903917,16158900550955105030,"(41, 38)","(15, 45)","(39, 18)"
16,60,0.6,bot2,success,51,4926158235259903917,16158900550955105030,"(41, 38)","(15, 45)","(39, 18)"
16,60,0.6,bot3,success,51,4926158235259903917,16158900550955105030,"(41, 38)","(15, 45)","(39, 18)"
16,60,0.6,bot4,success,51,4926158235259903917,16158900550955105030,"(41, 38)","(15, 45)","(39, 18)"
16,60,0.7,bot1,success,51,4926158235259903917,16158900550955105030,"(41, 38)","(15, 45)","(39, 18)"
16,60,0.7,bot2,success,51,4926158235259903917,16158900550955105030,"(41, 38)","(15, 45)","(39, 18)"
16,60,0.7,bot3,success,51,4926158235259903917,16158900550955105030,"(41, 38)","(15, 45)","(39, 18)"
16,60,0.7,bot4,success,51,4926158235259903917,16158900550955105030,"(41, 38)","(15, 45)","(39, 18)"
16,60,0.8,bot1,success,51,4926158235259903917,16158900550955105030,"(41, 38)","(15, 45)","(39, 18)"
16,60,0.8,bot2,success,51,4926158235259903917,16158900550955105030,"(41, 38)","(15, 45)","(39, 18)"
16,60,0.8,bot3,success,51,4926158235259903917,16158900550955105030,"(41, 38)","(15, 45)","(39, 18)"
16,60,0.8,bot4,success,51,4926158235259903917,16158900550955105030,"(41, 38)","(15, 45)","(39, 18)"
16,60,0.9,bot1,success,51,4926158235259903917,16158900550955105030,"(41, 38)","(15, 45)","(39, 18)"
16,60,0.9,bot2,success,51,4926158235259903917,16158900550955105030,"(41, 38)","(15, 45)","(39, 18)"
16,60,0.9,bot3,success,51,4926158235259903917,16158900550955105030,"(41, 38)","(15, 45)","(39, 18)"
16,60,0.9,bot4,success,51,4926158235259903917,16158900550955105030,"(41, 38)","(15, 45)","(39, 18)"
16,60,1.0,bot1,success,51,4926158235259903917,16158900550955105030,"(41, 38)","(15, 45)","(39, 18)"
16,60,1.0,bot2,success,51,4926158235259903917,16158900550955105030,"(41, 38)","(15, 45)","(39, 18)"
16,60,1.0,bot3,success,51,4926158235259903917,16158900550955105030,"(41, 38)","(15, 45)","(39, 18)"
16,60,1.0,bot4,success,51,4926158235259903917,16158900550955105030,"(41, 38)","(15, 45)","(39, 18)"
17,60,0.0,bot1,success,55,2996293060233986362,1806199308728445632,"(48, 35)","(26, 10)","(35, 13)"
17,60,0.0,bot2,success,55,2996293060233986362,1806199308728445632,"(48, 35)","(26, 10)","(35, 13)"
17,60,0.0,bot3,success,55,2996293060233986362,1806199308728445632,"(48, 35)","(26, 10)","(35, 13)"
17,60,0.0,bot4,success,55,2996293060233986362,1806199308728445632,"(48, 35)","(26, 10)","(35, 13)"
17,60,0.1,bot1,success,55,2996293060233986362,1806199308728445632,"(48, 35)","(26, 10)","(35, 13)"
17,60,0.1,bot2,success,55,2996293060233986362,1806199308728445632,"(48, 35)","(26, 10)","(35, 13)"
17,60,0.1,bot3,success,55,2996293060233986362,1806199308728445632,"(48, 35)","(26, 10)","(35, 13)"
17,60,0.1,bot4,success,55,2996293060233986362,1806199308728445632,"(48, 35)","(26, 10)","(35, 13)"
17,60,0.2,bot1,success,55,2996293060233986362,1806199308728445632,"(48, 35)","(26, 10)","(35, 13)"
17,60,0.2,bot2,success,55,2996293060233986362,1806199308728445632,"(48, 35)","(26, 10)","(35, 13)"
17,60,0.2,bot3,success,71,2996293060233986362,1806199308728445632,"(48, 35)","(26, 10)","(35, 13)"
17,60,0.2,bot4,success,55,2996293060233986362,1806199308728445632,"(48, 35)","(26, 10)","(35, 13)"
17,60,0.3,bot1,burned,50,2996293060233986362,1806199308728445632,"(48, 35)","(26, 10)","(35, 13)"
17,60,0.3,bot2,burned,103,2996293060233986362,1806199308728445632,"(48, 35)","(26, 10)","(35, 13)"
17,60,0.3,bot3,burned,103,2996293060233986362,1806199308728445632,"(48, 35)","(26, 10)","(35, 13)"
17,60,0.3,bot4,burned,77,2996293060233986362,1806199308728445632,"(48, 35)","(26, 10)","(35, 13)"
17,60,0.4,bot1,burned,45,2996293060233986362,1806199308728445632,"(48, 35)","(26, 10)","(35, 13)"
17,60,0.4,bot2,burned,81,2996293060233986362,1806199308728445632,"(48, 35)","(26, 10)","(35, 13)"
17,60,0.4,bot3,burned,81,2996293060233986362,1806199308728445632,"(48, 35)","(26, 10)","(35, 13)"
17,60,0.4,bot4,burned,81,2996293060233986362,1806199308728445632,"(48, 35)","(26, 10)","(35, 13)"
17,60,0.5,bot1,burned,48,2996293060233986362,1806199308728445632,"(48, 35)","(26, 10)","(35, 13)"
17,60,0.5,bot2,burned,74,2996293060233986362,1806199308728445632,"(48, 35)","(26, 10)","(35, 13)"
17,60,0.5,bot3,burned,74,2996293060233986362,1806199308728445632,"(48, 35)","(26, 10)","(35, 13)"
17,60,0.5,bot4,burned,74,2996293060233986362,1806199308728445632,"(48, 35)","(26, 10)","(35, 13)"
17,60,0.6,bot1,burned,39,2996293060233986362,1806199308728445632,"(48, 35)","(26, 10)","(35, 13)"
17,60,0.6,bot2,burned,53,2996293060233986362,1806199308728445632,"(48, 35)","(26, 10)","(35, 13)"
17,60,0.6,bot3,burned,53,2996293060233986362,1806199308728445632,"(48, 35)","(26, 10)","(35, 13)"
17,60,0.6,bot4,burned,53,2996293060233986362,1806199308728445632,"(48, 35)","(26, 10)","(35, 13)"
17,60,0.7,bot1,burned,40,2996293060233986362,1806199308728445632,"(48, 35)","(26, 10)","(35, 13)"
17,60,0.7,bot2,burned,51,2996293060233986362,1806199308728445632,"(48, 35)","(26, 10)","(35, 13)"
17,60,0.7,bot3,burned,51,2996293060233986362,1806199308728445632,"(48, 35)","(26, 10)","(35, 13)"
17,60,0.7,bot4,burned,51,2996293060233986362,1806199308728445632,"(48, 35)","(26, 10)","(35, 13)"
17,60,0.8,bot1,burned,36,2996293060233986362,1806199308728445632,"(48, 35)","(26, 10)","(35, 13)"
17,60,0.8,bot2,burned,41,2996293060233986362,1806199308728445632,"(48, 35)","(26, 10)","(35, 13)"
17,60,0.8,bot3,burned,41,2996293060233986362,1806199308728445632,"(48, 35)","(26, 10)","(35, 13)"
17,60,0.8,bot4,burned,41,2996293060233986362,1806199308728445632,"(48, 35)","(26, 10)","(35, 13)"
17,60,0.9,bot1,burned,34,2996293060233986362,1806199308728445632,"(48, 35)","(26, 10)","(35, 13)"
17,60,0.9,bot2,burned,39,2996293060233986362,1806199308728445632,"(48, 35)","(26, 10)","(35, 13)"
17,60,0.9,bot3,burned,39,2996293060233986362,1806199308728445632,"(48, 35)","(26, 10)","(35, 13)"
17,60,0.9,bot4,burned,39,2996293060233986362,1806199308728445632,"(48, 35)","(26, 10)","(35, 13)"
17,60,1.0,bot1,burned,33,2996293060233986362,1806199308728445632,"(48, 35)","(26, 10)","(35, 13)"
17,60,1.0,bot2,burned,33,2996293060233986362,1806199308728445632,"(48, 35)","(26, 10)","(35, 13)"
17,60,1.0,bot3,burned,33,2996293060233986362,1806199308728445632,"(48, 35)","(26, 10)","(35, 13)"
17,60,1.0,bot4,burned,33,2996293060233986362,1806199308728445632,"(48, 35)","(26, 10)","(35, 13)"
18,60,0.0,bot1,success,5,16455339843357452756,5501961491003581229,"(53, 28)","(54, 24)","(50, 40)"
18,60,0.0,bot2,success,5,16455339843357452756,5501961491003581229,"(53, 28)","(54, 24)","(50, 40)"
18,60,0.0,bot3,success,5,16455339843357452756,5501961491003581229,"(53, 28)","(54, 24)","(50, 40)"
18,60,0.0,bot4,success,5,16455339843357452756,5501961491003581229,"(53, 28)","(54, 24)","(50, 40)"
18,60,0.1,bot1,success,5,16455339843357452756,5501961491003581229,"(53, 28)","(54, 24)","(50, 40)"
18,60,0.1,bot2,success,5,16455339843357452756,5501961491003581229,"(53, 28)","(54, 24)","(50, 40)"
18,60,0.1,bot3,success,5,16455339843357452756,5501961491003581229,"(53, 28)","(54, 24)","(50, 40)"
18,60,0.1,bot4,success,5,16455339843357452756,5501961491003581229,"(53, 28)","(54, 24)","(50, 40)"
18,60,0.2,bot1,success,5,16455339843357452756,5501961491003581229,"(53, 28)","(54, 24)","(50, 40)"
18,60,0.2,bot2,success,5,16455339843357452756,5501961491003581229,"(53, 28)","(54, 24)","(50, 40)"
18,60,0.2,bot3,success,5,16455339843357452756,5501961491003581229,"(53, 28)","(54, 24)","(50, 40)"
18,60,0.2,bot4,success,5,16455339843357452756,5501961491003581229,"(53, 28)","(54, 24)","(50, 40)"
18,60,0.3,bot1,success,5,16455339843357452756,5501961491003581229,"(53, 28)","(54, 24)","(50, 40)"
18,60,0.3,bot2,success,5,16455339843357452756,5501961491003581229,"(53, 28)","(54, 24)","(50, 40)"
18,60,0.3,bot3,success,5,16455339843357452756,5501961491003581229,"(53, 28)","(54, 24)","(50, 40)"
18,60,0.3,bot4,success,5,16455339843357452756,5501961491003581229,"(53, 28)","(54, 24)","(50, 40)"
18,60,0.4,bot1,success,5,16455339843357452756,5501961491003581229,"(53, 28)","(54, 24)","(50, 40)"
18,60,0.4,bot2,success,5,16455339843357452756,5501961491003581229,"(53, 28)","(54, 24)","(50, 40)"
18,60,0.4,bot3,success,5,16455339843357452756,5501961491003581229,"(53, 28)","(54, 24)","(50, 40)"
18,60,0.4,bot4,success,5,16455339843357452756,5501961491003581229,"(53, 28)","(54, 24)","(50, 40)"
18,60,0.5,bot1,success,5,16455339843357452756,5501961491003581229,"(53, 28)","(54, 24)","(50, 40)"
18,60,0.5,bot2,success,5,16455339843357452756,5501961491003581229,"(53, 28)","(54, 24)","(50, 40)"
18,60,0.5,bot3,success,5,16455339843357452756,5501961491003581229,"(53, 28)","(54, 24)","(50, 40)"
18,60,0.5,bot4,success,5,16455339843357452756,5501961491003581229,"(53, 28)","(54, 24)","(50, 40)"
18,60,0.6,bot1,success,5,16455339843357452756,5501961491003581229,"(53, 28)","(54, 24)","(50, 40)"
18,60,0.6,bot2,success,5,16455339843357452756,5501961491003581229,"(53, 28)","(54, 24)","(50, 40)"
18,60,0.6,bot3,success,5,16455339843357452756,5501961491003581229,"(53, 28)","(54, 24)","(50, 40)"
18,60,0.6,bot4,success,5,16455339843357452756,5501961491003581229,"(53, 28)","(54, 24)","(50, 40)"
18,60,0.7,bot1,success,5,16455339843357452756,5501961491003581229,"(53, 28)","(54, 24)","(50, 40)"
18,60,0.7,bot2,success,5,16455339843357452756,5501961491003581229,"(53, 28)","(54, 24)","(50, 40)"
18,60,0.7,bot3,success,5,16455339843357452756,5501961491003581229,"(53, 28)","(54, 24)","(50, 40)"
18,60,0.7,bot4,success,5,16455339843357452756,5501961491003581229,"(53, 28)","(54, 24)","(50, 40)"
18,60,0.8,bot1,success,5,16455339843357452756,5501961491003581229,"(53, 28)","(54, 24)","(50, 40)"
18,60,0.8,bot2,success,5,16455339843357452756,5501961491003581229,"(53, 28)","(54, 24)","(50, 40)"
18,60,0.8,bot3,success,5,16455339843357452756,5501961491003581229,"(53, 28)","(54, 24)","(50, 40)"
18,60,0.8,bot4,success,5,16455339843357452756,5501961491003581229,"(53, 28)","(54, 24)","(50, 40)"
18,60,0.9,bot1,success,5,16455339843357452756,5501961491003581229,"(53, 28)","(54, 24)","(50, 40)"
18,60,0.9,bot2,success,5,16455339843357452756,5501961491003581229,"(53, 28)","(54, 24)","(50, 40)"
18,60,0.9,bot3,success,5,16455339843357452756,5501961491003581229,"(53, 28)","(54, 24)","(50, 40)"
18,60,0.9,bot4,success,5,16455339843357452756,5501961491003581229,"(53, 28)","(54, 24)","(50, 40)"
18,60,1.0,bot1,success,5,16455339843357452756,5501961491003581229,"(53, 28)","(54, 24)","(50, 40)"
18,60,1.0,bot2,success,5,16455339843357452756,5501961491003581229,"(53, 28)","(54, 24)","(50, 40)"
18,60,1.0,bot3,success,5,16455339843357452756,5501961491003581229,"(53, 28)","(54, 24)","(50, 40)"
18,60,1.0,bot4,success,5,16455339843357452756,5501961491003581229,"(53, 28)","(54, 24)","(50, 40)"
19,60,0.0,bot1,success,44,14726219981181889947,11089336913805027431,"(39, 30)","(57, 52)","(5, 32)"
19,60,0.0,bot2,success,44,14726219981181889947,11089336913805027431,"(39, 30)","(57, 52)","(5, 32)"
19,60,0.0,bot3,success,44,14726219981181889947,11089336913805027431,"(39, 30)","(57, 52)","(5, 32)"
19,60,0.0,bot4,success,44,14726219981181889947,11089336913805027431,"(39, 30)","(57, 52)","(5, 32)"
19,60,0.1,bot1,success,44,14726219981181889947,11089336913805027431,"(39, 30)","(57, 52)","(5, 32)"
19,60,0.1,bot2,success,44,14726219981181889947,11089336913805027431,"(39, 30)","(57, 52)","(5, 32)"
19,60,0.1,bot3,success,44,14726219981181889947,11089336913805027431,"(39, 30)","(57, 52)","(5, 32)"
19,60,0.1,bot4,success,44,14726219981181889947,11089336913805027431,"(39, 30)","(57, 52)","(5, 32)"
19,60,0.2,bot1,success,44,14726219981181889947,11089336913805027431,"(39, 30)","(57, 52)","(5, 32)"
19,60,0.2,bot2,success,44,14726219981181889947,11089336913805027431,"(39, 30)","(57, 52)","(5, 32)"
19,60,0.2,bot3,success,44,14726219981181889947,11089336913805027431,"(39, 30)","(57, 52)","(5, 32)"
19,60,0.2,bot4,success,44,14726219981181889947,11089336913805027431,"(39, 30)","(57, 52)","(5, 32)"
19,60,0.3,bot1,success,44,14726219981181889947,11089336913805027431,"(39, 30)","(57, 52)","(5, 32)"
19,60,0.3,bot2,success,44,14726219981181889947,11089336913805027431,"(39, 30)","(57, 52)","(5, 32)"
19,60,0.3,bot3,success,44,14726219981181889947,11089336913805027431,"(39, 30)","(57, 52)","(5, 32)"
19,60,0.3,bot4,success,44,14726219981181889947,11089336913805027431,"(39, 30)","(57, 52)","(5, 32)"
19,60,0.4,bot1,success,44,14726219981181889947,11089336913805027431,"(39, 30)","(57, 52)","(5, 32)"
19,60,0.4,bot2,success,44,14726219981181889947,11089336913805027431,"(39, 30)","(57, 52)","(5, 32)"
19,60,0.4,bot3,success,44,14726219981181889947,11089336913805027431,"(39, 30)","(57, 52)","(5, 32)"
19,60,0.4,bot4,success,44,14726219981181889947,11089336913805027431,"(39, 30)","(57, 52)","(5, 32)"
19,60,0.5,bot1,success,44,14726219981181889947,11089336913805027431,"(39, 30)","(57, 52)","(5, 32)"
19,60,0.5,bot2,success,44,14726219981181889947,11089336913805027431,"(39, 30)","(57, 52)","(5, 32)"
19,60,0.5,bot3,success,44,14726219981181889947,11089336913805027431,"(39, 30)","(57, 52)","(5, 32)"
19,60,0.5,bot4,success,44,14726219981181889947,11089336913805027431,"(39, 30)","(57, 52)","(5, 32)"
19,60,0.6,bot1,success,44,14726219981181889947,11089336913805027431,"(39, 30)","(57, 52)","(5, 32)"
19,60,0.6,bot2,success,44,14726219981181889947,11089336913805027431,"(39, 30)","(57, 52)","(5, 32)"
19,60,0.6,bot3,success,44,14726219981181889947,11089336913805027431,"(39, 30)","(57, 52)","(5, 32)"
19,60,0.6,bot4,success,44,14726219981181889947,11089336913805027431,"(39, 30)","(57, 52)","(5, 32)"
19,60,0.7,bot1,success,44,14726219981181889947,11089336913805027431,"(39, 30)","(57, 52)","(5, 32)"
19,60,0.7,bot2,success,44,14726219981181889947,11089336913805027431,"(39, 30)","(57, 52)","(5, 32)"
19,60,0.7,bot3,success,44,14726219981181889947,11089336913805027431,"(39, 30)","(57, 52)","(5, 32)"
19,60,0.7,bot4,success,44,14726219981181889947,11089336913805027431,"(39, 30)","(57, 52)","(5, 32)"
19,60,0.8,bot1,success,44,14726219981181889947,11089336913805027431,"(39, 30)","(57, 52)","(5, 32)"
19,60,0.8,bot2,success,44,14726219981181889947,11089336913805027431,"(39, 30)","(57, 52)","(5, 32)"
19,60,0.8,bot3,success,44,14726219981181889947,11089336913805027431,"(39, 30)","(57, 52)","(5, 32)"
19,60,0.8,bot4,success,44,14726219981181889947,11089336913805027431,"(39, 30)","(57, 52)","(5, 32)"
19,60,0.9,bot1,success,44,14726219981181889947,11089336913805027431,"(39, 30)","(57, 52)","(5, 32)"
19,60,0.9,bot2,success,44,14726219981181889947,11089336913805027431,"(39, 30)","(57, 52)","(5, 32)"
19,60,0.9,bot3,success,44,14726219981181889947,11089336913805027431,"(39, 30)","(57, 52)","(5, 32)"
19,60,0.9,bot4,success,44,14726219981181889947,11089336913805027431,"(39, 30)","(57, 52)","(5, 32)"
19,60,1.0,bot1,success,44,14726219981181889947,11089336913805027431,"(39, 30)","(57, 52)","(5, 32)"
19,60,1.0,bot2,success,44,14726219981181889947,11089336913805027431,"(39, 30)","(57, 52)","(5, 32)"
19,60,1.0,bot3,success,44,14726219981181889947,11089336913805027431,"(39, 30)","(57, 52)","(5, 32)"
19,60,1.0,bot4,success,44,14726219981181889947,11089336913805027431,"(39, 30)","(57, 52)","(5, 32)"
20,60,0.0,bot1,success,27,9032611467364957450,12799150113279291722,"(44, 18)","(43, 0)","(32, 0)"
20,60,0.0,bot2,success,27,9032611467364957450,12799150113279291722,"(44, 18)","(43, 0)","(32, 0)"
20,60,0.0,bot3,success,27,9032611467364957450,12799150113279291722,"(44, 18)","(43, 0)","(32, 0)"
20,60,0.0,bot4,success,27,9032611467364957450,12799150113279291722,"(44, 18)","(43, 0)","(32, 0)"
20,60,0.1,bot1,success,27,9032611467364957450,12799150113279291722,"(44, 18)","(43, 0)","(32, 0)"
20,60,0.1,bot2,success,27,9032611467364957450,12799150113279291722,"(44, 18)","(43, 0)","(32, 0)"
20,60,0.1,bot3,success,27,9032611467364957450,12799150113279291722,"(44, 18)","(43, 0)","(32, 0)"
20,60,0.1,bot4,success,27,9032611467364957450,12799150113279291722,"(44, 18)","(43, 0)","(32, 0)"
20,60,0.2,bot1,success,27,9032611467364957450,12799150113279291722,"(44, 18)","(43, 0)","(32, 0)"
20,60,0.2,bot2,success,27,9032611467364957450,12799150113279291722,"(44, 18)","(43, 0)","(32, 0)"
20,60,0.2,bot3,success,27,9032611467364957450,12799150113279291722,"(44, 18)","(43, 0)","(32, 0)"
20,60,0.2,bot4,success,27,9032611467364957450,12799150113279291722,"(44, 18)","(43, 0)","(32, 0)"
20,60,0.3,bot1,success,27,9032611467364957450,12799150113279291722,"(44, 18)","(43, 0)","(32, 0)"
20,60,0.3,bot2,success,27,9032611467364957450,12799150113279291722,"(44, 18)","(43, 0)","(32, 0)"
20,60,0.3,bot3,success,27,9032611467364957450,12799150113279291722,"(44, 18)","(43, 0)","(32, 0)"
20,60,0.3,bot4,success,27,9032611467364957450,12799150113279291722,"(44, 18)","(43, 0)","(32, 0)"
20,60,0.4,bot1,success,27,9032611467364957450,12799150113279291722,"(44, 18)","(43, 0)","(32, 0)"
20,60,0.4,bot2,success,27,9032611467364957450,12799150113279291722,"(44, 18)","(43, 0)","(32, 0)"
20,60,0.4,bot3,success,27,9032611467364957450,12799150113279291722,"(44, 18)","(43, 0)","(32, 0)"
20,60,0.4,bot4,success,27,9032611467364957450,12799150113279291722,"(44, 18)","(43, 0)","(32, 0)"
20,60,0.5,bot1,success,27,9032611467364957450,12799150113279291722,"(44, 18)","(43, 0)","(32, 0)"
20,60,0.5,bot2,success,27,9032611467364957450,12799150113279291722,"(44, 18)","(43, 0)","(32, 0)"
20,60,0.5,bot3,success,27,9032611467364957450,12799150113279291722,"(44, 18)","(43, 0)","(32, 0)"
20,60,0.5,bot4,success,27,9032611467364957450,12799150113279291722,"(44, 18)","(43, 0)","(32, 0)"
20,60,0.6,bot1,burned,24,9032611467364957450,12799150113279291722,"(44, 18)","(43, 0)","(32, 0)"
20,60,0.6,bot2,burned,22,9032611467364957450,12799150113279291722,"(44, 18)","(43, 0)","(32, 0)"
20,60,0.6,bot3,burned,22,9032611467364957450,12799150113279291722,"(44, 18)","(43, 0)","(32, 0)"
20,60,0.6,bot4,burned,22,9032611467364957450,12799150113279291722,"(44, 18)","(43, 0)","(32, 0)"
20,60,0.7,bot1,burned,21,9032611467364957450,12799150113279291722,"(44, 18)","(43, 0)","(32, 0)"
20,60,0.7,bot2,burned,23,9032611467364957450,12799150113279291722,"(44, 18)","(43, 0)","(32, 0)"
20,60,0.7,bot3,burned,23,9032611467364957450,12799150113279291722,"(44, 18)","(43, 0)","(32, 0)"
20,60,0.7,bot4,burned,23,9032611467364957450,12799150113279291722,"(44, 18)","(43, 0)","(32, 0)"
20,60,0.8,bot1,burned,24,9032611467364957450,12799150113279291722,"(44, 18)","(43, 0)","(32, 0)"
20,60,0.8,bot2,burned,25,9032611467364957450,12799150113279291722,"(44, 18)","(43, 0)","(32, 0)"
20,60,0.8,bot3,burned,25,9032611467364957450,12799150113279291722,"(44, 18)","(43, 0)","(32, 0)"
20,60,0.8,bot4,burned,25,9032611467364957450,12799150113279291722,"(44, 18)","(43, 0)","(32, 0)"
20,60,0.9,bot1,burned,21,9032611467364957450,12799150113279291722,"(44, 18)","(43, 0)","(32, 0)"
20,60,0.9,bot2,burned,22,9032611467364957450,12799150113279291722,"(44, 18)","(43, 0)","(32, 0)"
20,60,0.9,bot3,burned,22,9032611467364957450,12799150113279291722,"(44, 18)","(43, 0)","(32, 0)"
20,60,0.9,bot4,burned,22,9032611467364957450,12799150113279291722,"(44, 18)","(43, 0)","(32, 0)"
20,60,1.0,bot1,burned,20,9032611467364957450,12799150113279291722,"(44, 18)","(43, 0)","(32, 0)"
20,60,1.0,bot2,burned,21,9032611467364957450,12799150113279291722,"(44, 18)","(43, 0)","(32, 0)"
20,60,1.0,bot3,burned,21,9032611467364957450,12799150113279291722,"(44, 18)","(43, 0)","(32, 0)"
20,60,1.0,bot4,burned,21,9032611467364957450,12799150113279291722,"(44, 18)","(43, 0)","(32, 0)"
21,60,0.0,bot1,success,89,8404169944478919935,10404500384452794007,"(43, 6)","(17, 59)","(0, 35)"
21,60,0.0,bot2,success,89,8404169944478919935,10404500384452794007,"(43, 6)","(17, 59)","(0, 35)"
21,60,0.0,bot3,success,89,8404169944478919935,10404500384452794007,"(43, 6)","(17, 59)","(0, 35)"
21,60,0.0,bot4,success,89,8404169944478919935,10404500384452794007,"(43, 6)","(17, 59)","(0, 35)"
21,60,0.1,bot1,success,89,8404169944478919935,10404500384452794007,"(43, 6)","(17, 59)","(0, 35)"
21,60,0.1,bot2,success,89,8404169944478919935,10404500384452794007,"(43, 6)","(17, 59)","(0, 35)"
21,60,0.1,bot3,success,89,8404169944478919935,10404500384452794007,"(43, 6)","(17, 59)","(0, 35)"
21,60,0.1,bot4,success,89,8404169944478919935,10404500384452794007,"(43, 6)","(17, 59)","(0, 35)"
21,60,0.2,bot1,success,89,8404169944478919935,10404500384452794007,"(43, 6)","(17, 59)","(0, 35)"
21,60,0.2,bot2,success,89,8404169944478919935,10404500384452794007,"(43, 6)","(17, 59)","(0, 35)"
21,60,0.2,bot3,success,89,8404169944478919935,10404500384452794007,"(43, 6)","(17, 59)","(0, 35)"
21,60,0.2,bot4,success,91,8404169944478919935,10404500384452794007,"(43, 6)","(17, 59)","(0, 35)"
21,60,0.3,bot1,burned,80,8404169944478919935,10404500384452794007,"(43, 6)","(17, 59)","(0, 35)"
21,60,0.3,bot2,burned,80,8404169944478919935,10404500384452794007,"(43, 6)","(17, 59)","(0, 35)"
21,60,0.3,bot3,success,95,8404169944478919935,10404500384452794007,"(43, 6)","(17, 59)","(0, 35)"
21,60,0.3,bot4,success,91,8404169944478919935,10404500384452794007,"(43, 6)","(17, 59)","(0, 35)"
21,60,0.4,bot1,burned,78,8404169944478919935,10404500384452794007,"(43, 6)","(17, 59)","(0, 35)"
21,60,0.4,bot2,burned,84,8404169944478919935,10404500384452794007,"(43, 6)","(17, 59)","(0, 35)"
21,60,0.4,bot3,burned,84,8404169944478919935,10404500384452794007,"(43, 6)","(17, 59)","(0, 35)"
21,60,0.4,bot4,burned,101,8404169944478919935,10404500384452794007,"(43, 6)","(17, 59)","(0, 35)"
21,60,0.5,bot1,burned,73,8404169944478919935,10404500384452794007,"(43, 6)","(17, 59)","(0, 35)"
21,60,0.5,bot2,burned,75,8404169944478919935,10404500384452794007,"(43, 6)","(17, 59)","(0, 35)"
21,60,0.5,bot3,burned,75,8404169944478919935,10404500384452794007,"(43, 6)","(17, 59)","(0, 35)"
21,60,0.5,bot4,burned,98,8404169944478919935,10404500384452794007,"(43, 6)","(17, 59)","(0, 35)"
21,60,0.6,bot1,burned,69,8404169944478919935,10404500384452794007,"(43, 6)","(17, 59)","(0, 35)"
21,60,0.6,bot2,burned,69,8404169944478919935,10404500384452794007,"(43, 6)","(17, 59)","(0, 35)"
21,60,0.6,bot3,burned,77,8404169944478919935,10404500384452794007,"(43, 6)","(17, 59)","(0, 35)"
21,60,0.6,bot4,burned,69,8404169944478919935,10404500384452794007,"(43, 6)","(17, 59)","(0, 35)"
21,60,0.7,bot1,burned,60,8404169944478919935,10404500384452794007,"(43, 6)","(17, 59)","(0, 35)"
21,60,0.7,bot2,burned,67,8404169944478919935,10404500384452794007,"(43, 6)","(17, 59)","(0, 35)"
21,60,0.7,bot3,burned,67,8404169944478919935,10404500384452794007,"(43, 6)","(17, 59)","(0, 35)"
21,60,0.7,bot4,burned,67,8404169944478919935,10404500384452794007,"(43, 6)","(17, 59)","(0, 35)"
21,60,0.8,bot1,burned,58,8404169944478919935,10404500384452794007,"(43, 6)","(17, 59)","(0, 35)"
21,60,0.8,bot2,burned,61,8404169944478919935,10404500384452794007,"(43, 6)","(17, 59)","(0, 35)"
21,60,0.8,bot3,burned,61,8404169944478919935,10404500384452794007,"(43, 6)","(17, 59)","(0, 35)"
21,60,0.8,bot4,burned,61,8404169944478919935,10404500384452794007,"(43, 6)","(17, 59)","(0, 35)"
21,60,0.9,bot1,burned,55,8404169944478919935,10404500384452794007,"(43, 6)","(17, 59)","(0, 35)"
21,60,0.9,bot2,burned,56,8404169944478919935,10404500384452794007,"(43, 6)","(17, 59)","(0, 35)"
21,60,0.9,bot3,burned,56,8404169944478919935,10404500384452794007,"(43, 6)","(17, 59)","(0, 35)"
21,60,0.9,bot4,burned,56,8404169944478919935,10404500384452794007,"(43, 6)","(17, 59)","(0, 35)"
21,60,1.0,bot1,burned,50,8404169944478919935,10404500384452794007,"(43, 6)","(17, 59)","(0, 35)"
21,60,1.0,bot2,burned,56,8404169944478919935,10404500384452794007,"(43, 6)","(17, 59)","(0, 35)"
21,60,1.0,bot3,burned,56,8404169944478919935,10404500384452794007,"(43, 6)","(17, 59)","(0, 35)"
21,60,1.0,bot4,burned,56,8404169944478919935,10404500384452794007,"(43, 6)","(17, 59)","(0, 35)"
22,60,0.0,bot1,success,47,8779724978156083982,15095088440538647582,"(50, 6)","(17, 12)","(18, 12)"
22,60,0.0,bot2,success,47,8779724978156083982,15095088440538647582,"(50, 6)","(17, 12)","(18, 12)"
22,60,0.0,bot3,success,47,8779724978156083982,15095088440538647582,"(50, 6)","(17, 12)","(18, 12)"
22,60,0.0,bot4,success,47,8779724978156083982,15095088440538647582,"(50, 6)","(17, 12)","(18, 12)"
22,60,0.1,bot1,burned,43,8779724978156083982,15095088440538647582,"(50, 6)","(17, 12)","(18, 12)"
22,60,0.1,bot2,burned,374,8779724978156083982,15095088440538647582,"(50, 6)","(17, 12)","(18, 12)"
22,60,0.1,bot3,burned,374,8779724978156083982,15095088440538647582,"(50, 6)","(17, 12)","(18, 12)"
22,60,0.1,bot4,burned,374,8779724978156083982,15095088440538647582,"(50, 6)","(17, 12)","(18, 12)"
22,60,0.2,bot1,burned,41,8779724978156083982,15095088440538647582,"(50, 6)","(17, 12)","(18, 12)"
22,60,0.2,bot2,burned,203,8779724978156083982,15095088440538647582,"(50, 6)","(17, 12)","(18, 12)"
22,60,0.2,bot3,burned,203,8779724978156083982,15095088440538647582,"(50, 6)","(17, 12)","(18, 12)"
22,60,0.2,bot4,burned,203,8779724978156083982,15095088440538647582,"(50, 6)","(17, 12)","(18, 12)"
22,60,0.3,bot1,burned,35,8779724978156083982,15095088440538647582,"(50, 6)","(17, 12)","(18, 12)"
22,60,0.3,bot2,burned,125,8779724978156083982,15095088440538647582,"(50, 6)","(17, 12)","(18, 12)"
22,60,0.3,bot3,burned,125,8779724978156083982,15095088440538647582,"(50, 6)","(17, 12)","(18, 12)"
22,60,0.3,bot4,burned,125,8779724978156083982,15095088440538647582,"(50, 6)","(17, 12)","(18, 12)"
22,60,0.4,bot1,burned,33,8779724978156083982,15095088440538647582,"(50, 6)","(17, 12)","(18, 12)"
22,60,0.4,bot2,burned,87,8779724978156083982,15095088440538647582,"(50, 6)","(17, 12)","(18, 12)"
22,60,0.4,bot3,burned,87,8779724978156083982,15095088440538647582,"(50, 6)","(17, 12)","(18, 12)"
22,60,0.4,bot4,burned,87,8779724978156083982,15095088440538647582,"(50, 6)","(17, 12)","(18, 12)"
22,60,0.5,bot1,burned,28,8779724978156083982,15095088440538647582,"(50, 6)","(17, 12)","(18, 12)"
22,60,0.5,bot2,burned,78,8779724978156083982,15095088440538647582,"(50, 6)","(17, 12)","(18, 12)"
22,60,0.5,bot3,burned,78,8779724978156083982,15095088440538647582,"(50, 6)","(17, 12)","(18, 12)"
22,60,0.5,bot4,burned,78,8779724978156083982,15095088440538647582,"(50, 6)","(17, 12)","(18, 12)"
22,60,0.6,bot1,burned,27,8779724978156083982,15095088440538647582,"(50, 6)","(17, 12)","(18, 12)"
22,60,0.6,bot2,burned,63,8779724978156083982,15095088440538647582,"(50, 6)","(17, 12)","(18, 12)"
22,60,0.6,bot3,burned,63,8779724978156083982,15095088440538647582,"(50, 6)","(17, 12)","(18, 12)"
22,60,0.6,bot4,burned,63,8779724978156083982,15095088440538647582,"(50, 6)","(17, 12)","(18, 12)"
22,60,0.7,bot1,burned,25,8779724978156083982,15095088440538647582,"(50, 6)","(17, 12)","(18, 12)"
22,60,0.7,bot2,burned,54,8779724978156083982,15095088440538647582,"(50, 6)","(17, 12)","(18, 12)"
22,60,0.7,bot3,burned,54,8779724978156083982,15095088440538647582,"(50, 6)","(17, 12)","(18, 12)"
22,60,0.7,bot4,burned,54,8779724978156083982,15095088440538647582,"(50, 6)","(17, 12)","(18, 12)"
22,60,0.8,bot1,burned,25,8779724978156083982,15095088440538647582,"(50, 6)","(17, 12)","(18, 12)"
22,60,0.8,bot2,burned,51,8779724978156083982,15095088440538647582,"(50, 6)","(17, 12)","(18, 12)"
22,60,0.8,bot3,burned,51,8779724978156083982,15095088440538647582,"(50, 6)","(17, 12)","(18, 12)"
22,60,0.8,bot4,burned,51,8779724978156083982,15095088440538647582,"(50, 6)","(17, 12)","(18, 12)"
22,60,0.9,bot1,burned,25,8779724978156083982,15095088440538647582,"(50, 6)","(17, 12)","(18, 12)"
22,60,0.9,bot2,burned,48,8779724978156083982,15095088440538647582,"(50, 6)","(17, 12)","(18, 12)"
22,60,0.9,bot3,burned,48,8779724978156083982,15095088440538647582,"(50, 6)","(17, 12)","(18, 12)"
22,60,0.9,bot4,burned,48,8779724978156083982,15095088440538647582,"(50, 6)","(17, 12)","(18, 12)"
22,60,1.0,bot1,burned,23,8779724978156083982,15095088440538647582,"(50, 6)","(17, 12)","(18, 12)"
22,60,1.0,bot2,burned,45,8779724978156083982,15095088440538647582,"(50, 6)","(17, 12)","(18, 12)"
22,60,1.0,bot3,burned,45,8779724978156083982,15095088440538647582,"(50, 6)","(17, 12)","(18, 12)"
22,60,1.0,bot4,burned,45,8779724978156083982,15095088440538647582,"(50, 6)","(17, 12)","(18, 12)"
23,60,0.0,bot1,success,86,17701548473514498840,4803849416632770853,"(51, 14)","(9, 58)","(15, 52)"
23,60,0.0,bot2,success,86,17701548473514498840,4803849416632770853,"(51, 14)","(9, 58)","(15, 52)"
23,60,0.0,bot3,success,86,17701548473514498840,4803849416632770853,"(51, 14)","(9, 58)","(15, 52)"
23,60,0.0,bot4,success,86,17701548473514498840,4803849416632770853,"(51, 14)","(9, 58)","(15, 52)"
23,60,0.1,bot1,burned,64,17701548473514498840,4803849416632770853,"(51, 14)","(9, 58)","(15, 52)"
23,60,0.1,bot2,burned,109,17701548473514498840,4803849416632770853,"(51, 14)","(9, 58)","(15, 52)"
23,60,0.1,bot3,success,118,17701548473514498840,4803849416632770853,"(51, 14)","(9, 58)","(15, 52)"
23,60,0.1,bot4,success,104,17701548473514498840,4803849416632770853,"(51, 14)","(9, 58)","(15, 52)"
23,60,0.2,bot1,burned,59,17701548473514498840,4803849416632770853,"(51, 14)","(9, 58)","(15, 52)"
23,60,0.2,bot2,burned,133,17701548473514498840,4803849416632770853,"(51, 14)","(9, 58)","(15, 52)"
23,60,0.2,bot3,burned,139,17701548473514498840,4803849416632770853,"(51, 14)","(9, 58)","(15, 52)"
23,60,0.2,bot4,burned,133,17701548473514498840,4803849416632770853,"(51, 14)","(9, 58)","(15, 52)"
23,60,0.3,bot1,burned,57,17701548473514498840,4803849416632770853,"(51, 14)","(9, 58)","(15, 52)"
23,60,0.3,bot2,burned,138,17701548473514498840,4803849416632770853,"(51, 14)","(9, 58)","(15, 52)"
23,60,0.3,bot3,burned,138,17701548473514498840,4803849416632770853,"(51, 14)","(9, 58)","(15, 52)"
23,60,0.3,bot4,burned,138,17701548473514498840,4803849416632770853,"(51, 14)","(9, 58)","(15, 52)"
23,60,0.4,bot1,burned,49,17701548473514498840,4803849416632770853,"(51, 14)","(9, 58)","(15, 52)"
23,60,0.4,bot2,burned,87,17701548473514498840,4803849416632770853,"(51, 14)","(9, 58)","(15, 52)"
23,60,0.4,bot3,burned,93,17701548473514498840,4803849416632770853,"(51, 14)","(9, 58)","(15, 52)"
23,60,0.4,bot4,burned,87,17701548473514498840,4803849416632770853,"(51, 14)","(9, 58)","(15, 52)"
23,60,0.5,bot1,burned,46,17701548473514498840,4803849416632770853,"(51, 14)","(9, 58)","(15, 52)"
23,60,0.5,bot2,burned,106,17701548473514498840,4803849416632770853,"(51, 14)","(9, 58)","(15, 52)"
23,60,0.5,bot3,burned,106,17701548473514498840,4803849416632770853,"(51, 14)","(9, 58)","(15, 52)"
23,60,0.5,bot4,burned,106,17701548473514498840,4803849416632770853,"(51, 14)","(9, 58)","(15, 52)"
23,60,0.6,bot1,burned,45,17701548473514498840,4803849416632770853,"(51, 14)","(9, 58)","(15, 52)"
23,60,0.6,bot2,burned,89,17701548473514498840,4803849416632770853,"(51, 14)","(9, 58)","(15, 52)"
23,60,0.6,bot3,burned,89,17701548473514498840,4803849416632770853,"(51, 14)","(9, 58)","(15, 52)"
23,60,0.6,bot4,burned,89,17701548473514498840,4803849416632770853,"(51, 14)","(9, 58)","(15, 52)"
23,60,0.7,bot1,burned,43,17701548473514498840,4803849416632770853,"(51, 14)","(9, 58)","(15, 52)"
23,60,0.7,bot2,burned,79,17701548473514498840,4803849416632770853,"(51, 14)","(9, 58)","(15, 52)"
23,60,0.7,bot3,burned,79,17701548473514498840,4803849416632770853,"(51, 14)","(9, 58)","(15, 52)"
23,60,0.7,bot4,burned,79,17701548473514498840,4803849416632770853,"(51, 14)","(9, 58)","(15, 52)"
23,60,0.8,bot1,burned,42,17701548473514498840,4803849416632770853,"(51, 14)","(9, 58)","(15, 52)"
23,60,0.8,bot2,burned,71,17701548473514498840,4803849416632770853,"(51, 14)","(9, 58)","(15, 52)"
23,60,0.8,bot3,burned,71,17701548473514498840,4803849416632770853,"(51, 14)","(9, 58)","(15, 52)"
23,60,0.8,bot4,burned,71,17701548473514498840,4803849416632770853,"(51, 14)","(9, 58)","(15, 52)"
23,60,0.9,bot1,burned,39,17701548473514498840,4803849416632770853,"(51, 14)","(9, 58)","(15, 52)"
23,60,0.9,bot2,burned,65,17701548473514498840,4803849416632770853,"(51, 14)","(9, 58)","(15, 52)"
23,60,0.9,bot3,burned,65,17701548473514498840,4803849416632770853,"(51, 14)","(9, 58)","(15, 52)"
23,60,0.9,bot4,burned,65,17701548473514498840,4803849416632770853,"(51, 14)","(9, 58)","(15, 52)"
23,60,1.0,bot1,burned,37,17701548473514498840,4803849416632770853,"(51, 14)","(9, 58)","(15, 52)"
23,60,1.0,bot2,burned,62,17701548473514498840,4803849416632770853,"(51, 14)","(9, 58)","(15, 52)"
23,60,1.0,bot3,burned,62,17701548473514498840,4803849416632770853,"(51, 14)","(9, 58)","(15, 52)"
23,60,1.0,bot4,burned,62,17701548473514498840,4803849416632770853,"(51, 14)","(9, 58)","(15, 52)"
24,60,0.0,bot1,success,30,11038772046663226166,7329909202235705,"(15, 36)","(30, 51)","(46, 47)"
24,60,0.0,bot2,success,30,11038772046663226166,7329909202235705,"(15, 36)","(30, 51)","(46, 47)"
24,60,0.0,bot3,success,30,11038772046663226166,7329909202235705,"(15, 36)","(30, 51)","(46, 47)"
24,60,0.0,bot4,success,30,11038772046663226166,7329909202235705,"(15, 36)","(30, 51)","(46, 47)"
24,60,0.1,bot1,success,30,11038772046663226166,7329909202235705,"(15, 36)","(30, 51)","(46, 47)"
24,60,0.1,bot2,success,30,11038772046663226166,7329909202235705,"(15, 36)","(30, 51)","(46, 47)"
24,60,0.1,bot3,success,30,11038772046663226166,7329909202235705,"(15, 36)","(30, 51)","(46, 47)"
24,60,0.1,bot4,success,30,11038772046663226166,7329909202235705,"(15, 36)","(30, 51)","(46, 47)"
24,60,0.2,bot1,success,30,11038772046663226166,7329909202235705,"(15, 36)","(30, 51)","(46, 47)"
24,60,0.2,bot2,success,30,11038772046663226166,7329909202235705,"(15, 36)","(30, 51)","(46, 47)"
24,60,0.2,bot3,success,30,11038772046663226166,7329909202235705,"(15, 36)","(30, 51)","(46, 47)"
24,60,0.2,bot4,success,30,11038772046663226166,7329909202235705,"(15, 36)","(30, 51)","(46, 47)"
24,60,0.3,bot1,success,30,11038772046663226166,7329909202235705,"(15, 36)","(30, 51)","(46, 47)"
24,60,0.3,bot2,success,30,11038772046663226166,7329909202235705,"(15, 36)","(30, 51)","(46, 47)"
24,60,0.3,bot3,success,30,11038772046663226166,7329909202235705,"(15, 36)","(30, 51)","(46, 47)"
24,60,0.3,bot4,success,30,11038772046663226166,7329909202235705,"(15, 36)","(30, 51)","(46, 47)"
24,60,0.4,bot1,success,30,11038772046663226166,7329909202235705,"(15, 36)","(30, 51)","(46, 47)"
24,60,0.4,bot2,success,30,11038772046663226166,7329909202235705,"(15, 36)","(30, 51)","(46, 47)"
24,60,0.4,bot3,success,30,11038772046663226166,7329909202235705,"(15, 36)","(30, 51)","(46, 47)"
24,60,0.4,bot4,success,30,11038772046663226166,7329909202235705,"(15, 36)","(30, 51)","(46, 47)"
24,60,0.5,bot1,success,30,11038772046663226166,7329909202235705,"(15, 36)","(30, 51)","(46, 47)"
24,60,0.5,bot2,success,30,11038772046663226166,7329909202235705,"(15, 36)","(30, 51)","(46, 47)"
24,60,0.5,bot3,success,30,11038772046663226166,7329909202235705,"(15, 36)","(30, 51)","(46, 47)"
24,60,0.5,bot4,success,30,11038772046663226166,7329909202235705,"(15, 36)","(30, 51)","(46, 47)"
24,60,0.6,bot1,success,30,11038772046663226166,7329909202235705,"(15, 36)","(30, 51)","(46, 47)"
24,60,0.6,bot2,success,30,11038772046663226166,7329909202235705,"(15, 36)","(30, 51)","(46, 47)"
24,60,0.6,bot3,success,30,11038772046663226166,7329909202235705,"(15, 36)","(30, 51)","(46, 47)"
24,60,0.6,bot4,success,30,11038772046663226166,7329909202235705,"(15, 36)","(30, 51)","(46, 47)"
24,60,0.7,bot1,success,30,11038772046663226166,7329909202235705,"(15, 36)","(30, 51)","(46, 47)"
24,60,0.7,bot2,success,30,11038772046663226166,7329909202235705,"(15, 36)","(30, 51)","(46, 47)"
24,60,0.7,bot3,success,30,11038772046663226166,7329909202235705,"(15, 36)","(30, 51)","(46, 47)"
24,60,0.7,bot4,success,30,11038772046663226166,7329909202235705,"(15, 36)","(30, 51)","(46, 47)"
24,60,0.8,bot1,success,30,11038772046663226166,7329909202235705,"(15, 36)","(30, 51)","(46, 47)"
24,60,0.8,bot2,success,30,11038772046663226166,7329909202235705,"(15, 36)","(30, 51)","(46, 47)"
24,60,0.8,bot3,success,30,11038772046663226166,7329909202235705,"(15, 36)","(30, 51)","(46, 47)"
24,60,0.8,bot4,success,30,11038772046663226166,7329909202235705,"(15, 36)","(30, 51)","(46, 47)"
24,60,0.9,bot1,success,30,11038772046663226166,7329909202235705,"(15, 36)","(30, 51)","(46, 47)"
24,60,0.9,bot2,success,30,11038772046663226166,7329909202235705,"(15, 36)","(30, 51)","(46, 47)"
24,60,0.9,bot3,success,30,11038772046663226166,7329909202235705,"(15, 36)","(30, 51)","(46, 47)"
24,60,0.9,bot4,success,30,11038772046663226166,7329909202235705,"(15, 36)","(30, 51)","(46, 47)"
24,60,1.0,bot1,success,30,11038772046663226166,7329909202235705,"(15, 36)","(30, 51)","(46, 47)"
24,60,1.0,bot2,success,30,11038772046663226166,7329909202235705,"(15, 36)","(30, 51)","(46, 47)"
24,60,1.0,bot3,success,30,11038772046663226166,7329909202235705,"(15, 36)","(30, 51)","(46, 47)"
24,60,1.0,bot4,success,30,11038772046663226166,7329909202235705,"(15, 36)","(30, 51)","(46, 47)"
25,60,0.0,bot1,success,29,12531550793641366369,9786788249240577401,"(12, 27)","(2, 14)","(59, 33)"
25,60,0.0,bot2,success,29,12531550793641366369,9786788249240577401,"(12, 27)","(2, 14)","(59, 33)"
25,60,0.0,bot3,success,29,12531550793641366369,9786788249240577401,"(12, 27)","(2, 14)","(59, 33)"
25,60,0.0,bot4,success,29,12531550793641366369,9786788249240577401,"(12, 27)","(2, 14)","(59, 33)"
25,60,0.1,bot1,success,29,12531550793641366369,9786788249240577401,"(12, 27)","(2, 14)","(59, 33)"
25,60,0.1,bot2,success,29,12531550793641366369,9786788249240577401,"(12, 27)","(2, 14)","(59, 33)"
25,60,0.1,bot3,success,29,12531550793641366369,9786788249240577401,"(12, 27)","(2, 14)","(59, 33)"
25,60,0.1,bot4,success,29,12531550793641366369,9786788249240577401,"(12, 27)","(2, 14)","(59, 33)"
25,60,0.2,bot1,success,29,12531550793641366369,9786788249240577401,"(12, 27)","(2, 14)","(59, 33)"
25,60,0.2,bot2,success,29,12531550793641366369,9786788249240577401,"(12, 27)","(2, 14)","(59, 33)"
25,60,0.2,bot3,success,29,12531550793641366369,9786788249240577401,"(12, 27)","(2, 14)","(59, 33)"
25,60,0.2,bot4,success,29,12531550793641366369,9786788249240577401,"(12, 27)","(2, 14)","(59, 33)"
25,60,0.3,bot1,success,29,12531550793641366369,9786788249240577401,"(12, 27)","(2, 14)","(59, 33)"
25,60,0.3,bot2,success,29,12531550793641366369,9786788249240577401,"(12, 27)","(2, 14)","(59, 33)"
25,60,0.3,bot3,success,29,12531550793641366369,9786788249240577401,"(12, 27)","(2, 14)","(59, 33)"
25,60,0.3,bot4,success,29,12531550793641366369,9786788249240577401,"(12, 27)","(2, 14)","(59, 33)"
25,60,0.4,bot1,success,29,12531550793641366369,9786788249240577401,"(12, 27)","(2, 14)","(59, 33)"
25,60,0.4,bot2,success,29,12531550793641366369,9786788249240577401,"(12, 27)","(2, 14)","(59, 33)"
25,60,0.4,bot3,success,29,12531550793641366369,9786788249240577401,"(12, 27)","(2, 14)","(59, 33)"
25,60,0.4,bot4,success,29,12531550793641366369,9786788249240577401,"(12, 27)","(2, 14)","(59, 33)"
25,60,0.5,bot1,success,29,12531550793641366369,9786788249240577401,"(12, 27)","(2, 14)","(59, 33)"
25,60,0.5,bot2,success,29,12531550793641366369,9786788249240577401,"(12, 27)","(2, 14)","(59, 33)"
25,60,0.5,bot3,success,29,12531550793641366369,9786788249240577401,"(12, 27)","(2, 14)","(59, 33)"
25,60,0.5,bot4,success,29,12531550793641366369,9786788249240577401,"(12, 27)","(2, 14)","(59, 33)"
25,60,0.6,bot1,success,29,12531550793641366369,9786788249240577401,"(12, 27)","(2, 14)","(59, 33)"
25,60,0.6,bot2,success,29,12531550793641366369,9786788249240577401,"(12, 27)","(2, 14)","(59, 33)"
25,60,0.6,bot3,success,29,12531550793641366369,9786788249240577401,"(12, 27)","(2, 14)","(59, 33)"
25,60,0.6,bot4,success,29,12531550793641366369,9786788249240577401,"(12, 27)","(2, 14)","(59, 33)"
25,60,0.7,bot1,success,29,12531550793641366369,9786788249240577401,"(12, 27)","(2, 14)","(59, 33)"
25,60,0.7,bot2,success,29,12531550793641366369,9786788249240577401,"(12, 27)","(2, 14)","(59, 33)"
25,60,0.7,bot3,success,29,12531550793641366369,9786788249240577401,"(12, 27)","(2, 14)","(59, 33)"
25,60,0.7,bot4,success,29,12531550793641366369,9786788249240577401,"(12, 27)","(2, 14)","(59, 33)"
25,60,0.8,bot1,success,29,12531550793641366369,9786788249240577401,"(12, 27)","(2, 14)","(59, 33)"
25,60,0.8,bot2,success,29,12531550793641366369,9786788249240577401,"(12, 27)","(2, 14)","(59, 33)"
25,60,0.8,bot3,success,29,12531550793641366369,9786788249240577401,"(12, 27)","(2, 14)","(59, 33)"
25,60,0.8,bot4,success,29,12531550793641366369,9786788249240577401,"(12, 27)","(2, 14)","(59, 33)"
25,60,0.9,bot1,success,29,12531550793641366369,9786788249240577401,"(12, 27)","(2, 14)","(59, 33)"
25,60,0.9,bot2,success,29,12531550793641366369,9786788249240577401,"(12, 27)","(2, 14)","(59, 33)"
25,60,0.9,bot3,success,29,12531550793641366369,9786788249240577401,"(12, 27)","(2, 14)","(59, 33)"
25,60,0.9,bot4,success,29,12531550793641366369,9786788249240577401,"(12, 27)","(2, 14)","(59, 33)"
25,60,1.0,bot1,success,29,12531550793641366369,9786788249240577401,"(12, 27)","(2, 14)","(59, 33)"
25,60,1.0,bot2,success,29,12531550793641366369,9786788249240577401,"(12, 27)","(2, 14)","(59, 33)"
25,60,1.0,bot3,success,29,12531550793641366369,9786788249240577401,"(12, 27)","(2, 14)","(59, 33)"
25,60,1.0,bot4,success,29,12531550793641366369,9786788249240577401,"(12, 27)","(2, 14)","(59, 33)"
26,60,0.0,bot1,success,29,5204125991741925661,12648544713279650204,"(56, 45)","(38, 42)","(59, 24)"
26,60,0.0,bot2,success,29,5204125991741925661,12648544713279650204,"(56, 45)","(38, 42)","(59, 24)"
26,60,0.0,bot3,success,29,5204125991741925661,12648544713279650204,"(56, 45)","(38, 42)","(59, 24)"
26,60,0.0,bot4,success,29,5204125991741925661,12648544713279650204,"(56, 45)","(38, 42)","(59, 24)"
26,60,0.1,bot1,success,29,5204125991741925661,12648544713279650204,"(56, 45)","(38, 42)","(59, 24)"
26,60,0.1,bot2,success,29,5204125991741925661,12648544713279650204,"(56, 45)","(38, 42)","(59, 24)"
26,60,0.1,bot3,success,29,5204125991741925661,12648544713279650204,"(56, 45)","(38, 42)","(59, 24)"
26,60,0.1,bot4,success,29,5204125991741925661,12648544713279650204,"(56, 45)","(38, 42)","(59, 24)"
26,60,0.2,bot1,success,29,5204125991741925661,12648544713279650204,"(56, 45)","(38, 42)","(59, 24)"
26,60,0.2,bot2,success,29,5204125991741925661,12648544713279650204,"(56, 45)","(38, 42)","(59, 24)"
26,60,0.2,bot3,success,29,5204125991741925661,12648544713279650204,"(56, 45)","(38, 42)","(59, 24)"
26,60,0.2,bot4,success,29,5204125991741925661,12648544713279650204,"(56, 45)","(38, 42)","(59, 24)"
26,60,0.3,bot1,success,29,5204125991741925661,12648544713279650204,"(56, 45)","(38, 42)","(59, 24)"
26,60,0.3,bot2,success,29,5204125991741925661,12648544713279650204,"(56, 45)","(38, 42)","(59, 24)"
26,60,0.3,bot3,success,29,5204125991741925661,12648544713279650204,"(56, 45)","(38, 42)","(59, 24)"
26,60,0.3,bot4,success,29,5204125991741925661,12648544713279650204,"(56, 45)","(38, 42)","(59, 24)"
26,60,0.4,bot1,success,29,5204125991741925661,12648544713279650204,"(56, 45)","(38, 42)","(59, 24)"
26,60,0.4,bot2,success,29,5204125991741925661,12648544713279650204,"(56, 45)","(38, 42)","(59, 24)"
26,60,0.4,bot3,success,29,5204125991741925661,12648544713279650204,"(56, 45)","(38, 42)","(59, 24)"
26,60,0.4,bot4,success,29,5204125991741925661,12648544713279650204,"(56, 45)","(38, 42)","(59, 24)"
26,60,0.5,bot1,success,29,5204125991741925661,12648544713279650204,"(56, 45)","(38, 42)","(59, 24)"
26,60,0.5,bot2,success,29,5204125991741925661,12648544713279650204,"(56, 45)","(38, 42)","(59, 24)"
26,60,0.5,bot3,success,29,5204125991741925661,12648544713279650204,"(56, 45)","(38, 42)","(59, 24)"
26,60,0.5,bot4,success,29,5204125991741925661,12648544713279650204,"(56, 45)","(38, 42)","(59, 24)"
26,60,0.6,bot1,success,29,5204125991741925661,12648544713279650204,"(56, 45)","(38, 42)","(59, 24)"
26,60,0.6,bot2,success,29,5204125991741925661,12648544713279650204,"(56, 45)","(38, 42)","(59, 24)"
26,60,0.6,bot3,success,29,5204125991741925661,12648544713279650204,"(56, 45)","(38, 42)","(59, 24)"
26,60,0.6,bot4,success,29,5204125991741925661,12648544713279650204,"(56, 45)","(38, 42)","(59, 24)"
26,60,0.7,bot1,success,29,5204125991741925661,12648544713279650204,"(56, 45)","(38, 42)","(59, 24)"
26,60,0.7,bot2,success,29,5204125991741925661,12648544713279650204,"(56, 45)","(38, 42)","(59, 24)"
26,60,0.7,bot3,success,29,5204125991741925661,12648544713279650204,"(56, 45)","(38, 42)","(59, 24)"
26,60,0.7,bot4,success,29,5204125991741925661,12648544713279650204,"(56, 45)","(38, 42)","(59, 24)"
26,60,0.8,bot1,success,29,5204125991741925661,12648544713279650204,"(56, 45)","(38, 42)","(59, 24)"
26,60,0.8,bot2,success,29,5204125991741925661,12648544713279650204,"(56, 45)","(38, 42)","(59, 24)"
26,60,0.8,bot3,success,29,5204125991741925661,12648544713279650204,"(56, 45)","(38, 42)","(59, 24)"
26,60,0.8,bot4,success,29,5204125991741925661,12648544713279650204,"(56, 45)","(38, 42)","(59, 24)"
26,60,0.9,bot1,success,29,5204125991741925661,12648544713279650204,"(56, 45)","(38, 42)","(59, 24)"
26,60,0.9,bot2,success,29,5204125991741925661,12648544713279650204,"(56, 45)","(38, 42)","(59, 24)"
26,60,0.9,bot3,success,29,5204125991741925661,12648544713279650204,"(56, 45)","(38, 42)","(59, 24)"
26,60,0.9,bot4,success,29,5204125991741925661,12648544713279650204,"(56, 45)","(38, 42)","(59, 24)"
26,60,1.0,bot1,success,29,5204125991741925661,12648544713279650204,"(56, 45)","(38, 42)","(59, 24)"
26,60,1.0,bot2,success,29,5204125991741925661,12648544713279650204,"(56, 45)","(38, 42)","(59, 24)"
26,60,1.0,bot3,success,29,5204125991741925661,12648544713279650204,"(56, 45)","(38, 42)","(59, 24)"
26,60,1.0,bot4,success,29,5204125991741925661,12648544713279650204,"(56, 45)","(38, 42)","(59, 24)"
27,60,0.0,bot1,success,55,5515735794363620776,11404391526741589211,"(21, 35)","(16, 41)","(44, 6)"
27,60,0.0,bot2,success,55,5515735794363620776,11404391526741589211,"(21, 35)","(16, 41)","(44, 6)"
27,60,0.0,bot3,success,55,5515735794363620776,11404391526741589211,"(21, 35)","(16, 41)","(44, 6)"
27,60,0.0,bot4,success,55,5515735794363620776,11404391526741589211,"(21, 35)","(16, 41)","(44, 6)"
27,60,0.1,bot1,success,55,5515735794363620776,11404391526741589211,"(21, 35)","(16, 41)","(44, 6)"
27,60,0.1,bot2,success,55,5515735794363620776,11404391526741589211,"(21, 35)","(16, 41)","(44, 6)"
27,60,0.1,bot3,success,55,5515735794363620776,11404391526741589211,"(21, 35)","(16, 41)","(44, 6)"
27,60,0.1,bot4,success,55,5515735794363620776,11404391526741589211,"(21, 35)","(16, 41)","(44, 6)"
27,60,0.2,bot1,success,55,5515735794363620776,11404391526741589211,"(21, 35)","(16, 41)","(44, 6)"
27,60,0.2,bot2,success,55,5515735794363620776,11404391526741589211,"(21, 35)","(16, 41)","(44, 6)"
27,60,0.2,bot3,success,55,5515735794363620776,11404391526741589211,"(21, 35)","(16, 41)","(44, 6)"
27,60,0.2,bot4,success,55,5515735794363620776,11404391526741589211,"(21, 35)","(16, 41)","(44, 6)"
27,60,0.3,bot1,success,55,5515735794363620776,11404391526741589211,"(21, 35)","(16, 41)","(44, 6)"
27,60,0.3,bot2,success,55,5515735794363620776,11404391526741589211,"(21, 35)","(16, 41)","(44, 6)"
27,60,0.3,bot3,success,55,5515735794363620776,11404391526741589211,"(21, 35)","(16, 41)","(44, 6)"
27,60,0.3,bot4,success,55,5515735794363620776,11404391526741589211,"(21, 35)","(16, 41)","(44, 6)"
27,60,0.4,bot1,success,55,5515735794363620776,11404391526741589211,"(21, 35)","(16, 41)","(44, 6)"
27,60,0.4,bot2,success,55,5515735794363620776,11404391526741589211,"(21, 35)","(16, 41)","(44, 6)"
27,60,0.4,bot3,success,55,5515735794363620776,11404391526741589211,"(21, 35)","(16, 41)","(44, 6)"
27,60,0.4,bot4,success,55,5515735794363620776,11404391526741589211,"(21, 35)","(16, 41)","(44, 6)"
27,60,0.5,bot1,success,55,5515735794363620776,11404391526741589211,"(21, 35)","(16, 41)","(44, 6)"
27,60,0.5,bot2,success,55,5515735794363620776,11404391526741589211,"(21, 35)","(16, 41)","(44, 6)"
27,60,0.5,bot3,success,55,5515735794363620776,11404391526741589211,"(21, 35)","(16, 41)","(44, 6)"
27,60,0.5,bot4,success,55,5515735794363620776,11404391526741589211,"(21, 35)","(16, 41)","(44, 6)"
27,60,0.6,bot1,success,55,5515735794363620776,11404391526741589211,"(21, 35)","(16, 41)","(44, 6)"
27,60,0.6,bot2,success,55,5515735794363620776,11404391526741589211,"(21, 35)","(16, 41)","(44, 6)"
27,60,0.6,bot3,success,55,5515735794363620776,11404391526741589211,"(21, 35)","(16, 41)","(44, 6)"
27,60,0.6,bot4,success,55,5515735794363620776,11404391526741589211,"(21, 35)","(16, 41)","(44, 6)"
27,60,0.7,bot1,success,55,5515735794363620776,11404391526741589211,"(21, 35)","(16, 41)","(44, 6)"
27,60,0.7,bot2,success,55,5515735794363620776,11404391526741589211,"(21, 35)","(16, 41)","(44, 6)"
27,60,0.7,bot3,success,55,5515735794363620776,11404391526741589211,"(21, 35)","(16, 41)","(44, 6)"
27,60,0.7,bot4,success,55,5515735794363620776,11404391526741589211,"(21, 35)","(16, 41)","(44, 6)"
27,60,0.8,bot1,success,55,5515735794363620776,11404391526741589211,"(21, 35)","(16, 41)","(44, 6)"
27,60,0.8,bot2,success,55,5515735794363620776,11404391526741589211,"(21, 35)","(16, 41)","(44, 6)"
27,60,0.8,bot3,success,55,5515735794363620776,11404391526741589211,"(21, 35)","(16, 41)","(44, 6)"
27,60,0.8,bot4,success,55,5515735794363620776,11404391526741589211,"(21, 35)","(16, 41)","(44, 6)"
27,60,0.9,bot1,success,55,5515735794363620776,11404391526741589211,"(21, 35)","(16, 41)","(44, 6)"
27,60,0.9,bot2,success,55,5515735794363620776,11404391526741589211,"(21, 35)","(16, 41)","(44, 6)"
27,60,0.9,bot3,success,55,5515735794363620776,11404391526741589211,"(21, 35)","(16, 41)","(44, 6)"
27,60,0.9,bot4,success,55,5515735794363620776,11404391526741589211,"(21, 35)","(16, 41)","(44, 6)"
27,60,1.0,bot1,success,55,5515735794363620776,11404391526741589211,"(21, 35)","(16, 41)","(44, 6)"
27,60,1.0,bot2,success,55,5515735794363620776,11404391526741589211,"(21, 35)","(16, 41)","(44, 6)"
27,60,1.0,bot3,success,55,5515735794363620776,11404391526741589211,"(21, 35)","(16, 41)","(44, 6)"
27,60,1.0,bot4,success,55,5515735794363620776,11404391526741589211,"(21, 35)","(16, 41)","(44, 6)"
28,60,0.0,bot1,success,81,10446799427132520967,15061273695656146751,"(21, 51)","(45, 6)","(24, 26)"
28,60,0.0,bot2,success,81,10446799427132520967,15061273695656146751,"(21, 51)","(45, 6)","(24, 26)"
28,60,0.0,bot3,success,81,10446799427132520967,15061273695656146751,"(21, 51)","(45, 6)","(24, 26)"
28,60,0.0,bot4,success,81,10446799427132520967,15061273695656146751,"(21, 51)","(45, 6)","(24, 26)"
28,60,0.1,bot1,success,81,10446799427132520967,15061273695656146751,"(21, 51)","(45, 6)","(24, 26)"
28,60,0.1,bot2,success,81,10446799427132520967,15061273695656146751,"(21, 51)","(45, 6)","(24, 26)"
28,60,0.1,bot3,success,81,10446799427132520967,15061273695656146751,"(21, 51)","(45, 6)","(24, 26)"
28,60,0.1,bot4,success,87,10446799427132520967,15061273695656146751,"(21, 51)","(45, 6)","(24, 26)"
28,60,0.2,bot1,success,81,10446799427132520967,15061273695656146751,"(21, 51)","(45, 6)","(24, 26)"
28,60,0.2,bot2,success,81,10446799427132520967,15061273695656146751,"(21, 51)","(45, 6)","(24, 26)"
28,60,0.2,bot3,success,81,10446799427132520967,15061273695656146751,"(21, 51)","(45, 6)","(24, 26)"
28,60,0.2,bot4,success,91,10446799427132520967,15061273695656146751,"(21, 51)","(45, 6)","(24, 26)"
28,60,0.3,bot1,success,81,10446799427132520967,15061273695656146751,"(21, 51)","(45, 6)","(24, 26)"
28,60,0.3,bot2,success,81,10446799427132520967,15061273695656146751,"(21, 51)","(45, 6)","(24, 26)"
28,60,0.3,bot3,success,81,10446799427132520967,15061273695656146751,"(21, 51)","(45, 6)","(24, 26)"
28,60,0.3,bot4,success,81,10446799427132520967,15061273695656146751,"(21, 51)","(45, 6)","(24, 26)"
28,60,0.4,bot1,success,81,10446799427132520967,15061273695656146751,"(21, 51)","(45, 6)","(24, 26)"
28,60,0.4,bot2,success,81,10446799427132520967,15061273695656146751,"(21, 51)","(45, 6)","(24, 26)"
28,60,0.4,bot3,success,81,10446799427132520967,15061273695656146751,"(21, 51)","(45, 6)","(24, 26)"
28,60,0.4,bot4,success,81,10446799427132520967,15061273695656146751,"(21, 51)","(45, 6)","(24, 26)"
28,60,0.5,bot1,burned,66,10446799427132520967,15061273695656146751,"(21, 51)","(45, 6)","(24, 26)"
28,60,0.5,bot2,burned,66,10446799427132520967,15061273695656146751,"(21, 51)","(45, 6)","(24, 26)"
28,60,0.5,bot3,burned,100,10446799427132520967,15061273695656146751,"(21, 51)","(45, 6)","(24, 26)"
28,60,0.5,bot4,burned,66,10446799427132520967,15061273695656146751,"(21, 51)","(45, 6)","(24, 26)"
28,60,0.6,bot1,burned,46,10446799427132520967,15061273695656146751,"(21, 51)","(45, 6)","(24, 26)"
28,60,0.6,bot2,burned,46,10446799427132520967,15061273695656146751,"(21, 51)","(45, 6)","(24, 26)"
28,60,0.6,bot3,burned,46,10446799427132520967,15061273695656146751,"(21, 51)","(45, 6)","(24, 26)"
28,60,0.6,bot4,burned,46,10446799427132520967,15061273695656146751,"(21, 51)","(45, 6)","(24, 26)"
28,60,0.7,bot1,burned,37,10446799427132520967,15061273695656146751,"(21, 51)","(45, 6)","(24, 26)"
28,60,0.7,bot2,burned,68,10446799427132520967,15061273695656146751,"(21, 51)","(45, 6)","(24, 26)"
28,60,0.7,bot3,burned,67,10446799427132520967,15061273695656146751,"(21, 51)","(45, 6)","(24, 26)"
28,60,0.7,bot4,burned,68,10446799427132520967,15061273695656146751,"(21, 51)","(45, 6)","(24, 26)"
28,60,0.8,bot1,burned,35,10446799427132520967,15061273695656146751,"(21, 51)","(45, 6)","(24, 26)"
28,60,0.8,bot2,burned,62,10446799427132520967,15061273695656146751,"(21, 51)","(45, 6)","(24, 26)"
28,60,0.8,bot3,burned,62,10446799427132520967,15061273695656146751,"(21, 51)","(45, 6)","(24, 26)"
28,60,0.8,bot4,burned,62,10446799427132520967,15061273695656146751,"(21, 51)","(45, 6)","(24, 26)"
28,60,0.9,bot1,burned,34,10446799427132520967,15061273695656146751,"(21, 51)","(45, 6)","(24, 26)"
28,60,0.9,bot2,burned,52,10446799427132520967,15061273695656146751,"(21, 51)","(45, 6)","(24, 26)"
28,60,0.9,bot3,burned,52,10446799427132520967,15061273695656146751,"(21, 51)","(45, 6)","(24, 26)"
28,60,0.9,bot4,burned,52,10446799427132520967,15061273695656146751,"(21, 51)","(45, 6)","(24, 26)"
28,60,1.0,bot1,burned,33,10446799427132520967,15061273695656146751,"(21, 51)","(45, 6)","(24, 26)"
28,60,1.0,bot2,burned,49,10446799427132520967,15061273695656146751,"(21, 51)","(45, 6)","(24, 26)"
28,60,1.0,bot3,burned,49,10446799427132520967,15061273695656146751,"(21, 51)","(45, 6)","(24, 26)"
28,60,1.0,bot4,burned,49,10446799427132520967,15061273695656146751,"(21, 51)","(45, 6)","(24, 26)"
29,60,0.0,bot1,success,54,8408749254059196764,3753847335168522513,"(39, 7)","(5, 25)","(24, 35)"
29,60,0.0,bot2,success,54,8408749254059196764,3753847335168522513,"(39, 7)","(5, 25)","(24, 35)"
29,60,0.0,bot3,success,54,8408749254059196764,3753847335168522513,"(39, 7)","(5, 25)","(24, 35)"
29,60,0.0,bot4,success,54,8408749254059196764,3753847335168522513,"(39, 7)","(5, 25)","(24, 35)"
29,60,0.1,bot1,success,54,8408749254059196764,3753847335168522513,"(39, 7)","(5, 25)","(24, 35)"
29,60,0.1,bot2,success,54,8408749254059196764,3753847335168522513,"(39, 7)","(5, 25)","(24, 35)"
29,60,0.1,bot3,success,54,8408749254059196764,3753847335168522513,"(39, 7)","(5, 25)","(24, 35)"
29,60,0.1,bot4,success,54,8408749254059196764,3753847335168522513,"(39, 7)","(5, 25)","(24, 35)"
29,60,0.2,bot1,success,54,8408749254059196764,3753847335168522513,"(39, 7)","(5, 25)","(24, 35)"
29,60,0.2,bot2,success,54,8408749254059196764,3753847335168522513,"(39, 7)","(5, 25)","(24, 35)"
29,60,0.2,bot3,success,54,8408749254059196764,3753847335168522513,"(39, 7)","(5, 25)","(24, 35)"
29,60,0.2,bot4,success,54,8408749254059196764,3753847335168522513,"(39, 7)","(5, 25)","(24, 35)"
29,60,0.3,bot1,success,54,8408749254059196764,3753847335168522513,"(39, 7)","(5, 25)","(24, 35)"
29,60,0.3,bot2,success,54,8408749254059196764,3753847335168522513,"(39, 7)","(5, 25)","(24, 35)"
29,60,0.3,bot3,success,54,8408749254059196764,3753847335168522513,"(39, 7)","(5, 25)","(24, 35)"
29,60,0.3,bot4,success,54,8408749254059196764,3753847335168522513,"(39, 7)","(5, 25)","(24, 35)"
29,60,0.4,bot1,success,54,8408749254059196764,3753847335168522513,"(39, 7)","(5, 25)","(24, 35)"
29,60,0.4,bot2,success,54,8408749254059196764,3753847335168522513,"(39, 7)","(5, 25)","(24, 35)"
29,60,0.4,bot3,success,54,8408749254059196764,3753847335168522513,"(39, 7)","(5, 25)","(24, 35)"
29,60,0.4,bot4,success,54,8408749254059196764,3753847335168522513,"(39, 7)","(5, 25)","(24, 35)"
29,60,0.5,bot1,burned,53,8408749254059196764,3753847335168522513,"(39, 7)","(5, 25)","(24, 35)"
29,60,0.5,bot2,burned,57,8408749254059196764,3753847335168522513,"(39, 7)","(5, 25)","(24, 35)"
29,60,0.5,bot3,burned,57,8408749254059196764,3753847335168522513,"(39, 7)","(5, 25)","(24, 35)"
29,60,0.5,bot4,burned,57,8408749254059196764,3753847335168522513,"(39, 7)","(5, 25)","(24, 35)"
29,60,0.6,bot1,burned,52,8408749254059196764,3753847335168522513,"(39, 7)","(5, 25)","(24, 35)"
29,60,0.6,bot2,burned,55,8408749254059196764,3753847335168522513,"(39, 7)","(5, 25)","(24, 35)"
29,60,0.6,bot3,burned,55,8408749254059196764,3753847335168522513,"(39, 7)","(5, 25)","(24, 35)"
29,60,0.6,bot4,burned,55,8408749254059196764,3753847335168522513,"(39, 7)","(5, 25)","(24, 35)"
29,60,0.7,bot1,burned,50,8408749254059196764,3753847335168522513,"(39, 7)","(5, 25)","(24, 35)"
29,60,0.7,bot2,burned,54,8408749254059196764,3753847335168522513,"(39, 7)","(5, 25)","(24, 35)"
29,60,0.7,bot3,burned,54,8408749254059196764,3753847335168522513,"(39, 7)","(5, 25)","(24, 35)"
29,60,0.7,bot4,burned,54,8408749254059196764,3753847335168522513,"(39, 7)","(5, 25)","(24, 35)"
29,60,0.8,bot1,burned,50,8408749254059196764,3753847335168522513,"(39, 7)","(5, 25)","(24, 35)"
29,60,0.8,bot2,burned,56,8408749254059196764,3753847335168522513,"(39, 7)","(5, 25)","(24, 35)"
29,60,0.8,bot3,burned,56,8408749254059196764,3753847335168522513,"(39, 7)","(5, 25)","(24, 35)"
29,60,0.8,bot4,burned,56,8408749254059196764,3753847335168522513,"(39, 7)","(5, 25)","(24, 35)"
29,60,0.9,bot1,burned,44,8408749254059196764,3753847335168522513,"(39, 7)","(5, 25)","(24, 35)"
29,60,0.9,bot2,burned,53,8408749254059196764,3753847335168522513,"(39, 7)","(5, 25)","(24, 35)"
29,60,0.9,bot3,burned,53,8408749254059196764,3753847335168522513,"(39, 7)","(5, 25)","(24, 35)"
29,60,0.9,bot4,burned,53,8408749254059196764,3753847335168522513,"(39, 7)","(5, 25)","(24, 35)"
29,60,1.0,bot1,burned,43,8408749254059196764,3753847335168522513,"(39, 7)","(5, 25)","(24, 35)"
29,60,1.0,bot2,burned,46,8408749254059196764,3753847335168522513,"(39, 7)","(5, 25)","(24, 35)"
29,60,1.0,bot3,burned,46,8408749254059196764,3753847335168522513,"(39, 7)","(5, 25)","(24, 35)"
29,60,1.0,bot4,burned,46,8408749254059196764,3753847335168522513,"(39, 7)","(5, 25)","(24, 35)"
30,60,0.0,bot1,success,65,11512611287689890725,655931650341511204,"(16, 50)","(28, 5)","(50, 9)"
30,60,0.0,bot2,success,65,11512611287689890725,655931650341511204,"(16, 50)","(28, 5)","(50, 9)"
30,60,0.0,bot3,success,65,11512611287689890725,655931650341511204,"(16, 50)","(28, 5)","(50, 9)"
30,60,0.0,bot4,success,65,11512611287689890725,655931650341511204,"(16, 50)","(28, 5)","(50, 9)"
30,60,0.1,bot1,success,65,11512611287689890725,655931650341511204,"(16, 50)","(28, 5)","(50, 9)"
30,60,0.1,bot2,success,65,11512611287689890725,655931650341511204,"(16, 50)","(28, 5)","(50, 9)"
30,60,0.1,bot3,success,65,11512611287689890725,655931650341511204,"(16, 50)","(28, 5)","(50, 9)"
30,60,0.1,bot4,success,65,11512611287689890725,655931650341511204,"(16, 50)","(28, 5)","(50, 9)"
30,60,0.2,bot1,success,65,11512611287689890725,655931650341511204,"(16, 50)","(28, 5)","(50, 9)"
30,60,0.2,bot2,success,65,11512611287689890725,655931650341511204,"(16, 50)","(28, 5)","(50, 9)"
30,60,0.2,bot3,success,65,11512611287689890725,655931650341511204,"(16, 50)","(28, 5)","(50, 9)"
30,60,0.2,bot4,success,65,11512611287689890725,655931650341511204,"(16, 50)","(28, 5)","(50, 9)"
30,60,0.3,bot1,success,65,11512611287689890725,655931650341511204,"(16, 50)","(28, 5)","(50, 9)"
30,60,0.3,bot2,success,65,11512611287689890725,655931650341511204,"(16, 50)","(28, 5)","(50, 9)"
30,60,0.3,bot3,success,65,11512611287689890725,655931650341511204,"(16, 50)","(28, 5)","(50, 9)"
30,60,0.3,bot4,success,65,11512611287689890725,655931650341511204,"(16, 50)","(28, 5)","(50, 9)"
30,60,0.4,bot1,success,65,11512611287689890725,655931650341511204,"(16, 50)","(28, 5)","(50, 9)"
30,60,0.4,bot2,success,65,11512611287689890725,655931650341511204,"(16, 50)","(28, 5)","(50, 9)"
30,60,0.4,bot3,success,65,11512611287689890725,655931650341511204,"(16, 50)","(28, 5)","(50, 9)"
30,60,0.4,bot4,success,65,11512611287689890725,655931650341511204,"(16, 50)","(28, 5)","(50, 9)"
30,60,0.5,bot1,success,65,11512611287689890725,655931650341511204,"(16, 50)","(28, 5)","(50, 9)"
30,60,0.5,bot2,success,65,11512611287689890725,655931650341511204,"(16, 50)","(28, 5)","(50, 9)"
30,60,0.5,bot3,success,65,11512611287689890725,655931650341511204,"(16, 50)","(28, 5)","(50, 9)"
30,60,0.5,bot4,success,65,11512611287689890725,655931650341511204,"(16, 50)","(28, 5)","(50, 9)"
30,60,0.6,bot1,burned,58,11512611287689890725,655931650341511204,"(16, 50)","(28, 5)","(50, 9)"
30,60,0.6,bot2,burned,64,11512611287689890725,655931650341511204,"(16, 50)","(28, 5)","(50, 9)"
30,60,0.6,bot3,burned,64,11512611287689890725,655931650341511204,"(16, 50)","(28, 5)","(50, 9)"
30,60,0.6,bot4,burned,64,11512611287689890725,655931650341511204,"(16, 50)","(28, 5)","(50, 9)"
30,60,0.7,bot1,burned,57,11512611287689890725,655931650341511204,"(16, 50)","(28, 5)","(50, 9)"
30,60,0.7,bot2,burned,68,11512611287689890725,655931650341511204,"(16, 50)","(28, 5)","(50, 9)"
30,60,0.7,bot3,burned,68,11512611287689890725,655931650341511204,"(16, 50)","(28, 5)","(50, 9)"
30,60,0.7,bot4,burned,68,11512611287689890725,655931650341511204,"(16, 50)","(28, 5)","(50, 9)"
30,60,0.8,bot1,burned,52,11512611287689890725,655931650341511204,"(16, 50)","(28, 5)","(50, 9)"
30,60,0.8,bot2,burned,49,11512611287689890725,655931650341511204,"(16, 50)","(28, 5)","(50, 9)"
30,60,0.8,bot3,burned,49,11512611287689890725,655931650341511204,"(16, 50)","(28, 5)","(50, 9)"
30,60,0.8,bot4,burned,49,11512611287689890725,655931650341511204,"(16, 50)","(28, 5)","(50, 9)"
30,60,0.9,bot1,burned,50,11512611287689890725,655931650341511204,"(16, 50)","(28, 5)","(50, 9)"
30,60,0.9,bot2,burned,47,11512611287689890725,655931650341511204,"(16, 50)","(28, 5)","(50, 9)"
30,60,0.9,bot3,burned,47,11512611287689890725,655931650341511204,"(16, 50)","(28, 5)","(50, 9)"
30,60,0.9,bot4,burned,47,11512611287689890725,655931650341511204,"(16, 50)","(28, 5)","(50, 9)"
30,60,1.0,bot1,burned,41,11512611287689890725,655931650341511204,"(16, 50)","(28, 5)","(50, 9)"
30,60,1.0,bot2,burned,43,11512611287689890725,655931650341511204,"(16, 50)","(28, 5)","(50, 9)"
30,60,1.0,bot3,burned,43,11512611287689890725,655931650341511204,"(16, 50)","(28, 5)","(50, 9)"
30,60,1.0,bot4,burned,43,11512611287689890725,655931650341511204,"(16, 50)","(28, 5)","(50, 9)"
31,60,0.0,bot1,success,30,18230344423476074952,16208682462515015929,"(58, 10)","(39, 21)","(38, 17)"
31,60,0.0,bot2,success,30,18230344423476074952,16208682462515015929,"(58, 10)","(39, 21)","(38, 17)"
31,60,0.0,bot3,success,30,18230344423476074952,16208682462515015929,"(58, 10)","(39, 21)","(38, 17)"
31,60,0.0,bot4,success,30,18230344423476074952,16208682462515015929,"(58, 10)","(39, 21)","(38, 17)"
31,60,0.1,bot1,success,30,18230344423476074952,16208682462515015929,"(58, 10)","(39, 21)","(38, 17)"
31,60,0.1,bot2,success,30,18230344423476074952,16208682462515015929,"(58, 10)","(39, 21)","(38, 17)"
31,60,0.1,bot3,success,30,18230344423476074952,16208682462515015929,"(58, 10)","(39, 21)","(38, 17)"
31,60,0.1,bot4,success,30,18230344423476074952,16208682462515015929,"(58, 10)","(39, 21)","(38, 17)"
31,60,0.2,bot1,burned,29,18230344423476074952,16208682462515015929,"(58, 10)","(39, 21)","(38, 17)"
31,60,0.2,bot2,burned,66,18230344423476074952,16208682462515015929,"(58, 10)","(39, 21)","(38, 17)"
31,60,0.2,bot3,burned,66,18230344423476074952,16208682462515015929,"(58, 10)","(39, 21)","(38, 17)"
31,60,0.2,bot4,burned,66,18230344423476074952,16208682462515015929,"(58, 10)","(39, 21)","(38, 17)"
31,60,0.3,bot1,burned,22,18230344423476074952,16208682462515015929,"(58, 10)","(39, 21)","(38, 17)"
31,60,0.3,bot2,burned,34,18230344423476074952,16208682462515015929,"(58, 10)","(39, 21)","(38, 17)"
31,60,0.3,bot3,burned,30,18230344423476074952,16208682462515015929,"(58, 10)","(39, 21)","(38, 17)"
31,60,0.3,bot4,burned,27,18230344423476074952,16208682462515015929,"(58, 10)","(39, 21)","(38, 17)"
31,60,0.4,bot1,burned,28,18230344423476074952,16208682462515015929,"(58, 10)","(39, 21)","(38, 17)"
31,60,0.4,bot2,burned,41,18230344423476074952,16208682462515015929,"(58, 10)","(39, 21)","(38, 17)"
31,60,0.4,bot3,burned,41,18230344423476074952,16208682462515015929,"(58, 10)","(39, 21)","(38, 17)"
31,60,0.4,bot4,burned,41,18230344423476074952,16208682462515015929,"(58, 10)","(39, 21)","(38, 17)"
31,60,0.5,bot1,burned,22,18230344423476074952,16208682462515015929,"(58, 10)","(39, 21)","(38, 17)"
31,60,0.5,bot2,burned,37,18230344423476074952,16208682462515015929,"(58, 10)","(39, 21)","(38, 17)"
31,60,0.5,bot3,burned,37,18230344423476074952,16208682462515015929,"(58, 10)","(39, 21)","(38, 17)"
31,60,0.5,bot4,burned,37,18230344423476074952,16208682462515015929,"(58, 10)","(39, 21)","(38, 17)"
31,60,0.6,bot1,burned,23,18230344423476074952,16208682462515015929,"(58, 10)","(39, 21)","(38, 17)"
31,60,0.6,bot2,burned,38,18230344423476074952,16208682462515015929,"(58, 10)","(39, 21)","(38, 17)"
31,60,0.6,bot3,burned,38,18230344423476074952,16208682462515015929,"(58, 10)","(39, 21)","(38, 17)"
31,60,0.6,bot4,burned,38,18230344423476074952,16208682462515015929,"(58, 10)","(39, 21)","(38, 17)"
31,60,0.7,bot1,burned,21,18230344423476074952,16208682462515015929,"(58, 10)","(39, 21)","(38, 17)"
31,60,0.7,bot2,burned,38,18230344423476074952,16208682462515015929,"(58, 10)","(39, 21)","(38, 17)"
31,60,0.7,bot3,burned,38,18230344423476074952,16208682462515015929,"(58, 10)","(39, 21)","(38, 17)"
31,60,0.7,bot4,burned,38,18230344423476074952,16208682462515015929,"(58, 10)","(39, 21)","(38, 17)"
31,60,0.8,bot1,burned,17,18230344423476074952,16208682462515015929,"(58, 10)","(39, 21)","(38, 17)"
31,60,0.8,bot2,burned,27,18230344423476074952,16208682462515015929,"(58, 10)","(39, 21)","(38, 17)"
31,60,0.8,bot3,burned,27,18230344423476074952,16208682462515015929,"(58, 10)","(39, 21)","(38, 17)"
31,60,0.8,bot4,burned,27,18230344423476074952,16208682462515015929,"(58, 10)","(39, 21)","(38, 17)"
31,60,0.9,bot1,burned,18,18230344423476074952,16208682462515015929,"(58, 10)","(39, 21)","(38, 17)"
31,60,0.9,bot2,burned,27,18230344423476074952,16208682462515015929,"(58, 10)","(39, 21)","(38, 17)"
31,60,0.9,bot3,burned,27,18230344423476074952,16208682462515015929,"(58, 10)","(39, 21)","(38, 17)"
31,60,0.9,bot4,burned,27,18230344423476074952,16208682462515015929,"(58, 10)","(39, 21)","(38, 17)"
31,60,1.0,bot1,burned,17,18230344423476074952,16208682462515015929,"(58, 10)","(39, 21)","(38, 17)"
31,60,1.0,bot2,burned,26,18230344423476074952,16208682462515015929,"(58, 10)","(39, 21)","(38, 17)"
31,60,1.0,bot3,burned,26,18230344423476074952,16208682462515015929,"(58, 10)","(39, 21)","(38, 17)"
31,60,1.0,bot4,burned,26,18230344423476074952,16208682462515015929,"(58, 10)","(39, 21)","(38, 17)"
32,60,0.0,bot1,success,30,2756619035731700379,15249532552822886557,"(11, 54)","(26, 53)","(16, 8)"
32,60,0.0,bot2,success,30,2756619035731700379,15249532552822886557,"(11, 54)","(26, 53)","(16, 8)"
32,60,0.0,bot3,success,30,2756619035731700379,15249532552822886557,"(11, 54)","(26, 53)","(16, 8)"
32,60,0.0,bot4,success,30,2756619035731700379,15249532552822886557,"(11, 54)","(26, 53)","(16, 8)"
32,60,0.1,bot1,success,30,2756619035731700379,15249532552822886557,"(11, 54)","(26, 53)","(16, 8)"
32,60,0.1,bot2,success,30,2756619035731700379,15249532552822886557,"(11, 54)","(26, 53)","(16, 8)"
32,60,0.1,bot3,success,30,2756619035731700379,15249532552822886557,"(11, 54)","(26, 53)","(16, 8)"
32,60,0.1,bot4,success,30,2756619035731700379,15249532552822886557,"(11, 54)","(26, 53)","(16, 8)"
32,60,0.2,bot1,success,30,2756619035731700379,15249532552822886557,"(11, 54)","(26, 53)","(16, 8)"
32,60,0.2,bot2,success,30,2756619035731700379,15249532552822886557,"(11, 54)","(26, 53)","(16, 8)"
32,60,0.2,bot3,success,30,2756619035731700379,15249532552822886557,"(11, 54)","(26, 53)","(16, 8)"
32,60,0.2,bot4,success,30,2756619035731700379,15249532552822886557,"(11, 54)","(26, 53)","(16, 8)"
32,60,0.3,bot1,success,30,2756619035731700379,15249532552822886557,"(11, 54)","(26, 53)","(16, 8)"
32,60,0.3,bot2,success,30,2756619035731700379,15249532552822886557,"(11, 54)","(26, 53)","(16, 8)"
32,60,0.3,bot3,success,30,2756619035731700379,15249532552822886557,"(11, 54)","(26, 53)","(16, 8)"
32,60,0.3,bot4,success,30,2756619035731700379,15249532552822886557,"(11, 54)","(26, 53)","(16, 8)"
32,60,0.4,bot1,success,30,2756619035731700379,15249532552822886557,"(11, 54)","(26, 53)","(16, 8)"
32,60,0.4,bot2,success,30,2756619035731700379,15249532552822886557,"(11, 54)","(26, 53)","(16, 8)"
32,60,0.4,bot3,success,30,2756619035731700379,15249532552822886557,"(11, 54)","(26, 53)","(16, 8)"
32,60,0.4,bot4,success,30,2756619035731700379,15249532552822886557,"(11, 54)","(26, 53)","(16, 8)"
32,60,0.5,bot1,success,30,2756619035731700379,15249532552822886557,"(11, 54)","(26, 53)","(16, 8)"
32,60,0.5,bot2,success,30,2756619035731700379,15249532552822886557,"(11, 54)","(26, 53)","(16, 8)"
32,60,0.5,bot3,success,30,2756619035731700379,15249532552822886557,"(11, 54)","(26, 53)","(16, 8)"
32,60,0.5,bot4,success,30,2756619035731700379,15249532552822886557,"(11, 54)","(26, 53)","(16, 8)"
32,60,0.6,bot1,success,30,2756619035731700379,15249532552822886557,"(11, 54)","(26, 53)","(16, 8)"
32,60,0.6,bot2,success,30,2756619035731700379,15249532552822886557,"(11, 54)","(26, 53)","(16, 8)"
32,60,0.6,bot3,success,30,2756619035731700379,15249532552822886557,"(11, 54)","(26, 53)","(16, 8)"
32,60,0.6,bot4,success,30,2756619035731700379,15249532552822886557,"(11, 54)","(26, 53)","(16, 8)"
32,60,0.7,bot1,success,30,2756619035731700379,15249532552822886557,"(11, 54)","(26, 53)","(16, 8)"
32,60,0.7,bot2,success,30,2756619035731700379,15249532552822886557,"(11, 54)","(26, 53)","(16, 8)"
32,60,0.7,bot3,success,30,2756619035731700379,15249532552822886557,"(11, 54)","(26, 53)","(16, 8)"
32,60,0.7,bot4,success,30,2756619035731700379,15249532552822886557,"(11, 54)","(26, 53)","(16, 8)"
32,60,0.8,bot1,success,30,2756619035731700379,15249532552822886557,"(11, 54)","(26, 53)","(16, 8)"
32,60,0.8,bot2,success,30,2756619035731700379,15249532552822886557,"(11, 54)","(26, 53)","(16, 8)"
32,60,0.8,bot3,success,30,2756619035731700379,15249532552822886557,"(11, 54)","(26, 53)","(16, 8)"
32,60,0.8,bot4,success,30,2756619035731700379,15249532552822886557,"(11, 54)","(26, 53)","(16, 8)"
32,60,0.9,bot1,success,30,2756619035731700379,15249532552822886557,"(11, 54)","(26, 53)","(16, 8)"
32,60,0.9,bot2,success,30,2756619035731700379,15249532552822886557,"(11, 54)","(26, 53)","(16, 8)"
32,60,0.9,bot3,success,30,2756619035731700379,15249532552822886557,"(11, 54)","(26, 53)","(16, 8)"
32,60,0.9,bot4,success,30,2756619035731700379,15249532552822886557,"(11, 54)","(26, 53)","(16, 8)"
32,60,1.0,bot1,success,30,2756619035731700379,15249532552822886557,"(11, 54)","(26, 53)","(16, 8)"
32,60,1.0,bot2,success,30,2756619035731700379,15249532552822886557,"(11, 54)","(26, 53)","(16, 8)"
32,60,1.0,bot3,success,30,2756619035731700379,15249532552822886557,"(11, 54)","(26, 53)","(16, 8)"
32,60,1.0,bot4,success,30,2756619035731700379,15249532552822886557,"(11, 54)","(26, 53)","(16, 8)"
33,60,0.0,bot1,success,35,2676239236105746332,8456629936033421194,"(16, 21)","(19, 47)","(45, 43)"
33,60,0.0,bot2,success,35,2676239236105746332,8456629936033421194,"(16, 21)","(19, 47)","(45, 43)"
33,60,0.0,bot3,success,35,2676239236105746332,8456629936033421194,"(16, 21)","(19, 47)","(45, 43)"
33,60,0.0,bot4,success,35,2676239236105746332,8456629936033421194,"(16, 21)","(19, 47)","(45, 43)"
33,60,0.1,bot1,success,35,2676239236105746332,8456629936033421194,"(16, 21)","(19, 47)","(45, 43)"
33,60,0.1,bot2,success,35,2676239236105746332,8456629936033421194,"(16, 21)","(19, 47)","(45, 43)"
33,60,0.1,bot3,success,35,2676239236105746332,8456629936033421194,"(16, 21)","(19, 47)","(45, 43)"
33,60,0.1,bot4,success,35,2676239236105746332,8456629936033421194,"(16, 21)","(19, 47)","(45, 43)"
33,60,0.2,bot1,success,35,2676239236105746332,8456629936033421194,"(16, 21)","(19, 47)","(45, 43)"
33,60,0.2,bot2,success,35,2676239236105746332,8456629936033421194,"(16, 21)","(19, 47)","(45, 43)"
33,60,0.2,bot3,success,35,2676239236105746332,8456629936033421194,"(16, 21)","(19, 47)","(45, 43)"
33,60,0.2,bot4,success,35,2676239236105746332,8456629936033421194,"(16, 21)","(19, 47)","(45, 43)"
33,60,0.3,bot1,success,35,2676239236105746332,8456629936033421194,"(16, 21)","(19, 47)","(45, 43)"
33,60,0.3,bot2,success,35,2676239236105746332,8456629936033421194,"(16, 21)","(19, 47)","(45, 43)"
33,60,0.3,bot3,success,35,2676239236105746332,8456629936033421194,"(16, 21)","(19, 47)","(45, 43)"
33,60,0.3,bot4,success,35,2676239236105746332,8456629936033421194,"(16, 21)","(19, 47)","(45, 43)"
33,60,0.4,bot1,success,35,2676239236105746332,8456629936033421194,"(16, 21)","(19, 47)","(45, 43)"
33,60,0.4,bot2,success,35,2676239236105746332,8456629936033421194,"(16, 21)","(19, 47)","(45, 43)"
33,60,0.4,bot3,success,35,2676239236105746332,8456629936033421194,"(16, 21)","(19, 47)","(45, 43)"
33,60,0.4,bot4,success,35,2676239236105746332,8456629936033421194,"(16, 21)","(19, 47)","(45, 43)"
33,60,0.5,bot1,success,35,2676239236105746332,8456629936033421194,"(16, 21)","(19, 47)","(45, 43)"
33,60,0.5,bot2,success,35,2676239236105746332,8456629936033421194,"(16, 21)","(19, 47)","(45, 43)"
33,60,0.5,bot3,success,35,2676239236105746332,8456629936033421194,"(16, 21)","(19, 47)","(45, 43)"
33,60,0.5,bot4,success,35,2676239236105746332,8456629936033421194,"(16, 21)","(19, 47)","(45, 43)"
33,60,0.6,bot1,success,35,2676239236105746332,8456629936033421194,"(16, 21)","(19, 47)","(45, 43)"
33,60,0.6,bot2,success,35,2676239236105746332,8456629936033421194,"(16, 21)","(19, 47)","(45, 43)"
33,60,0.6,bot3,success,35,2676239236105746332,8456629936033421194,"(16, 21)","(19, 47)","(45, 43)"
33,60,0.6,bot4,success,35,2676239236105746332,8456629936033421194,"(16, 21)","(19, 47)","(45, 43)"
33,60,0.7,bot1,success,35,2676239236105746332,8456629936033421194,"(16, 21)","(19, 47)","(45, 43)"
33,60,0.7,bot2,success,35,2676239236105746332,8456629936033421194,"(16, 21)","(19, 47)","(45, 43)"
33,60,0.7,bot3,success,35,2676239236105746332,8456629936033421194,"(16, 21)","(19, 47)","(45, 43)"
33,60,0.7,bot4,success,35,2676239236105746332,8456629936033421194,"(16, 21)","(19, 47)","(45, 43)"
33,60,0.8,bot1,success,35,2676239236105746332,8456629936033421194,"(16, 21)","(19, 47)","(45, 43)"
33,60,0.8,bot2,success,35,2676239236105746332,8456629936033421194,"(16, 21)","(19, 47)","(45, 43)"
33,60,0.8,bot3,success,35,2676239236105746332,8456629936033421194,"(16, 21)","(19, 47)","(45, 43)"
33,60,0.8,bot4,success,35,2676239236105746332,8456629936033421194,"(16, 21)","(19, 47)","(45, 43)"
33,60,0.9,bot1,success,35,2676239236105746332,8456629936033421194,"(16, 21)","(19, 47)","(45, 43)"
33,60,0.9,bot2,success,35,2676239236105746332,8456629936033421194,"(16, 21)","(19, 47)","(45, 43)"
33,60,0.9,bot3,success,35,2676239236105746332,8456629936033421194,"(16, 21)","(19, 47)","(45, 43)"
33,60,0.9,bot4,success,35,2676239236105746332,8456629936033421194,"(16, 21)","(19, 47)","(45, 43)"
33,60,1.0,bot1,success,35,2676239236105746332,8456629936033421194,"(16, 21)","(19, 47)","(45, 43)"
33,60,1.0,bot2,success,35,2676239236105746332,8456629936033421194,"(16, 21)","(19, 47)","(45, 43)"
33,60,1.0,bot3,success,35,2676239236105746332,8456629936033421194,"(16, 21)","(19, 47)","(45, 43)"
33,60,1.0,bot4,success,35,2676239236105746332,8456629936033421194,"(16, 21)","(19, 47)","(45, 43)"
34,60,0.0,bot1,success,15,379652119997381757,8656510114746902430,"(54, 1)","(45, 7)","(23, 17)"
34,60,0.0,bot2,success,15,379652119997381757,8656510114746902430,"(54, 1)","(45, 7)","(23, 17)"
34,60,0.0,bot3,success,15,379652119997381757,8656510114746902430,"(54, 1)","(45, 7)","(23, 17)"
34,60,0.0,bot4,success,15,379652119997381757,8656510114746902430,"(54, 1)","(45, 7)","(23, 17)"
34,60,0.1,bot1,success,15,379652119997381757,8656510114746902430,"(54, 1)","(45, 7)","(23, 17)"
34,60,0.1,bot2,success,15,379652119997381757,8656510114746902430,"(54, 1)","(45, 7)","(23, 17)"
34,60,0.1,bot3,success,15,379652119997381757,8656510114746902430,"(54, 1)","(45, 7)","(23, 17)"
34,60,0.1,bot4,success,15,379652119997381757,8656510114746902430,"(54, 1)","(45, 7)","(23, 17)"
34,60,0.2,bot1,success,15,379652119997381757,8656510114746902430,"(54, 1)","(45, 7)","(23, 17)"
34,60,0.2,bot2,success,15,379652119997381757,8656510114746902430,"(54, 1)","(45, 7)","(23, 17)"
34,60,0.2,bot3,success,15,379652119997381757,8656510114746902430,"(54, 1)","(45, 7)","(23, 17)"
34,60,0.2,bot4,success,15,379652119997381757,8656510114746902430,"(54, 1)","(45, 7)","(23, 17)"
34,60,0.3,bot1,success,15,379652119997381757,8656510114746902430,"(54, 1)","(45, 7)","(23, 17)"
34,60,0.3,bot2,success,15,379652119997381757,8656510114746902430,"(54, 1)","(45, 7)","(23, 17)"
34,60,0.3,bot3,success,15,379652119997381757,8656510114746902430,"(54, 1)","(45, 7)","(23, 17)"
34,60,0.3,bot4,success,15,379652119997381757,8656510114746902430,"(54, 1)","(45, 7)","(23, 17)"
34,60,0.4,bot1,success,15,379652119997381757,8656510114746902430,"(54, 1)","(45, 7)","(23, 17)"
34,60,0.4,bot2,success,15,379652119997381757,8656510114746902430,"(54, 1)","(45, 7)","(23, 17)"
34,60,0.4,bot3,success,15,379652119997381757,8656510114746902430,"(54, 1)","(45, 7)","(23, 17)"
34,60,0.4,bot4,success,15,379652119997381757,8656510114746902430,"(54, 1)","(45, 7)","(23, 17)"
34,60,0.5,bot1,success,15,379652119997381757,8656510114746902430,"(54, 1)","(45, 7)","(23, 17)"
34,60,0.5,bot2,success,15,379652119997381757,8656510114746902430,"(54, 1)","(45, 7)","(23, 17)"
34,60,0.5,bot3,success,15,379652119997381757,8656510114746902430,"(54, 1)","(45, 7)","(23, 17)"
34,60,0.5,bot4,success,15,379652119997381757,8656510114746902430,"(54, 1)","(45, 7)","(23, 17)"
34,60,0.6,bot1,success,15,379652119997381757,8656510114746902430,"(54, 1)","(45, 7)","(23, 17)"
34,60,0.6,bot2,success,15,379652119997381757,8656510114746902430,"(54, 1)","(45, 7)","(23, 17)"
34,60,0.6,bot3,success,15,379652119997381757,8656510114746902430,"(54, 1)","(45, 7)","(23, 17)"
34,60,0.6,bot4,success,15,379652119997381757,8656510114746902430,"(54, 1)","(45, 7)","(23, 17)"
34,60,0.7,bot1,success,15,379652119997381757,8656510114746902430,"(54, 1)","(45, 7)","(23, 17)"
34,60,0.7,bot2,success,15,379652119997381757,8656510114746902430,"(54, 1)","(45, 7)","(23, 17)"
34,60,0.7,bot3,success,15,379652119997381757,8656510114746902430,"(54, 1)","(45, 7)","(23, 17)"
34,60,0.7,bot4,success,15,379652119997381757,8656510114746902430,"(54, 1)","(45, 7)","(23, 17)"
34,60,0.8,bot1,success,15,379652119997381757,8656510114746902430,"(54, 1)","(45, 7)","(23, 17)"
34,60,0.8,bot2,success,15,379652119997381757,8656510114746902430,"(54, 1)","(45, 7)","(23, 17)"
34,60,0.8,bot3,success,15,379652119997381757,8656510114746902430,"(54, 1)","(45, 7)","(23, 17)"
34,60,0.8,bot4,success,15,379652119997381757,8656510114746902430,"(54, 1)","(45, 7)","(23, 17)"
34,60,0.9,bot1,success,15,379652119997381757,8656510114746902430,"(54, 1)","(45, 7)","(23, 17)"
34,60,0.9,bot2,success,15,379652119997381757,8656510114746902430,"(54, 1)","(45, 7)","(23, 17)"
34,60,0.9,bot3,success,15,379652119997381757,8656510114746902430,"(54, 1)","(45, 7)","(23, 17)"
34,60,0.9,bot4,success,15,379652119997381757,8656510114746902430,"(54, 1)","(45, 7)","(23, 17)"
34,60,1.0,bot1,success,15,379652119997381757,8656510114746902430,"(54, 1)","(45, 7)","(23, 17)"
34,60,1.0,bot2,success,15,379652119997381757,8656510114746902430,"(54, 1)","(45, 7)","(23, 17)"
34,60,1.0,bot3,success,15,379652119997381757,8656510114746902430,"(54, 1)","(45, 7)","(23, 17)"
34,60,1.0,bot4,success,15,379652119997381757,8656510114746902430,"(54, 1)","(45, 7)","(23, 17)"
35,60,0.0,bot1,success,73,10888738656635377970,2888359135737243446,"(37, 12)","(30, 58)","(5, 52)"
35,60,0.0,bot2,success,73,10888738656635377970,2888359135737243446,"(37, 12)","(30, 58)","(5, 52)"
35,60,0.0,bot3,success,73,10888738656635377970,2888359135737243446,"(37, 12)","(30, 58)","(5, 52)"
35,60,0.0,bot4,success,73,10888738656635377970,2888359135737243446,"(37, 12)","(30, 58)","(5, 52)"
35,60,0.1,bot1,success,73,10888738656635377970,2888359135737243446,"(37, 12)","(30, 58)","(5, 52)"
35,60,0.1,bot2,success,73,10888738656635377970,2888359135737243446,"(37, 12)","(30, 58)","(5, 52)"
35,60,0.1,bot3,success,73,10888738656635377970,2888359135737243446,"(37, 12)","(30, 58)","(5, 52)"
35,60,0.1,bot4,success,73,10888738656635377970,2888359135737243446,"(37, 12)","(30, 58)","(5, 52)"
35,60,0.2,bot1,success,73,10888738656635377970,2888359135737243446,"(37, 12)","(30, 58)","(5, 52)"
35,60,0.2,bot2,success,73,10888738656635377970,2888359135737243446,"(37, 12)","(30, 58)","(5, 52)"
35,60,0.2,bot3,success,73,10888738656635377970,2888359135737243446,"(37, 12)","(30, 58)","(5, 52)"
35,60,0.2,bot4,success,73,10888738656635377970,2888359135737243446,"(37, 12)","(30, 58)","(5, 52)"
35,60,0.3,bot1,success,73,10888738656635377970,2888359135737243446,"(37, 12)","(30, 58)","(5, 52)"
35,60,0.3,bot2,success,73,10888738656635377970,2888359135737243446,"(37, 12)","(30, 58)","(5, 52)"
35,60,0.3,bot3,success,73,10888738656635377970,2888359135737243446,"(37, 12)","(30, 58)","(5, 52)"
35,60,0.3,bot4,success,73,10888738656635377970,2888359135737243446,"(37, 12)","(30, 58)","(5, 52)"
35,60,0.4,bot1,success,73,10888738656635377970,2888359135737243446,"(37, 12)","(30, 58)","(5, 52)"
35,60,0.4,bot2,success,73,10888738656635377970,2888359135737243446,"(37, 12)","(30, 58)","(5, 52)"
35,60,0.4,bot3,success,73,10888738656635377970,2888359135737243446,"(37, 12)","(30, 58)","(5, 52)"
35,60,0.4,bot4,success,73,10888738656635377970,2888359135737243446,"(37, 12)","(30, 58)","(5, 52)"
35,60,0.5,bot1,burned,59,10888738656635377970,2888359135737243446,"(37, 12)","(30, 58)","(5, 52)"
35,60,0.5,bot2,burned,61,10888738656635377970,2888359135737243446,"(37, 12)","(30, 58)","(5, 52)"
35,60,0.5,bot3,burned,61,10888738656635377970,2888359135737243446,"(37, 12)","(30, 58)","(5, 52)"
35,60,0.5,bot4,burned,62,10888738656635377970,2888359135737243446,"(37, 12)","(30, 58)","(5, 52)"
35,60,0.6,bot1,burned,50,10888738656635377970,2888359135737243446,"(37, 12)","(30, 58)","(5, 52)"
35,60,0.6,bot2,burned,60,10888738656635377970,2888359135737243446,"(37, 12)","(30, 58)","(5, 52)"
35,60,0.6,bot3,burned,60,10888738656635377970,2888359135737243446,"(37, 12)","(30, 58)","(5, 52)"
35,60,0.6,bot4,burned,60,10888738656635377970,2888359135737243446,"(37, 12)","(30, 58)","(5, 52)"
35,60,0.7,bot1,burned,48,10888738656635377970,2888359135737243446,"(37, 12)","(30, 58)","(5, 52)"
35,60,0.7,bot2,burned,64,10888738656635377970,2888359135737243446,"(37, 12)","(30, 58)","(5, 52)"
35,60,0.7,bot3,burned,64,10888738656635377970,2888359135737243446,"(37, 12)","(30, 58)","(5, 52)"
35,60,0.7,bot4,burned,64,10888738656635377970,2888359135737243446,"(37, 12)","(30, 58)","(5, 52)"
35,60,0.8,bot1,burned,42,10888738656635377970,2888359135737243446,"(37, 12)","(30, 58)","(5, 52)"
35,60,0.8,bot2,burned,55,10888738656635377970,2888359135737243446,"(37, 12)","(30, 58)","(5, 52)"
35,60,0.8,bot3,burned,55,10888738656635377970,2888359135737243446,"(37, 12)","(30, 58)","(5, 52)"
35,60,0.8,bot4,burned,55,10888738656635377970,2888359135737243446,"(37, 12)","(30, 58)","(5, 52)"
35,60,0.9,bot1,burned,40,10888738656635377970,2888359135737243446,"(37, 12)","(30, 58)","(5, 52)"
35,60,0.9,bot2,burned,50,10888738656635377970,2888359135737243446,"(37, 12)","(30, 58)","(5, 52)"
35,60,0.9,bot3,burned,50,10888738656635377970,2888359135737243446,"(37, 12)","(30, 58)","(5, 52)"
35,60,0.9,bot4,burned,50,10888738656635377970,2888359135737243446,"(37, 12)","(30, 58)","(5, 52)"
35,60,1.0,bot1,burned,39,10888738656635377970,2888359135737243446,"(37, 12)","(30, 58)","(5, 52)"
35,60,1.0,bot2,burned,48,10888738656635377970,2888359135737243446,"(37, 12)","(30, 58)","(5, 52)"
35,60,1.0,bot3,burned,48,10888738656635377970,2888359135737243446,"(37, 12)","(30, 58)","(5, 52)"
35,60,1.0,bot4,burned,48,10888738656635377970,2888359135737243446,"(37, 12)","(30, 58)","(5, 52)"
36,60,0.0,bot1,success,71,10015184984916241110,11041188509476370513,"(55, 29)","(12, 25)","(35, 54)"
36,60,0.0,bot2,success,71,10015184984916241110,11041188509476370513,"(55, 29)","(12, 25)","(35, 54)"
36,60,0.0,bot3,success,71,10015184984916241110,11041188509476370513,"(55, 29)","(12, 25)","(35, 54)"
36,60,0.0,bot4,success,71,10015184984916241110,11041188509476370513,"(55, 29)","(12, 25)","(35, 54)"
36,60,0.1,bot1,success,71,10015184984916241110,11041188509476370513,"(55, 29)","(12, 25)","(35, 54)"
36,60,0.1,bot2,success,71,10015184984916241110,11041188509476370513,"(55, 29)","(12, 25)","(35, 54)"
36,60,0.1,bot3,success,71,10015184984916241110,11041188509476370513,"(55, 29)","(12, 25)","(35, 54)"
36,60,0.1,bot4,success,71,10015184984916241110,11041188509476370513,"(55, 29)","(12, 25)","(35, 54)"
36,60,0.2,bot1,success,71,10015184984916241110,11041188509476370513,"(55, 29)","(12, 25)","(35, 54)"
36,60,0.2,bot2,success,71,10015184984916241110,11041188509476370513,"(55, 29)","(12, 25)","(35, 54)"
36,60,0.2,bot3,success,71,10015184984916241110,11041188509476370513,"(55, 29)","(12, 25)","(35, 54)"
36,60,0.2,bot4,success,71,10015184984916241110,11041188509476370513,"(55, 29)","(12, 25)","(35, 54)"
36,60,0.3,bot1,success,71,10015184984916241110,11041188509476370513,"(55, 29)","(12, 25)","(35, 54)"
36,60,0.3,bot2,success,71,10015184984916241110,11041188509476370513,"(55, 29)","(12, 25)","(35, 54)"
36,60,0.3,bot3,success,71,10015184984916241110,11041188509476370513,"(55, 29)","(12, 25)","(35, 54)"
36,60,0.3,bot4,success,71,10015184984916241110,11041188509476370513,"(55, 29)","(12, 25)","(35, 54)"
36,60,0.4,bot1,success,71,10015184984916241110,11041188509476370513,"(55, 29)","(12, 25)","(35, 54)"
36,60,0.4,bot2,success,71,10015184984916241110,11041188509476370513,"(55, 29)","(12, 25)","(35, 54)"
36,60,0.4,bot3,success,71,10015184984916241110,11041188509476370513,"(55, 29)","(12, 25)","(35, 54)"
36,60,0.4,bot4,success,71,10015184984916241110,11041188509476370513,"(55, 29)","(12, 25)","(35, 54)"
36,60,0.5,bot1,success,71,10015184984916241110,11041188509476370513,"(55, 29)","(12, 25)","(35, 54)"
36,60,0.5,bot2,success,71,10015184984916241110,11041188509476370513,"(55, 29)","(12, 25)","(35, 54)"
36,60,0.5,bot3,success,71,10015184984916241110,11041188509476370513,"(55, 29)","(12, 25)","(35, 54)"
36,60,0.5,bot4,success,71,10015184984916241110,11041188509476370513,"(55, 29)","(12, 25)","(35, 54)"
36,60,0.6,bot1,success,71,10015184984916241110,11041188509476370513,"(55, 29)","(12, 25)","(35, 54)"
36,60,0.6,bot2,success,71,10015184984916241110,11041188509476370513,"(55, 29)","(12, 25)","(35, 54)"
36,60,0.6,bot3,success,71,10015184984916241110,11041188509476370513,"(55, 29)","(12, 25)","(35, 54)"
36,60,0.6,bot4,success,71,10015184984916241110,11041188509476370513,"(55, 29)","(12, 25)","(35, 54)"
36,60,0.7,bot1,success,71,10015184984916241110,11041188509476370513,"(55, 29)","(12, 25)","(35, 54)"
36,60,0.7,bot2,success,71,10015184984916241110,11041188509476370513,"(55, 29)","(12, 25)","(35, 54)"
36,60,0.7,bot3,success,71,10015184984916241110,11041188509476370513,"(55, 29)","(12, 25)","(35, 54)"
36,60,0.7,bot4,success,71,10015184984916241110,11041188509476370513,"(55, 29)","(12, 25)","(35, 54)"
36,60,0.8,bot1,burned,65,10015184984916241110,11041188509476370513,"(55, 29)","(12, 25)","(35, 54)"
36,60,0.8,bot2,burned,65,10015184984916241110,11041188509476370513,"(55, 29)","(12, 25)","(35, 54)"
36,60,0.8,bot3,burned,65,10015184984916241110,11041188509476370513,"(55, 29)","(12, 25)","(35, 54)"
36,60,0.8,bot4,burned,65,10015184984916241110,11041188509476370513,"(55, 29)","(12, 25)","(35, 54)"
36,60,0.9,bot1,burned,64,10015184984916241110,11041188509476370513,"(55, 29)","(12, 25)","(35, 54)"
36,60,0.9,bot2,burned,63,10015184984916241110,11041188509476370513,"(55, 29)","(12, 25)","(35, 54)"
36,60,0.9,bot3,burned,63,10015184984916241110,11041188509476370513,"(55, 29)","(12, 25)","(35, 54)"
36,60,0.9,bot4,burned,63,10015184984916241110,11041188509476370513,"(55, 29)","(12, 25)","(35, 54)"
36,60,1.0,bot1,burned,57,10015184984916241110,11041188509476370513,"(55, 29)","(12, 25)","(35, 54)"
36,60,1.0,bot2,burned,57,10015184984916241110,11041188509476370513,"(55, 29)","(12, 25)","(35, 54)"
36,60,1.0,bot3,burned,59,10015184984916241110,11041188509476370513,"(55, 29)","(12, 25)","(35, 54)"
36,60,1.0,bot4,burned,57,10015184984916241110,11041188509476370513,"(55, 29)","(12, 25)","(35, 54)"
37,60,0.0,bot1,success,65,11915214359129014463,17949975279325455464,"(43, 39)","(0, 47)","(58, 41)"
37,60,0.0,bot2,success,65,11915214359129014463,17949975279325455464,"(43, 39)","(0, 47)","(58, 41)"
37,60,0.0,bot3,success,65,11915214359129014463,17949975279325455464,"(43, 39)","(0, 47)","(58, 41)"
37,60,0.0,bot4,success,65,11915214359129014463,17949975279325455464,"(43, 39)","(0, 47)","(58, 41)"
37,60,0.1,bot1,success,65,11915214359129014463,17949975279325455464,"(43, 39)","(0, 47)","(58, 41)"
37,60,0.1,bot2,success,65,11915214359129014463,17949975279325455464,"(43, 39)","(0, 47)","(58, 41)"
37,60,0.1,bot3,success,65,11915214359129014463,17949975279325455464,"(43, 39)","(0, 47)","(58, 41)"
37,60,0.1,bot4,success,65,11915214359129014463,17949975279325455464,"(43, 39)","(0, 47)","(58, 41)"
37,60,0.2,bot1,success,65,11915214359129014463,17949975279325455464,"(43, 39)","(0, 47)","(58, 41)"
37,60,0.2,bot2,success,65,11915214359129014463,17949975279325455464,"(43, 39)","(0, 47)","(58, 41)"
37,60,0.2,bot3,success,65,11915214359129014463,17949975279325455464,"(43, 39)","(0, 47)","(58, 41)"
37,60,0.2,bot4,success,65,11915214359129014463,17949975279325455464,"(43, 39)","(0, 47)","(58, 41)"
37,60,0.3,bot1,success,65,11915214359129014463,17949975279325455464,"(43, 39)","(0, 47)","(58, 41)"
37,60,0.3,bot2,success,65,11915214359129014463,17949975279325455464,"(43, 39)","(0, 47)","(58, 41)"
37,60,0.3,bot3,success,65,11915214359129014463,17949975279325455464,"(43, 39)","(0, 47)","(58, 41)"
37,60,0.3,bot4,success,65,11915214359129014463,17949975279325455464,"(43, 39)","(0, 47)","(58, 41)"
37,60,0.4,bot1,success,65,11915214359129014463,17949975279325455464,"(43, 39)","(0, 47)","(58, 41)"
37,60,0.4,bot2,success,65,11915214359129014463,17949975279325455464,"(43, 39)","(0, 47)","(58, 41)"
37,60,0.4,bot3,success,65,11915214359129014463,17949975279325455464,"(43, 39)","(0, 47)","(58, 41)"
37,60,0.4,bot4,success,65,11915214359129014463,17949975279325455464,"(43, 39)","(0, 47)","(58, 41)"
37,60,0.5,bot1,success,65,11915214359129014463,17949975279325455464,"(43, 39)","(0, 47)","(58, 41)"
37,60,0.5,bot2,success,65,11915214359129014463,17949975279325455464,"(43, 39)","(0, 47)","(58, 41)"
37,60,0.5,bot3,success,65,11915214359129014463,17949975279325455464,"(43, 39)","(0, 47)","(58, 41)"
37,60,0.5,bot4,success,65,11915214359129014463,17949975279325455464,"(43, 39)","(0, 47)","(58, 41)"
37,60,0.6,bot1,success,65,11915214359129014463,17949975279325455464,"(43, 39)","(0, 47)","(58, 41)"
37,60,0.6,bot2,success,65,11915214359129014463,17949975279325455464,"(43, 39)","(0, 47)","(58, 41)"
37,60,0.6,bot3,success,65,11915214359129014463,17949975279325455464,"(43, 39)","(0, 47)","(58, 41)"
37,60,0.6,bot4,success,65,11915214359129014463,17949975279325455464,"(43, 39)","(0, 47)","(58, 41)"
37,60,0.7,bot1,success,65,11915214359129014463,17949975279325455464,"(43, 39)","(0, 47)","(58, 41)"
37,60,0.7,bot2,success,65,11915214359129014463,17949975279325455464,"(43, 39)","(0, 47)","(58, 41)"
37,60,0.7,bot3,success,65,11915214359129014463,17949975279325455464,"(43, 39)","(0, 47)","(58, 41)"
37,60,0.7,bot4,success,65,11915214359129014463,17949975279325455464,"(43, 39)","(0, 47)","(58, 41)"
37,60,0.8,bot1,success,65,11915214359129014463,17949975279325455464,"(43, 39)","(0, 47)","(58, 41)"
37,60,0.8,bot2,success,65,11915214359129014463,17949975279325455464,"(43, 39)","(0, 47)","(58, 41)"
37,60,0.8,bot3,success,65,11915214359129014463,17949975279325455464,"(43, 39)","(0, 47)","(58, 41)"
37,60,0.8,bot4,success,65,11915214359129014463,17949975279325455464,"(43, 39)","(0, 47)","(58, 41)"
37,60,0.9,bot1,success,65,11915214359129014463,17949975279325455464,"(43, 39)","(0, 47)","(58, 41)"
37,60,0.9,bot2,success,65,11915214359129014463,17949975279325455464,"(43, 39)","(0, 47)","(58, 41)"
37,60,0.9,bot3,success,65,11915214359129014463,17949975279325455464,"(43, 39)","(0, 47)","(58, 41)"
37,60,0.9,bot4,success,65,11915214359129014463,17949975279325455464,"(43, 39)","(0, 47)","(58, 41)"
37,60,1.0,bot1,success,65,11915214359129014463,17949975279325455464,"(43, 39)","(0, 47)","(58, 41)"
37,60,1.0,bot2,success,65,11915214359129014463,17949975279325455464,"(43, 39)","(0, 47)","(58, 41)"
37,60,1.0,bot3,success,65,11915214359129014463,17949975279325455464,"(43, 39)","(0, 47)","(58, 41)"
37,60,1.0,bot4,success,65,11915214359129014463,17949975279325455464,"(43, 39)","(0, 47)","(58, 41)"
38,60,0.0,bot1,success,25,10006048427205095891,12780702244011380337,"(44, 40)","(50, 49)","(19, 21)"
38,60,0.0,bot2,success,25,10006048427205095891,12780702244011380337,"(44, 40)","(50, 49)","(19, 21)"
38,60,0.0,bot3,success,25,10006048427205095891,12780702244011380337,"(44, 40)","(50, 49)","(19, 21)"
38,60,0.0,bot4,success,25,10006048427205095891,12780702244011380337,"(44, 40)","(50, 49)","(19, 21)"
38,60,0.1,bot1,success,25,10006048427205095891,12780702244011380337,"(44, 40)","(50, 49)","(19, 21)"
38,60,0.1,bot2,success,25,10006048427205095891,12780702244011380337,"(44, 40)","(50, 49)","(19, 21)"
38,60,0.1,bot3,success,25,10006048427205095891,12780702244011380337,"(44, 40)","(50, 49)","(19, 21)"
38,60,0.1,bot4,success,25,10006048427205095891,12780702244011380337,"(44, 40)","(50, 49)","(19, 21)"
38,60,0.2,bot1,success,25,10006048427205095891,12780702244011380337,"(44, 40)","(50, 49)","(19, 21)"
38,60,0.2,bot2,success,25,10006048427205095891,12780702244011380337,"(44, 40)","(50, 49)","(19, 21)"
38,60,0.2,bot3,success,25,10006048427205095891,12780702244011380337,"(44, 40)","(50, 49)","(19, 21)"
38,60,0.2,bot4,success,25,10006048427205095891,12780702244011380337,"(44, 40)","(50, 49)","(19, 21)"
38,60,0.3,bot1,success,25,10006048427205095891,12780702244011380337,"(44, 40)","(50, 49)","(19, 21)"
38,60,0.3,bot2,success,25,10006048427205095891,12780702244011380337,"(44, 40)","(50, 49)","(19, 21)"
38,60,0.3,bot3,success,25,10006048427205095891,12780702244011380337,"(44, 40)","(50, 49)","(19, 21)"
38,60,0.3,bot4,success,25,10006048427205095891,12780702244011380337,"(44, 40)","(50, 49)","(19, 21)"
38,60,0.4,bot1,success,25,10006048427205095891,12780702244011380337,"(44, 40)","(50, 49)","(19, 21)"
38,60,0.4,bot2,success,25,10006048427205095891,12780702244011380337,"(44, 40)","(50, 49)","(19, 21)"
38,60,0.4,bot3,success,25,10006048427205095891,12780702244011380337,"(44, 40)","(50, 49)","(19, 21)"
38,60,0.4,bot4,success,25,10006048427205095891,12780702244011380337,"(44, 40)","(50, 49)","(19, 21)"
38,60,0.5,bot1,success,25,10006048427205095891,12780702244011380337,"(44, 40)","(50, 49)","(19, 21)"
38,60,0.5,bot2,success,25,10006048427205095891,12780702244011380337,"(44, 40)","(50, 49)","(19, 21)"
38,60,0.5,bot3,success,25,10006048427205095891,12780702244011380337,"(44, 40)","(50, 49)","(19, 21)"
38,60,0.5,bot4,success,25,10006048427205095891,12780702244011380337,"(44, 40)","(50, 49)","(19, 21)"
38,60,0.6,bot1,success,25,10006048427205095891,12780702244011380337,"(44, 40)","(50, 49)","(19, 21)"
38,60,0.6,bot2,success,25,10006048427205095891,12780702244011380337,"(44, 40)","(50, 49)","(19, 21)"
38,60,0.6,bot3,success,25,10006048427205095891,12780702244011380337,"(44, 40)","(50, 49)","(19, 21)"
38,60,0.6,bot4,success,25,10006048427205095891,12780702244011380337,"(44, 40)","(50, 49)","(19, 21)"
38,60,0.7,bot1,success,25,10006048427205095891,12780702244011380337,"(44, 40)","(50, 49)","(19, 21)"
38,60,0.7,bot2,success,25,10006048427205095891,12780702244011380337,"(44, 40)","(50, 49)","(19, 21)"
38,60,0.7,bot3,success,25,10006048427205095891,12780702244011380337,"(44, 40)","(50, 49)","(19, 21)"
38,60,0.7,bot4,success,25,10006048427205095891,12780702244011380337,"(44, 40)","(50, 49)","(19, 21)"
38,60,0.8,bot1,success,25,10006048427205095891,12780702244011380337,"(44, 40)","(50, 49)","(19, 21)"
38,60,0.8,bot2,success,25,10006048427205095891,12780702244011380337,"(44, 40)","(50, 49)","(19, 21)"
38,60,0.8,bot3,success,25,10006048427205095891,12780702244011380337,"(44, 40)","(50, 49)","(19, 21)"
38,60,0.8,bot4,success,25,10006048427205095891,12780702244011380337,"(44, 40)","(50, 49)","(19, 21)"
38,60,0.9,bot1,success,25,10006048427205095891,12780702244011380337,"(44, 40)","(50, 49)","(19, 21)"
38,60,0.9,bot2,success,25,10006048427205095891,12780702244011380337,"(44, 40)","(50, 49)","(19, 21)"
38,60,0.9,bot3,success,25,10006048427205095891,12780702244011380337,"(44, 40)","(50, 49)","(19, 21)"
38,60,0.9,bot4,success,25,10006048427205095891,12780702244011380337,"(44, 40)","(50, 49)","(19, 21)"
38,60,1.0,bot1,success,25,10006048427205095891,12780702244011380337,"(44, 40)","(50, 49)","(19, 21)"
38,60,1.0,bot2,success,25,10006048427205095891,12780702244011380337,"(44, 40)","(50, 49)","(19, 21)"
38,60,1.0,bot3,success,25,10006048427205095891,12780702244011380337,"(44, 40)","(50, 49)","(19, 21)"
38,60,1.0,bot4,success,25,10006048427205095891,12780702244011380337,"(44, 40)","(50, 49)","(19, 21)"
39,60,0.0,bot1,success,21,8495768304895612128,1426490376661498272,"(15, 18)","(11, 3)","(7, 9)"
39,60,0.0,bot2,success,21,8495768304895612128,1426490376661498272,"(15, 18)","(11, 3)","(7, 9)"
39,60,0.0,bot3,success,21,8495768304895612128,1426490376661498272,"(15, 18)","(11, 3)","(7, 9)"
39,60,0.0,bot4,success,21,8495768304895612128,1426490376661498272,"(15, 18)","(11, 3)","(7, 9)"
39,60,0.1,bot1,success,21,8495768304895612128,1426490376661498272,"(15, 18)","(11, 3)","(7, 9)"
39,60,0.1,bot2,success,21,8495768304895612128,1426490376661498272,"(15, 18)","(11, 3)","(7, 9)"
39,60,0.1,bot3,success,21,8495768304895612128,1426490376661498272,"(15, 18)","(11, 3)","(7, 9)"
39,60,0.1,bot4,success,21,8495768304895612128,1426490376661498272,"(15, 18)","(11, 3)","(7, 9)"
39,60,0.2,bot1,success,21,8495768304895612128,1426490376661498272,"(15, 18)","(11, 3)","(7, 9)"
39,60,0.2,bot2,success,21,8495768304895612128,1426490376661498272,"(15, 18)","(11, 3)","(7, 9)"
39,60,0.2,bot3,success,21,8495768304895612128,1426490376661498272,"(15, 18)","(11, 3)","(7, 9)"
39,60,0.2,bot4,success,21,8495768304895612128,1426490376661498272,"(15, 18)","(11, 3)","(7, 9)"
39,60,0.3,bot1,success,21,8495768304895612128,1426490376661498272,"(15, 18)","(11, 3)","(7, 9)"
39,60,0.3,bot2,success,21,8495768304895612128,1426490376661498272,"(15, 18)","(11, 3)","(7, 9)"
39,60,0.3,bot3,success,21,8495768304895612128,1426490376661498272,"(15, 18)","(11, 3)","(7, 9)"
39,60,0.3,bot4,success,21,8495768304895612128,1426490376661498272,"(15, 18)","(11, 3)","(7, 9)"
39,60,0.4,bot1,success,21,8495768304895612128,1426490376661498272,"(15, 18)","(11, 3)","(7, 9)"
39,60,0.4,bot2,success,21,8495768304895612128,1426490376661498272,"(15, 18)","(11, 3)","(7, 9)"
39,60,0.4,bot3,success,21,8495768304895612128,1426490376661498272,"(15, 18)","(11, 3)","(7, 9)"
39,60,0.4,bot4,success,21,8495768304895612128,1426490376661498272,"(15, 18)","(11, 3)","(7, 9)"
39,60,0.5,bot1,success,21,8495768304895612128,1426490376661498272,"(15, 18)","(11, 3)","(7, 9)"
39,60,0.5,bot2,success,21,8495768304895612128,1426490376661498272,"(15, 18)","(11, 3)","(7, 9)"
39,60,0.5,bot3,success,21,8495768304895612128,1426490376661498272,"(15, 18)","(11, 3)","(7, 9)"
39,60,0.5,bot4,success,21,8495768304895612128,1426490376661498272,"(15, 18)","(11, 3)","(7, 9)"
39,60,0.6,bot1,burned,12,8495768304895612128,1426490376661498272,"(15, 18)","(11, 3)","(7, 9)"
39,60,0.6,bot2,burned,24,8495768304895612128,1426490376661498272,"(15, 18)","(11, 3)","(7, 9)"
39,60,0.6,bot3,burned,32,8495768304895612128,1426490376661498272,"(15, 18)","(11, 3)","(7, 9)"
39,60,0.6,bot4,burned,24,8495768304895612128,1426490376661498272,"(15, 18)","(11, 3)","(7, 9)"
39,60,0.7,bot1,burned,14,8495768304895612128,1426490376661498272,"(15, 18)","(11, 3)","(7, 9)"
39,60,0.7,bot2,burned,17,8495768304895612128,1426490376661498272,"(15, 18)","(11, 3)","(7, 9)"
39,60,0.7,bot3,burned,19,8495768304895612128,1426490376661498272,"(15, 18)","(11, 3)","(7, 9)"
39,60,0.7,bot4,burned,22,8495768304895612128,1426490376661498272,"(15, 18)","(11, 3)","(7, 9)"
39,60,0.8,bot1,burned,12,8495768304895612128,1426490376661498272,"(15, 18)","(11, 3)","(7, 9)"
39,60,0.8,bot2,burned,19,8495768304895612128,1426490376661498272,"(15, 18)","(11, 3)","(7, 9)"
39,60,0.8,bot3,burned,19,8495768304895612128,1426490376661498272,"(15, 18)","(11, 3)","(7, 9)"
39,60,0.8,bot4,burned,19,8495768304895612128,1426490376661498272,"(15, 18)","(11, 3)","(7, 9)"
39,60,0.9,bot1,burned,11,8495768304895612128,1426490376661498272,"(15, 18)","(11, 3)","(7, 9)"
39,60,0.9,bot2,burned,15,8495768304895612128,1426490376661498272,"(15, 18)","(11, 3)","(7, 9)"
39,60,0.9,bot3,burned,15,8495768304895612128,1426490376661498272,"(15, 18)","(11, 3)","(7, 9)"
39,60,0.9,bot4,burned,15,8495768304895612128,1426490376661498272,"(15, 18)","(11, 3)","(7, 9)"
39,60,1.0,bot1,burned,11,8495768304895612128,1426490376661498272,"(15, 18)","(11, 3)","(7, 9)"
39,60,1.0,bot2,burned,15,8495768304895612128,1426490376661498272,"(15, 18)","(11, 3)","(7, 9)"
39,60,1.0,bot3,burned,15,8495768304895612128,1426490376661498272,"(15, 18)","(11, 3)","(7, 9)"
39,60,1.0,bot4,burned,15,8495768304895612128,1426490376661498272,"(15, 18)","(11, 3)","(7, 9)"
40,60,0.0,bot1,success,73,17182135965035193038,16430142451922314185,"(0, 21)","(54, 34)","(9, 39)"
40,60,0.0,bot2,success,73,17182135965035193038,16430142451922314185,"(0, 21)","(54, 34)","(9, 39)"
40,60,0.0,bot3,success,73,17182135965035193038,16430142451922314185,"(0, 21)","(54, 34)","(9, 39)"
40,60,0.0,bot4,success,73,17182135965035193038,16430142451922314185,"(0, 21)","(54, 34)","(9, 39)"
40,60,0.1,bot1,success,73,17182135965035193038,16430142451922314185,"(0, 21)","(54, 34)","(9, 39)"
40,60,0.1,bot2,success,73,17182135965035193038,16430142451922314185,"(0, 21)","(54, 34)","(9, 39)"
40,60,0.1,bot3,success,73,17182135965035193038,16430142451922314185,"(0, 21)","(54, 34)","(9, 39)"
40,60,0.1,bot4,success,73,17182135965035193038,16430142451922314185,"(0, 21)","(54, 34)","(9, 39)"
40,60,0.2,bot1,success,73,17182135965035193038,16430142451922314185,"(0, 21)","(54, 34)","(9, 39)"
40,60,0.2,bot2,success,73,17182135965035193038,16430142451922314185,"(0, 21)","(54, 34)","(9, 39)"
40,60,0.2,bot3,success,73,17182135965035193038,16430142451922314185,"(0, 21)","(54, 34)","(9, 39)"
40,60,0.2,bot4,success,73,17182135965035193038,16430142451922314185,"(0, 21)","(54, 34)","(9, 39)"
40,60,0.3,bot1,success,73,17182135965035193038,16430142451922314185,"(0, 21)","(54, 34)","(9, 39)"
40,60,0.3,bot2,success,73,17182135965035193038,16430142451922314185,"(0, 21)","(54, 34)","(9, 39)"
40,60,0.3,bot3,success,73,17182135965035193038,16430142451922314185,"(0, 21)","(54, 34)","(9, 39)"
40,60,0.3,bot4,success,73,17182135965035193038,16430142451922314185,"(0, 21)","(54, 34)","(9, 39)"
40,60,0.4,bot1,success,73,17182135965035193038,16430142451922314185,"(0, 21)","(54, 34)","(9, 39)"
40,60,0.4,bot2,success,73,17182135965035193038,16430142451922314185,"(0, 21)","(54, 34)","(9, 39)"
40,60,0.4,bot3,success,73,17182135965035193038,16430142451922314185,"(0, 21)","(54, 34)","(9, 39)"
40,60,0.4,bot4,success,73,17182135965035193038,16430142451922314185,"(0, 21)","(54, 34)","(9, 39)"
40,60,0.5,bot1,success,73,17182135965035193038,16430142451922314185,"(0, 21)","(54, 34)","(9, 39)"
40,60,0.5,bot2,success,73,17182135965035193038,16430142451922314185,"(0, 21)","(54, 34)","(9, 39)"
40,60,0.5,bot3,success,73,17182135965035193038,16430142451922314185,"(0, 21)","(54, 34)","(9, 39)"
40,60,0.5,bot4,success,73,17182135965035193038,16430142451922314185,"(0, 21)","(54, 34)","(9, 39)"
40,60,0.6,bot1,success,73,17182135965035193038,16430142451922314185,"(0, 21)","(54, 34)","(9, 39)"
40,60,0.6,bot2,success,73,17182135965035193038,16430142451922314185,"(0, 21)","(54, 34)","(9, 39)"
40,60,0.6,bot3,success,73,17182135965035193038,16430142451922314185,"(0, 21)","(54, 34)","(9, 39)"
40,60,0.6,bot4,success,73,17182135965035193038,16430142451922314185,"(0, 21)","(54, 34)","(9, 39)"
40,60,0.7,bot1,success,73,17182135965035193038,16430142451922314185,"(0, 21)","(54, 34)","(9, 39)"
40,60,0.7,bot2,success,73,17182135965035193038,16430142451922314185,"(0, 21)","(54, 34)","(9, 39)"
40,60,0.7,bot3,success,73,17182135965035193038,16430142451922314185,"(0, 21)","(54, 34)","(9, 39)"
40,60,0.7,bot4,success,73,17182135965035193038,16430142451922314185,"(0, 21)","(54, 34)","(9, 39)"
40,60,0.8,bot1,success,73,17182135965035193038,16430142451922314185,"(0, 21)","(54, 34)","(9, 39)"
40,60,0.8,bot2,success,73,17182135965035193038,16430142451922314185,"(0, 21)","(54, 34)","(9, 39)"
40,60,0.8,bot3,success,73,17182135965035193038,16430142451922314185,"(0, 21)","(54, 34)","(9, 39)"
40,60,0.8,bot4,success,73,17182135965035193038,16430142451922314185,"(0, 21)","(54, 34)","(9, 39)"
40,60,0.9,bot1,burned,43,17182135965035193038,16430142451922314185,"(0, 21)","(54, 34)","(9, 39)"
40,60,0.9,bot2,burned,43,17182135965035193038,16430142451922314185,"(0, 21)","(54, 34)","(9, 39)"
40,60,0.9,bot3,burned,43,17182135965035193038,16430142451922314185,"(0, 21)","(54, 34)","(9, 39)"
40,60,0.9,bot4,burned,43,17182135965035193038,16430142451922314185,"(0, 21)","(54, 34)","(9, 39)"
40,60,1.0,bot1,burned,43,17182135965035193038,16430142451922314185,"(0, 21)","(54, 34)","(9, 39)"
40,60,1.0,bot2,burned,43,17182135965035193038,16430142451922314185,"(0, 21)","(54, 34)","(9, 39)"
40,60,1.0,bot3,burned,43,17182135965035193038,16430142451922314185,"(0, 21)","(54, 34)","(9, 39)"
40,60,1.0,bot4,burned,43,17182135965035193038,16430142451922314185,"(0, 21)","(54, 34)","(9, 39)"
41,60,0.0,bot1,success,91,11008110553917832899,6137922004887599233,"(14, 2)","(41, 50)","(10, 20)"
41,60,0.0,bot2,success,91,11008110553917832899,6137922004887599233,"(14, 2)","(41, 50)","(10, 20)"
41,60,0.0,bot3,success,91,11008110553917832899,6137922004887599233,"(14, 2)","(41, 50)","(10, 20)"
41,60,0.0,bot4,success,91,11008110553917832899,6137922004887599233,"(14, 2)","(41, 50)","(10, 20)"
41,60,0.1,bot1,success,91,11008110553917832899,6137922004887599233,"(14, 2)","(41, 50)","(10, 20)"
41,60,0.1,bot2,success,91,11008110553917832899,6137922004887599233,"(14, 2)","(41, 50)","(10, 20)"
41,60,0.1,bot3,success,91,11008110553917832899,6137922004887599233,"(14, 2)","(41, 50)","(10, 20)"
41,60,0.1,bot4,success,91,11008110553917832899,6137922004887599233,"(14, 2)","(41, 50)","(10, 20)"
41,60,0.2,bot1,success,91,11008110553917832899,6137922004887599233,"(14, 2)","(41, 50)","(10, 20)"
41,60,0.2,bot2,success,91,11008110553917832899,6137922004887599233,"(14, 2)","(41, 50)","(10, 20)"
41,60,0.2,bot3,success,91,11008110553917832899,6137922004887599233,"(14, 2)","(41, 50)","(10, 20)"
41,60,0.2,bot4,success,91,11008110553917832899,6137922004887599233,"(14, 2)","(41, 50)","(10, 20)"
41,60,0.3,bot1,success,91,11008110553917832899,6137922004887599233,"(14, 2)","(41, 50)","(10, 20)"
41,60,0.3,bot2,success,91,11008110553917832899,6137922004887599233,"(14, 2)","(41, 50)","(10, 20)"
41,60,0.3,bot3,success,91,11008110553917832899,6137922004887599233,"(14, 2)","(41, 50)","(10, 20)"
41,60,0.3,bot4,success,95,11008110553917832899,6137922004887599233,"(14, 2)","(41, 50)","(10, 20)"
41,60,0.4,bot1,burned,42,11008110553917832899,6137922004887599233,"(14, 2)","(41, 50)","(10, 20)"
41,60,0.4,bot2,success,99,11008110553917832899,6137922004887599233,"(14, 2)","(41, 50)","(10, 20)"
41,60,0.4,bot3,success,99,11008110553917832899,6137922004887599233,"(14, 2)","(41, 50)","(10, 20)"
41,60,0.4,bot4,success,95,11008110553917832899,6137922004887599233,"(14, 2)","(41, 50)","(10, 20)"
41,60,0.5,bot1,burned,29,11008110553917832899,6137922004887599233,"(14, 2)","(41, 50)","(10, 20)"
41,60,0.5,bot2,burned,29,11008110553917832899,6137922004887599233,"(14, 2)","(41, 50)","(10, 20)"
41,60,0.5,bot3,success,95,11008110553917832899,6137922004887599233,"(14, 2)","(41, 50)","(10, 20)"
41,60,0.5,bot4,success,95,11008110553917832899,6137922004887599233,"(14, 2)","(41, 50)","(10, 20)"
41,60,0.6,bot1,burned,28,11008110553917832899,6137922004887599233,"(14, 2)","(41, 50)","(10, 20)"
41,60,0.6,bot2,burned,50,11008110553917832899,6137922004887599233,"(14, 2)","(41, 50)","(10, 20)"
41,60,0.6,bot3,burned,66,11008110553917832899,6137922004887599233,"(14, 2)","(41, 50)","(10, 20)"
41,60,0.6,bot4,success,95,11008110553917832899,6137922004887599233,"(14, 2)","(41, 50)","(10, 20)"
41,60,0.7,bot1,burned,29,11008110553917832899,6137922004887599233,"(14, 2)","(41, 50)","(10, 20)"
41,60,0.7,bot2,burned,97,11008110553917832899,6137922004887599233,"(14, 2)","(41, 50)","(10, 20)"
41,60,0.7,bot3,burned,34,11008110553917832899,6137922004887599233,"(14, 2)","(41, 50)","(10, 20)"
41,60,0.7,bot4,burned,97,11008110553917832899,6137922004887599233,"(14, 2)","(41, 50)","(10, 20)"
41,60,0.8,bot1,burned,25,11008110553917832899,6137922004887599233,"(14, 2)","(41, 50)","(10, 20)"
41,60,0.8,bot2,burned,57,11008110553917832899,6137922004887599233,"(14, 2)","(41, 50)","(10, 20)"
41,60,0.8,bot3,burned,58,11008110553917832899,6137922004887599233,"(14, 2)","(41, 50)","(10, 20)"
41,60,0.8,bot4,burned,57,11008110553917832899,6137922004887599233,"(14, 2)","(41, 50)","(10, 20)"
41,60,0.9,bot1,burned,24,11008110553917832899,6137922004887599233,"(14, 2)","(41, 50)","(10, 20)"
41,60,0.9,bot2,burned,69,11008110553917832899,6137922004887599233,"(14, 2)","(41, 50)","(10, 20)"
41,60,0.9,bot3,burned,69,11008110553917832899,6137922004887599233,"(14, 2)","(41, 50)","(10, 20)"
41,60,0.9,bot4,burned,69,11008110553917832899,6137922004887599233,"(14, 2)","(41, 50)","(10, 20)"
41,60,1.0,bot1,burned,23,11008110553917832899,6137922004887599233,"(14, 2)","(41, 50)","(10, 20)"
41,60,1.0,bot2,burned,38,11008110553917832899,6137922004887599233,"(14, 2)","(41, 50)","(10, 20)"
41,60,1.0,bot3,burned,38,11008110553917832899,6137922004887599233,"(14, 2)","(41, 50)","(10, 20)"
41,60,1.0,bot4,burned,38,11008110553917832899,6137922004887599233,"(14, 2)","(41, 50)","(10, 20)"
42,60,0.0,bot1,success,83,16279073422380010305,12318044096977723929,"(50, 53)","(9, 21)","(56, 28)"
42,60,0.0,bot2,success,83,16279073422380010305,12318044096977723929,"(50, 53)","(9, 21)","(56, 28)"
42,60,0.0,bot3,success,83,16279073422380010305,12318044096977723929,"(50, 53)","(9, 21)","(56, 28)"
42,60,0.0,bot4,success,83,16279073422380010305,12318044096977723929,"(50, 53)","(9, 21)","(56, 28)"
42,60,0.1,bot1,success,83,16279073422380010305,12318044096977723929,"(50, 53)","(9, 21)","(56, 28)"
42,60,0.1,bot2,success,83,16279073422380010305,12318044096977723929,"(50, 53)","(9, 21)","(56, 28)"
42,60,0.1,bot3,success,83,16279073422380010305,12318044096977723929,"(50, 53)","(9, 21)","(56, 28)"
42,60,0.1,bot4,success,83,16279073422380010305,12318044096977723929,"(50, 53)","(9, 21)","(56, 28)"
42,60,0.2,bot1,success,83,16279073422380010305,12318044096977723929,"(50, 53)","(9, 21)","(56, 28)"
42,60,0.2,bot2,success,83,16279073422380010305,12318044096977723929,"(50, 53)","(9, 21)","(56, 28)"
42,60,0.2,bot3,success,83,16279073422380010305,12318044096977723929,"(50, 53)","(9, 21)","(56, 28)"
42,60,0.2,bot4,success,83,16279073422380010305,12318044096977723929,"(50, 53)","(9, 21)","(56, 28)"
42,60,0.3,bot1,success,83,16279073422380010305,12318044096977723929,"(50, 53)","(9, 21)","(56, 28)"
42,60,0.3,bot2,success,83,16279073422380010305,12318044096977723929,"(50, 53)","(9, 21)","(56, 28)"
42,60,0.3,bot3,success,83,16279073422380010305,12318044096977723929,"(50, 53)","(9, 21)","(56, 28)"
42,60,0.3,bot4,success,83,16279073422380010305,12318044096977723929,"(50, 53)","(9, 21)","(56, 28)"
42,60,0.4,bot1,success,83,16279073422380010305,12318044096977723929,"(50, 53)","(9, 21)","(56, 28)"
42,60,0.4,bot2,success,83,16279073422380010305,12318044096977723929,"(50, 53)","(9, 21)","(56, 28)"
42,60,0.4,bot3,success,83,16279073422380010305,12318044096977723929,"(50, 53)","(9, 21)","(56, 28)"
42,60,0.4,bot4,success,83,16279073422380010305,12318044096977723929,"(50, 53)","(9, 21)","(56, 28)"
42,60,0.5,bot1,success,83,16279073422380010305,12318044096977723929,"(50, 53)","(9, 21)","(56, 28)"
42,60,0.5,bot2,success,83,16279073422380010305,12318044096977723929,"(50, 53)","(9, 21)","(56, 28)"
42,60,0.5,bot3,success,83,16279073422380010305,12318044096977723929,"(50, 53)","(9, 21)","(56, 28)"
42,60,0.5,bot4,success,83,16279073422380010305,12318044096977723929,"(50, 53)","(9, 21)","(56, 28)"
42,60,0.6,bot1,success,83,16279073422380010305,12318044096977723929,"(50, 53)","(9, 21)","(56, 28)"
42,60,0.6,bot2,success,83,16279073422380010305,12318044096977723929,"(50, 53)","(9, 21)","(56, 28)"
42,60,0.6,bot3,success,83,16279073422380010305,12318044096977723929,"(50, 53)","(9, 21)","(56, 28)"
42,60,0.6,bot4,success,83,16279073422380010305,12318044096977723929,"(50, 53)","(9, 21)","(56, 28)"
42,60,0.7,bot1,burned,75,16279073422380010305,12318044096977723929,"(50, 53)","(9, 21)","(56, 28)"
42,60,0.7,bot2,burned,87,16279073422380010305,12318044096977723929,"(50, 53)","(9, 21)","(56, 28)"
42,60,0.7,bot3,burned,93,16279073422380010305,12318044096977723929,"(50, 53)","(9, 21)","(56, 28)"
42,60,0.7,bot4,burned,87,16279073422380010305,12318044096977723929,"(50, 53)","(9, 21)","(56, 28)"
42,60,0.8,bot1,burned,49,16279073422380010305,12318044096977723929,"(50, 53)","(9, 21)","(56, 28)"
42,60,0.8,bot2,burned,49,16279073422380010305,12318044096977723929,"(50, 53)","(9, 21)","(56, 28)"
42,60,0.8,bot3,burned,49,16279073422380010305,12318044096977723929,"(50, 53)","(9, 21)","(56, 28)"
42,60,0.8,bot4,burned,49,16279073422380010305,12318044096977723929,"(50, 53)","(9, 21)","(56, 28)"
42,60,0.9,bot1,burned,44,16279073422380010305,12318044096977723929,"(50, 53)","(9, 21)","(56, 28)"
42,60,0.9,bot2,burned,70,16279073422380010305,12318044096977723929,"(50, 53)","(9, 21)","(56, 28)"
42,60,0.9,bot3,burned,70,16279073422380010305,12318044096977723929,"(50, 53)","(9, 21)","(56, 28)"
42,60,0.9,bot4,burned,70,16279073422380010305,12318044096977723929,"(50, 53)","(9, 21)","(56, 28)"
42,60,1.0,bot1,burned,43,16279073422380010305,12318044096977723929,"(50, 53)","(9, 21)","(56, 28)"
42,60,1.0,bot2,burned,46,16279073422380010305,12318044096977723929,"(50, 53)","(9, 21)","(56, 28)"
42,60,1.0,bot3,burned,63,16279073422380010305,12318044096977723929,"(50, 53)","(9, 21)","(56, 28)"
42,60,1.0,bot4,burned,46,16279073422380010305,12318044096977723929,"(50, 53)","(9, 21)","(56, 28)"
43,60,0.0,bot1,success,40,3303515692509228668,10802705568252704472,"(19, 22)","(20, 9)","(14, 47)"
43,60,0.0,bot2,success,40,3303515692509228668,10802705568252704472,"(19, 22)","(20, 9)","(14, 47)"
43,60,0.0,bot3,success,40,3303515692509228668,10802705568252704472,"(19, 22)","(20, 9)","(14, 47)"
43,60,0.0,bot4,success,40,3303515692509228668,10802705568252704472,"(19, 22)","(20, 9)","(14, 47)"
43,60,0.1,bot1,success,40,3303515692509228668,10802705568252704472,"(19, 22)","(20, 9)","(14, 47)"
43,60,0.1,bot2,success,40,3303515692509228668,10802705568252704472,"(19, 22)","(20, 9)","(14, 47)"
43,60,0.1,bot3,success,40,3303515692509228668,10802705568252704472,"(19, 22)","(20, 9)","(14, 47)"
43,60,0.1,bot4,success,40,3303515692509228668,10802705568252704472,"(19, 22)","(20, 9)","(14, 47)"
43,60,0.2,bot1,success,40,3303515692509228668,10802705568252704472,"(19, 22)","(20, 9)","(14, 47)"
43,60,0.2,bot2,success,40,3303515692509228668,10802705568252704472,"(19, 22)","(20, 9)","(14, 47)"
43,60,0.2,bot3,success,40,3303515692509228668,10802705568252704472,"(19, 22)","(20, 9)","(14, 47)"
43,60,0.2,bot4,success,40,3303515692509228668,10802705568252704472,"(19, 22)","(20, 9)","(14, 47)"
43,60,0.3,bot1,success,40,3303515692509228668,10802705568252704472,"(19, 22)","(20, 9)","(14, 47)"
43,60,0.3,bot2,success,40,3303515692509228668,10802705568252704472,"(19, 22)","(20, 9)","(14, 47)"
43,60,0.3,bot3,success,40,3303515692509228668,10802705568252704472,"(19, 22)","(20, 9)","(14, 47)"
43,60,0.3,bot4,success,40,3303515692509228668,10802705568252704472,"(19, 22)","(20, 9)","(14, 47)"
43,60,0.4,bot1,success,40,3303515692509228668,10802705568252704472,"(19, 22)","(20, 9)","(14, 47)"
43,60,0.4,bot2,success,40,3303515692509228668,10802705568252704472,"(19, 22)","(20, 9)","(14, 47)"
43,60,0.4,bot3,success,40,3303515692509228668,10802705568252704472,"(19, 22)","(20, 9)","(14, 47)"
43,60,0.4,bot4,success,40,3303515692509228668,10802705568252704472,"(19, 22)","(20, 9)","(14, 47)"
43,60,0.5,bot1,success,40,3303515692509228668,10802705568252704472,"(19, 22)","(20, 9)","(14, 47)"
43,60,0.5,bot2,success,40,3303515692509228668,10802705568252704472,"(19, 22)","(20, 9)","(14, 47)"
43,60,0.5,bot3,success,40,3303515692509228668,10802705568252704472,"(19, 22)","(20, 9)","(14, 47)"
43,60,0.5,bot4,success,40,3303515692509228668,10802705568252704472,"(19, 22)","(20, 9)","(14, 47)"
43,60,0.6,bot1,success,40,3303515692509228668,10802705568252704472,"(19, 22)","(20, 9)","(14, 47)"
43,60,0.6,bot2,success,40,3303515692509228668,10802705568252704472,"(19, 22)","(20, 9)","(14, 47)"
43,60,0.6,bot3,success,40,3303515692509228668,10802705568252704472,"(19, 22)","(20, 9)","(14, 47)"
43,60,0.6,bot4,success,40,3303515692509228668,10802705568252704472,"(19, 22)","(20, 9)","(14, 47)"
43,60,0.7,bot1,success,40,3303515692509228668,10802705568252704472,"(19, 22)","(20, 9)","(14, 47)"
43,60,0.7,bot2,success,40,3303515692509228668,10802705568252704472,"(19, 22)","(20, 9)","(14, 47)"
43,60,0.7,bot3,success,40,3303515692509228668,10802705568252704472,"(19, 22)","(20, 9)","(14, 47)"
43,60,0.7,bot4,success,40,3303515692509228668,10802705568252704472,"(19, 22)","(20, 9)","(14, 47)"
43,60,0.8,bot1,success,40,3303515692509228668,10802705568252704472,"(19, 22)","(20, 9)","(14, 47)"
43,60,0.8,bot2,success,40,3303515692509228668,10802705568252704472,"(19, 22)","(20, 9)","(14, 47)"
43,60,0.8,bot3,success,40,3303515692509228668,10802705568252704472,"(19, 22)","(20, 9)","(14, 47)"
43,60,0.8,bot4,success,40,3303515692509228668,10802705568252704472,"(19, 22)","(20, 9)","(14, 47)"
43,60,0.9,bot1,success,40,3303515692509228668,10802705568252704472,"(19, 22)","(20, 9)","(14, 47)"
43,60,0.9,bot2,success,40,3303515692509228668,10802705568252704472,"(19, 22)","(20, 9)","(14, 47)"
43,60,0.9,bot3,success,40,3303515692509228668,10802705568252704472,"(19, 22)","(20, 9)","(14, 47)"
43,60,0.9,bot4,success,40,3303515692509228668,10802705568252704472,"(19, 22)","(20, 9)","(14, 47)"
43,60,1.0,bot1,success,40,3303515692509228668,10802705568252704472,"(19, 22)","(20, 9)","(14, 47)"
43,60,1.0,bot2,success,40,3303515692509228668,10802705568252704472,"(19, 22)","(20, 9)","(14, 47)"
43,60,1.0,bot3,success,40,3303515692509228668,10802705568252704472,"(19, 22)","(20, 9)","(14, 47)"
43,60,1.0,bot4,success,40,3303515692509228668,10802705568252704472,"(19, 22)","(20, 9)","(14, 47)"
44,60,0.0,bot1,success,20,9335641193125785942,2443043169937355615,"(32, 0)","(43, 5)","(28, 5)"
44,60,0.0,bot2,success,20,9335641193125785942,2443043169937355615,"(32, 0)","(43, 5)","(28, 5)"
44,60,0.0,bot3,success,20,9335641193125785942,2443043169937355615,"(32, 0)","(43, 5)","(28, 5)"
44,60,0.0,bot4,success,20,9335641193125785942,2443043169937355615,"(32, 0)","(43, 5)","(28, 5)"
44,60,0.1,bot1,success,20,9335641193125785942,2443043169937355615,"(32, 0)","(43, 5)","(28, 5)"
44,60,0.1,bot2,success,20,9335641193125785942,2443043169937355615,"(32, 0)","(43, 5)","(28, 5)"
44,60,0.1,bot3,success,20,9335641193125785942,2443043169937355615,"(32, 0)","(43, 5)","(28, 5)"
44,60,0.1,bot4,success,20,9335641193125785942,2443043169937355615,"(32, 0)","(43, 5)","(28, 5)"
44,60,0.2,bot1,success,20,9335641193125785942,2443043169937355615,"(32, 0)","(43, 5)","(28, 5)"
44,60,0.2,bot2,success,20,9335641193125785942,2443043169937355615,"(32, 0)","(43, 5)","(28, 5)"
44,60,0.2,bot3,success,20,9335641193125785942,2443043169937355615,"(32, 0)","(43, 5)","(28, 5)"
44,60,0.2,bot4,success,20,9335641193125785942,2443043169937355615,"(32, 0)","(43, 5)","(28, 5)"
44,60,0.3,bot1,success,20,9335641193125785942,2443043169937355615,"(32, 0)","(43, 5)","(28, 5)"
44,60,0.3,bot2,success,20,9335641193125785942,2443043169937355615,"(32, 0)","(43, 5)","(28, 5)"
44,60,0.3,bot3,success,20,9335641193125785942,2443043169937355615,"(32, 0)","(43, 5)","(28, 5)"
44,60,0.3,bot4,success,20,9335641193125785942,2443043169937355615,"(32, 0)","(43, 5)","(28, 5)"
44,60,0.4,bot1,success,20,9335641193125785942,2443043169937355615,"(32, 0)","(43, 5)","(28, 5)"
44,60,0.4,bot2,success,20,9335641193125785942,2443043169937355615,"(32, 0)","(43, 5)","(28, 5)"
44,60,0.4,bot3,success,20,9335641193125785942,2443043169937355615,"(32, 0)","(43, 5)","(28, 5)"
44,60,0.4,bot4,success,20,9335641193125785942,2443043169937355615,"(32, 0)","(43, 5)","(28, 5)"
44,60,0.5,bot1,success,20,9335641193125785942,2443043169937355615,"(32, 0)","(43, 5)","(28, 5)"
44,60,0.5,bot2,success,20,9335641193125785942,2443043169937355615,"(32, 0)","(43, 5)","(28, 5)"
44,60,0.5,bot3,success,20,9335641193125785942,2443043169937355615,"(32, 0)","(43, 5)","(28, 5)"
44,60,0.5,bot4,success,20,9335641193125785942,2443043169937355615,"(32, 0)","(43, 5)","(28, 5)"
44,60,0.6,bot1,success,20,9335641193125785942,2443043169937355615,"(32, 0)","(43, 5)","(28, 5)"
44,60,0.6,bot2,success,20,9335641193125785942,2443043169937355615,"(32, 0)","(43, 5)","(28, 5)"
44,60,0.6,bot3,success,20,9335641193125785942,2443043169937355615,"(32, 0)","(43, 5)","(28, 5)"
44,60,0.6,bot4,success,20,9335641193125785942,2443043169937355615,"(32, 0)","(43, 5)","(28, 5)"
44,60,0.7,bot1,success,20,9335641193125785942,2443043169937355615,"(32, 0)","(43, 5)","(28, 5)"
44,60,0.7,bot2,success,20,9335641193125785942,2443043169937355615,"(32, 0)","(43, 5)","(28, 5)"
44,60,0.7,bot3,success,20,9335641193125785942,2443043169937355615,"(32, 0)","(43, 5)","(28, 5)"
44,60,0.7,bot4,success,20,9335641193125785942,2443043169937355615,"(32, 0)","(43, 5)","(28, 5)"
44,60,0.8,bot1,success,20,9335641193125785942,2443043169937355615,"(32, 0)","(43, 5)","(28, 5)"
44,60,0.8,bot2,success,20,9335641193125785942,2443043169937355615,"(32, 0)","(43, 5)","(28, 5)"
44,60,0.8,bot3,success,20,9335641193125785942,2443043169937355615,"(32, 0)","(43, 5)","(28, 5)"
44,60,0.8,bot4,success,20,9335641193125785942,2443043169937355615,"(32, 0)","(43, 5)","(28, 5)"
44,60,0.9,bot1,success,20,9335641193125785942,2443043169937355615,"(32, 0)","(43, 5)","(28, 5)"
44,60,0.9,bot2,success,20,9335641193125785942,2443043169937355615,"(32, 0)","(43, 5)","(28, 5)"
44,60,0.9,bot3,success,20,9335641193125785942,2443043169937355615,"(32, 0)","(43, 5)","(28, 5)"
44,60,0.9,bot4,success,20,9335641193125785942,2443043169937355615,"(32, 0)","(43, 5)","(28, 5)"
44,60,1.0,bot1,success,20,9335641193125785942,2443043169937355615,"(32, 0)","(43, 5)","(28, 5)"
44,60,1.0,bot2,success,20,9335641193125785942,2443043169937355615,"(32, 0)","(43, 5)","(28, 5)"
44,60,1.0,bot3,success,20,9335641193125785942,2443043169937355615,"(32, 0)","(43, 5)","(28, 5)"
44,60,1.0,bot4,success,20,9335641193125785942,2443043169937355615,"(32, 0)","(43, 5)","(28, 5)"
45,60,0.0,bot1,success,59,846210011123446836,6265732037600512517,"(57, 31)","(21, 54)","(7, 44)"
45,60,0.0,bot2,success,59,846210011123446836,6265732037600512517,"(57, 31)","(21, 54)","(7, 44)"
45,60,0.0,bot3,success,59,846210011123446836,6265732037600512517,"(57, 31)","(21, 54)","(7, 44)"
45,60,0.0,bot4,success,59,846210011123446836,6265732037600512517,"(57, 31)","(21, 54)","(7, 44)"
45,60,0.1,bot1,success,59,846210011123446836,6265732037600512517,"(57, 31)","(21, 54)","(7, 44)"
45,60,0.1,bot2,success,59,846210011123446836,6265732037600512517,"(57, 31)","(21, 54)","(7, 44)"
45,60,0.1,bot3,success,59,846210011123446836,6265732037600512517,"(57, 31)","(21, 54)","(7, 44)"
45,60,0.1,bot4,success,59,846210011123446836,6265732037600512517,"(57, 31)","(21, 54)","(7, 44)"
45,60,0.2,bot1,success,59,846210011123446836,6265732037600512517,"(57, 31)","(21, 54)","(7, 44)"
45,60,0.2,bot2,success,59,846210011123446836,6265732037600512517,"(57, 31)","(21, 54)","(7, 44)"
45,60,0.2,bot3,success,59,846210011123446836,6265732037600512517,"(57, 31)","(21, 54)","(7, 44)"
45,60,0.2,bot4,success,59,846210011123446836,6265732037600512517,"(57, 31)","(21, 54)","(7, 44)"
45,60,0.3,bot1,success,59,846210011123446836,6265732037600512517,"(57, 31)","(21, 54)","(7, 44)"
45,60,0.3,bot2,success,59,846210011123446836,6265732037600512517,"(57, 31)","(21, 54)","(7, 44)"
45,60,0.3,bot3,success,59,846210011123446836,6265732037600512517,"(57, 31)","(21, 54)","(7, 44)"
45,60,0.3,bot4,success,59,846210011123446836,6265732037600512517,"(57, 31)","(21, 54)","(7, 44)"
45,60,0.4,bot1,burned,59,846210011123446836,6265732037600512517,"(57, 31)","(21, 54)","(7, 44)"
45,60,0.4,bot2,burned,61,846210011123446836,6265732037600512517,"(57, 31)","(21, 54)","(7, 44)"
45,60,0.4,bot3,burned,61,846210011123446836,6265732037600512517,"(57, 31)","(21, 54)","(7, 44)"
45,60,0.4,bot4,burned,61,846210011123446836,6265732037600512517,"(57, 31)","(21, 54)","(7, 44)"
45,60,0.5,bot1,burned,50,846210011123446836,6265732037600512517,"(57, 31)","(21, 54)","(7, 44)"
45,60,0.5,bot2,burned,75,846210011123446836,6265732037600512517,"(57, 31)","(21, 54)","(7, 44)"
45,60,0.5,bot3,burned,75,846210011123446836,6265732037600512517,"(57, 31)","(21, 54)","(7, 44)"
45,60,0.5,bot4,burned,75,846210011123446836,6265732037600512517,"(57, 31)","(21, 54)","(7, 44)"
45,60,0.6,bot1,burned,50,846210011123446836,6265732037600512517,"(57, 31)","(21, 54)","(7, 44)"
45,60,0.6,bot2,burned,71,846210011123446836,6265732037600512517,"(57, 31)","(21, 54)","(7, 44)"
45,60,0.6,bot3,burned,71,846210011123446836,6265732037600512517,"(57, 31)","(21, 54)","(7, 44)"
45,60,0.6,bot4,burned,71,846210011123446836,6265732037600512517,"(57, 31)","(21, 54)","(7, 44)"
45,60,0.7,bot1,burned,45,846210011123446836,6265732037600512517,"(57, 31)","(21, 54)","(7, 44)"
45,60,0.7,bot2,burned,68,846210011123446836,6265732037600512517,"(57, 31)","(21, 54)","(7, 44)"
45,60,0.7,bot3,burned,68,846210011123446836,6265732037600512517,"(57, 31)","(21, 54)","(7, 44)"
45,60,0.7,bot4,burned,68,846210011123446836,6265732037600512517,"(57, 31)","(21, 54)","(7, 44)"
45,60,0.8,bot1,burned,46,846210011123446836,6265732037600512517,"(57, 31)","(21, 54)","(7, 44)"
45,60,0.8,bot2,burned,59,846210011123446836,6265732037600512517,"(57, 31)","(21, 54)","(7, 44)"
45,60,0.8,bot3,burned,59,846210011123446836,6265732037600512517,"(57, 31)","(21, 54)","(7, 44)"
45,60,0.8,bot4,burned,59,846210011123446836,6265732037600512517,"(57, 31)","(21, 54)","(7, 44)"
45,60,0.9,bot1,burned,42,846210011123446836,6265732037600512517,"(57, 31)","(21, 54)","(7, 44)"
45,60,0.9,bot2,burned,60,846210011123446836,6265732037600512517,"(57, 31)","(21, 54)","(7, 44)"
45,60,0.9,bot3,burned,60,846210011123446836,6265732037600512517,"(57, 31)","(21, 54)","(7, 44)"
45,60,0.9,bot4,burned,60,846210011123446836,6265732037600512517,"(57, 31)","(21, 54)","(7, 44)"
45,60,1.0,bot1,burned,42,846210011123446836,6265732037600512517,"(57, 31)","(21, 54)","(7, 44)"
45,60,1.0,bot2,burned,57,846210011123446836,6265732037600512517,"(57, 31)","(21, 54)","(7, 44)"
45,60,1.0,bot3,burned,57,846210011123446836,6265732037600512517,"(57, 31)","(21, 54)","(7, 44)"
45,60,1.0,bot4,burned,57,846210011123446836,6265732037600512517,"(57, 31)","(21, 54)","(7, 44)"
46,60,0.0,bot1,success,22,5021963495452182364,7841296220476338458,"(46, 17)","(45, 0)","(17, 1)"
46,60,0.0,bot2,success,22,5021963495452182364,7841296220476338458,"(46, 17)","(45, 0)","(17, 1)"
46,60,0.0,bot3,success,22,5021963495452182364,7841296220476338458,"(46, 17)","(45, 0)","(17, 1)"
46,60,0.0,bot4,success,22,5021963495452182364,7841296220476338458,"(46, 17)","(45, 0)","(17, 1)"
46,60,0.1,bot1,success,22,5021963495452182364,7841296220476338458,"(46, 17)","(45, 0)","(17, 1)"
46,60,0.1,bot2,success,22,5021963495452182364,7841296220476338458,"(46, 17)","(45, 0)","(17, 1)"
46,60,0.1,bot3,success,22,5021963495452182364,7841296220476338458,"(46, 17)","(45, 0)","(17, 1)"
46,60,0.1,bot4,success,22,5021963495452182364,7841296220476338458,"(46, 17)","(45, 0)","(17, 1)"
46,60,0.2,bot1,success,22,5021963495452182364,7841296220476338458,"(46, 17)","(45, 0)","(17, 1)"
46,60,0.2,bot2,success,22,5021963495452182364,7841296220476338458,"(46, 17)","(45, 0)","(17, 1)"
46,60,0.2,bot3,success,22,5021963495452182364,7841296220476338458,"(46, 17)","(45, 0)","(17, 1)"
46,60,0.2,bot4,success,22,5021963495452182364,7841296220476338458,"(46, 17)","(45, 0)","(17, 1)"
46,60,0.3,bot1,success,22,5021963495452182364,7841296220476338458,"(46, 17)","(45, 0)","(17, 1)"
46,60,0.3,bot2,success,22,5021963495452182364,7841296220476338458,"(46, 17)","(45, 0)","(17, 1)"
46,60,0.3,bot3,success,22,5021963495452182364,7841296220476338458,"(46, 17)","(45, 0)","(17, 1)"
46,60,0.3,bot4,success,22,5021963495452182364,7841296220476338458,"(46, 17)","(45, 0)","(17, 1)"
46,60,0.4,bot1,success,22,5021963495452182364,7841296220476338458,"(46, 17)","(45, 0)","(17, 1)"
46,60,0.4,bot2,success,22,5021963495452182364,7841296220476338458,"(46, 17)","(45, 0)","(17, 1)"
46,60,0.4,bot3,success,22,5021963495452182364,7841296220476338458,"(46, 17)","(45, 0)","(17, 1)"
46,60,0.4,bot4,success,22,5021963495452182364,7841296220476338458,"(46, 17)","(45, 0)","(17, 1)"
46,60,0.5,bot1,success,22,5021963495452182364,7841296220476338458,"(46, 17)","(45, 0)","(17, 1)"
46,60,0.5,bot2,success,22,5021963495452182364,7841296220476338458,"(46, 17)","(45, 0)","(17, 1)"
46,60,0.5,bot3,success,22,5021963495452182364,7841296220476338458,"(46, 17)","(45, 0)","(17, 1)"
46,60,0.5,bot4,success,22,5021963495452182364,7841296220476338458,"(46, 17)","(45, 0)","(17, 1)"
46,60,0.6,bot1,success,22,5021963495452182364,7841296220476338458,"(46, 17)","(45, 0)","(17, 1)"
46,60,0.6,bot2,success,22,5021963495452182364,7841296220476338458,"(46, 17)","(45, 0)","(17, 1)"
46,60,0.6,bot3,success,22,5021963495452182364,7841296220476338458,"(46, 17)","(45, 0)","(17, 1)"
46,60,0.6,bot4,success,22,5021963495452182364,7841296220476338458,"(46, 17)","(45, 0)","(17, 1)"
46,60,0.7,bot1,success,22,5021963495452182364,7841296220476338458,"(46, 17)","(45, 0)","(17, 1)"
46,60,0.7,bot2,success,22,5021963495452182364,7841296220476338458,"(46, 17)","(45, 0)","(17, 1)"
46,60,0.7,bot3,success,22,5021963495452182364,7841296220476338458,"(46, 17)","(45, 0)","(17, 1)"
46,60,0.7,bot4,success,22,5021963495452182364,7841296220476338458,"(46, 17)","(45, 0)","(17, 1)"
46,60,0.8,bot1,success,22,5021963495452182364,7841296220476338458,"(46, 17)","(45, 0)","(17, 1)"
46,60,0.8,bot2,success,22,5021963495452182364,7841296220476338458,"(46, 17)","(45, 0)","(17, 1)"
46,60,0.8,bot3,success,22,5021963495452182364,7841296220476338458,"(46, 17)","(45, 0)","(17, 1)"
46,60,0.8,bot4,success,22,5021963495452182364,7841296220476338458,"(46, 17)","(45, 0)","(17, 1)"
46,60,0.9,bot1,success,22,5021963495452182364,7841296220476338458,"(46, 17)","(45, 0)","(17, 1)"
46,60,0.9,bot2,success,22,5021963495452182364,7841296220476338458,"(46, 17)","(45, 0)","(17, 1)"
46,60,0.9,bot3,success,22,5021963495452182364,7841296220476338458,"(46, 17)","(45, 0)","(17, 1)"
46,60,0.9,bot4,success,22,5021963495452182364,7841296220476338458,"(46, 17)","(45, 0)","(17, 1)"
46,60,1.0,bot1,success,22,5021963495452182364,7841296220476338458,"(46, 17)","(45, 0)","(17, 1)"
46,60,1.0,bot2,success,22,5021963495452182364,7841296220476338458,"(46, 17)","(45, 0)","(17, 1)"
46,60,1.0,bot3,success,22,5021963495452182364,7841296220476338458,"(46, 17)","(45, 0)","(17, 1)"
46,60,1.0,bot4,success,22,5021963495452182364,7841296220476338458,"(46, 17)","(45, 0)","(17, 1)"
47,60,0.0,bot1,success,77,15881849190969661304,7133981772264414863,"(11, 21)","(53, 44)","(22, 29)"
47,60,0.0,bot2,success,77,15881849190969661304,7133981772264414863,"(11, 21)","(53, 44)","(22, 29)"
47,60,0.0,bot3,success,77,15881849190969661304,7133981772264414863,"(11, 21)","(53, 44)","(22, 29)"
47,60,0.0,bot4,success,77,15881849190969661304,7133981772264414863,"(11, 21)","(53, 44)","(22, 29)"
47,60,0.1,bot1,success,77,15881849190969661304,7133981772264414863,"(11, 21)","(53, 44)","(22, 29)"
47,60,0.1,bot2,success,77,15881849190969661304,7133981772264414863,"(11, 21)","(53, 44)","(22, 29)"
47,60,0.1,bot3,success,77,15881849190969661304,7133981772264414863,"(11, 21)","(53, 44)","(22, 29)"
47,60,0.1,bot4,success,87,15881849190969661304,7133981772264414863,"(11, 21)","(53, 44)","(22, 29)"
47,60,0.2,bot1,success,77,15881849190969661304,7133981772264414863,"(11, 21)","(53, 44)","(22, 29)"
47,60,0.2,bot2,success,77,15881849190969661304,7133981772264414863,"(11, 21)","(53, 44)","(22, 29)"
47,60,0.2,bot3,success,77,15881849190969661304,7133981772264414863,"(11, 21)","(53, 44)","(22, 29)"
47,60,0.2,bot4,success,87,15881849190969661304,7133981772264414863,"(11, 21)","(53, 44)","(22, 29)"
47,60,0.3,bot1,burned,46,15881849190969661304,7133981772264414863,"(11, 21)","(53, 44)","(22, 29)"
47,60,0.3,bot2,burned,46,15881849190969661304,7133981772264414863,"(11, 21)","(53, 44)","(22, 29)"
47,60,0.3,bot3,success,101,15881849190969661304,7133981772264414863,"(11, 21)","(53, 44)","(22, 29)"
47,60,0.3,bot4,success,85,15881849190969661304,7133981772264414863,"(11, 21)","(53, 44)","(22, 29)"
47,60,0.4,bot1,burned,29,15881849190969661304,7133981772264414863,"(11, 21)","(53, 44)","(22, 29)"
47,60,0.4,bot2,burned,29,15881849190969661304,7133981772264414863,"(11, 21)","(53, 44)","(22, 29)"
47,60,0.4,bot3,burned,32,15881849190969661304,7133981772264414863,"(11, 21)","(53, 44)","(22, 29)"
47,60,0.4,bot4,burned,29,15881849190969661304,7133981772264414863,"(11, 21)","(53, 44)","(22, 29)"
47,60,0.5,bot1,burned,40,15881849190969661304,7133981772264414863,"(11, 21)","(53, 44)","(22, 29)"
47,60,0.5,bot2,burned,97,15881849190969661304,7133981772264414863,"(11, 21)","(53, 44)","(22, 29)"
47,60,0.5,bot3,burned,93,15881849190969661304,7133981772264414863,"(11, 21)","(53, 44)","(22, 29)"
47,60,0.5,bot4,burned,97,15881849190969661304,7133981772264414863,"(11, 21)","(53, 44)","(22, 29)"
47,60,0.6,bot1,burned,24,15881849190969661304,7133981772264414863,"(11, 21)","(53, 44)","(22, 29)"
47,60,0.6,bot2,burned,26,15881849190969661304,7133981772264414863,"(11, 21)","(53, 44)","(22, 29)"
47,60,0.6,bot3,burned,67,15881849190969661304,7133981772264414863,"(11, 21)","(53, 44)","(22, 29)"
47,60,0.6,bot4,burned,26,15881849190969661304,7133981772264414863,"(11, 21)","(53, 44)","(22, 29)"
47,60,0.7,bot1,burned,24,15881849190969661304,7133981772264414863,"(11, 21)","(53, 44)","(22, 29)"
47,60,0.7,bot2,burned,61,15881849190969661304,7133981772264414863,"(11, 21)","(53, 44)","(22, 29)"
47,60,0.7,bot3,burned,62,15881849190969661304,7133981772264414863,"(11, 21)","(53, 44)","(22, 29)"
47,60,0.7,bot4,burned,61,15881849190969661304,7133981772264414863,"(11, 21)","(53, 44)","(22, 29)"
47,60,0.8,bot1,burned,15,15881849190969661304,7133981772264414863,"(11, 21)","(53, 44)","(22, 29)"
47,60,0.8,bot2,burned,15,15881849190969661304,7133981772264414863,"(11, 21)","(53, 44)","(22, 29)"
47,60,0.8,bot3,burned,15,15881849190969661304,7133981772264414863,"(11, 21)","(53, 44)","(22, 29)"
47,60,0.8,bot4,burned,15,15881849190969661304,7133981772264414863,"(11, 21)","(53, 44)","(22, 29)"
47,60,0.9,bot1,burned,15,15881849190969661304,7133981772264414863,"(11, 21)","(53, 44)","(22, 29)"
47,60,0.9,bot2,burned,15,15881849190969661304,7133981772264414863,"(11, 21)","(53, 44)","(22, 29)"
47,60,0.9,bot3,burned,15,15881849190969661304,7133981772264414863,"(11, 21)","(53, 44)","(22, 29)"
47,60,0.9,bot4,burned,15,15881849190969661304,7133981772264414863,"(11, 21)","(53, 44)","(22, 29)"
47,60,1.0,bot1,burned,15,15881849190969661304,7133981772264414863,"(11, 21)","(53, 44)","(22, 29)"
47,60,1.0,bot2,burned,15,15881849190969661304,7133981772264414863,"(11, 21)","(53, 44)","(22, 29)"
47,60,1.0,bot3,burned,15,15881849190969661304,7133981772264414863,"(11, 21)","(53, 44)","(22, 29)"
47,60,1.0,bot4,burned,15,15881849190969661304,7133981772264414863,"(11, 21)","(53, 44)","(22, 29)"
48,60,0.0,bot1,success,51,12960078508031975546,547047760969647198,"(54, 46)","(33, 22)","(36, 32)"
48,60,0.0,bot2,success,51,12960078508031975546,547047760969647198,"(54, 46)","(33, 22)","(36, 32)"
48,60,0.0,bot3,success,51,12960078508031975546,547047760969647198,"(54, 46)","(33, 22)","(36, 32)"
48,60,0.0,bot4,success,51,12960078508031975546,547047760969647198,"(54, 46)","(33, 22)","(36, 32)"
48,60,0.1,bot1,success,51,12960078508031975546,547047760969647198,"(54, 46)","(33, 22)","(36, 32)"
48,60,0.1,bot2,success,51,12960078508031975546,547047760969647198,"(54, 46)","(33, 22)","(36, 32)"
48,60,0.1,bot3,success,51,12960078508031975546,547047760969647198,"(54, 46)","(33, 22)","(36, 32)"
48,60,0.1,bot4,success,53,12960078508031975546,547047760969647198,"(54, 46)","(33, 22)","(36, 32)"
48,60,0.2,bot1,success,51,12960078508031975546,547047760969647198,"(54, 46)","(33, 22)","(36, 32)"
48,60,0.2,bot2,success,51,12960078508031975546,547047760969647198,"(54, 46)","(33, 22)","(36, 32)"
48,60,0.2,bot3,success,59,12960078508031975546,547047760969647198,"(54, 46)","(33, 22)","(36, 32)"
48,60,0.2,bot4,success,53,12960078508031975546,547047760969647198,"(54, 46)","(33, 22)","(36, 32)"
48,60,0.3,bot1,burned,25,12960078508031975546,547047760969647198,"(54, 46)","(33, 22)","(36, 32)"
48,60,0.3,bot2,success,53,12960078508031975546,547047760969647198,"(54, 46)","(33, 22)","(36, 32)"
48,60,0.3,bot3,success,53,12960078508031975546,547047760969647198,"(54, 46)","(33, 22)","(36, 32)"
48,60,0.3,bot4,success,53,12960078508031975546,547047760969647198,"(54, 46)","(33, 22)","(36, 32)"
48,60,0.4,bot1,burned,20,12960078508031975546,547047760969647198,"(54, 46)","(33, 22)","(36, 32)"
48,60,0.4,bot2,burned,50,12960078508031975546,547047760969647198,"(54, 46)","(33, 22)","(36, 32)"
48,60,0.4,bot3,burned,57,12960078508031975546,547047760969647198,"(54, 46)","(33, 22)","(36, 32)"
48,60,0.4,bot4,burned,50,12960078508031975546,547047760969647198,"(54, 46)","(33, 22)","(36, 32)"
48,60,0.5,bot1,burned,20,12960078508031975546,547047760969647198,"(54, 46)","(33, 22)","(36, 32)"
48,60,0.5,bot2,burned,41,12960078508031975546,547047760969647198,"(54, 46)","(33, 22)","(36, 32)"
48,60,0.5,bot3,burned,41,12960078508031975546,547047760969647198,"(54, 46)","(33, 22)","(36, 32)"
48,60,0.5,bot4,burned,41,12960078508031975546,547047760969647198,"(54, 46)","(33, 22)","(36, 32)"
48,60,0.6,bot1,burned,19,12960078508031975546,547047760969647198,"(54, 46)","(33, 22)","(36, 32)"
48,60,0.6,bot2,burned,40,12960078508031975546,547047760969647198,"(54, 46)","(33, 22)","(36, 32)"
48,60,0.6,bot3,burned,38,12960078508031975546,547047760969647198,"(54, 46)","(33, 22)","(36, 32)"
48,60,0.6,bot4,burned,40,12960078508031975546,547047760969647198,"(54, 46)","(33, 22)","(36, 32)"
48,60,0.7,bot1,burned,19,12960078508031975546,547047760969647198,"(54, 46)","(33, 22)","(36, 32)"
48,60,0.7,bot2,burned,19,12960078508031975546,547047760969647198,"(54, 46)","(33, 22)","(36, 32)"
48,60,0.7,bot3,burned,30,12960078508031975546,547047760969647198,"(54, 46)","(33, 22)","(36, 32)"
48,60,0.7,bot4,burned,19,12960078508031975546,547047760969647198,"(54, 46)","(33, 22)","(36, 32)"
48,60,0.8,bot1,burned,17,12960078508031975546,547047760969647198,"(54, 46)","(33, 22)","(36, 32)"
48,60,0.8,bot2,burned,19,12960078508031975546,547047760969647198,"(54, 46)","(33, 22)","(36, 32)"
48,60,0.8,bot3,burned,19,12960078508031975546,547047760969647198,"(54, 46)","(33, 22)","(36, 32)"
48,60,0.8,bot4,burned,19,12960078508031975546,547047760969647198,"(54, 46)","(33, 22)","(36, 32)"
48,60,0.9,bot1,burned,18,12960078508031975546,547047760969647198,"(54, 46)","(33, 22)","(36, 32)"
48,60,0.9,bot2,burned,24,12960078508031975546,547047760969647198,"(54, 46)","(33, 22)","(36, 32)"
48,60,0.9,bot3,burned,26,12960078508031975546,547047760969647198,"(54, 46)","(33, 22)","(36, 32)"
48,60,0.9,bot4,burned,24,12960078508031975546,547047760969647198,"(54, 46)","(33, 22)","(36, 32)"
48,60,1.0,bot1,burned,16,12960078508031975546,547047760969647198,"(54, 46)","(33, 22)","(36, 32)"
48,60,1.0,bot2,burned,22,12960078508031975546,547047760969647198,"(54, 46)","(33, 22)","(36, 32)"
48,60,1.0,bot3,burned,24,12960078508031975546,547047760969647198,"(54, 46)","(33, 22)","(36, 32)"
48,60,1.0,bot4,burned,22,12960078508031975546,547047760969647198,"(54, 46)","(33, 22)","(36, 32)"
49,60,0.0,bot1,success,46,17348526625506799546,12650785476634052759,"(20, 40)","(44, 18)","(22, 1)"
49,60,0.0,bot2,success,46,17348526625506799546,12650785476634052759,"(20, 40)","(44, 18)","(22, 1)"
49,60,0.0,bot3,success,46,17348526625506799546,12650785476634052759,"(20, 40)","(44, 18)","(22, 1)"
49,60,0.0,bot4,success,46,17348526625506799546,12650785476634052759,"(20, 40)","(44, 18)","(22, 1)"
49,60,0.1,bot1,success,46,17348526625506799546,12650785476634052759,"(20, 40)","(44, 18)","(22, 1)"
49,60,0.1,bot2,success,46,17348526625506799546,12650785476634052759,"(20, 40)","(44, 18)","(22, 1)"
49,60,0.1,bot3,success,46,17348526625506799546,12650785476634052759,"(20, 40)","(44, 18)","(22, 1)"
49,60,0.1,bot4,success,46,17348526625506799546,12650785476634052759,"(20, 40)","(44, 18)","(22, 1)"
49,60,0.2,bot1,success,46,17348526625506799546,12650785476634052759,"(20, 40)","(44, 18)","(22, 1)"
49,60,0.2,bot2,success,46,17348526625506799546,12650785476634052759,"(20, 40)","(44, 18)","(22, 1)"
49,60,0.2,bot3,success,46,17348526625506799546,12650785476634052759,"(20, 40)","(44, 18)","(22, 1)"
49,60,0.2,bot4,success,46,17348526625506799546,12650785476634052759,"(20, 40)","(44, 18)","(22, 1)"
49,60,0.3,bot1,success,46,17348526625506799546,12650785476634052759,"(20, 40)","(44, 18)","(22, 1)"
49,60,0.3,bot2,success,46,17348526625506799546,12650785476634052759,"(20, 40)","(44, 18)","(22, 1)"
49,60,0.3,bot3,success,46,17348526625506799546,12650785476634052759,"(20, 40)","(44, 18)","(22, 1)"
49,60,0.3,bot4,success,46,17348526625506799546,12650785476634052759,"(20, 40)","(44, 18)","(22, 1)"
49,60,0.4,bot1,success,46,17348526625506799546,12650785476634052759,"(20, 40)","(44, 18)","(22, 1)"
49,60,0.4,bot2,success,46,17348526625506799546,12650785476634052759,"(20, 40)","(44, 18)","(22, 1)"
49,60,0.4,bot3,success,46,17348526625506799546,12650785476634052759,"(20, 40)","(44, 18)","(22, 1)"
49,60,0.4,bot4,success,46,17348526625506799546,12650785476634052759,"(20, 40)","(44, 18)","(22, 1)"
49,60,0.5,bot1,success,46,17348526625506799546,12650785476634052759,"(20, 40)","(44, 18)","(22, 1)"
49,60,0.5,bot2,success,46,17348526625506799546,12650785476634052759,"(20, 40)","(44, 18)","(22, 1)"
49,60,0.5,bot3,success,46,17348526625506799546,12650785476634052759,"(20, 40)","(44, 18)","(22, 1)"
49,60,0.5,bot4,success,46,17348526625506799546,12650785476634052759,"(20, 40)","(44, 18)","(22, 1)"
49,60,0.6,bot1,success,46,17348526625506799546,12650785476634052759,"(20, 40)","(44, 18)","(22, 1)"
49,60,0.6,bot2,success,46,17348526625506799546,12650785476634052759,"(20, 40)","(44, 18)","(22, 1)"
49,60,0.6,bot3,success,46,17348526625506799546,12650785476634052759,"(20, 40)","(44, 18)","(22, 1)"
49,60,0.6,bot4,success,46,17348526625506799546,12650785476634052759,"(20, 40)","(44, 18)","(22, 1)"
49,60,0.7,bot1,success,46,17348526625506799546,12650785476634052759,"(20, 40)","(44, 18)","(22, 1)"
49,60,0.7,bot2,success,46,17348526625506799546,12650785476634052759,"(20, 40)","(44, 18)","(22, 1)"
49,60,0.7,bot3,success,46,17348526625506799546,12650785476634052759,"(20, 40)","(44, 18)","(22, 1)"
49,60,0.7,bot4,success,46,17348526625506799546,12650785476634052759,"(20, 40)","(44, 18)","(22, 1)"
49,60,0.8,bot1,success,46,17348526625506799546,12650785476634052759,"(20, 40)","(44, 18)","(22, 1)"
49,60,0.8,bot2,success,46,17348526625506799546,12650785476634052759,"(20, 40)","(44, 18)","(22, 1)"
49,60,0.8,bot3,success,46,17348526625506799546,12650785476634052759,"(20, 40)","(44, 18)","(22, 1)"
49,60,0.8,bot4,success,46,17348526625506799546,12650785476634052759,"(20, 40)","(44, 18)","(22, 1)"
49,60,0.9,bot1,success,46,17348526625506799546,12650785476634052759,"(20, 40)","(44, 18)","(22, 1)"
49,60,0.9,bot2,success,46,17348526625506799546,12650785476634052759,"(20, 40)","(44, 18)","(22, 1)"
49,60,0.9,bot3,success,46,17348526625506799546,12650785476634052759,"(20, 40)","(44, 18)","(22, 1)"
49,60,0.9,bot4,success,46,17348526625506799546,12650785476634052759,"(20, 40)","(44, 18)","(22, 1)"
49,60,1.0,bot1,success,46,17348526625506799546,12650785476634052759,"(20, 40)","(44, 18)","(22, 1)"
49,60,1.0,bot2,success,46,17348526625506799546,12650785476634052759,"(20, 40)","(44, 18)","(22, 1)"
49,60,1.0,bot3,success,46,17348526625506799546,12650785476634052759,"(20, 40)","(44, 18)","(22, 1)"
49,60,1.0,bot4,success,46,17348526625506799546,12650785476634052759,"(20, 40)","(44, 18)","(22, 1)"
50,60,0.0,bot1,success,53,3404826210170357710,13126011490612408855,"(48, 38)","(10, 35)","(58, 39)"
50,60,0.0,bot2,success,53,3404826210170357710,13126011490612408855,"(48, 38)","(10, 35)","(58, 39)"
50,60,0.0,bot3,success,53,3404826210170357710,13126011490612408855,"(48, 38)","(10, 35)","(58, 39)"
50,60,0.0,bot4,success,53,3404826210170357710,13126011490612408855,"(48, 38)","(10, 35)","(58, 39)"
50,60,0.1,bot1,success,53,3404826210170357710,13126011490612408855,"(48, 38)","(10, 35)","(58, 39)"
50,60,0.1,bot2,success,53,3404826210170357710,13126011490612408855,"(48, 38)","(10, 35)","(58, 39)"
50,60,0.1,bot3,success,53,3404826210170357710,13126011490612408855,"(48, 38)","(10, 35)","(58, 39)"
50,60,0.1,bot4,success,53,3404826210170357710,13126011490612408855,"(48, 38)","(10, 35)","(58, 39)"
50,60,0.2,bot1,success,53,3404826210170357710,13126011490612408855,"(48, 38)","(10, 35)","(58, 39)"
50,60,0.2,bot2,success,53,3404826210170357710,13126011490612408855,"(48, 38)","(10, 35)","(58, 39)"
50,60,0.2,bot3,success,53,3404826210170357710,13126011490612408855,"(48, 38)","(10, 35)","(58, 39)"
50,60,0.2,bot4,success,53,3404826210170357710,13126011490612408855,"(48, 38)","(10, 35)","(58, 39)"
50,60,0.3,bot1,success,53,3404826210170357710,13126011490612408855,"(48, 38)","(10, 35)","(58, 39)"
50,60,0.3,bot2,success,53,3404826210170357710,13126011490612408855,"(48, 38)","(10, 35)","(58, 39)"
50,60,0.3,bot3,success,53,3404826210170357710,13126011490612408855,"(48, 38)","(10, 35)","(58, 39)"
50,60,0.3,bot4,success,53,3404826210170357710,13126011490612408855,"(48, 38)","(10, 35)","(58, 39)"
50,60,0.4,bot1,success,53,3404826210170357710,13126011490612408855,"(48, 38)","(10, 35)","(58, 39)"
50,60,0.4,bot2,success,53,3404826210170357710,13126011490612408855,"(48, 38)","(10, 35)","(58, 39)"
50,60,0.4,bot3,success,53,3404826210170357710,13126011490612408855,"(48, 38)","(10, 35)","(58, 39)"
50,60,0.4,bot4,success,53,3404826210170357710,13126011490612408855,"(48, 38)","(10, 35)","(58, 39)"
50,60,0.5,bot1,success,53,3404826210170357710,13126011490612408855,"(48, 38)","(10, 35)","(58, 39)"
50,60,0.5,bot2,success,53,3404826210170357710,13126011490612408855,"(48, 38)","(10, 35)","(58, 39)"
50,60,0.5,bot3,success,53,3404826210170357710,13126011490612408855,"(48, 38)","(10, 35)","(58, 39)"
50,60,0.5,bot4,success,53,3404826210170357710,13126011490612408855,"(48, 38)","(10, 35)","(58, 39)"
50,60,0.6,bot1,success,53,3404826210170357710,13126011490612408855,"(48, 38)","(10, 35)","(58, 39)"
50,60,0.6,bot2,success,53,3404826210170357710,13126011490612408855,"(48, 38)","(10, 35)","(58, 39)"
50,60,0.6,bot3,success,53,3404826210170357710,13126011490612408855,"(48, 38)","(10, 35)","(58, 39)"
50,60,0.6,bot4,success,53,3404826210170357710,13126011490612408855,"(48, 38)","(10, 35)","(58, 39)"
50,60,0.7,bot1,success,53,3404826210170357710,13126011490612408855,"(48, 38)","(10, 35)","(58, 39)"
50,60,0.7,bot2,success,53,3404826210170357710,13126011490612408855,"(48, 38)","(10, 35)","(58, 39)"
50,60,0.7,bot3,success,53,3404826210170357710,13126011490612408855,"(48, 38)","(10, 35)","(58, 39)"
50,60,0.7,bot4,success,53,3404826210170357710,13126011490612408855,"(48, 38)","(10, 35)","(58, 39)"
50,60,0.8,bot1,success,53,3404826210170357710,13126011490612408855,"(48, 38)","(10, 35)","(58, 39)"
50,60,0.8,bot2,success,53,3404826210170357710,13126011490612408855,"(48, 38)","(10, 35)","(58, 39)"
50,60,0.8,bot3,success,53,3404826210170357710,13126011490612408855,"(48, 38)","(10, 35)","(58, 39)"
50,60,0.8,bot4,success,53,3404826210170357710,13126011490612408855,"(48, 38)","(10, 35)","(58, 39)"
50,60,0.9,bot1,success,53,3404826210170357710,13126011490612408855,"(48, 38)","(10, 35)","(58, 39)"
50,60,0.9,bot2,success,53,3404826210170357710,13126011490612408855,"(48, 38)","(10, 35)","(58, 39)"
50,60,0.9,bot3,success,53,3404826210170357710,13126011490612408855,"(48, 38)","(10, 35)","(58, 39)"
50,60,0.9,bot4,success,53,3404826210170357710,13126011490612408855,"(48, 38)","(10, 35)","(58, 39)"
50,60,1.0,bot1,success,53,3404826210170357710,13126011490612408855,"(48, 38)","(10, 35)","(58, 39)"
50,60,1.0,bot2,success,53,3404826210170357710,13126011490612408855,"(48, 38)","(10, 35)","(58, 39)"
50,60,1.0,bot3,success,53,3404826210170357710,13126011490612408855,"(48, 38)","(10, 35)","(58, 39)"
50,60,1.0,bot4,success,53,3404826210170357710,13126011490612408855,"(48, 38)","(10, 35)","(58, 39)"
51,60,0.0,bot1,success,19,12448574322579534122,17600222509789850780,"(32, 11)","(24, 18)","(56, 37)"
51,60,0.0,bot2,success,19,12448574322579534122,17600222509789850780,"(32, 11)","(24, 18)","(56, 37)"
51,60,0.0,bot3,success,19,12448574322579534122,17600222509789850780,"(32, 11)","(24, 18)","(56, 37)"
51,60,0.0,bot4,success,19,12448574322579534122,17600222509789850780,"(32, 11)","(24, 18)","(56, 37)"
51,60,0.1,bot1,success,19,12448574322579534122,17600222509789850780,"(32, 11)","(24, 18)","(56, 37)"
51,60,0.1,bot2,success,19,12448574322579534122,17600222509789850780,"(32, 11)","(24, 18)","(56, 37)"
51,60,0.1,bot3,success,19,12448574322579534122,17600222509789850780,"(32, 11)","(24, 18)","(56, 37)"
51,60,0.1,bot4,success,19,12448574322579534122,17600222509789850780,"(32, 11)","(24, 18)","(56, 37)"
51,60,0.2,bot1,success,19,12448574322579534122,17600222509789850780,"(32, 11)","(24, 18)","(56, 37)"
51,60,0.2,bot2,success,19,12448574322579534122,17600222509789850780,"(32, 11)","(24, 18)","(56, 37)"
51,60,0.2,bot3,success,19,12448574322579534122,17600222509789850780,"(32, 11)","(24, 18)","(56, 37)"
51,60,0.2,bot4,success,19,12448574322579534122,17600222509789850780,"(32, 11)","(24, 18)","(56, 37)"
51,60,0.3,bot1,success,19,12448574322579534122,17600222509789850780,"(32, 11)","(24, 18)","(56, 37)"
51,60,0.3,bot2,success,19,12448574322579534122,17600222509789850780,"(32, 11)","(24, 18)","(56, 37)"
51,60,0.3,bot3,success,19,12448574322579534122,17600222509789850780,"(32, 11)","(24, 18)","(56, 37)"
51,60,0.3,bot4,success,19,12448574322579534122,17600222509789850780,"(32, 11)","(24, 18)","(56, 37)"
51,60,0.4,bot1,success,19,12448574322579534122,17600222509789850780,"(32, 11)","(24, 18)","(56, 37)"
51,60,0.4,bot2,success,19,12448574322579534122,17600222509789850780,"(32, 11)","(24, 18)","(56, 37)"
51,60,0.4,bot3,success,19,12448574322579534122,17600222509789850780,"(32, 11)","(24, 18)","(56, 37)"
51,60,0.4,bot4,success,19,12448574322579534122,17600222509789850780,"(32, 11)","(24, 18)","(56, 37)"
51,60,0.5,bot1,success,19,12448574322579534122,17600222509789850780,"(32, 11)","(24, 18)","(56, 37)"
51,60,0.5,bot2,success,19,12448574322579534122,17600222509789850780,"(32, 11)","(24, 18)","(56, 37)"
51,60,0.5,bot3,success,19,12448574322579534122,17600222509789850780,"(32, 11)","(24, 18)","(56, 37)"
51,60,0.5,bot4,success,19,12448574322579534122,17600222509789850780,"(32, 11)","(24, 18)","(56, 37)"
51,60,0.6,bot1,success,19,12448574322579534122,17600222509789850780,"(32, 11)","(24, 18)","(56, 37)"
51,60,0.6,bot2,success,19,12448574322579534122,17600222509789850780,"(32, 11)","(24, 18)","(56, 37)"
51,60,0.6,bot3,success,19,12448574322579534122,17600222509789850780,"(32, 11)","(24, 18)","(56, 37)"
51,60,0.6,bot4,success,19,12448574322579534122,17600222509789850780,"(32, 11)","(24, 18)","(56, 37)"
51,60,0.7,bot1,success,19,12448574322579534122,17600222509789850780,"(32, 11)","(24, 18)","(56, 37)"
51,60,0.7,bot2,success,19,12448574322579534122,17600222509789850780,"(32, 11)","(24, 18)","(56, 37)"
51,60,0.7,bot3,success,19,12448574322579534122,17600222509789850780,"(32, 11)","(24, 18)","(56, 37)"
51,60,0.7,bot4,success,19,12448574322579534122,17600222509789850780,"(32, 11)","(24, 18)","(56, 37)"
51,60,0.8,bot1,success,19,12448574322579534122,17600222509789850780,"(32, 11)","(24, 18)","(56, 37)"
51,60,0.8,bot2,success,19,12448574322579534122,17600222509789850780,"(32, 11)","(24, 18)","(56, 37)"
51,60,0.8,bot3,success,19,12448574322579534122,17600222509789850780,"(32, 11)","(24, 18)","(56, 37)"
51,60,0.8,bot4,success,19,12448574322579534122,17600222509789850780,"(32, 11)","(24, 18)","(56, 37)"
51,60,0.9,bot1,success,19,12448574322579534122,17600222509789850780,"(32, 11)","(24, 18)","(56, 37)"
51,60,0.9,bot2,success,19,12448574322579534122,17600222509789850780,"(32, 11)","(24, 18)","(56, 37)"
51,60,0.9,bot3,success,19,12448574322579534122,17600222509789850780,"(32, 11)","(24, 18)","(56, 37)"
51,60,0.9,bot4,success,19,12448574322579534122,17600222509789850780,"(32, 11)","(24, 18)","(56, 37)"
51,60,1.0,bot1,success,19,12448574322579534122,17600222509789850780,"(32, 11)","(24, 18)","(56, 37)"
51,60,1.0,bot2,success,19,12448574322579534122,17600222509789850780,"(32, 11)","(24, 18)","(56, 37)"
51,60,1.0,bot3,success,19,12448574322579534122,17600222509789850780,"(32, 11)","(24, 18)","(56, 37)"
51,60,1.0,bot4,success,19,12448574322579534122,17600222509789850780,"(32, 11)","(24, 18)","(56, 37)"
52,60,0.0,bot1,success,58,9425699769409858088,14775050832418706351,"(1, 28)","(41, 42)","(55, 22)"
52,60,0.0,bot2,success,58,9425699769409858088,14775050832418706351,"(1, 28)","(41, 42)","(55, 22)"
52,60,0.0,bot3,success,58,9425699769409858088,14775050832418706351,"(1, 28)","(41, 42)","(55, 22)"
52,60,0.0,bot4,success,58,9425699769409858088,14775050832418706351,"(1, 28)","(41, 42)","(55, 22)"
52,60,0.1,bot1,success,58,9425699769409858088,14775050832418706351,"(1, 28)","(41, 42)","(55, 22)"
52,60,0.1,bot2,success,58,9425699769409858088,14775050832418706351,"(1, 28)","(41, 42)","(55, 22)"
52,60,0.1,bot3,success,58,9425699769409858088,14775050832418706351,"(1, 28)","(41, 42)","(55, 22)"
52,60,0.1,bot4,success,58,9425699769409858088,14775050832418706351,"(1, 28)","(41, 42)","(55, 22)"
52,60,0.2,bot1,success,58,9425699769409858088,14775050832418706351,"(1, 28)","(41, 42)","(55, 22)"
52,60,0.2,bot2,success,58,9425699769409858088,14775050832418706351,"(1, 28)","(41, 42)","(55, 22)"
52,60,0.2,bot3,success,58,9425699769409858088,14775050832418706351,"(1, 28)","(41, 42)","(55, 22)"
52,60,0.2,bot4,success,58,9425699769409858088,14775050832418706351,"(1, 28)","(41, 42)","(55, 22)"
52,60,0.3,bot1,success,58,9425699769409858088,14775050832418706351,"(1, 28)","(41, 42)","(55, 22)"
52,60,0.3,bot2,success,58,9425699769409858088,14775050832418706351,"(1, 28)","(41, 42)","(55, 22)"
52,60,0.3,bot3,success,58,9425699769409858088,14775050832418706351,"(1, 28)","(41, 42)","(55, 22)"
52,60,0.3,bot4,success,58,9425699769409858088,14775050832418706351,"(1, 28)","(41, 42)","(55, 22)"
52,60,0.4,bot1,success,58,9425699769409858088,14775050832418706351,"(1, 28)","(41, 42)","(55, 22)"
52,60,0.4,bot2,success,58,9425699769409858088,14775050832418706351,"(1, 28)","(41, 42)","(55, 22)"
52,60,0.4,bot3,success,58,9425699769409858088,14775050832418706351,"(1, 28)","(41, 42)","(55, 22)"
52,60,0.4,bot4,success,58,9425699769409858088,14775050832418706351,"(1, 28)","(41, 42)","(55, 22)"
52,60,0.5,bot1,burned,56,9425699769409858088,14775050832418706351,"(1, 28)","(41, 42)","(55, 22)"
52,60,0.5,bot2,burned,66,9425699769409858088,14775050832418706351,"(1, 28)","(41, 42)","(55, 22)"
52,60,0.5,bot3,burned,66,9425699769409858088,14775050832418706351,"(1, 28)","(41, 42)","(55, 22)"
52,60,0.5,bot4,burned,66,9425699769409858088,14775050832418706351,"(1, 28)","(41, 42)","(55, 22)"
52,60,0.6,bot1,burned,54,9425699769409858088,14775050832418706351,"(1, 28)","(41, 42)","(55, 22)"
52,60,0.6,bot2,burned,57,9425699769409858088,14775050832418706351,"(1, 28)","(41, 42)","(55, 22)"
52,60,0.6,bot3,burned,57,9425699769409858088,14775050832418706351,"(1, 28)","(41, 42)","(55, 22)"
52,60,0.6,bot4,burned,58,9425699769409858088,14775050832418706351,"(1, 28)","(41, 42)","(55, 22)"
52,60,0.7,bot1,burned,52,9425699769409858088,14775050832418706351,"(1, 28)","(41, 42)","(55, 22)"
52,60,0.7,bot2,burned,53,9425699769409858088,14775050832418706351,"(1, 28)","(41, 42)","(55, 22)"
52,60,0.7,bot3,burned,53,9425699769409858088,14775050832418706351,"(1, 28)","(41, 42)","(55, 22)"
52,60,0.7,bot4,burned,53,9425699769409858088,14775050832418706351,"(1, 28)","(41, 42)","(55, 22)"
52,60,0.8,bot1,burned,46,9425699769409858088,14775050832418706351,"(1, 28)","(41, 42)","(55, 22)"
52,60,0.8,bot2,burned,49,9425699769409858088,14775050832418706351,"(1, 28)","(41, 42)","(55, 22)"
52,60,0.8,bot3,burned,49,9425699769409858088,14775050832418706351,"(1, 28)","(41, 42)","(55, 22)"
52,60,0.8,bot4,burned,49,9425699769409858088,14775050832418706351,"(1, 28)","(41, 42)","(55, 22)"
52,60,0.9,bot1,burned,45,9425699769409858088,14775050832418706351,"(1, 28)","(41, 42)","(55, 22)"
52,60,0.9,bot2,burned,48,9425699769409858088,14775050832418706351,"(1, 28)","(41, 42)","(55, 22)"
52,60,0.9,bot3,burned,48,9425699769409858088,14775050832418706351,"(1, 28)","(41, 42)","(55, 22)"
52,60,0.9,bot4,burned,48,9425699769409858088,14775050832418706351,"(1, 28)","(41, 42)","(55, 22)"
52,60,1.0,bot1,burned,43,9425699769409858088,14775050832418706351,"(1, 28)","(41, 42)","(55, 22)"
52,60,1.0,bot2,burned,42,9425699769409858088,14775050832418706351,"(1, 28)","(41, 42)","(55, 22)"
52,60,1.0,bot3,burned,42,9425699769409858088,14775050832418706351,"(1, 28)","(41, 42)","(55, 22)"
52,60,1.0,bot4,burned,42,9425699769409858088,14775050832418706351,"(1, 28)","(41, 42)","(55, 22)"
53,60,0.0,bot1,success,59,10033350038410887019,5330186417397297423,"(30, 55)","(17, 17)","(51, 29)"
53,60,0.0,bot2,success,59,10033350038410887019,5330186417397297423,"(30, 55)","(17, 17)","(51, 29)"
53,60,0.0,bot3,success,59,10033350038410887019,5330186417397297423,"(30, 55)","(17, 17)","(51, 29)"
53,60,0.0,bot4,success,59,10033350038410887019,5330186417397297423,"(30, 55)","(17, 17)","(51, 29)"
53,60,0.1,bot1,success,59,10033350038410887019,5330186417397297423,"(30, 55)","(17, 17)","(51, 29)"
53,60,0.1,bot2,success,59,10033350038410887019,5330186417397297423,"(30, 55)","(17, 17)","(51, 29)"
53,60,0.1,bot3,success,59,10033350038410887019,5330186417397297423,"(30, 55)","(17, 17)","(51, 29)"
53,60,0.1,bot4,success,59,10033350038410887019,5330186417397297423,"(30, 55)","(17, 17)","(51, 29)"
53,60,0.2,bot1,success,59,10033350038410887019,5330186417397297423,"(30, 55)","(17, 17)","(51, 29)"
53,60,0.2,bot2,success,59,10033350038410887019,5330186417397297423,"(30, 55)","(17, 17)","(51, 29)"
53,60,0.2,bot3,success,59,10033350038410887019,5330186417397297423,"(30, 55)","(17, 17)","(51, 29)"
53,60,0.2,bot4,success,59,10033350038410887019,5330186417397297423,"(30, 55)","(17, 17)","(51, 29)"
53,60,0.3,bot1,success,59,10033350038410887019,5330186417397297423,"(30, 55)","(17, 17)","(51, 29)"
53,60,0.3,bot2,success,59,10033350038410887019,5330186417397297423,"(30, 55)","(17, 17)","(51, 29)"
53,60,0.3,bot3,success,59,10033350038410887019,5330186417397297423,"(30, 55)","(17, 17)","(51, 29)"
53,60,0.3,bot4,success,59,10033350038410887019,5330186417397297423,"(30, 55)","(17, 17)","(51, 29)"
53,60,0.4,bot1,success,59,10033350038410887019,5330186417397297423,"(30, 55)","(17, 17)","(51, 29)"
53,60,0.4,bot2,success,59,10033350038410887019,5330186417397297423,"(30, 55)","(17, 17)","(51, 29)"
53,60,0.4,bot3,success,59,10033350038410887019,5330186417397297423,"(30, 55)","(17, 17)","(51, 29)"
53,60,0.4,bot4,success,59,10033350038410887019,5330186417397297423,"(30, 55)","(17, 17)","(51, 29)"
53,60,0.5,bot1,success,59,10033350038410887019,5330186417397297423,"(30, 55)","(17, 17)","(51, 29)"
53,60,0.5,bot2,success,59,10033350038410887019,5330186417397297423,"(30, 55)","(17, 17)","(51, 29)"
53,60,0.5,bot3,success,59,10033350038410887019,5330186417397297423,"(30, 55)","(17, 17)","(51, 29)"
53,60,0.5,bot4,success,59,10033350038410887019,5330186417397297423,"(30, 55)","(17, 17)","(51, 29)"
53,60,0.6,bot1,success,59,10033350038410887019,5330186417397297423,"(30, 55)","(17, 17)","(51, 29)"
53,60,0.6,bot2,success,59,10033350038410887019,5330186417397297423,"(30, 55)","(17, 17)","(51, 29)"
53,60,0.6,bot3,success,59,10033350038410887019,5330186417397297423,"(30, 55)","(17, 17)","(51, 29)"
53,60,0.6,bot4,success,59,10033350038410887019,5330186417397297423,"(30, 55)","(17, 17)","(51, 29)"
53,60,0.7,bot1,success,59,10033350038410887019,5330186417397297423,"(30, 55)","(17, 17)","(51, 29)"
53,60,0.7,bot2,success,59,10033350038410887019,5330186417397297423,"(30, 55)","(17, 17)","(51, 29)"
53,60,0.7,bot3,success,59,10033350038410887019,5330186417397297423,"(30, 55)","(17, 17)","(51, 29)"
53,60,0.7,bot4,success,59,10033350038410887019,5330186417397297423,"(30, 55)","(17, 17)","(51, 29)"
53,60,0.8,bot1,burned,57,10033350038410887019,5330186417397297423,"(30, 55)","(17, 17)","(51, 29)"
53,60,0.8,bot2,burned,57,10033350038410887019,5330186417397297423,"(30, 55)","(17, 17)","(51, 29)"
53,60,0.8,bot3,burned,57,10033350038410887019,5330186417397297423,"(30, 55)","(17, 17)","(51, 29)"
53,60,0.8,bot4,burned,57,10033350038410887019,5330186417397297423,"(30, 55)","(17, 17)","(51, 29)"
53,60,0.9,bot1,burned,45,10033350038410887019,5330186417397297423,"(30, 55)","(17, 17)","(51, 29)"
53,60,0.9,bot2,burned,53,10033350038410887019,5330186417397297423,"(30, 55)","(17, 17)","(51, 29)"
53,60,0.9,bot3,burned,53,10033350038410887019,5330186417397297423,"(30, 55)","(17, 17)","(51, 29)"
53,60,0.9,bot4,burned,53,10033350038410887019,5330186417397297423,"(30, 55)","(17, 17)","(51, 29)"
53,60,1.0,bot1,burned,45,10033350038410887019,5330186417397297423,"(30, 55)","(17, 17)","(51, 29)"
53,60,1.0,bot2,burned,49,10033350038410887019,5330186417397297423,"(30, 55)","(17, 17)","(51, 29)"
53,60,1.0,bot3,burned,49,10033350038410887019,5330186417397297423,"(30, 55)","(17, 17)","(51, 29)"
53,60,1.0,bot4,burned,49,10033350038410887019,5330186417397297423,"(30, 55)","(17, 17)","(51, 29)"
54,60,0.0,bot1,success,36,14118459989612266153,11359128163715431294,"(33, 39)","(40, 14)","(53, 42)"
54,60,0.0,bot2,success,36,14118459989612266153,11359128163715431294,"(33, 39)","(40, 14)","(53, 42)"
54,60,0.0,bot3,success,36,14118459989612266153,11359128163715431294,"(33, 39)","(40, 14)","(53, 42)"
54,60,0.0,bot4,success,36,14118459989612266153,11359128163715431294,"(33, 39)","(40, 14)","(53, 42)"
54,60,0.1,bot1,success,36,14118459989612266153,11359128163715431294,"(33, 39)","(40, 14)","(53, 42)"
54,60,0.1,bot2,success,36,14118459989612266153,11359128163715431294,"(33, 39)","(40, 14)","(53, 42)"
54,60,0.1,bot3,success,36,14118459989612266153,11359128163715431294,"(33, 39)","(40, 14)","(53, 42)"
54,60,0.1,bot4,success,36,14118459989612266153,11359128163715431294,"(33, 39)","(40, 14)","(53, 42)"
54,60,0.2,bot1,success,36,14118459989612266153,11359128163715431294,"(33, 39)","(40, 14)","(53, 42)"
54,60,0.2,bot2,success,36,14118459989612266153,11359128163715431294,"(33, 39)","(40, 14)","(53, 42)"
54,60,0.2,bot3,success,36,14118459989612266153,11359128163715431294,"(33, 39)","(40, 14)","(53, 42)"
54,60,0.2,bot4,success,36,14118459989612266153,11359128163715431294,"(33, 39)","(40, 14)","(53, 42)"
54,60,0.3,bot1,success,36,14118459989612266153,11359128163715431294,"(33, 39)","(40, 14)","(53, 42)"
54,60,0.3,bot2,success,36,14118459989612266153,11359128163715431294,"(33, 39)","(40, 14)","(53, 42)"
54,60,0.3,bot3,success,36,14118459989612266153,11359128163715431294,"(33, 39)","(40, 14)","(53, 42)"
54,60,0.3,bot4,success,36,14118459989612266153,11359128163715431294,"(33, 39)","(40, 14)","(53, 42)"
54,60,0.4,bot1,success,36,14118459989612266153,11359128163715431294,"(33, 39)","(40, 14)","(53, 42)"
54,60,0.4,bot2,success,36,14118459989612266153,11359128163715431294,"(33, 39)","(40, 14)","(53, 42)"
54,60,0.4,bot3,success,36,14118459989612266153,11359128163715431294,"(33, 39)","(40, 14)","(53, 42)"
54,60,0.4,bot4,success,36,14118459989612266153,11359128163715431294,"(33, 39)","(40, 14)","(53, 42)"
54,60,0.5,bot1,success,36,14118459989612266153,11359128163715431294,"(33, 39)","(40, 14)","(53, 42)"
54,60,0.5,bot2,success,36,14118459989612266153,11359128163715431294,"(33, 39)","(40, 14)","(53, 42)"
54,60,0.5,bot3,success,36,14118459989612266153,11359128163715431294,"(33, 39)","(40, 14)","(53, 42)"
54,60,0.5,bot4,success,36,14118459989612266153,11359128163715431294,"(33, 39)","(40, 14)","(53, 42)"
54,60,0.6,bot1,success,36,14118459989612266153,11359128163715431294,"(33, 39)","(40, 14)","(53, 42)"
54,60,0.6,bot2,success,36,14118459989612266153,11359128163715431294,"(33, 39)","(40, 14)","(53, 42)"
54,60,0.6,bot3,success,36,14118459989612266153,11359128163715431294,"(33, 39)","(40, 14)","(53, 42)"
54,60,0.6,bot4,success,36,14118459989612266153,11359128163715431294,"(33, 39)","(40, 14)","(53, 42)"
54,60,0.7,bot1,success,36,14118459989612266153,11359128163715431294,"(33, 39)","(40, 14)","(53, 42)"
54,60,0.7,bot2,success,36,14118459989612266153,11359128163715431294,"(33, 39)","(40, 14)","(53, 42)"
54,60,0.7,bot3,success,36,14118459989612266153,11359128163715431294,"(33, 39)","(40, 14)","(53, 42)"
54,60,0.7,bot4,success,36,14118459989612266153,11359128163715431294,"(33, 39)","(40, 14)","(53, 42)"
54,60,0.8,bot1,success,36,14118459989612266153,11359128163715431294,"(33, 39)","(40, 14)","(53, 42)"
54,60,0.8,bot2,success,36,14118459989612266153,11359128163715431294,"(33, 39)","(40, 14)","(53, 42)"
54,60,0.8,bot3,success,36,14118459989612266153,11359128163715431294,"(33, 39)","(40, 14)","(53, 42)"
54,60,0.8,bot4,success,36,14118459989612266153,11359128163715431294,"(33, 39)","(40, 14)","(53, 42)"
54,60,0.9,bot1,success,36,14118459989612266153,11359128163715431294,"(33, 39)","(40, 14)","(53, 42)"
54,60,0.9,bot2,success,36,14118459989612266153,11359128163715431294,"(33, 39)","(40, 14)","(53, 42)"
54,60,0.9,bot3,success,36,14118459989612266153,11359128163715431294,"(33, 39)","(40, 14)","(53, 42)"
54,60,0.9,bot4,success,36,14118459989612266153,11359128163715431294,"(33, 39)","(40, 14)","(53, 42)"
54,60,1.0,bot1,success,36,14118459989612266153,11359128163715431294,"(33, 39)","(40, 14)","(53, 42)"
54,60,1.0,bot2,success,36,14118459989612266153,11359128163715431294,"(33, 39)","(40, 14)","(53, 42)"
54,60,1.0,bot3,success,36,14118459989612266153,11359128163715431294,"(33, 39)","(40, 14)","(53, 42)"
54,60,1.0,bot4,success,36,14118459989612266153,11359128163715431294,"(33, 39)","(40, 14)","(53, 42)"
55,60,0.0,bot1,success,58,10069085792252939136,8848091499563485234,"(5, 48)","(23, 12)","(41, 4)"
55,60,0.0,bot2,success,58,10069085792252939136,8848091499563485234,"(5, 48)","(23, 12)","(41, 4)"
55,60,0.0,bot3,success,58,10069085792252939136,8848091499563485234,"(5, 48)","(23, 12)","(41, 4)"
55,60,0.0,bot4,success,58,10069085792252939136,8848091499563485234,"(5, 48)","(23, 12)","(41, 4)"
55,60,0.1,bot1,success,58,10069085792252939136,8848091499563485234,"(5, 48)","(23, 12)","(41, 4)"
55,60,0.1,bot2,success,58,10069085792252939136,8848091499563485234,"(5, 48)","(23, 12)","(41, 4)"
55,60,0.1,bot3,success,58,10069085792252939136,8848091499563485234,"(5, 48)","(23, 12)","(41, 4)"
55,60,0.1,bot4,success,58,10069085792252939136,8848091499563485234,"(5, 48)","(23, 12)","(41, 4)"
55,60,0.2,bot1,success,58,10069085792252939136,8848091499563485234,"(5, 48)","(23, 12)","(41, 4)"
55,60,0.2,bot2,success,58,10069085792252939136,8848091499563485234,"(5, 48)","(23, 12)","(41, 4)"
55,60,0.2,bot3,success,58,10069085792252939136,8848091499563485234,"(5, 48)","(23, 12)","(41, 4)"
55,60,0.2,bot4,success,58,10069085792252939136,8848091499563485234,"(5, 48)","(23, 12)","(41, 4)"
55,60,0.3,bot1,success,58,10069085792252939136,8848091499563485234,"(5, 48)","(23, 12)","(41, 4)"
55,60,0.3,bot2,success,58,10069085792252939136,8848091499563485234,"(5, 48)","(23, 12)","(41, 4)"
55,60,0.3,bot3,success,58,10069085792252939136,8848091499563485234,"(5, 48)","(23, 12)","(41, 4)"
55,60,0.3,bot4,success,58,10069085792252939136,8848091499563485234,"(5, 48)","(23, 12)","(41, 4)"
55,60,0.4,bot1,burned,57,10069085792252939136,8848091499563485234,"(5, 48)","(23, 12)","(41, 4)"
55,60,0.4,bot2,burned,57,10069085792252939136,8848091499563485234,"(5, 48)","(23, 12)","(41, 4)"
55,60,0.4,bot3,burned,72,10069085792252939136,8848091499563485234,"(5, 48)","(23, 12)","(41, 4)"
55,60,0.4,bot4,success,58,10069085792252939136,8848091499563485234,"(5, 48)","(23, 12)","(41, 4)"
55,60,0.5,bot1,burned,52,10069085792252939136,8848091499563485234,"(5, 48)","(23, 12)","(41, 4)"
55,60,0.5,bot2,burned,62,10069085792252939136,8848091499563485234,"(5, 48)","(23, 12)","(41, 4)"
55,60,0.5,bot3,burned,62,10069085792252939136,8848091499563485234,"(5, 48)","(23, 12)","(41, 4)"
55,60,0.5,bot4,burned,62,10069085792252939136,8848091499563485234,"(5, 48)","(23, 12)","(41, 4)"
55,60,0.6,bot1,burned,55,10069085792252939136,8848091499563485234,"(5, 48)","(23, 12)","(41, 4)"
55,60,0.6,bot2,burned,59,10069085792252939136,8848091499563485234,"(5, 48)","(23, 12)","(41, 4)"
55,60,0.6,bot3,burned,59,10069085792252939136,8848091499563485234,"(5, 48)","(23, 12)","(41, 4)"
55,60,0.6,bot4,burned,59,10069085792252939136,8848091499563485234,"(5, 48)","(23, 12)","(41, 4)"
55,60,0.7,bot1,burned,49,10069085792252939136,8848091499563485234,"(5, 48)","(23, 12)","(41, 4)"
55,60,0.7,bot2,burned,59,10069085792252939136,8848091499563485234,"(5, 48)","(23, 12)","(41, 4)"
55,60,0.7,bot3,burned,59,10069085792252939136,8848091499563485234,"(5, 48)","(23, 12)","(41, 4)"
55,60,0.7,bot4,burned,59,10069085792252939136,8848091499563485234,"(5, 48)","(23, 12)","(41, 4)"
55,60,0.8,bot1,burned,49,10069085792252939136,8848091499563485234,"(5, 48)","(23, 12)","(41, 4)"
55,60,0.8,bot2,burned,59,10069085792252939136,8848091499563485234,"(5, 48)","(23, 12)","(41, 4)"
55,60,0.8,bot3,burned,59,10069085792252939136,8848091499563485234,"(5, 48)","(23, 12)","(41, 4)"
55,60,0.8,bot4,burned,59,10069085792252939136,8848091499563485234,"(5, 48)","(23, 12)","(41, 4)"
55,60,0.9,bot1,burned,45,10069085792252939136,8848091499563485234,"(5, 48)","(23, 12)","(41, 4)"
55,60,0.9,bot2,burned,60,10069085792252939136,8848091499563485234,"(5, 48)","(23, 12)","(41, 4)"
55,60,0.9,bot3,burned,60,10069085792252939136,8848091499563485234,"(5, 48)","(23, 12)","(41, 4)"
55,60,0.9,bot4,burned,60,10069085792252939136,8848091499563485234,"(5, 48)","(23, 12)","(41, 4)"
55,60,1.0,bot1,burned,43,10069085792252939136,8848091499563485234,"(5, 48)","(23, 12)","(41, 4)"
55,60,1.0,bot2,burned,56,10069085792252939136,8848091499563485234,"(5, 48)","(23, 12)","(41, 4)"
55,60,1.0,bot3,burned,56,10069085792252939136,8848091499563485234,"(5, 48)","(23, 12)","(41, 4)"
55,60,1.0,bot4,burned,56,10069085792252939136,8848091499563485234,"(5, 48)","(23, 12)","(41, 4)"
56,60,0.0,bot1,success,51,12585462935317800933,13188143484424988904,"(44, 0)","(27, 28)","(51, 0)"
56,60,0.0,bot2,success,51,12585462935317800933,13188143484424988904,"(44, 0)","(27, 28)","(51, 0)"
56,60,0.0,bot3,success,51,12585462935317800933,13188143484424988904,"(44, 0)","(27, 28)","(51, 0)"
56,60,0.0,bot4,success,51,12585462935317800933,13188143484424988904,"(44, 0)","(27, 28)","(51, 0)"
56,60,0.1,bot1,success,51,12585462935317800933,13188143484424988904,"(44, 0)","(27, 28)","(51, 0)"
56,60,0.1,bot2,success,51,12585462935317800933,13188143484424988904,"(44, 0)","(27, 28)","(51, 0)"
56,60,0.1,bot3,success,51,12585462935317800933,13188143484424988904,"(44, 0)","(27, 28)","(51, 0)"
56,60,0.1,bot4,success,51,12585462935317800933,13188143484424988904,"(44, 0)","(27, 28)","(51, 0)"
56,60,0.2,bot1,success,51,12585462935317800933,13188143484424988904,"(44, 0)","(27, 28)","(51, 0)"
56,60,0.2,bot2,success,51,12585462935317800933,13188143484424988904,"(44, 0)","(27, 28)","(51, 0)"
56,60,0.2,bot3,success,51,12585462935317800933,13188143484424988904,"(44, 0)","(27, 28)","(51, 0)"
56,60,0.2,bot4,success,51,12585462935317800933,13188143484424988904,"(44, 0)","(27, 28)","(51, 0)"
56,60,0.3,bot1,success,51,12585462935317800933,13188143484424988904,"(44, 0)","(27, 28)","(51, 0)"
56,60,0.3,bot2,success,51,12585462935317800933,13188143484424988904,"(44, 0)","(27, 28)","(51, 0)"
56,60,0.3,bot3,success,51,12585462935317800933,13188143484424988904,"(44, 0)","(27, 28)","(51, 0)"
56,60,0.3,bot4,success,51,12585462935317800933,13188143484424988904,"(44, 0)","(27, 28)","(51, 0)"
56,60,0.4,bot1,success,51,12585462935317800933,13188143484424988904,"(44, 0)","(27, 28)","(51, 0)"
56,60,0.4,bot2,success,51,12585462935317800933,13188143484424988904,"(44, 0)","(27, 28)","(51, 0)"
56,60,0.4,bot3,success,51,12585462935317800933,13188143484424988904,"(44, 0)","(27, 28)","(51, 0)"
56,60,0.4,bot4,success,51,12585462935317800933,13188143484424988904,"(44, 0)","(27, 28)","(51, 0)"
56,60,0.5,bot1,success,51,12585462935317800933,13188143484424988904,"(44, 0)","(27, 28)","(51, 0)"
56,60,0.5,bot2,success,51,12585462935317800933,13188143484424988904,"(44, 0)","(27, 28)","(51, 0)"
56,60,0.5,bot3,success,51,12585462935317800933,13188143484424988904,"(44, 0)","(27, 28)","(51, 0)"
56,60,0.5,bot4,success,51,12585462935317800933,13188143484424988904,"(44, 0)","(27, 28)","(51, 0)"
56,60,0.6,bot1,success,51,12585462935317800933,13188143484424988904,"(44, 0)","(27, 28)","(51, 0)"
56,60,0.6,bot2,success,51,12585462935317800933,13188143484424988904,"(44, 0)","(27, 28)","(51, 0)"
56,60,0.6,bot3,success,51,12585462935317800933,13188143484424988904,"(44, 0)","(27, 28)","(51, 0)"
56,60,0.6,bot4,success,51,12585462935317800933,13188143484424988904,"(44, 0)","(27, 28)","(51, 0)"
56,60,0.7,bot1,success,51,12585462935317800933,13188143484424988904,"(44, 0)","(27, 28)","(51, 0)"
56,60,0.7,bot2,success,51,12585462935317800933,13188143484424988904,"(44, 0)","(27, 28)","(51, 0)"
56,60,0.7,bot3,success,51,12585462935317800933,13188143484424988904,"(44, 0)","(27, 28)","(51, 0)"
56,60,0.7,bot4,success,51,12585462935317800933,13188143484424988904,"(44, 0)","(27, 28)","(51, 0)"
56,60,0.8,bot1,success,51,12585462935317800933,13188143484424988904,"(44, 0)","(27, 28)","(51, 0)"
56,60,0.8,bot2,success,51,12585462935317800933,13188143484424988904,"(44, 0)","(27, 28)","(51, 0)"
56,60,0.8,bot3,success,51,12585462935317800933,13188143484424988904,"(44, 0)","(27, 28)","(51, 0)"
56,60,0.8,bot4,success,51,12585462935317800933,13188143484424988904,"(44, 0)","(27, 28)","(51, 0)"
56,60,0.9,bot1,success,51,12585462935317800933,13188143484424988904,"(44, 0)","(27, 28)","(51, 0)"
56,60,0.9,bot2,success,51,12585462935317800933,13188143484424988904,"(44, 0)","(27, 28)","(51, 0)"
56,60,0.9,bot3,success,51,12585462935317800933,13188143484424988904,"(44, 0)","(27, 28)","(51, 0)"
56,60,0.9,bot4,success,51,12585462935317800933,13188143484424988904,"(44, 0)","(27, 28)","(51, 0)"
56,60,1.0,bot1,success,51,12585462935317800933,13188143484424988904,"(44, 0)","(27, 28)","(51, 0)"
56,60,1.0,bot2,success,51,12585462935317800933,13188143484424988904,"(44, 0)","(27, 28)","(51, 0)"
56,60,1.0,bot3,success,51,12585462935317800933,13188143484424988904,"(44, 0)","(27, 28)","(51, 0)"
56,60,1.0,bot4,success,51,12585462935317800933,13188143484424988904,"(44, 0)","(27, 28)","(51, 0)"
57,60,0.0,bot1,success,30,10679431502686120380,7193994604578193398,"(46, 14)","(28, 16)","(34, 33)"
57,60,0.0,bot2,success,30,10679431502686120380,7193994604578193398,"(46, 14)","(28, 16)","(34, 33)"
57,60,0.0,bot3,success,30,10679431502686120380,7193994604578193398,"(46, 14)","(28, 16)","(34, 33)"
57,60,0.0,bot4,success,30,10679431502686120380,7193994604578193398,"(46, 14)","(28, 16)","(34, 33)"
57,60,0.1,bot1,success,30,10679431502686120380,7193994604578193398,"(46, 14)","(28, 16)","(34, 33)"
57,60,0.1,bot2,success,30,10679431502686120380,7193994604578193398,"(46, 14)","(28, 16)","(34, 33)"
57,60,0.1,bot3,success,30,10679431502686120380,7193994604578193398,"(46, 14)","(28, 16)","(34, 33)"
57,60,0.1,bot4,success,30,10679431502686120380,7193994604578193398,"(46, 14)","(28, 16)","(34, 33)"
57,60,0.2,bot1,success,30,10679431502686120380,7193994604578193398,"(46, 14)","(28, 16)","(34, 33)"
57,60,0.2,bot2,success,30,10679431502686120380,7193994604578193398,"(46, 14)","(28, 16)","(34, 33)"
57,60,0.2,bot3,success,30,10679431502686120380,7193994604578193398,"(46, 14)","(28, 16)","(34, 33)"
57,60,0.2,bot4,success,30,10679431502686120380,7193994604578193398,"(46, 14)","(28, 16)","(34, 33)"
57,60,0.3,bot1,success,30,10679431502686120380,7193994604578193398,"(46, 14)","(28, 16)","(34, 33)"
57,60,0.3,bot2,success,30,10679431502686120380,7193994604578193398,"(46, 14)","(28, 16)","(34, 33)"
57,60,0.3,bot3,success,30,10679431502686120380,7193994604578193398,"(46, 14)","(28, 16)","(34, 33)"
57,60,0.3,bot4,success,30,10679431502686120380,7193994604578193398,"(46, 14)","(28, 16)","(34, 33)"
57,60,0.4,bot1,success,30,10679431502686120380,7193994604578193398,"(46, 14)","(28, 16)","(34, 33)"
57,60,0.4,bot2,success,30,10679431502686120380,7193994604578193398,"(46, 14)","(28, 16)","(34, 33)"
57,60,0.4,bot3,success,30,10679431502686120380,7193994604578193398,"(46, 14)","(28, 16)","(34, 33)"
57,60,0.4,bot4,success,30,10679431502686120380,7193994604578193398,"(46, 14)","(28, 16)","(34, 33)"
57,60,0.5,bot1,success,30,10679431502686120380,7193994604578193398,"(46, 14)","(28, 16)","(34, 33)"
57,60,0.5,bot2,success,30,10679431502686120380,7193994604578193398,"(46, 14)","(28, 16)","(34, 33)"
57,60,0.5,bot3,success,30,10679431502686120380,7193994604578193398,"(46, 14)","(28, 16)","(34, 33)"
57,60,0.5,bot4,success,30,10679431502686120380,7193994604578193398,"(46, 14)","(28, 16)","(34, 33)"
57,60,0.6,bot1,success,30,10679431502686120380,7193994604578193398,"(46, 14)","(28, 16)","(34, 33)"
57,60,0.6,bot2,success,30,10679431502686120380,7193994604578193398,"(46, 14)","(28, 16)","(34, 33)"
57,60,0.6,bot3,success,30,10679431502686120380,7193994604578193398,"(46, 14)","(28, 16)","(34, 33)"
57,60,0.6,bot4,success,30,10679431502686120380,7193994604578193398,"(46, 14)","(28, 16)","(34, 33)"
57,60,0.7,bot1,burned,28,10679431502686120380,7193994604578193398,"(46, 14)","(28, 16)","(34, 33)"
57,60,0.7,bot2,burned,28,10679431502686120380,7193994604578193398,"(46, 14)","(28, 16)","(34, 33)"
57,60,0.7,bot3,burned,31,10679431502686120380,7193994604578193398,"(46, 14)","(28, 16)","(34, 33)"
57,60,0.7,bot4,burned,28,10679431502686120380,7193994604578193398,"(46, 14)","(28, 16)","(34, 33)"
57,60,0.8,bot1,burned,25,10679431502686120380,7193994604578193398,"(46, 14)","(28, 16)","(34, 33)"
57,60,0.8,bot2,burned,25,10679431502686120380,7193994604578193398,"(46, 14)","(28, 16)","(34, 33)"
57,60,0.8,bot3,burned,30,10679431502686120380,7193994604578193398,"(46, 14)","(28, 16)","(34, 33)"
57,60,0.8,bot4,burned,25,10679431502686120380,7193994604578193398,"(46, 14)","(28, 16)","(34, 33)"
57,60,0.9,bot1,burned,24,10679431502686120380,7193994604578193398,"(46, 14)","(28, 16)","(34, 33)"
57,60,0.9,bot2,burned,25,10679431502686120380,7193994604578193398,"(46, 14)","(28, 16)","(34, 33)"
57,60,0.9,bot3,burned,25,10679431502686120380,7193994604578193398,"(46, 14)","(28, 16)","(34, 33)"
57,60,0.9,bot4,burned,25,10679431502686120380,7193994604578193398,"(46, 14)","(28, 16)","(34, 33)"
57,60,1.0,bot1,burned,23,10679431502686120380,7193994604578193398,"(46, 14)","(28, 16)","(34, 33)"
57,60,1.0,bot2,burned,24,10679431502686120380,7193994604578193398,"(46, 14)","(28, 16)","(34, 33)"
57,60,1.0,bot3,burned,26,10679431502686120380,7193994604578193398,"(46, 14)","(28, 16)","(34, 33)"
57,60,1.0,bot4,burned,24,10679431502686120380,7193994604578193398,"(46, 14)","(28, 16)","(34, 33)"
58,60,0.0,bot1,success,61,1249864590084392413,10500296261339965303,"(56, 29)","(17, 37)","(30, 32)"
58,60,0.0,bot2,success,61,1249864590084392413,10500296261339965303,"(56, 29)","(17, 37)","(30, 32)"
58,60,0.0,bot3,success,67,1249864590084392413,10500296261339965303,"(56, 29)","(17, 37)","(30, 32)"
58,60,0.0,bot4,success,61,1249864590084392413,10500296261339965303,"(56, 29)","(17, 37)","(30, 32)"
58,60,0.1,bot1,burned,33,1249864590084392413,10500296261339965303,"(56, 29)","(17, 37)","(30, 32)"
58,60,0.1,bot2,success,69,1249864590084392413,10500296261339965303,"(56, 29)","(17, 37)","(30, 32)"
58,60,0.1,bot3,success,67,1249864590084392413,10500296261339965303,"(56, 29)","(17, 37)","(30, 32)"
58,60,0.1,bot4,success,69,1249864590084392413,10500296261339965303,"(56, 29)","(17, 37)","(30, 32)"
58,60,0.2,bot1,burned,28,1249864590084392413,10500296261339965303,"(56, 29)","(17, 37)","(30, 32)"
58,60,0.2,bot2,success,67,1249864590084392413,10500296261339965303,"(56, 29)","(17, 37)","(30, 32)"
58,60,0.2,bot3,success,67,1249864590084392413,10500296261339965303,"(56, 29)","(17, 37)","(30, 32)"
58,60,0.2,bot4,success,67,1249864590084392413,10500296261339965303,"(56, 29)","(17, 37)","(30, 32)"
58,60,0.3,bot1,burned,26,1249864590084392413,10500296261339965303,"(56, 29)","(17, 37)","(30, 32)"
58,60,0.3,bot2,burned,93,1249864590084392413,10500296261339965303,"(56, 29)","(17, 37)","(30, 32)"
58,60,0.3,bot3,burned,96,1249864590084392413,10500296261339965303,"(56, 29)","(17, 37)","(30, 32)"
58,60,0.3,bot4,burned,93,1249864590084392413,10500296261339965303,"(56, 29)","(17, 37)","(30, 32)"
58,60,0.4,bot1,burned,24,1249864590084392413,10500296261339965303,"(56, 29)","(17, 37)","(30, 32)"
58,60,0.4,bot2,burned,75,1249864590084392413,10500296261339965303,"(56, 29)","(17, 37)","(30, 32)"
58,60,0.4,bot3,burned,75,1249864590084392413,10500296261339965303,"(56, 29)","(17, 37)","(30, 32)"
58,60,0.4,bot4,burned,75,1249864590084392413,10500296261339965303,"(56, 29)","(17, 37)","(30, 32)"
58,60,0.5,bot1,burned,21,1249864590084392413,10500296261339965303,"(56, 29)","(17, 37)","(30, 32)"
58,60,0.5,bot2,burned,84,1249864590084392413,10500296261339965303,"(56, 29)","(17, 37)","(30, 32)"
58,60,0.5,bot3,burned,84,1249864590084392413,10500296261339965303,"(56, 29)","(17, 37)","(30, 32)"
58,60,0.5,bot4,burned,84,1249864590084392413,10500296261339965303,"(56, 29)","(17, 37)","(30, 32)"
58,60,0.6,bot1,burned,22,1249864590084392413,10500296261339965303,"(56, 29)","(17, 37)","(30, 32)"
58,60,0.6,bot2,burned,41,1249864590084392413,10500296261339965303,"(56, 29)","(17, 37)","(30, 32)"
58,60,0.6,bot3,burned,43,1249864590084392413,10500296261339965303,"(56, 29)","(17, 37)","(30, 32)"
58,60,0.6,bot4,burned,41,1249864590084392413,10500296261339965303,"(56, 29)","(17, 37)","(30, 32)"
58,60,0.7,bot1,burned,22,1249864590084392413,10500296261339965303,"(56, 29)","(17, 37)","(30, 32)"
58,60,0.7,bot2,burned,47,1249864590084392413,10500296261339965303,"(56, 29)","(17, 37)","(30, 32)"
58,60,0.7,bot3,burned,50,1249864590084392413,10500296261339965303,"(56, 29)","(17, 37)","(30, 32)"
58,60,0.7,bot4,burned,47,1249864590084392413,10500296261339965303,"(56, 29)","(17, 37)","(30, 32)"
58,60,0.8,bot1,burned,20,1249864590084392413,10500296261339965303,"(56, 29)","(17, 37)","(30, 32)"
58,60,0.8,bot2,burned,38,1249864590084392413,10500296261339965303,"(56, 29)","(17, 37)","(30, 32)"
58,60,0.8,bot3,burned,38,1249864590084392413,10500296261339965303,"(56, 29)","(17, 37)","(30, 32)"
58,60,0.8,bot4,burned,38,1249864590084392413,10500296261339965303,"(56, 29)","(17, 37)","(30, 32)"
58,60,0.9,bot1,burned,19,1249864590084392413,10500296261339965303,"(56, 29)","(17, 37)","(30, 32)"
58,60,0.9,bot2,burned,22,1249864590084392413,10500296261339965303,"(56, 29)","(17, 37)","(30, 32)"
58,60,0.9,bot3,burned,23,1249864590084392413,10500296261339965303,"(56, 29)","(17, 37)","(30, 32)"
58,60,0.9,bot4,burned,22,1249864590084392413,10500296261339965303,"(56, 29)","(17, 37)","(30, 32)"
58,60,1.0,bot1,burned,18,1249864590084392413,10500296261339965303,"(56, 29)","(17, 37)","(30, 32)"
58,60,1.0,bot2,burned,29,1249864590084392413,10500296261339965303,"(56, 29)","(17, 37)","(30, 32)"
58,60,1.0,bot3,burned,31,1249864590084392413,10500296261339965303,"(56, 29)","(17, 37)","(30, 32)"
58,60,1.0,bot4,burned,29,1249864590084392413,10500296261339965303,"(56, 29)","(17, 37)","(30, 32)"
59,60,0.0,bot1,success,61,832395389643269800,16906560239322799722,"(20, 37)","(40, 12)","(51, 0)"
59,60,0.0,bot2,success,61,832395389643269800,16906560239322799722,"(20, 37)","(40, 12)","(51, 0)"
59,60,0.0,bot3,success,61,832395389643269800,16906560239322799722,"(20, 37)","(40, 12)","(51, 0)"
59,60,0.0,bot4,success,61,832395389643269800,16906560239322799722,"(20, 37)","(40, 12)","(51, 0)"
59,60,0.1,bot1,success,61,832395389643269800,16906560239322799722,"(20, 37)","(40, 12)","(51, 0)"
59,60,0.1,bot2,success,61,832395389643269800,16906560239322799722,"(20, 37)","(40, 12)","(51, 0)"
59,60,0.1,bot3,success,61,832395389643269800,16906560239322799722,"(20, 37)","(40, 12)","(51, 0)"
59,60,0.1,bot4,success,61,832395389643269800,16906560239322799722,"(20, 37)","(40, 12)","(51, 0)"
59,60,0.2,bot1,success,61,832395389643269800,16906560239322799722,"(20, 37)","(40, 12)","(51, 0)"
59,60,0.2,bot2,success,61,832395389643269800,16906560239322799722,"(20, 37)","(40, 12)","(51, 0)"
59,60,0.2,bot3,success,61,832395389643269800,16906560239322799722,"(20, 37)","(40, 12)","(51, 0)"
59,60,0.2,bot4,success,61,832395389643269800,16906560239322799722,"(20, 37)","(40, 12)","(51, 0)"
59,60,0.3,bot1,burned,60,832395389643269800,16906560239322799722,"(20, 37)","(40, 12)","(51, 0)"
59,60,0.3,bot2,burned,63,832395389643269800,16906560239322799722,"(20, 37)","(40, 12)","(51, 0)"
59,60,0.3,bot3,burned,63,832395389643269800,16906560239322799722,"(20, 37)","(40, 12)","(51, 0)"
59,60,0.3,bot4,burned,63,832395389643269800,16906560239322799722,"(20, 37)","(40, 12)","(51, 0)"
59,60,0.4,bot1,burned,58,832395389643269800,16906560239322799722,"(20, 37)","(40, 12)","(51, 0)"
59,60,0.4,bot2,burned,71,832395389643269800,16906560239322799722,"(20, 37)","(40, 12)","(51, 0)"
59,60,0.4,bot3,burned,71,832395389643269800,16906560239322799722,"(20, 37)","(40, 12)","(51, 0)"
59,60,0.4,bot4,burned,71,832395389643269800,16906560239322799722,"(20, 37)","(40, 12)","(51, 0)"
59,60,0.5,bot1,burned,53,832395389643269800,16906560239322799722,"(20, 37)","(40, 12)","(51, 0)"
59,60,0.5,bot2,burned,74,832395389643269800,16906560239322799722,"(20, 37)","(40, 12)","(51, 0)"
59,60,0.5,bot3,burned,74,832395389643269800,16906560239322799722,"(20, 37)","(40, 12)","(51, 0)"
59,60,0.5,bot4,burned,74,832395389643269800,16906560239322799722,"(20, 37)","(40, 12)","(51, 0)"
59,60,0.6,bot1,burned,48,832395389643269800,16906560239322799722,"(20, 37)","(40, 12)","(51, 0)"
59,60,0.6,bot2,burned,84,832395389643269800,16906560239322799722,"(20, 37)","(40, 12)","(51, 0)"
59,60,0.6,bot3,burned,84,832395389643269800,16906560239322799722,"(20, 37)","(40, 12)","(51, 0)"
59,60,0.6,bot4,burned,84,832395389643269800,16906560239322799722,"(20, 37)","(40, 12)","(51, 0)"
59,60,0.7,bot1,burned,47,832395389643269800,16906560239322799722,"(20, 37)","(40, 12)","(51, 0)"
59,60,0.7,bot2,burned,68,832395389643269800,16906560239322799722,"(20, 37)","(40, 12)","(51, 0)"
59,60,0.7,bot3,burned,68,832395389643269800,16906560239322799722,"(20, 37)","(40, 12)","(51, 0)"
59,60,0.7,bot4,burned,68,832395389643269800,16906560239322799722,"(20, 37)","(40, 12)","(51, 0)"
59,60,0.8,bot1,burned,47,832395389643269800,16906560239322799722,"(20, 37)","(40, 12)","(51, 0)"
59,60,0.8,bot2,burned,67,832395389643269800,16906560239322799722,"(20, 37)","(40, 12)","(51, 0)"
59,60,0.8,bot3,burned,67,832395389643269800,16906560239322799722,"(20, 37)","(40, 12)","(51, 0)"
59,60,0.8,bot4,burned,67,832395389643269800,16906560239322799722,"(20, 37)","(40, 12)","(51, 0)"
59,60,0.9,bot1,burned,43,832395389643269800,16906560239322799722,"(20, 37)","(40, 12)","(51, 0)"
59,60,0.9,bot2,burned,61,832395389643269800,16906560239322799722,"(20, 37)","(40, 12)","(51, 0)"
59,60,0.9,bot3,burned,61,832395389643269800,16906560239322799722,"(20, 37)","(40, 12)","(51, 0)"
59,60,0.9,bot4,burned,61,832395389643269800,16906560239322799722,"(20, 37)","(40, 12)","(51, 0)"
59,60,1.0,bot1,burned,41,832395389643269800,16906560239322799722,"(20, 37)","(40, 12)","(51, 0)"
59,60,1.0,bot2,burned,60,832395389643269800,16906560239322799722,"(20, 37)","(40, 12)","(51, 0)"
59,60,1.0,bot3,burned,60,832395389643269800,16906560239322799722,"(20, 37)","(40, 12)","(51, 0)"
59,60,1.0,bot4,burned,60,832395389643269800,16906560239322799722,"(20, 37)","(40, 12)","(51, 0)"
60,60,0.0,bot1,success,15,17127253826387557696,14458593970222826934,"(41, 34)","(31, 31)","(11, 38)"
60,60,0.0,bot2,success,15,17127253826387557696,14458593970222826934,"(41, 34)","(31, 31)","(11, 38)"
60,60,0.0,bot3,success,15,17127253826387557696,14458593970222826934,"(41, 34)","(31, 31)","(11, 38)"
60,60,0.0,bot4,success,15,17127253826387557696,14458593970222826934,"(41, 34)","(31, 31)","(11, 38)"
60,60,0.1,bot1,success,15,17127253826387557696,14458593970222826934,"(41, 34)","(31, 31)","(11, 38)"
60,60,0.1,bot2,success,15,17127253826387557696,14458593970222826934,"(41, 34)","(31, 31)","(11, 38)"
60,60,0.1,bot3,success,15,17127253826387557696,14458593970222826934,"(41, 34)","(31, 31)","(11, 38)"
60,60,0.1,bot4,success,15,17127253826387557696,14458593970222826934,"(41, 34)","(31, 31)","(11, 38)"
60,60,0.2,bot1,success,15,17127253826387557696,14458593970222826934,"(41, 34)","(31, 31)","(11, 38)"
60,60,0.2,bot2,success,15,17127253826387557696,14458593970222826934,"(41, 34)","(31, 31)","(11, 38)"
60,60,0.2,bot3,success,15,17127253826387557696,14458593970222826934,"(41, 34)","(31, 31)","(11, 38)"
60,60,0.2,bot4,success,15,17127253826387557696,14458593970222826934,"(41, 34)","(31, 31)","(11, 38)"
60,60,0.3,bot1,success,15,17127253826387557696,14458593970222826934,"(41, 34)","(31, 31)","(11, 38)"
60,60,0.3,bot2,success,15,17127253826387557696,14458593970222826934,"(41, 34)","(31, 31)","(11, 38)"
60,60,0.3,bot3,success,15,17127253826387557696,14458593970222826934,"(41, 34)","(31, 31)","(11, 38)"
60,60,0.3,bot4,success,15,17127253826387557696,14458593970222826934,"(41, 34)","(31, 31)","(11, 38)"
60,60,0.4,bot1,success,15,17127253826387557696,14458593970222826934,"(41, 34)","(31, 31)","(11, 38)"
60,60,0.4,bot2,success,15,17127253826387557696,14458593970222826934,"(41, 34)","(31, 31)","(11, 38)"
60,60,0.4,bot3,success,15,17127253826387557696,14458593970222826934,"(41, 34)","(31, 31)","(11, 38)"
60,60,0.4,bot4,success,15,17127253826387557696,14458593970222826934,"(41, 34)","(31, 31)","(11, 38)"
60,60,0.5,bot1,success,15,17127253826387557696,14458593970222826934,"(41, 34)","(31, 31)","(11, 38)"
60,60,0.5,bot2,success,15,17127253826387557696,14458593970222826934,"(41, 34)","(31, 31)","(11, 38)"
60,60,0.5,bot3,success,15,17127253826387557696,14458593970222826934,"(41, 34)","(31, 31)","(11, 38)"
60,60,0.5,bot4,success,15,17127253826387557696,14458593970222826934,"(41, 34)","(31, 31)","(11, 38)"
60,60,0.6,bot1,success,15,17127253826387557696,14458593970222826934,"(41, 34)","(31, 31)","(11, 38)"
60,60,0.6,bot2,success,15,17127253826387557696,14458593970222826934,"(41, 34)","(31, 31)","(11, 38)"
60,60,0.6,bot3,success,15,17127253826387557696,14458593970222826934,"(41, 34)","(31, 31)","(11, 38)"
60,60,0.6,bot4,success,15,17127253826387557696,14458593970222826934,"(41, 34)","(31, 31)","(11, 38)"
60,60,0.7,bot1,success,15,17127253826387557696,14458593970222826934,"(41, 34)","(31, 31)","(11, 38)"
60,60,0.7,bot2,success,15,17127253826387557696,14458593970222826934,"(41, 34)","(31, 31)","(11, 38)"
60,60,0.7,bot3,success,15,17127253826387557696,14458593970222826934,"(41, 34)","(31, 31)","(11, 38)"
60,60,0.7,bot4,success,15,17127253826387557696,14458593970222826934,"(41, 34)","(31, 31)","(11, 38)"
60,60,0.8,bot1,success,15,17127253826387557696,14458593970222826934,"(41, 34)","(31, 31)","(11, 38)"
60,60,0.8,bot2,success,15,17127253826387557696,14458593970222826934,"(41, 34)","(31, 31)","(11, 38)"
60,60,0.8,bot3,success,15,17127253826387557696,14458593970222826934,"(41, 34)","(31, 31)","(11, 38)"
60,60,0.8,bot4,success,15,17127253826387557696,14458593970222826934,"(41, 34)","(31, 31)","(11, 38)"
60,60,0.9,bot1,success,15,17127253826387557696,14458593970222826934,"(41, 34)","(31, 31)","(11, 38)"
60,60,0.9,bot2,success,15,17127253826387557696,14458593970222826934,"(41, 34)","(31, 31)","(11, 38)"
60,60,0.9,bot3,success,15,17127253826387557696,14458593970222826934,"(41, 34)","(31, 31)","(11, 38)"
60,60,0.9,bot4,success,15,17127253826387557696,14458593970222826934,"(41, 34)","(31, 31)","(11, 38)"
60,60,1.0,bot1,success,15,17127253826387557696,14458593970222826934,"(41, 34)","(31, 31)","(11, 38)"
60,60,1.0,bot2,success,15,17127253826387557696,14458593970222826934,"(41, 34)","(31, 31)","(11, 38)"
60,60,1.0,bot3,success,15,17127253826387557696,14458593970222826934,"(41, 34)","(31, 31)","(11, 38)"
60,60,1.0,bot4,success,15,17127253826387557696,14458593970222826934,"(41, 34)","(31, 31)","(11, 38)"
61,60,0.0,bot1,success,36,703219832123252720,2420837426012031519,"(32, 25)","(8, 31)","(12, 15)"
61,60,0.0,bot2,success,36,703219832123252720,2420837426012031519,"(32, 25)","(8, 31)","(12, 15)"
61,60,0.0,bot3,success,36,703219832123252720,2420837426012031519,"(32, 25)","(8, 31)","(12, 15)"
61,60,0.0,bot4,success,36,703219832123252720,2420837426012031519,"(32, 25)","(8, 31)","(12, 15)"
61,60,0.1,bot1,success,36,703219832123252720,2420837426012031519,"(32, 25)","(8, 31)","(12, 15)"
61,60,0.1,bot2,success,36,703219832123252720,2420837426012031519,"(32, 25)","(8, 31)","(12, 15)"
61,60,0.1,bot3,success,36,703219832123252720,2420837426012031519,"(32, 25)","(8, 31)","(12, 15)"
61,60,0.1,bot4,success,36,703219832123252720,2420837426012031519,"(32, 25)","(8, 31)","(12, 15)"
61,60,0.2,bot1,success,36,703219832123252720,2420837426012031519,"(32, 25)","(8, 31)","(12, 15)"
61,60,0.2,bot2,success,36,703219832123252720,2420837426012031519,"(32, 25)","(8, 31)","(12, 15)"
61,60,0.2,bot3,success,36,703219832123252720,2420837426012031519,"(32, 25)","(8, 31)","(12, 15)"
61,60,0.2,bot4,success,36,703219832123252720,2420837426012031519,"(32, 25)","(8, 31)","(12, 15)"
61,60,0.3,bot1,success,36,703219832123252720,2420837426012031519,"(32, 25)","(8, 31)","(12, 15)"
61,60,0.3,bot2,success,36,703219832123252720,2420837426012031519,"(32, 25)","(8, 31)","(12, 15)"
61,60,0.3,bot3,success,36,703219832123252720,2420837426012031519,"(32, 25)","(8, 31)","(12, 15)"
61,60,0.3,bot4,success,36,703219832123252720,2420837426012031519,"(32, 25)","(8, 31)","(12, 15)"
61,60,0.4,bot1,success,36,703219832123252720,2420837426012031519,"(32, 25)","(8, 31)","(12, 15)"
61,60,0.4,bot2,success,36,703219832123252720,2420837426012031519,"(32, 25)","(8, 31)","(12, 15)"
61,60,0.4,bot3,success,36,703219832123252720,2420837426012031519,"(32, 25)","(8, 31)","(12, 15)"
61,60,0.4,bot4,success,36,703219832123252720,2420837426012031519,"(32, 25)","(8, 31)","(12, 15)"
61,60,0.5,bot1,success,36,703219832123252720,2420837426012031519,"(32, 25)","(8, 31)","(12, 15)"
61,60,0.5,bot2,success,36,703219832123252720,2420837426012031519,"(32, 25)","(8, 31)","(12, 15)"
61,60,0.5,bot3,success,36,703219832123252720,2420837426012031519,"(32, 25)","(8, 31)","(12, 15)"
61,60,0.5,bot4,success,36,703219832123252720,2420837426012031519,"(32, 25)","(8, 31)","(12, 15)"
61,60,0.6,bot1,success,36,703219832123252720,2420837426012031519,"(32, 25)","(8, 31)","(12, 15)"
61,60,0.6,bot2,success,36,703219832123252720,2420837426012031519,"(32, 25)","(8, 31)","(12, 15)"
61,60,0.6,bot3,success,36,703219832123252720,2420837426012031519,"(32, 25)","(8, 31)","(12, 15)"
61,60,0.6,bot4,success,36,703219832123252720,2420837426012031519,"(32, 25)","(8, 31)","(12, 15)"
61,60,0.7,bot1,success,36,703219832123252720,2420837426012031519,"(32, 25)","(8, 31)","(12, 15)"
61,60,0.7,bot2,success,36,703219832123252720,2420837426012031519,"(32, 25)","(8, 31)","(12, 15)"
61,60,0.7,bot3,success,36,703219832123252720,2420837426012031519,"(32, 25)","(8, 31)","(12, 15)"
61,60,0.7,bot4,success,36,703219832123252720,2420837426012031519,"(32, 25)","(8, 31)","(12, 15)"
61,60,0.8,bot1,success,36,703219832123252720,2420837426012031519,"(32, 25)","(8, 31)","(12, 15)"
61,60,0.8,bot2,success,36,703219832123252720,2420837426012031519,"(32, 25)","(8, 31)","(12, 15)"
61,60,0.8,bot3,success,36,703219832123252720,2420837426012031519,"(32, 25)","(8, 31)","(12, 15)"
61,60,0.8,bot4,success,36,703219832123252720,2420837426012031519,"(32, 25)","(8, 31)","(12, 15)"
61,60,0.9,bot1,success,36,703219832123252720,2420837426012031519,"(32, 25)","(8, 31)","(12, 15)"
61,60,0.9,bot2,success,36,703219832123252720,2420837426012031519,"(32, 25)","(8, 31)","(12, 15)"
61,60,0.9,bot3,success,36,703219832123252720,2420837426012031519,"(32, 25)","(8, 31)","(12, 15)"
61,60,0.9,bot4,success,36,703219832123252720,2420837426012031519,"(32, 25)","(8, 31)","(12, 15)"
61,60,1.0,bot1,success,36,703219832123252720,2420837426012031519,"(32, 25)","(8, 31)","(12, 15)"
61,60,1.0,bot2,success,36,703219832123252720,2420837426012031519,"(32, 25)","(8, 31)","(12, 15)"
61,60,1.0,bot3,success,36,703219832123252720,2420837426012031519,"(32, 25)","(8, 31)","(12, 15)"
61,60,1.0,bot4,success,36,703219832123252720,2420837426012031519,"(32, 25)","(8, 31)","(12, 15)"
62,60,0.0,bot1,success,14,18171441069922767520,11289103062063873429,"(41, 28)","(43, 38)","(6, 48)"
62,60,0.0,bot2,success,14,18171441069922767520,11289103062063873429,"(41, 28)","(43, 38)","(6, 48)"
62,60,0.0,bot3,success,14,18171441069922767520,11289103062063873429,"(41, 28)","(43, 38)","(6, 48)"
62,60,0.0,bot4,success,14,18171441069922767520,11289103062063873429,"(41, 28)","(43, 38)","(6, 48)"
62,60,0.1,bot1,success,14,18171441069922767520,11289103062063873429,"(41, 28)","(43, 38)","(6, 48)"
62,60,0.1,bot2,success,14,18171441069922767520,11289103062063873429,"(41, 28)","(43, 38)","(6, 48)"
62,60,0.1,bot3,success,14,18171441069922767520,11289103062063873429,"(41, 28)","(43, 38)","(6, 48)"
62,60,0.1,bot4,success,14,18171441069922767520,11289103062063873429,"(41, 28)","(43, 38)","(6, 48)"
62,60,0.2,bot1,success,14,18171441069922767520,11289103062063873429,"(41, 28)","(43, 38)","(6, 48)"
62,60,0.2,bot2,success,14,18171441069922767520,11289103062063873429,"(41, 28)","(43, 38)","(6, 48)"
62,60,0.2,bot3,success,14,18171441069922767520,11289103062063873429,"(41, 28)","(43, 38)","(6, 48)"
62,60,0.2,bot4,success,14,18171441069922767520,11289103062063873429,"(41, 28)","(43, 38)","(6, 48)"
62,60,0.3,bot1,success,14,18171441069922767520,11289103062063873429,"(41, 28)","(43, 38)","(6, 48)"
62,60,0.3,bot2,success,14,18171441069922767520,11289103062063873429,"(41, 28)","(43, 38)","(6, 48)"
62,60,0.3,bot3,success,14,18171441069922767520,11289103062063873429,"(41, 28)","(43, 38)","(6, 48)"
62,60,0.3,bot4,success,14,18171441069922767520,11289103062063873429,"(41, 28)","(43, 38)","(6, 48)"
62,60,0.4,bot1,success,14,18171441069922767520,11289103062063873429,"(41, 28)","(43, 38)","(6, 48)"
62,60,0.4,bot2,success,14,18171441069922767520,11289103062063873429,"(41, 28)","(43, 38)","(6, 48)"
62,60,0.4,bot3,success,14,18171441069922767520,11289103062063873429,"(41, 28)","(43, 38)","(6, 48)"
62,60,0.4,bot4,success,14,18171441069922767520,11289103062063873429,"(41, 28)","(43, 38)","(6, 48)"
62,60,0.5,bot1,success,14,18171441069922767520,11289103062063873429,"(41, 28)","(43, 38)","(6, 48)"
62,60,0.5,bot2,success,14,18171441069922767520,11289103062063873429,"(41, 28)","(43, 38)","(6, 48)"
62,60,0.5,bot3,success,14,18171441069922767520,11289103062063873429,"(41, 28)","(43, 38)","(6, 48)"
62,60,0.5,bot4,success,14,18171441069922767520,11289103062063873429,"(41, 28)","(43, 38)","(6, 48)"
62,60,0.6,bot1,success,14,18171441069922767520,11289103062063873429,"(41, 28)","(43, 38)","(6, 48)"
62,60,0.6,bot2,success,14,18171441069922767520,11289103062063873429,"(41, 28)","(43, 38)","(6, 48)"
62,60,0.6,bot3,success,14,18171441069922767520,11289103062063873429,"(41, 28)","(43, 38)","(6, 48)"
62,60,0.6,bot4,success,14,18171441069922767520,11289103062063873429,"(41, 28)","(43, 38)","(6, 48)"
62,60,0.7,bot1,success,14,18171441069922767520,11289103062063873429,"(41, 28)","(43, 38)","(6, 48)"
62,60,0.7,bot2,success,14,18171441069922767520,11289103062063873429,"(41, 28)","(43, 38)","(6, 48)"
62,60,0.7,bot3,success,14,18171441069922767520,11289103062063873429,"(41, 28)","(43, 38)","(6, 48)"
62,60,0.7,bot4,success,14,18171441069922767520,11289103062063873429,"(41, 28)","(43, 38)","(6, 48)"
62,60,0.8,bot1,success,14,18171441069922767520,11289103062063873429,"(41, 28)","(43, 38)","(6, 48)"
62,60,0.8,bot2,success,14,18171441069922767520,11289103062063873429,"(41, 28)","(43, 38)","(6, 48)"
62,60,0.8,bot3,success,14,18171441069922767520,11289103062063873429,"(41, 28)","(43, 38)","(6, 48)"
62,60,0.8,bot4,success,14,18171441069922767520,11289103062063873429,"(41, 28)","(43, 38)","(6, 48)"
62,60,0.9,bot1,success,14,18171441069922767520,11289103062063873429,"(41, 28)","(43, 38)","(6, 48)"
62,60,0.9,bot2,success,14,18171441069922767520,11289103062063873429,"(41, 28)","(43, 38)","(6, 48)"
62,60,0.9,bot3,success,14,18171441069922767520,11289103062063873429,"(41, 28)","(43, 38)","(6, 48)"
62,60,0.9,bot4,success,14,18171441069922767520,11289103062063873429,"(41, 28)","(43, 38)","(6, 48)"
62,60,1.0,bot1,success,14,18171441069922767520,11289103062063873429,"(41, 28)","(43, 38)","(6, 48)"
62,60,1.0,bot2,success,14,18171441069922767520,11289103062063873429,"(41, 28)","(43, 38)","(6, 48)"
62,60,1.0,bot3,success,14,18171441069922767520,11289103062063873429,"(41, 28)","(43, 38)","(6, 48)"
62,60,1.0,bot4,success,14,18171441069922767520,11289103062063873429,"(41, 28)","(43, 38)","(6, 48)"
63,60,0.0,bot1,success,40,13008829673906539160,11915532012500803045,"(18, 23)","(21, 54)","(3, 37)"
63,60,0.0,bot2,success,40,13008829673906539160,11915532012500803045,"(18, 23)","(21, 54)","(3, 37)"
63,60,0.0,bot3,success,40,13008829673906539160,11915532012500803045,"(18, 23)","(21, 54)","(3, 37)"
63,60,0.0,bot4,success,40,13008829673906539160,11915532012500803045,"(18, 23)","(21, 54)","(3, 37)"
63,60,0.1,bot1,success,40,13008829673906539160,11915532012500803045,"(18, 23)","(21, 54)","(3, 37)"
63,60,0.1,bot2,success,40,13008829673906539160,11915532012500803045,"(18, 23)","(21, 54)","(3, 37)"
63,60,0.1,bot3,success,40,13008829673906539160,11915532012500803045,"(18, 23)","(21, 54)","(3, 37)"
63,60,0.1,bot4,success,40,13008829673906539160,11915532012500803045,"(18, 23)","(21, 54)","(3, 37)"
63,60,0.2,bot1,success,40,13008829673906539160,11915532012500803045,"(18, 23)","(21, 54)","(3, 37)"
63,60,0.2,bot2,success,40,13008829673906539160,11915532012500803045,"(18, 23)","(21, 54)","(3, 37)"
63,60,0.2,bot3,success,40,13008829673906539160,11915532012500803045,"(18, 23)","(21, 54)","(3, 37)"
63,60,0.2,bot4,success,40,13008829673906539160,11915532012500803045,"(18, 23)","(21, 54)","(3, 37)"
63,60,0.3,bot1,success,40,13008829673906539160,11915532012500803045,"(18, 23)","(21, 54)","(3, 37)"
63,60,0.3,bot2,success,40,13008829673906539160,11915532012500803045,"(18, 23)","(21, 54)","(3, 37)"
63,60,0.3,bot3,success,40,13008829673906539160,11915532012500803045,"(18, 23)","(21, 54)","(3, 37)"
63,60,0.3,bot4,success,40,13008829673906539160,11915532012500803045,"(18, 23)","(21, 54)","(3, 37)"
63,60,0.4,bot1,success,40,13008829673906539160,11915532012500803045,"(18, 23)","(21, 54)","(3, 37)"
63,60,0.4,bot2,success,40,13008829673906539160,11915532012500803045,"(18, 23)","(21, 54)","(3, 37)"
63,60,0.4,bot3,success,40,13008829673906539160,11915532012500803045,"(18, 23)","(21, 54)","(3, 37)"
63,60,0.4,bot4,success,40,13008829673906539160,11915532012500803045,"(18, 23)","(21, 54)","(3, 37)"
63,60,0.5,bot1,success,40,13008829673906539160,11915532012500803045,"(18, 23)","(21, 54)","(3, 37)"
63,60,0.5,bot2,success,40,13008829673906539160,11915532012500803045,"(18, 23)","(21, 54)","(3, 37)"
63,60,0.5,bot3,success,40,13008829673906539160,11915532012500803045,"(18, 23)","(21, 54)","(3, 37)"
63,60,0.5,bot4,success,40,13008829673906539160,11915532012500803045,"(18, 23)","(21, 54)","(3, 37)"
63,60,0.6,bot1,success,40,13008829673906539160,11915532012500803045,"(18, 23)","(21, 54)","(3, 37)"
63,60,0.6,bot2,success,40,13008829673906539160,11915532012500803045,"(18, 23)","(21, 54)","(3, 37)"
63,60,0.6,bot3,success,40,13008829673906539160,11915532012500803045,"(18, 23)","(21, 54)","(3, 37)"
63,60,0.6,bot4,success,40,13008829673906539160,11915532012500803045,"(18, 23)","(21, 54)","(3, 37)"
63,60,0.7,bot1,success,40,13008829673906539160,11915532012500803045,"(18, 23)","(21, 54)","(3, 37)"
63,60,0.7,bot2,success,40,13008829673906539160,11915532012500803045,"(18, 23)","(21, 54)","(3, 37)"
63,60,0.7,bot3,success,40,13008829673906539160,11915532012500803045,"(18, 23)","(21, 54)","(3, 37)"
63,60,0.7,bot4,success,40,13008829673906539160,11915532012500803045,"(18, 23)","(21, 54)","(3, 37)"
63,60,0.8,bot1,success,40,13008829673906539160,11915532012500803045,"(18, 23)","(21, 54)","(3, 37)"
63,60,0.8,bot2,success,40,13008829673906539160,11915532012500803045,"(18, 23)","(21, 54)","(3, 37)"
63,60,0.8,bot3,success,40,13008829673906539160,11915532012500803045,"(18, 23)","(21, 54)","(3, 37)"
63,60,0.8,bot4,success,40,13008829673906539160,11915532012500803045,"(18, 23)","(21, 54)","(3, 37)"
63,60,0.9,bot1,success,40,13008829673906539160,11915532012500803045,"(18, 23)","(21, 54)","(3, 37)"
63,60,0.9,bot2,success,40,13008829673906539160,11915532012500803045,"(18, 23)","(21, 54)","(3, 37)"
63,60,0.9,bot3,success,40,13008829673906539160,11915532012500803045,"(18, 23)","(21, 54)","(3, 37)"
63,60,0.9,bot4,success,40,13008829673906539160,11915532012500803045,"(18, 23)","(21, 54)","(3, 37)"
63,60,1.0,bot1,burned,35,13008829673906539160,11915532012500803045,"(18, 23)","(21, 54)","(3, 37)"
63,60,1.0,bot2,burned,39,13008829673906539160,11915532012500803045,"(18, 23)","(21, 54)","(3, 37)"
63,60,1.0,bot3,burned,39,13008829673906539160,11915532012500803045,"(18, 23)","(21, 54)","(3, 37)"
63,60,1.0,bot4,burned,39,13008829673906539160,11915532012500803045,"(18, 23)","(21, 54)","(3, 37)"
64,60,0.0,bot1,success,31,1619453805175976069,9077577067556399944,"(53, 59)","(30, 55)","(25, 47)"
64,60,0.0,bot2,success,31,1619453805175976069,9077577067556399944,"(53, 59)","(30, 55)","(25, 47)"
64,60,0.0,bot3,success,31,1619453805175976069,9077577067556399944,"(53, 59)","(30, 55)","(25, 47)"
64,60,0.0,bot4,success,31,1619453805175976069,9077577067556399944,"(53, 59)","(30, 55)","(25, 47)"
64,60,0.1,bot1,success,31,1619453805175976069,9077577067556399944,"(53, 59)","(30, 55)","(25, 47)"
64,60,0.1,bot2,success,31,1619453805175976069,9077577067556399944,"(53, 59)","(30, 55)","(25, 47)"
64,60,0.1,bot3,success,31,1619453805175976069,9077577067556399944,"(53, 59)","(30, 55)","(25, 47)"
64,60,0.1,bot4,success,31,1619453805175976069,9077577067556399944,"(53, 59)","(30, 55)","(25, 47)"
64,60,0.2,bot1,success,31,1619453805175976069,9077577067556399944,"(53, 59)","(30, 55)","(25, 47)"
64,60,0.2,bot2,success,31,1619453805175976069,9077577067556399944,"(53, 59)","(30, 55)","(25, 47)"
64,60,0.2,bot3,success,31,1619453805175976069,9077577067556399944,"(53, 59)","(30, 55)","(25, 47)"
64,60,0.2,bot4,success,31,1619453805175976069,9077577067556399944,"(53, 59)","(30, 55)","(25, 47)"
64,60,0.3,bot1,success,31,1619453805175976069,9077577067556399944,"(53, 59)","(30, 55)","(25, 47)"
64,60,0.3,bot2,success,31,1619453805175976069,9077577067556399944,"(53, 59)","(30, 55)","(25, 47)"
64,60,0.3,bot3,success,31,1619453805175976069,9077577067556399944,"(53, 59)","(30, 55)","(25, 47)"
64,60,0.3,bot4,success,31,1619453805175976069,9077577067556399944,"(53, 59)","(30, 55)","(25, 47)"
64,60,0.4,bot1,success,31,1619453805175976069,9077577067556399944,"(53, 59)","(30, 55)","(25, 47)"
64,60,0.4,bot2,success,31,1619453805175976069,9077577067556399944,"(53, 59)","(30, 55)","(25, 47)"
64,60,0.4,bot3,success,31,1619453805175976069,9077577067556399944,"(53, 59)","(30, 55)","(25, 47)"
64,60,0.4,bot4,success,31,1619453805175976069,9077577067556399944,"(53, 59)","(30, 55)","(25, 47)"
64,60,0.5,bot1,burned,30,1619453805175976069,9077577067556399944,"(53, 59)","(30, 55)","(25, 47)"
64,60,0.5,bot2,burned,33,1619453805175976069,9077577067556399944,"(53, 59)","(30, 55)","(25, 47)"
64,60,0.5,bot3,burned,33,1619453805175976069,9077577067556399944,"(53, 59)","(30, 55)","(25, 47)"
64,60,0.5,bot4,burned,33,1619453805175976069,9077577067556399944,"(53, 59)","(30, 55)","(25, 47)"
64,60,0.6,bot1,burned,28,1619453805175976069,9077577067556399944,"(53, 59)","(30, 55)","(25, 47)"
64,60,0.6,bot2,burned,35,1619453805175976069,9077577067556399944,"(53, 59)","(30, 55)","(25, 47)"
64,60,0.6,bot3,burned,35,1619453805175976069,9077577067556399944,"(53, 59)","(30, 55)","(25, 47)"
64,60,0.6,bot4,burned,35,1619453805175976069,9077577067556399944,"(53, 59)","(30, 55)","(25, 47)"
64,60,0.7,bot1,burned,25,1619453805175976069,9077577067556399944,"(53, 59)","(30, 55)","(25, 47)"
64,60,0.7,bot2,burned,35,1619453805175976069,9077577067556399944,"(53, 59)","(30, 55)","(25, 47)"
64,60,0.7,bot3,burned,35,1619453805175976069,9077577067556399944,"(53, 59)","(30, 55)","(25, 47)"
64,60,0.7,bot4,burned,35,1619453805175976069,9077577067556399944,"(53, 59)","(30, 55)","(25, 47)"
64,60,0.8,bot1,burned,24,1619453805175976069,9077577067556399944,"(53, 59)","(30, 55)","(25, 47)"
64,60,0.8,bot2,burned,31,1619453805175976069,9077577067556399944,"(53, 59)","(30, 55)","(25, 47)"
64,60,0.8,bot3,burned,31,1619453805175976069,9077577067556399944,"(53, 59)","(30, 55)","(25, 47)"
64,60,0.8,bot4,burned,31,1619453805175976069,9077577067556399944,"(53, 59)","(30, 55)","(25, 47)"
64,60,0.9,bot1,burned,24,1619453805175976069,9077577067556399944,"(53, 59)","(30, 55)","(25, 47)"
64,60,0.9,bot2,burned,33,1619453805175976069,9077577067556399944,"(53, 59)","(30, 55)","(25, 47)"
64,60,0.9,bot3,burned,33,1619453805175976069,9077577067556399944,"(53, 59)","(30, 55)","(25, 47)"
64,60,0.9,bot4,burned,33,1619453805175976069,9077577067556399944,"(53, 59)","(30, 55)","(25, 47)"
64,60,1.0,bot1,burned,23,1619453805175976069,9077577067556399944,"(53, 59)","(30, 55)","(25, 47)"
64,60,1.0,bot2,burned,31,1619453805175976069,9077577067556399944,"(53, 59)","(30, 55)","(25, 47)"
64,60,1.0,bot3,burned,31,1619453805175976069,9077577067556399944,"(53, 59)","(30, 55)","(25, 47)"
64,60,1.0,bot4,burned,31,1619453805175976069,9077577067556399944,"(53, 59)","(30, 55)","(25, 47)"
65,60,0.0,bot1,success,46,14742148964053080963,8868203680812366851,"(42, 47)","(42, 17)","(47, 54)"
65,60,0.0,bot2,success,46,14742148964053080963,8868203680812366851,"(42, 47)","(42, 17)","(47, 54)"
65,60,0.0,bot3,success,46,14742148964053080963,8868203680812366851,"(42, 47)","(42, 17)","(47, 54)"
65,60,0.0,bot4,success,46,14742148964053080963,8868203680812366851,"(42, 47)","(42, 17)","(47, 54)"
65,60,0.1,bot1,success,46,14742148964053080963,8868203680812366851,"(42, 47)","(42, 17)","(47, 54)"
65,60,0.1,bot2,success,46,14742148964053080963,8868203680812366851,"(42, 47)","(42, 17)","(47, 54)"
65,60,0.1,bot3,success,46,14742148964053080963,8868203680812366851,"(42, 47)","(42, 17)","(47, 54)"
65,60,0.1,bot4,success,46,14742148964053080963,8868203680812366851,"(42, 47)","(42, 17)","(47, 54)"
65,60,0.2,bot1,success,46,14742148964053080963,8868203680812366851,"(42, 47)","(42, 17)","(47, 54)"
65,60,0.2,bot2,success,46,14742148964053080963,8868203680812366851,"(42, 47)","(42, 17)","(47, 54)"
65,60,0.2,bot3,success,46,14742148964053080963,8868203680812366851,"(42, 47)","(42, 17)","(47, 54)"
65,60,0.2,bot4,success,46,14742148964053080963,8868203680812366851,"(42, 47)","(42, 17)","(47, 54)"
65,60,0.3,bot1,success,46,14742148964053080963,8868203680812366851,"(42, 47)","(42, 17)","(47, 54)"
65,60,0.3,bot2,success,46,14742148964053080963,8868203680812366851,"(42, 47)","(42, 17)","(47, 54)"
65,60,0.3,bot3,success,46,14742148964053080963,8868203680812366851,"(42, 47)","(42, 17)","(47, 54)"
65,60,0.3,bot4,success,46,14742148964053080963,8868203680812366851,"(42, 47)","(42, 17)","(47, 54)"
65,60,0.4,bot1,success,46,14742148964053080963,8868203680812366851,"(42, 47)","(42, 17)","(47, 54)"
65,60,0.4,bot2,success,46,14742148964053080963,8868203680812366851,"(42, 47)","(42, 17)","(47, 54)"
65,60,0.4,bot3,success,46,14742148964053080963,8868203680812366851,"(42, 47)","(42, 17)","(47, 54)"
65,60,0.4,bot4,success,46,14742148964053080963,8868203680812366851,"(42, 47)","(42, 17)","(47, 54)"
65,60,0.5,bot1,success,46,14742148964053080963,8868203680812366851,"(42, 47)","(42, 17)","(47, 54)"
65,60,0.5,bot2,success,46,14742148964053080963,8868203680812366851,"(42, 47)","(42, 17)","(47, 54)"
65,60,0.5,bot3,success,46,14742148964053080963,8868203680812366851,"(42, 47)","(42, 17)","(47, 54)"
65,60,0.5,bot4,success,46,14742148964053080963,8868203680812366851,"(42, 47)","(42, 17)","(47, 54)"
65,60,0.6,bot1,success,46,14742148964053080963,8868203680812366851,"(42, 47)","(42, 17)","(47, 54)"
65,60,0.6,bot2,success,46,14742148964053080963,8868203680812366851,"(42, 47)","(42, 17)","(47, 54)"
65,60,0.6,bot3,success,46,14742148964053080963,8868203680812366851,"(42, 47)","(42, 17)","(47, 54)"
65,60,0.6,bot4,success,46,14742148964053080963,8868203680812366851,"(42, 47)","(42, 17)","(47, 54)"
65,60,0.7,bot1,success,46,14742148964053080963,8868203680812366851,"(42, 47)","(42, 17)","(47, 54)"
65,60,0.7,bot2,success,46,14742148964053080963,8868203680812366851,"(42, 47)","(42, 17)","(47, 54)"
65,60,0.7,bot3,success,46,14742148964053080963,8868203680812366851,"(42, 47)","(42, 17)","(47, 54)"
65,60,0.7,bot4,success,46,14742148964053080963,8868203680812366851,"(42, 47)","(42, 17)","(47, 54)"
65,60,0.8,bot1,success,46,14742148964053080963,8868203680812366851,"(42, 47)","(42, 17)","(47, 54)"
65,60,0.8,bot2,success,46,14742148964053080963,8868203680812366851,"(42, 47)","(42, 17)","(47, 54)"
65,60,0.8,bot3,success,46,14742148964053080963,8868203680812366851,"(42, 47)","(42, 17)","(47, 54)"
65,60,0.8,bot4,success,46,14742148964053080963,8868203680812366851,"(42, 47)","(42, 17)","(47, 54)"
65,60,0.9,bot1,success,46,14742148964053080963,8868203680812366851,"(42, 47)","(42, 17)","(47, 54)"
65,60,0.9,bot2,success,46,14742148964053080963,8868203680812366851,"(42, 47)","(42, 17)","(47, 54)"
65,60,0.9,bot3,success,46,14742148964053080963,8868203680812366851,"(42, 47)","(42, 17)","(47, 54)"
65,60,0.9,bot4,success,46,14742148964053080963,8868203680812366851,"(42, 47)","(42, 17)","(47, 54)"
65,60,1.0,bot1,success,46,14742148964053080963,8868203680812366851,"(42, 47)","(42, 17)","(47, 54)"
65,60,1.0,bot2,success,46,14742148964053080963,8868203680812366851,"(42, 47)","(42, 17)","(47, 54)"
65,60,1.0,bot3,success,46,14742148964053080963,8868203680812366851,"(42, 47)","(42, 17)","(47, 54)"
65,60,1.0,bot4,success,46,14742148964053080963,8868203680812366851,"(42, 47)","(42, 17)","(47, 54)"
66,60,0.0,bot1,success,40,7724642525206871122,11003449458158610488,"(44, 12)","(24, 10)","(54, 26)"
66,60,0.0,bot2,success,40,7724642525206871122,11003449458158610488,"(44, 12)","(24, 10)","(54, 26)"
66,60,0.0,bot3,success,40,7724642525206871122,11003449458158610488,"(44, 12)","(24, 10)","(54, 26)"
66,60,0.0,bot4,success,40,7724642525206871122,11003449458158610488,"(44, 12)","(24, 10)","(54, 26)"
66,60,0.1,bot1,success,40,7724642525206871122,11003449458158610488,"(44, 12)","(24, 10)","(54, 26)"
66,60,0.1,bot2,success,40,7724642525206871122,11003449458158610488,"(44, 12)","(24, 10)","(54, 26)"
66,60,0.1,bot3,success,40,7724642525206871122,11003449458158610488,"(44, 12)","(24, 10)","(54, 26)"
66,60,0.1,bot4,success,40,7724642525206871122,11003449458158610488,"(44, 12)","(24, 10)","(54, 26)"
66,60,0.2,bot1,success,40,7724642525206871122,11003449458158610488,"(44, 12)","(24, 10)","(54, 26)"
66,60,0.2,bot2,success,40,7724642525206871122,11003449458158610488,"(44, 12)","(24, 10)","(54, 26)"
66,60,0.2,bot3,success,40,7724642525206871122,11003449458158610488,"(44, 12)","(24, 10)","(54, 26)"
66,60,0.2,bot4,success,40,7724642525206871122,11003449458158610488,"(44, 12)","(24, 10)","(54, 26)"
66,60,0.3,bot1,success,40,7724642525206871122,11003449458158610488,"(44, 12)","(24, 10)","(54, 26)"
66,60,0.3,bot2,success,40,7724642525206871122,11003449458158610488,"(44, 12)","(24, 10)","(54, 26)"
66,60,0.3,bot3,success,40,7724642525206871122,11003449458158610488,"(44, 12)","(24, 10)","(54, 26)"
66,60,0.3,bot4,success,40,7724642525206871122,11003449458158610488,"(44, 12)","(24, 10)","(54, 26)"
66,60,0.4,bot1,success,40,7724642525206871122,11003449458158610488,"(44, 12)","(24, 10)","(54, 26)"
66,60,0.4,bot2,success,40,7724642525206871122,11003449458158610488,"(44, 12)","(24, 10)","(54, 26)"
66,60,0.4,bot3,success,40,7724642525206871122,11003449458158610488,"(44, 12)","(24, 10)","(54, 26)"
66,60,0.4,bot4,success,40,7724642525206871122,11003449458158610488,"(44, 12)","(24, 10)","(54, 26)"
66,60,0.5,bot1,success,40,7724642525206871122,11003449458158610488,"(44, 12)","(24, 10)","(54, 26)"
66,60,0.5,bot2,success,40,7724642525206871122,11003449458158610488,"(44, 12)","(24, 10)","(54, 26)"
66,60,0.5,bot3,success,40,7724642525206871122,11003449458158610488,"(44, 12)","(24, 10)","(54, 26)"
66,60,0.5,bot4,success,40,7724642525206871122,11003449458158610488,"(44, 12)","(24, 10)","(54, 26)"
66,60,0.6,bot1,success,40,7724642525206871122,11003449458158610488,"(44, 12)","(24, 10)","(54, 26)"
66,60,0.6,bot2,success,40,7724642525206871122,11003449458158610488,"(44, 12)","(24, 10)","(54, 26)"
66,60,0.6,bot3,success,40,7724642525206871122,11003449458158610488,"(44, 12)","(24, 10)","(54, 26)"
66,60,0.6,bot4,success,40,7724642525206871122,11003449458158610488,"(44, 12)","(24, 10)","(54, 26)"
66,60,0.7,bot1,success,40,7724642525206871122,11003449458158610488,"(44, 12)","(24, 10)","(54, 26)"
66,60,0.7,bot2,success,40,7724642525206871122,11003449458158610488,"(44, 12)","(24, 10)","(54, 26)"
66,60,0.7,bot3,success,40,7724642525206871122,11003449458158610488,"(44, 12)","(24, 10)","(54, 26)"
66,60,0.7,bot4,success,40,7724642525206871122,11003449458158610488,"(44, 12)","(24, 10)","(54, 26)"
66,60,0.8,bot1,success,40,7724642525206871122,11003449458158610488,"(44, 12)","(24, 10)","(54, 26)"
66,60,0.8,bot2,success,40,7724642525206871122,11003449458158610488,"(44, 12)","(24, 10)","(54, 26)"
66,60,0.8,bot3,success,40,7724642525206871122,11003449458158610488,"(44, 12)","(24, 10)","(54, 26)"
66,60,0.8,bot4,success,40,7724642525206871122,11003449458158610488,"(44, 12)","(24, 10)","(54, 26)"
66,60,0.9,bot1,success,40,7724642525206871122,11003449458158610488,"(44, 12)","(24, 10)","(54, 26)"
66,60,0.9,bot2,success,40,7724642525206871122,11003449458158610488,"(44, 12)","(24, 10)","(54, 26)"
66,60,0.9,bot3,success,40,7724642525206871122,11003449458158610488,"(44, 12)","(24, 10)","(54, 26)"
66,60,0.9,bot4,success,40,7724642525206871122,11003449458158610488,"(44, 12)","(24, 10)","(54, 26)"
66,60,1.0,bot1,success,40,7724642525206871122,11003449458158610488,"(44, 12)","(24, 10)","(54, 26)"
66,60,1.0,bot2,success,40,7724642525206871122,11003449458158610488,"(44, 12)","(24, 10)","(54, 26)"
66,60,1.0,bot3,success,40,7724642525206871122,11003449458158610488,"(44, 12)","(24, 10)","(54, 26)"
66,60,1.0,bot4,success,40,7724642525206871122,11003449458158610488,"(44, 12)","(24, 10)","(54, 26)"
67,60,0.0,bot1,success,67,6090784947872827547,1067770452166365443,"(3, 7)","(8, 55)","(40, 54)"
67,60,0.0,bot2,success,67,6090784947872827547,1067770452166365443,"(3, 7)","(8, 55)","(40, 54)"
67,60,0.0,bot3,success,67,6090784947872827547,1067770452166365443,"(3, 7)","(8, 55)","(40, 54)"
67,60,0.0,bot4,success,67,6090784947872827547,1067770452166365443,"(3, 7)","(8, 55)","(40, 54)"
67,60,0.1,bot1,success,67,6090784947872827547,1067770452166365443,"(3, 7)","(8, 55)","(40, 54)"
67,60,0.1,bot2,success,67,6090784947872827547,1067770452166365443,"(3, 7)","(8, 55)","(40, 54)"
67,60,0.1,bot3,success,67,6090784947872827547,1067770452166365443,"(3, 7)","(8, 55)","(40, 54)"
67,60,0.1,bot4,success,67,6090784947872827547,1067770452166365443,"(3, 7)","(8, 55)","(40, 54)"
67,60,0.2,bot1,success,67,6090784947872827547,1067770452166365443,"(3, 7)","(8, 55)","(40, 54)"
67,60,0.2,bot2,success,67,6090784947872827547,1067770452166365443,"(3, 7)","(8, 55)","(40, 54)"
67,60,0.2,bot3,success,67,6090784947872827547,1067770452166365443,"(3, 7)","(8, 55)","(40, 54)"
67,60,0.2,bot4,success,67,6090784947872827547,1067770452166365443,"(3, 7)","(8, 55)","(40, 54)"
67,60,0.3,bot1,success,67,6090784947872827547,1067770452166365443,"(3, 7)","(8, 55)","(40, 54)"
67,60,0.3,bot2,success,67,6090784947872827547,1067770452166365443,"(3, 7)","(8, 55)","(40, 54)"
67,60,0.3,bot3,success,67,6090784947872827547,1067770452166365443,"(3, 7)","(8, 55)","(40, 54)"
67,60,0.3,bot4,success,67,6090784947872827547,1067770452166365443,"(3, 7)","(8, 55)","(40, 54)"
67,60,0.4,bot1,success,67,6090784947872827547,1067770452166365443,"(3, 7)","(8, 55)","(40, 54)"
67,60,0.4,bot2,success,67,6090784947872827547,1067770452166365443,"(3, 7)","(8, 55)","(40, 54)"
67,60,0.4,bot3,success,67,6090784947872827547,1067770452166365443,"(3, 7)","(8, 55)","(40, 54)"
67,60,0.4,bot4,success,67,6090784947872827547,1067770452166365443,"(3, 7)","(8, 55)","(40, 54)"
67,60,0.5,bot1,success,67,6090784947872827547,1067770452166365443,"(3, 7)","(8, 55)","(40, 54)"
67,60,0.5,bot2,success,67,6090784947872827547,1067770452166365443,"(3, 7)","(8, 55)","(40, 54)"
67,60,0.5,bot3,success,67,6090784947872827547,1067770452166365443,"(3, 7)","(8, 55)","(40, 54)"
67,60,0.5,bot4,success,67,6090784947872827547,1067770452166365443,"(3, 7)","(8, 55)","(40, 54)"
67,60,0.6,bot1,success,67,6090784947872827547,1067770452166365443,"(3, 7)","(8, 55)","(40, 54)"
67,60,0.6,bot2,success,67,6090784947872827547,1067770452166365443,"(3, 7)","(8, 55)","(40, 54)"
67,60,0.6,bot3,success,67,6090784947872827547,1067770452166365443,"(3, 7)","(8, 55)","(40, 54)"
67,60,0.6,bot4,success,67,6090784947872827547,1067770452166365443,"(3, 7)","(8, 55)","(40, 54)"
67,60,0.7,bot1,success,67,6090784947872827547,1067770452166365443,"(3, 7)","(8, 55)","(40, 54)"
67,60,0.7,bot2,success,67,6090784947872827547,1067770452166365443,"(3, 7)","(8, 55)","(40, 54)"
67,60,0.7,bot3,success,67,6090784947872827547,1067770452166365443,"(3, 7)","(8, 55)","(40, 54)"
67,60,0.7,bot4,success,67,6090784947872827547,1067770452166365443,"(3, 7)","(8, 55)","(40, 54)"
67,60,0.8,bot1,success,67,6090784947872827547,1067770452166365443,"(3, 7)","(8, 55)","(40, 54)"
67,60,0.8,bot2,success,67,6090784947872827547,1067770452166365443,"(3, 7)","(8, 55)","(40, 54)"
67,60,0.8,bot3,success,67,6090784947872827547,1067770452166365443,"(3, 7)","(8, 55)","(40, 54)"
67,60,0.8,bot4,success,67,6090784947872827547,1067770452166365443,"(3, 7)","(8, 55)","(40, 54)"
67,60,0.9,bot1,burned,51,6090784947872827547,1067770452166365443,"(3, 7)","(8, 55)","(40, 54)"
67,60,0.9,bot2,burned,65,6090784947872827547,1067770452166365443,"(3, 7)","(8, 55)","(40, 54)"
67,60,0.9,bot3,burned,65,6090784947872827547,1067770452166365443,"(3, 7)","(8, 55)","(40, 54)"
67,60,0.9,bot4,burned,54,6090784947872827547,1067770452166365443,"(3, 7)","(8, 55)","(40, 54)"
67,60,1.0,bot1,burned,48,6090784947872827547,1067770452166365443,"(3, 7)","(8, 55)","(40, 54)"
67,60,1.0,bot2,burned,59,6090784947872827547,1067770452166365443,"(3, 7)","(8, 55)","(40, 54)"
67,60,1.0,bot3,burned,59,6090784947872827547,1067770452166365443,"(3, 7)","(8, 55)","(40, 54)"
67,60,1.0,bot4,burned,59,6090784947872827547,1067770452166365443,"(3, 7)","(8, 55)","(40, 54)"
68,60,0.0,bot1,success,47,5233405389305817747,8758609117097770601,"(11, 30)","(28, 0)","(47, 46)"
68,60,0.0,bot2,success,47,5233405389305817747,8758609117097770601,"(11, 30)","(28, 0)","(47, 46)"
68,60,0.0,bot3,success,47,5233405389305817747,8758609117097770601,"(11, 30)","(28, 0)","(47, 46)"
68,60,0.0,bot4,success,47,5233405389305817747,8758609117097770601,"(11, 30)","(28, 0)","(47, 46)"
68,60,0.1,bot1,success,47,5233405389305817747,8758609117097770601,"(11, 30)","(28, 0)","(47, 46)"
68,60,0.1,bot2,success,47,5233405389305817747,8758609117097770601,"(11, 30)","(28, 0)","(47, 46)"
68,60,0.1,bot3,success,47,5233405389305817747,8758609117097770601,"(11, 30)","(28, 0)","(47, 46)"
68,60,0.1,bot4,success,47,5233405389305817747,8758609117097770601,"(11, 30)","(28, 0)","(47, 46)"
68,60,0.2,bot1,success,47,5233405389305817747,8758609117097770601,"(11, 30)","(28, 0)","(47, 46)"
68,60,0.2,bot2,success,47,5233405389305817747,8758609117097770601,"(11, 30)","(28, 0)","(47, 46)"
68,60,0.2,bot3,success,47,5233405389305817747,8758609117097770601,"(11, 30)","(28, 0)","(47, 46)"
68,60,0.2,bot4,success,47,5233405389305817747,8758609117097770601,"(11, 30)","(28, 0)","(47, 46)"
68,60,0.3,bot1,success,47,5233405389305817747,8758609117097770601,"(11, 30)","(28, 0)","(47, 46)"
68,60,0.3,bot2,success,47,5233405389305817747,8758609117097770601,"(11, 30)","(28, 0)","(47, 46)"
68,60,0.3,bot3,success,47,5233405389305817747,8758609117097770601,"(11, 30)","(28, 0)","(47, 46)"
68,60,0.3,bot4,success,47,5233405389305817747,8758609117097770601,"(11, 30)","(28, 0)","(47, 46)"
68,60,0.4,bot1,success,47,5233405389305817747,8758609117097770601,"(11, 30)","(28, 0)","(47, 46)"
68,60,0.4,bot2,success,47,5233405389305817747,8758609117097770601,"(11, 30)","(28, 0)","(47, 46)"
68,60,0.4,bot3,success,47,5233405389305817747,8758609117097770601,"(11, 30)","(28, 0)","(47, 46)"
68,60,0.4,bot4,success,47,5233405389305817747,8758609117097770601,"(11, 30)","(28, 0)","(47, 46)"
68,60,0.5,bot1,success,47,5233405389305817747,8758609117097770601,"(11, 30)","(28, 0)","(47, 46)"
68,60,0.5,bot2,success,47,5233405389305817747,8758609117097770601,"(11, 30)","(28, 0)","(47, 46)"
68,60,0.5,bot3,success,47,5233405389305817747,8758609117097770601,"(11, 30)","(28, 0)","(47, 46)"
68,60,0.5,bot4,success,47,5233405389305817747,8758609117097770601,"(11, 30)","(28, 0)","(47, 46)"
68,60,0.6,bot1,success,47,5233405389305817747,8758609117097770601,"(11, 30)","(28, 0)","(47, 46)"
68,60,0.6,bot2,success,47,5233405389305817747,8758609117097770601,"(11, 30)","(28, 0)","(47, 46)"
68,60,0.6,bot3,success,47,5233405389305817747,8758609117097770601,"(11, 30)","(28, 0)","(47, 46)"
68,60,0.6,bot4,success,47,5233405389305817747,8758609117097770601,"(11, 30)","(28, 0)","(47, 46)"
68,60,0.7,bot1,success,47,5233405389305817747,8758609117097770601,"(11, 30)","(28, 0)","(47, 46)"
68,60,0.7,bot2,success,47,5233405389305817747,8758609117097770601,"(11, 30)","(28, 0)","(47, 46)"
68,60,0.7,bot3,success,47,5233405389305817747,8758609117097770601,"(11, 30)","(28, 0)","(47, 46)"
68,60,0.7,bot4,success,47,5233405389305817747,8758609117097770601,"(11, 30)","(28, 0)","(47, 46)"
68,60,0.8,bot1,success,47,5233405389305817747,8758609117097770601,"(11, 30)","(28, 0)","(47, 46)"
68,60,0.8,bot2,success,47,5233405389305817747,8758609117097770601,"(11, 30)","(28, 0)","(47, 46)"
68,60,0.8,bot3,success,47,5233405389305817747,8758609117097770601,"(11, 30)","(28, 0)","(47, 46)"
68,60,0.8,bot4,success,47,5233405389305817747,8758609117097770601,"(11, 30)","(28, 0)","(47, 46)"
68,60,0.9,bot1,success,47,5233405389305817747,8758609117097770601,"(11, 30)","(28, 0)","(47, 46)"
68,60,0.9,bot2,success,47,5233405389305817747,8758609117097770601,"(11, 30)","(28, 0)","(47, 46)"
68,60,0.9,bot3,success,47,5233405389305817747,8758609117097770601,"(11, 30)","(28, 0)","(47, 46)"
68,60,0.9,bot4,success,47,5233405389305817747,8758609117097770601,"(11, 30)","(28, 0)","(47, 46)"
68,60,1.0,bot1,success,47,5233405389305817747,8758609117097770601,"(11, 30)","(28, 0)","(47, 46)"
68,60,1.0,bot2,success,47,5233405389305817747,8758609117097770601,"(11, 30)","(28, 0)","(47, 46)"
68,60,1.0,bot3,success,47,5233405389305817747,8758609117097770601,"(11, 30)","(28, 0)","(47, 46)"
68,60,1.0,bot4,success,47,5233405389305817747,8758609117097770601,"(11, 30)","(28, 0)","(47, 46)"
69,60,0.0,bot1,success,45,5385025899268682875,8003049271895121437,"(15, 59)","(9, 28)","(48, 47)"
69,60,0.0,bot2,success,45,5385025899268682875,8003049271895121437,"(15, 59)","(9, 28)","(48, 47)"
69,60,0.0,bot3,success,45,5385025899268682875,8003049271895121437,"(15, 59)","(9, 28)","(48, 47)"
69,60,0.0,bot4,success,45,5385025899268682875,8003049271895121437,"(15, 59)","(9, 28)","(48, 47)"
69,60,0.1,bot1,success,45,5385025899268682875,8003049271895121437,"(15, 59)","(9, 28)","(48, 47)"
69,60,0.1,bot2,success,45,5385025899268682875,8003049271895121437,"(15, 59)","(9, 28)","(48, 47)"
69,60,0.1,bot3,success,45,5385025899268682875,8003049271895121437,"(15, 59)","(9, 28)","(48, 47)"
69,60,0.1,bot4,success,45,5385025899268682875,8003049271895121437,"(15, 59)","(9, 28)","(48, 47)"
69,60,0.2,bot1,success,45,5385025899268682875,8003049271895121437,"(15, 59)","(9, 28)","(48, 47)"
69,60,0.2,bot2,success,45,5385025899268682875,8003049271895121437,"(15, 59)","(9, 28)","(48, 47)"
69,60,0.2,bot3,success,45,5385025899268682875,8003049271895121437,"(15, 59)","(9, 28)","(48, 47)"
69,60,0.2,bot4,success,45,5385025899268682875,8003049271895121437,"(15, 59)","(9, 28)","(48, 47)"
69,60,0.3,bot1,success,45,5385025899268682875,8003049271895121437,"(15, 59)","(9, 28)","(48, 47)"
69,60,0.3,bot2,success,45,5385025899268682875,8003049271895121437,"(15, 59)","(9, 28)","(48, 47)"
69,60,0.3,bot3,success,45,5385025899268682875,8003049271895121437,"(15, 59)","(9, 28)","(48, 47)"
69,60,0.3,bot4,success,45,5385025899268682875,8003049271895121437,"(15, 59)","(9, 28)","(48, 47)"
69,60,0.4,bot1,success,45,5385025899268682875,8003049271895121437,"(15, 59)","(9, 28)","(48, 47)"
69,60,0.4,bot2,success,45,5385025899268682875,8003049271895121437,"(15, 59)","(9, 28)","(48, 47)"
69,60,0.4,bot3,success,45,5385025899268682875,8003049271895121437,"(15, 59)","(9, 28)","(48, 47)"
69,60,0.4,bot4,success,45,5385025899268682875,8003049271895121437,"(15, 59)","(9, 28)","(48, 47)"
69,60,0.5,bot1,success,45,5385025899268682875,8003049271895121437,"(15, 59)","(9, 28)","(48, 47)"
69,60,0.5,bot2,success,45,5385025899268682875,8003049271895121437,"(15, 59)","(9, 28)","(48, 47)"
69,60,0.5,bot3,success,45,5385025899268682875,8003049271895121437,"(15, 59)","(9, 28)","(48, 47)"
69,60,0.5,bot4,success,45,5385025899268682875,8003049271895121437,"(15, 59)","(9, 28)","(48, 47)"
69,60,0.6,bot1,success,45,5385025899268682875,8003049271895121437,"(15, 59)","(9, 28)","(48, 47)"
69,60,0.6,bot2,success,45,5385025899268682875,8003049271895121437,"(15, 59)","(9, 28)","(48, 47)"
69,60,0.6,bot3,success,45,5385025899268682875,8003049271895121437,"(15, 59)","(9, 28)","(48, 47)"
69,60,0.6,bot4,success,45,5385025899268682875,8003049271895121437,"(15, 59)","(9, 28)","(48, 47)"
69,60,0.7,bot1,success,45,5385025899268682875,8003049271895121437,"(15, 59)","(9, 28)","(48, 47)"
69,60,0.7,bot2,success,45,5385025899268682875,8003049271895121437,"(15, 59)","(9, 28)","(48, 47)"
69,60,0.7,bot3,success,45,5385025899268682875,8003049271895121437,"(15, 59)","(9, 28)","(48, 47)"
69,60,0.7,bot4,success,45,5385025899268682875,8003049271895121437,"(15, 59)","(9, 28)","(48, 47)"
69,60,0.8,bot1,success,45,5385025899268682875,8003049271895121437,"(15, 59)","(9, 28)","(48, 47)"
69,60,0.8,bot2,success,45,5385025899268682875,8003049271895121437,"(15, 59)","(9, 28)","(48, 47)"
69,60,0.8,bot3,success,45,5385025899268682875,8003049271895121437,"(15, 59)","(9, 28)","(48, 47)"
69,60,0.8,bot4,success,45,5385025899268682875,8003049271895121437,"(15, 59)","(9, 28)","(48, 47)"
69,60,0.9,bot1,success,45,5385025899268682875,8003049271895121437,"(15, 59)","(9, 28)","(48, 47)"
69,60,0.9,bot2,success,45,5385025899268682875,8003049271895121437,"(15, 59)","(9, 28)","(48, 47)"
69,60,0.9,bot3,success,45,5385025899268682875,8003049271895121437,"(15, 59)","(9, 28)","(48, 47)"
69,60,0.9,bot4,success,45,5385025899268682875,8003049271895121437,"(15, 59)","(9, 28)","(48, 47)"
69,60,1.0,bot1,success,45,5385025899268682875,8003049271895121437,"(15, 59)","(9, 28)","(48, 47)"
69,60,1.0,bot2,success,45,5385025899268682875,8003049271895121437,"(15, 59)","(9, 28)","(48, 47)"
69,60,1.0,bot3,success,45,5385025899268682875,8003049271895121437,"(15, 59)","(9, 28)","(48, 47)"
69,60,1.0,bot4,success,45,5385025899268682875,8003049271895121437,"(15, 59)","(9, 28)","(48, 47)"
70,60,0.0,bot1,success,44,15196017105540736068,15299498842597584260,"(29, 56)","(56, 45)","(42, 21)"
70,60,0.0,bot2,success,44,15196017105540736068,15299498842597584260,"(29, 56)","(56, 45)","(42, 21)"
70,60,0.0,bot3,success,44,15196017105540736068,15299498842597584260,"(29, 56)","(56, 45)","(42, 21)"
70,60,0.0,bot4,success,44,15196017105540736068,15299498842597584260,"(29, 56)","(56, 45)","(42, 21)"
70,60,0.1,bot1,success,44,15196017105540736068,15299498842597584260,"(29, 56)","(56, 45)","(42, 21)"
70,60,0.1,bot2,success,44,15196017105540736068,15299498842597584260,"(29, 56)","(56, 45)","(42, 21)"
70,60,0.1,bot3,success,44,15196017105540736068,15299498842597584260,"(29, 56)","(56, 45)","(42, 21)"
70,60,0.1,bot4,success,44,15196017105540736068,15299498842597584260,"(29, 56)","(56, 45)","(42, 21)"
70,60,0.2,bot1,success,44,15196017105540736068,15299498842597584260,"(29, 56)","(56, 45)","(42, 21)"
70,60,0.2,bot2,success,44,15196017105540736068,15299498842597584260,"(29, 56)","(56, 45)","(42, 21)"
70,60,0.2,bot3,success,44,15196017105540736068,15299498842597584260,"(29, 56)","(56, 45)","(42, 21)"
70,60,0.2,bot4,success,44,15196017105540736068,15299498842597584260,"(29, 56)","(56, 45)","(42, 21)"
70,60,0.3,bot1,success,44,15196017105540736068,15299498842597584260,"(29, 56)","(56, 45)","(42, 21)"
70,60,0.3,bot2,success,44,15196017105540736068,15299498842597584260,"(29, 56)","(56, 45)","(42, 21)"
70,60,0.3,bot3,success,44,15196017105540736068,15299498842597584260,"(29, 56)","(56, 45)","(42, 21)"
70,60,0.3,bot4,success,44,15196017105540736068,15299498842597584260,"(29, 56)","(56, 45)","(42, 21)"
70,60,0.4,bot1,success,44,15196017105540736068,15299498842597584260,"(29, 56)","(56, 45)","(42, 21)"
70,60,0.4,bot2,success,44,15196017105540736068,15299498842597584260,"(29, 56)","(56, 45)","(42, 21)"
70,60,0.4,bot3,success,44,15196017105540736068,15299498842597584260,"(29, 56)","(56, 45)","(42, 21)"
70,60,0.4,bot4,success,44,15196017105540736068,15299498842597584260,"(29, 56)","(56, 45)","(42, 21)"
70,60,0.5,bot1,success,44,15196017105540736068,15299498842597584260,"(29, 56)","(56, 45)","(42, 21)"
70,60,0.5,bot2,success,44,15196017105540736068,15299498842597584260,"(29, 56)","(56, 45)","(42, 21)"
70,60,0.5,bot3,success,44,15196017105540736068,15299498842597584260,"(29, 56)","(56, 45)","(42, 21)"
70,60,0.5,bot4,success,44,15196017105540736068,15299498842597584260,"(29, 56)","(56, 45)","(42, 21)"
70,60,0.6,bot1,success,44,15196017105540736068,15299498842597584260,"(29, 56)","(56, 45)","(42, 21)"
70,60,0.6,bot2,success,44,15196017105540736068,15299498842597584260,"(29, 56)","(56, 45)","(42, 21)"
70,60,0.6,bot3,success,44,15196017105540736068,15299498842597584260,"(29, 56)","(56, 45)","(42, 21)"
70,60,0.6,bot4,success,44,15196017105540736068,15299498842597584260,"(29, 56)","(56, 45)","(42, 21)"
70,60,0.7,bot1,success,44,15196017105540736068,15299498842597584260,"(29, 56)","(56, 45)","(42, 21)"
70,60,0.7,bot2,success,44,15196017105540736068,15299498842597584260,"(29, 56)","(56, 45)","(42, 21)"
70,60,0.7,bot3,success,44,15196017105540736068,15299498842597584260,"(29, 56)","(56, 45)","(42, 21)"
70,60,0.7,bot4,success,44,15196017105540736068,15299498842597584260,"(29, 56)","(56, 45)","(42, 21)"
70,60,0.8,bot1,success,44,15196017105540736068,15299498842597584260,"(29, 56)","(56, 45)","(42, 21)"
70,60,0.8,bot2,success,44,15196017105540736068,15299498842597584260,"(29, 56)","(56, 45)","(42, 21)"
70,60,0.8,bot3,success,44,15196017105540736068,15299498842597584260,"(29, 56)","(56, 45)","(42, 21)"
70,60,0.8,bot4,success,44,15196017105540736068,15299498842597584260,"(29, 56)","(56, 45)","(42, 21)"
70,60,0.9,bot1,success,44,15196017105540736068,15299498842597584260,"(29, 56)","(56, 45)","(42, 21)"
70,60,0.9,bot2,success,44,15196017105540736068,15299498842597584260,"(29, 56)","(56, 45)","(42, 21)"
70,60,0.9,bot3,success,44,15196017105540736068,15299498842597584260,"(29, 56)","(56, 45)","(42, 21)"
70,60,0.9,bot4,success,44,15196017105540736068,15299498842597584260,"(29, 56)","(56, 45)","(42, 21)"
70,60,1.0,bot1,success,44,15196017105540736068,15299498842597584260,"(29, 56)","(56, 45)","(42, 21)"
70,60,1.0,bot2,success,44,15196017105540736068,15299498842597584260,"(29, 56)","(56, 45)","(42, 21)"
70,60,1.0,bot3,success,44,15196017105540736068,15299498842597584260,"(29, 56)","(56, 45)","(42, 21)"
70,60,1.0,bot4,success,44,15196017105540736068,15299498842597584260,"(29, 56)","(56, 45)","(42, 21)"
71,60,0.0,bot1,success,19,11523825915951453758,8455192687929170556,"(56, 7)","(53, 19)","(40, 27)"
71,60,0.0,bot2,success,19,11523825915951453758,8455192687929170556,"(56, 7)","(53, 19)","(40, 27)"
71,60,0.0,bot3,success,19,11523825915951453758,8455192687929170556,"(56, 7)","(53, 19)","(40, 27)"
71,60,0.0,bot4,success,19,11523825915951453758,8455192687929170556,"(56, 7)","(53, 19)","(40, 27)"
71,60,0.1,bot1,success,19,11523825915951453758,8455192687929170556,"(56, 7)","(53, 19)","(40, 27)"
71,60,0.1,bot2,success,19,11523825915951453758,8455192687929170556,"(56, 7)","(53, 19)","(40, 27)"
71,60,0.1,bot3,success,19,11523825915951453758,8455192687929170556,"(56, 7)","(53, 19)","(40, 27)"
71,60,0.1,bot4,success,19,11523825915951453758,8455192687929170556,"(56, 7)","(53, 19)","(40, 27)"
71,60,0.2,bot1,success,19,11523825915951453758,8455192687929170556,"(56, 7)","(53, 19)","(40, 27)"
71,60,0.2,bot2,success,19,11523825915951453758,8455192687929170556,"(56, 7)","(53, 19)","(40, 27)"
71,60,0.2,bot3,success,19,11523825915951453758,8455192687929170556,"(56, 7)","(53, 19)","(40, 27)"
71,60,0.2,bot4,success,19,11523825915951453758,8455192687929170556,"(56, 7)","(53, 19)","(40, 27)"
71,60,0.3,bot1,success,19,11523825915951453758,8455192687929170556,"(56, 7)","(53, 19)","(40, 27)"
71,60,0.3,bot2,success,19,11523825915951453758,8455192687929170556,"(56, 7)","(53, 19)","(40, 27)"
71,60,0.3,bot3,success,19,11523825915951453758,8455192687929170556,"(56, 7)","(53, 19)","(40, 27)"
71,60,0.3,bot4,success,19,11523825915951453758,8455192687929170556,"(56, 7)","(53, 19)","(40, 27)"
71,60,0.4,bot1,success,19,11523825915951453758,8455192687929170556,"(56, 7)","(53, 19)","(40, 27)"
71,60,0.4,bot2,success,19,11523825915951453758,8455192687929170556,"(56, 7)","(53, 19)","(40, 27)"
71,60,0.4,bot3,success,19,11523825915951453758,8455192687929170556,"(56, 7)","(53, 19)","(40, 27)"
71,60,0.4,bot4,success,19,11523825915951453758,8455192687929170556,"(56, 7)","(53, 19)","(40, 27)"
71,60,0.5,bot1,success,19,11523825915951453758,8455192687929170556,"(56, 7)","(53, 19)","(40, 27)"
71,60,0.5,bot2,success,19,11523825915951453758,8455192687929170556,"(56, 7)","(53, 19)","(40, 27)"
71,60,0.5,bot3,success,19,11523825915951453758,8455192687929170556,"(56, 7)","(53, 19)","(40, 27)"
71,60,0.5,bot4,success,19,11523825915951453758,8455192687929170556,"(56, 7)","(53, 19)","(40, 27)"
71,60,0.6,bot1,success,19,11523825915951453758,8455192687929170556,"(56, 7)","(53, 19)","(40, 27)"
71,60,0.6,bot2,success,19,11523825915951453758,8455192687929170556,"(56, 7)","(53, 19)","(40, 27)"
71,60,0.6,bot3,success,19,11523825915951453758,8455192687929170556,"(56, 7)","(53, 19)","(40, 27)"
71,60,0.6,bot4,success,19,11523825915951453758,8455192687929170556,"(56, 7)","(53, 19)","(40, 27)"
71,60,0.7,bot1,success,19,11523825915951453758,8455192687929170556,"(56, 7)","(53, 19)","(40, 27)"
71,60,0.7,bot2,success,19,11523825915951453758,8455192687929170556,"(56, 7)","(53, 19)","(40, 27)"
71,60,0.7,bot3,success,19,11523825915951453758,8455192687929170556,"(56, 7)","(53, 19)","(40, 27)"
71,60,0.7,bot4,success,19,11523825915951453758,8455192687929170556,"(56, 7)","(53, 19)","(40, 27)"
71,60,0.8,bot1,success,19,11523825915951453758,8455192687929170556,"(56, 7)","(53, 19)","(40, 27)"
71,60,0.8,bot2,success,19,11523825915951453758,8455192687929170556,"(56, 7)","(53, 19)","(40, 27)"
71,60,0.8,bot3,success,19,11523825915951453758,8455192687929170556,"(56, 7)","(53, 19)","(40, 27)"
71,60,0.8,bot4,success,19,11523825915951453758,8455192687929170556,"(56, 7)","(53, 19)","(40, 27)"
71,60,0.9,bot1,success,19,11523825915951453758,8455192687929170556,"(56, 7)","(53, 19)","(40, 27)"
71,60,0.9,bot2,success,19,11523825915951453758,8455192687929170556,"(56, 7)","(53, 19)","(40, 27)"
71,60,0.9,bot3,success,19,11523825915951453758,8455192687929170556,"(56, 7)","(53, 19)","(40, 27)"
71,60,0.9,bot4,success,19,11523825915951453758,8455192687929170556,"(56, 7)","(53, 19)","(40, 27)"
71,60,1.0,bot1,success,19,11523825915951453758,8455192687929170556,"(56, 7)","(53, 19)","(40, 27)"
71,60,1.0,bot2,success,19,11523825915951453758,8455192687929170556,"(56, 7)","(53, 19)","(40, 27)"
71,60,1.0,bot3,success,19,11523825915951453758,8455192687929170556,"(56, 7)","(53, 19)","(40, 27)"
71,60,1.0,bot4,success,19,11523825915951453758,8455192687929170556,"(56, 7)","(53, 19)","(40, 27)"
72,60,0.0,bot1,success,86,7081042057854857347,7989053525715352729,"(4, 13)","(53, 42)","(12, 46)"
72,60,0.0,bot2,success,86,7081042057854857347,7989053525715352729,"(4, 13)","(53, 42)","(12, 46)"
72,60,0.0,bot3,success,86,7081042057854857347,7989053525715352729,"(4, 13)","(53, 42)","(12, 46)"
72,60,0.0,bot4,success,86,7081042057854857347,7989053525715352729,"(4, 13)","(53, 42)","(12, 46)"
72,60,0.1,bot1,success,86,7081042057854857347,7989053525715352729,"(4, 13)","(53, 42)","(12, 46)"
72,60,0.1,bot2,success,86,7081042057854857347,7989053525715352729,"(4, 13)","(53, 42)","(12, 46)"
72,60,0.1,bot3,success,86,7081042057854857347,7989053525715352729,"(4, 13)","(53, 42)","(12, 46)"
72,60,0.1,bot4,success,88,7081042057854857347,7989053525715352729,"(4, 13)","(53, 42)","(12, 46)"
72,60,0.2,bot1,success,86,7081042057854857347,7989053525715352729,"(4, 13)","(53, 42)","(12, 46)"
72,60,0.2,bot2,success,86,7081042057854857347,7989053525715352729,"(4, 13)","(53, 42)","(12, 46)"
72,60,0.2,bot3,success,86,7081042057854857347,7989053525715352729,"(4, 13)","(53, 42)","(12, 46)"
72,60,0.2,bot4,success,88,7081042057854857347,7989053525715352729,"(4, 13)","(53, 42)","(12, 46)"
72,60,0.3,bot1,success,86,7081042057854857347,7989053525715352729,"(4, 13)","(53, 42)","(12, 46)"
72,60,0.3,bot2,success,86,7081042057854857347,7989053525715352729,"(4, 13)","(53, 42)","(12, 46)"
72,60,0.3,bot3,success,86,7081042057854857347,7989053525715352729,"(4, 13)","(53, 42)","(12, 46)"
72,60,0.3,bot4,success,88,7081042057854857347,7989053525715352729,"(4, 13)","(53, 42)","(12, 46)"
72,60,0.4,bot1,success,86,7081042057854857347,7989053525715352729,"(4, 13)","(53, 42)","(12, 46)"
72,60,0.4,bot2,success,86,7081042057854857347,7989053525715352729,"(4, 13)","(53, 42)","(12, 46)"
72,60,0.4,bot3,success,86,7081042057854857347,7989053525715352729,"(4, 13)","(53, 42)","(12, 46)"
72,60,0.4,bot4,success,86,7081042057854857347,7989053525715352729,"(4, 13)","(53, 42)","(12, 46)"
72,60,0.5,bot1,success,86,7081042057854857347,7989053525715352729,"(4, 13)","(53, 42)","(12, 46)"
72,60,0.5,bot2,success,86,7081042057854857347,7989053525715352729,"(4, 13)","(53, 42)","(12, 46)"
72,60,0.5,bot3,success,86,7081042057854857347,7989053525715352729,"(4, 13)","(53, 42)","(12, 46)"
72,60,0.5,bot4,success,86,7081042057854857347,7989053525715352729,"(4, 13)","(53, 42)","(12, 46)"
72,60,0.6,bot1,burned,33,7081042057854857347,7989053525715352729,"(4, 13)","(53, 42)","(12, 46)"
72,60,0.6,bot2,burned,76,7081042057854857347,7989053525715352729,"(4, 13)","(53, 42)","(12, 46)"
72,60,0.6,bot3,burned,94,7081042057854857347,7989053525715352729,"(4, 13)","(53, 42)","(12, 46)"
72,60,0.6,bot4,burned,76,7081042057854857347,7989053525715352729,"(4, 13)","(53, 42)","(12, 46)"
72,60,0.7,bot1,burned,28,7081042057854857347,7989053525715352729,"(4, 13)","(53, 42)","(12, 46)"
72,60,0.7,bot2,burned,83,7081042057854857347,7989053525715352729,"(4, 13)","(53, 42)","(12, 46)"
72,60,0.7,bot3,burned,86,7081042057854857347,7989053525715352729,"(4, 13)","(53, 42)","(12, 46)"
72,60,0.7,bot4,burned,83,7081042057854857347,7989053525715352729,"(4, 13)","(53, 42)","(12, 46)"
72,60,0.8,bot1,burned,30,7081042057854857347,7989053525715352729,"(4, 13)","(53, 42)","(12, 46)"
72,60,0.8,bot2,burned,47,7081042057854857347,7989053525715352729,"(4, 13)","(53, 42)","(12, 46)"
72,60,0.8,bot3,burned,73,7081042057854857347,7989053525715352729,"(4, 13)","(53, 42)","(12, 46)"
72,60,0.8,bot4,burned,47,7081042057854857347,7989053525715352729,"(4, 13)","(53, 42)","(12, 46)"
72,60,0.9,bot1,burned,29,7081042057854857347,7989053525715352729,"(4, 13)","(53, 42)","(12, 46)"
72,60,0.9,bot2,burned,59,7081042057854857347,7989053525715352729,"(4, 13)","(53, 42)","(12, 46)"
72,60,0.9,bot3,burned,61,7081042057854857347,7989053525715352729,"(4, 13)","(53, 42)","(12, 46)"
72,60,0.9,bot4,burned,59,7081042057854857347,7989053525715352729,"(4, 13)","(53, 42)","(12, 46)"
72,60,1.0,bot1,burned,27,7081042057854857347,7989053525715352729,"(4, 13)","(53, 42)","(12, 46)"
72,60,1.0,bot2,burned,61,7081042057854857347,7989053525715352729,"(4, 13)","(53, 42)","(12, 46)"
72,60,1.0,bot3,burned,63,7081042057854857347,7989053525715352729,"(4, 13)","(53, 42)","(12, 46)"
72,60,1.0,bot4,burned,61,7081042057854857347,7989053525715352729,"(4, 13)","(53, 42)","(12, 46)"
73,60,0.0,bot1,success,65,17560539692268656894,9220492803374659645,"(22, 50)","(43, 14)","(6, 7)"
73,60,0.0,bot2,success,65,17560539692268656894,9220492803374659645,"(22, 50)","(43, 14)","(6, 7)"
73,60,0.0,bot3,success,65,17560539692268656894,9220492803374659645,"(22, 50)","(43, 14)","(6, 7)"
73,60,0.0,bot4,success,65,17560539692268656894,9220492803374659645,"(22, 50)","(43, 14)","(6, 7)"
73,60,0.1,bot1,success,65,17560539692268656894,9220492803374659645,"(22, 50)","(43, 14)","(6, 7)"
73,60,0.1,bot2,success,65,17560539692268656894,9220492803374659645,"(22, 50)","(43, 14)","(6, 7)"
73,60,0.1,bot3,success,65,17560539692268656894,9220492803374659645,"(22, 50)","(43, 14)","(6, 7)"
73,60,0.1,bot4,success,65,17560539692268656894,9220492803374659645,"(22, 50)","(43, 14)","(6, 7)"
73,60,0.2,bot1,success,65,17560539692268656894,9220492803374659645,"(22, 50)","(43, 14)","(6, 7)"
73,60,0.2,bot2,success,65,17560539692268656894,9220492803374659645,"(22, 50)","(43, 14)","(6, 7)"
73,60,0.2,bot3,success,65,17560539692268656894,9220492803374659645,"(22, 50)","(43, 14)","(6, 7)"
73,60,0.2,bot4,success,65,17560539692268656894,9220492803374659645,"(22, 50)","(43, 14)","(6, 7)"
73,60,0.3,bot1,success,65,17560539692268656894,9220492803374659645,"(22, 50)","(43, 14)","(6, 7)"
73,60,0.3,bot2,success,65,17560539692268656894,9220492803374659645,"(22, 50)","(43, 14)","(6, 7)"
73,60,0.3,bot3,success,65,17560539692268656894,9220492803374659645,"(22, 50)","(43, 14)","(6, 7)"
73,60,0.3,bot4,success,65,17560539692268656894,9220492803374659645,"(22, 50)","(43, 14)","(6, 7)"
73,60,0.4,bot1,success,65,17560539692268656894,9220492803374659645,"(22, 50)","(43, 14)","(6, 7)"
73,60,0.4,bot2,success,65,17560539692268656894,9220492803374659645,"(22, 50)","(43, 14)","(6, 7)"
73,60,0.4,bot3,success,65,17560539692268656894,9220492803374659645,"(22, 50)","(43, 14)","(6, 7)"
73,60,0.4,bot4,success,65,17560539692268656894,9220492803374659645,"(22, 50)","(43, 14)","(6, 7)"
73,60,0.5,bot1,success,65,17560539692268656894,9220492803374659645,"(22, 50)","(43, 14)","(6, 7)"
73,60,0.5,bot2,success,65,17560539692268656894,9220492803374659645,"(22, 50)","(43, 14)","(6, 7)"
73,60,0.5,bot3,success,65,17560539692268656894,9220492803374659645,"(22, 50)","(43, 14)","(6, 7)"
73,60,0.5,bot4,success,65,17560539692268656894,9220492803374659645,"(22, 50)","(43, 14)","(6, 7)"
73,60,0.6,bot1,success,65,17560539692268656894,9220492803374659645,"(22, 50)","(43, 14)","(6, 7)"
73,60,0.6,bot2,success,65,17560539692268656894,9220492803374659645,"(22, 50)","(43, 14)","(6, 7)"
73,60,0.6,bot3,success,65,17560539692268656894,9220492803374659645,"(22, 50)","(43, 14)","(6, 7)"
73,60,0.6,bot4,success,65,17560539692268656894,9220492803374659645,"(22, 50)","(43, 14)","(6, 7)"
73,60,0.7,bot1,success,65,17560539692268656894,9220492803374659645,"(22, 50)","(43, 14)","(6, 7)"
73,60,0.7,bot2,success,65,17560539692268656894,9220492803374659645,"(22, 50)","(43, 14)","(6, 7)"
73,60,0.7,bot3,success,65,17560539692268656894,9220492803374659645,"(22, 50)","(43, 14)","(6, 7)"
73,60,0.7,bot4,success,65,17560539692268656894,9220492803374659645,"(22, 50)","(43, 14)","(6, 7)"
73,60,0.8,bot1,success,65,17560539692268656894,9220492803374659645,"(22, 50)","(43, 14)","(6, 7)"
73,60,0.8,bot2,success,65,17560539692268656894,9220492803374659645,"(22, 50)","(43, 14)","(6, 7)"
73,60,0.8,bot3,success,65,17560539692268656894,9220492803374659645,"(22, 50)","(43, 14)","(6, 7)"
73,60,0.8,bot4,success,65,17560539692268656894,9220492803374659645,"(22, 50)","(43, 14)","(6, 7)"
73,60,0.9,bot1,burned,63,17560539692268656894,9220492803374659645,"(22, 50)","(43, 14)","(6, 7)"
73,60,0.9,bot2,burned,65,17560539692268656894,9220492803374659645,"(22, 50)","(43, 14)","(6, 7)"
73,60,0.9,bot3,burned,65,17560539692268656894,9220492803374659645,"(22, 50)","(43, 14)","(6, 7)"
73,60,0.9,bot4,burned,65,17560539692268656894,9220492803374659645,"(22, 50)","(43, 14)","(6, 7)"
73,60,1.0,bot1,burned,61,17560539692268656894,9220492803374659645,"(22, 50)","(43, 14)","(6, 7)"
73,60,1.0,bot2,burned,65,17560539692268656894,9220492803374659645,"(22, 50)","(43, 14)","(6, 7)"
73,60,1.0,bot3,burned,65,17560539692268656894,9220492803374659645,"(22, 50)","(43, 14)","(6, 7)"
73,60,1.0,bot4,burned,65,17560539692268656894,9220492803374659645,"(22, 50)","(43, 14)","(6, 7)"
74,60,0.0,bot1,success,66,3504085898676702472,13076041862509346154,"(59, 37)","(23, 25)","(27, 21)"
74,60,0.0,bot2,success,66,3504085898676702472,13076041862509346154,"(59, 37)","(23, 25)","(27, 21)"
74,60,0.0,bot3,success,66,3504085898676702472,13076041862509346154,"(59, 37)","(23, 25)","(27, 21)"
74,60,0.0,bot4,success,66,3504085898676702472,13076041862509346154,"(59, 37)","(23, 25)","(27, 21)"
74,60,0.1,bot1,success,66,3504085898676702472,13076041862509346154,"(59, 37)","(23, 25)","(27, 21)"
74,60,0.1,bot2,success,66,3504085898676702472,13076041862509346154,"(59, 37)","(23, 25)","(27, 21)"
74,60,0.1,bot3,success,66,3504085898676702472,13076041862509346154,"(59, 37)","(23, 25)","(27, 21)"
74,60,0.1,bot4,success,66,3504085898676702472,13076041862509346154,"(59, 37)","(23, 25)","(27, 21)"
74,60,0.2,bot1,success,66,3504085898676702472,13076041862509346154,"(59, 37)","(23, 25)","(27, 21)"
74,60,0.2,bot2,success,66,3504085898676702472,13076041862509346154,"(59, 37)","(23, 25)","(27, 21)"
74,60,0.2,bot3,success,66,3504085898676702472,13076041862509346154,"(59, 37)","(23, 25)","(27, 21)"
74,60,0.2,bot4,success,66,3504085898676702472,13076041862509346154,"(59, 37)","(23, 25)","(27, 21)"
74,60,0.3,bot1,burned,49,3504085898676702472,13076041862509346154,"(59, 37)","(23, 25)","(27, 21)"
74,60,0.3,bot2,burned,84,3504085898676702472,13076041862509346154,"(59, 37)","(23, 25)","(27, 21)"
74,60,0.3,bot3,burned,84,3504085898676702472,13076041862509346154,"(59, 37)","(23, 25)","(27, 21)"
74,60,0.3,bot4,burned,84,3504085898676702472,13076041862509346154,"(59, 37)","(23, 25)","(27, 21)"
74,60,0.4,bot1,burned,41,3504085898676702472,13076041862509346154,"(59, 37)","(23, 25)","(27, 21)"
74,60,0.4,bot2,burned,43,3504085898676702472,13076041862509346154,"(59, 37)","(23, 25)","(27, 21)"
74,60,0.4,bot3,burned,71,3504085898676702472,13076041862509346154,"(59, 37)","(23, 25)","(27, 21)"
74,60,0.4,bot4,burned,43,3504085898676702472,13076041862509346154,"(59, 37)","(23, 25)","(27, 21)"
74,60,0.5,bot1,burned,41,3504085898676702472,13076041862509346154,"(59, 37)","(23, 25)","(27, 21)"
74,60,0.5,bot2,burned,41,3504085898676702472,13076041862509346154,"(59, 37)","(23, 25)","(27, 21)"
74,60,0.5,bot3,burned,59,3504085898676702472,13076041862509346154,"(59, 37)","(23, 25)","(27, 21)"
74,60,0.5,bot4,burned,41,3504085898676702472,13076041862509346154,"(59, 37)","(23, 25)","(27, 21)"
74,60,0.6,bot1,burned,38,3504085898676702472,13076041862509346154,"(59, 37)","(23, 25)","(27, 21)"
74,60,0.6,bot2,burned,44,3504085898676702472,13076041862509346154,"(59, 37)","(23, 25)","(27, 21)"
74,60,0.6,bot3,burned,44,3504085898676702472,13076041862509346154,"(59, 37)","(23, 25)","(27, 21)"
74,60,0.6,bot4,burned,44,3504085898676702472,13076041862509346154,"(59, 37)","(23, 25)","(27, 21)"
74,60,0.7,bot1,burned,36,3504085898676702472,13076041862509346154,"(59, 37)","(23, 25)","(27, 21)"
74,60,0.7,bot2,burned,49,3504085898676702472,13076041862509346154,"(59, 37)","(23, 25)","(27, 21)"
74,60,0.7,bot3,burned,49,3504085898676702472,13076041862509346154,"(59, 37)","(23, 25)","(27, 21)"
74,60,0.7,bot4,burned,49,3504085898676702472,13076041862509346154,"(59, 37)","(23, 25)","(27, 21)"
74,60,0.8,bot1,burned,34,3504085898676702472,13076041862509346154,"(59, 37)","(23, 25)","(27, 21)"
74,60,0.8,bot2,burned,43,3504085898676702472,13076041862509346154,"(59, 37)","(23, 25)","(27, 21)"
74,60,0.8,bot3,burned,43,3504085898676702472,13076041862509346154,"(59, 37)","(23, 25)","(27, 21)"
74,60,0.8,bot4,burned,43,3504085898676702472,13076041862509346154,"(59, 37)","(23, 25)","(27, 21)"
74,60,0.9,bot1,burned,35,3504085898676702472,13076041862509346154,"(59, 37)","(23, 25)","(27, 21)"
74,60,0.9,bot2,burned,42,3504085898676702472,13076041862509346154,"(59, 37)","(23, 25)","(27, 21)"
74,60,0.9,bot3,burned,42,3504085898676702472,13076041862509346154,"(59, 37)","(23, 25)","(27, 21)"
74,60,0.9,bot4,burned,42,3504085898676702472,13076041862509346154,"(59, 37)","(23, 25)","(27, 21)"
74,60,1.0,bot1,burned,32,3504085898676702472,13076041862509346154,"(59, 37)","(23, 25)","(27, 21)"
74,60,1.0,bot2,burned,38,3504085898676702472,13076041862509346154,"(59, 37)","(23, 25)","(27, 21)"
74,60,1.0,bot3,burned,38,3504085898676702472,13076041862509346154,"(59, 37)","(23, 25)","(27, 21)"
74,60,1.0,bot4,burned,38,3504085898676702472,13076041862509346154,"(59, 37)","(23, 25)","(27, 21)"
75,60,0.0,bot1,success,73,11837457792885918403,9265549235744306482,"(10, 47)","(48, 32)","(19, 27)"
75,60,0.0,bot2,success,73,11837457792885918403,9265549235744306482,"(10, 47)","(48, 32)","(19, 27)"
75,60,0.0,bot3,success,73,11837457792885918403,9265549235744306482,"(10, 47)","(48, 32)","(19, 27)"
75,60,0.0,bot4,success,73,11837457792885918403,9265549235744306482,"(10, 47)","(48, 32)","(19, 27)"
75,60,0.1,bot1,success,73,11837457792885918403,9265549235744306482,"(10, 47)","(48, 32)","(19, 27)"
75,60,0.1,bot2,success,73,11837457792885918403,9265549235744306482,"(10, 47)","(48, 32)","(19, 27)"
75,60,0.1,bot3,success,73,11837457792885918403,9265549235744306482,"(10, 47)","(48, 32)","(19, 27)"
75,60,0.1,bot4,success,73,11837457792885918403,9265549235744306482,"(10, 47)","(48, 32)","(19, 27)"
75,60,0.2,bot1,success,73,11837457792885918403,9265549235744306482,"(10, 47)","(48, 32)","(19, 27)"
75,60,0.2,bot2,success,73,11837457792885918403,9265549235744306482,"(10, 47)","(48, 32)","(19, 27)"
75,60,0.2,bot3,success,73,11837457792885918403,9265549235744306482,"(10, 47)","(48, 32)","(19, 27)"
75,60,0.2,bot4,success,73,11837457792885918403,9265549235744306482,"(10, 47)","(48, 32)","(19, 27)"
75,60,0.3,bot1,success,73,11837457792885918403,9265549235744306482,"(10, 47)","(48, 32)","(19, 27)"
75,60,0.3,bot2,success,73,11837457792885918403,9265549235744306482,"(10, 47)","(48, 32)","(19, 27)"
75,60,0.3,bot3,success,73,11837457792885918403,9265549235744306482,"(10, 47)","(48, 32)","(19, 27)"
75,60,0.3,bot4,success,75,11837457792885918403,9265549235744306482,"(10, 47)","(48, 32)","(19, 27)"
75,60,0.4,bot1,success,73,11837457792885918403,9265549235744306482,"(10, 47)","(48, 32)","(19, 27)"
75,60,0.4,bot2,success,73,11837457792885918403,9265549235744306482,"(10, 47)","(48, 32)","(19, 27)"
75,60,0.4,bot3,success,73,11837457792885918403,9265549235744306482,"(10, 47)","(48, 32)","(19, 27)"
75,60,0.4,bot4,success,75,11837457792885918403,9265549235744306482,"(10, 47)","(48, 32)","(19, 27)"
75,60,0.5,bot1,burned,56,11837457792885918403,9265549235744306482,"(10, 47)","(48, 32)","(19, 27)"
75,60,0.5,bot2,burned,55,11837457792885918403,9265549235744306482,"(10, 47)","(48, 32)","(19, 27)"
75,60,0.5,bot3,burned,81,11837457792885918403,9265549235744306482,"(10, 47)","(48, 32)","(19, 27)"
75,60,0.5,bot4,burned,74,11837457792885918403,9265549235744306482,"(10, 47)","(48, 32)","(19, 27)"
75,60,0.6,bot1,burned,46,11837457792885918403,9265549235744306482,"(10, 47)","(48, 32)","(19, 27)"
75,60,0.6,bot2,burned,72,11837457792885918403,9265549235744306482,"(10, 47)","(48, 32)","(19, 27)"
75,60,0.6,bot3,burned,72,11837457792885918403,9265549235744306482,"(10, 47)","(48, 32)","(19, 27)"
75,60,0.6,bot4,burned,72,11837457792885918403,9265549235744306482,"(10, 47)","(48, 32)","(19, 27)"
75,60,0.7,bot1,burned,36,11837457792885918403,9265549235744306482,"(10, 47)","(48, 32)","(19, 27)"
75,60,0.7,bot2,burned,36,11837457792885918403,9265549235744306482,"(10, 47)","(48, 32)","(19, 27)"
75,60,0.7,bot3,burned,57,11837457792885918403,9265549235744306482,"(10, 47)","(48, 32)","(19, 27)"
75,60,0.7,bot4,burned,36,11837457792885918403,9265549235744306482,"(10, 47)","(48, 32)","(19, 27)"
75,60,0.8,bot1,burned,29,11837457792885918403,9265549235744306482,"(10, 47)","(48, 32)","(19, 27)"
75,60,0.8,bot2,burned,28,11837457792885918403,9265549235744306482,"(10, 47)","(48, 32)","(19, 27)"
75,60,0.8,bot3,burned,47,11837457792885918403,9265549235744306482,"(10, 47)","(48, 32)","(19, 27)"
75,60,0.8,bot4,burned,28,11837457792885918403,9265549235744306482,"(10, 47)","(48, 32)","(19, 27)"
75,60,0.9,bot1,burned,24,11837457792885918403,9265549235744306482,"(10, 47)","(48, 32)","(19, 27)"
75,60,0.9,bot2,burned,24,11837457792885918403,9265549235744306482,"(10, 47)","(48, 32)","(19, 27)"
75,60,0.9,bot3,burned,33,11837457792885918403,9265549235744306482,"(10, 47)","(48, 32)","(19, 27)"
75,60,0.9,bot4,burned,24,11837457792885918403,9265549235744306482,"(10, 47)","(48, 32)","(19, 27)"
75,60,1.0,bot1,burned,24,11837457792885918403,9265549235744306482,"(10, 47)","(48, 32)","(19, 27)"
75,60,1.0,bot2,burned,33,11837457792885918403,9265549235744306482,"(10, 47)","(48, 32)","(19, 27)"
75,60,1.0,bot3,burned,42,11837457792885918403,9265549235744306482,"(10, 47)","(48, 32)","(19, 27)"
75,60,1.0,bot4,burned,33,11837457792885918403,9265549235744306482,"(10, 47)","(48, 32)","(19, 27)"
76,60,0.0,bot1,success,65,4740402354965224635,8124530400859444545,"(8, 2)","(16, 43)","(25, 14)"
76,60,0.0,bot2,success,65,4740402354965224635,8124530400859444545,"(8, 2)","(16, 43)","(25, 14)"
76,60,0.0,bot3,success,65,4740402354965224635,8124530400859444545,"(8, 2)","(16, 43)","(25, 14)"
76,60,0.0,bot4,success,65,4740402354965224635,8124530400859444545,"(8, 2)","(16, 43)","(25, 14)"
76,60,0.1,bot1,success,65,4740402354965224635,8124530400859444545,"(8, 2)","(16, 43)","(25, 14)"
76,60,0.1,bot2,success,65,4740402354965224635,8124530400859444545,"(8, 2)","(16, 43)","(25, 14)"
76,60,0.1,bot3,success,65,4740402354965224635,8124530400859444545,"(8, 2)","(16, 43)","(25, 14)"
76,60,0.1,bot4,success,65,4740402354965224635,8124530400859444545,"(8, 2)","(16, 43)","(25, 14)"
76,60,0.2,bot1,success,65,4740402354965224635,8124530400859444545,"(8, 2)","(16, 43)","(25, 14)"
76,60,0.2,bot2,success,65,4740402354965224635,8124530400859444545,"(8, 2)","(16, 43)","(25, 14)"
76,60,0.2,bot3,success,65,4740402354965224635,8124530400859444545,"(8, 2)","(16, 43)","(25, 14)"
76,60,0.2,bot4,success,77,4740402354965224635,8124530400859444545,"(8, 2)","(16, 43)","(25, 14)"
76,60,0.3,bot1,success,65,4740402354965224635,8124530400859444545,"(8, 2)","(16, 43)","(25, 14)"
76,60,0.3,bot2,success,65,4740402354965224635,8124530400859444545,"(8, 2)","(16, 43)","(25, 14)"
76,60,0.3,bot3,success,65,4740402354965224635,8124530400859444545,"(8, 2)","(16, 43)","(25, 14)"
76,60,0.3,bot4,success,77,4740402354965224635,8124530400859444545,"(8, 2)","(16, 43)","(25, 14)"
76,60,0.4,bot1,success,65,4740402354965224635,8124530400859444545,"(8, 2)","(16, 43)","(25, 14)"
76,60,0.4,bot2,success,65,4740402354965224635,8124530400859444545,"(8, 2)","(16, 43)","(25, 14)"
76,60,0.4,bot3,success,65,4740402354965224635,8124530400859444545,"(8, 2)","(16, 43)","(25, 14)"
76,60,0.4,bot4,success,77,4740402354965224635,8124530400859444545,"(8, 2)","(16, 43)","(25, 14)"
76,60,0.5,bot1,burned,28,4740402354965224635,8124530400859444545,"(8, 2)","(16, 43)","(25, 14)"
76,60,0.5,bot2,success,75,4740402354965224635,8124530400859444545,"(8, 2)","(16, 43)","(25, 14)"
76,60,0.5,bot3,success,75,4740402354965224635,8124530400859444545,"(8, 2)","(16, 43)","(25, 14)"
76,60,0.5,bot4,success,73,4740402354965224635,8124530400859444545,"(8, 2)","(16, 43)","(25, 14)"
76,60,0.6,bot1,burned,27,4740402354965224635,8124530400859444545,"(8, 2)","(16, 43)","(25, 14)"
76,60,0.6,bot2,burned,65,4740402354965224635,8124530400859444545,"(8, 2)","(16, 43)","(25, 14)"
76,60,0.6,bot3,burned,69,4740402354965224635,8124530400859444545,"(8, 2)","(16, 43)","(25, 14)"
76,60,0.6,bot4,burned,68,4740402354965224635,8124530400859444545,"(8, 2)","(16, 43)","(25, 14)"
76,60,0.7,bot1,burned,25,4740402354965224635,8124530400859444545,"(8, 2)","(16, 43)","(25, 14)"
76,60,0.7,bot2,burned,27,4740402354965224635,8124530400859444545,"(8, 2)","(16, 43)","(25, 14)"
76,60,0.7,bot3,burned,27,4740402354965224635,8124530400859444545,"(8, 2)","(16, 43)","(25, 14)"
76,60,0.7,bot4,burned,27,4740402354965224635,8124530400859444545,"(8, 2)","(16, 43)","(25, 14)"
76,60,0.8,bot1,burned,23,4740402354965224635,8124530400859444545,"(8, 2)","(16, 43)","(25, 14)"
76,60,0.8,bot2,burned,23,4740402354965224635,8124530400859444545,"(8, 2)","(16, 43)","(25, 14)"
76,60,0.8,bot3,burned,28,4740402354965224635,8124530400859444545,"(8, 2)","(16, 43)","(25, 14)"
76,60,0.8,bot4,burned,23,4740402354965224635,8124530400859444545,"(8, 2)","(16, 43)","(25, 14)"
76,60,0.9,bot1,burned,23,4740402354965224635,8124530400859444545,"(8, 2)","(16, 43)","(25, 14)"
76,60,0.9,bot2,burned,26,4740402354965224635,8124530400859444545,"(8, 2)","(16, 43)","(25, 14)"
76,60,0.9,bot3,burned,26,4740402354965224635,8124530400859444545,"(8, 2)","(16, 43)","(25, 14)"
76,60,0.9,bot4,burned,26,4740402354965224635,8124530400859444545,"(8, 2)","(16, 43)","(25, 14)"
76,60,1.0,bot1,burned,22,4740402354965224635,8124530400859444545,"(8, 2)","(16, 43)","(25, 14)"
76,60,1.0,bot2,burned,24,4740402354965224635,8124530400859444545,"(8, 2)","(16, 43)","(25, 14)"
76,60,1.0,bot3,burned,39,4740402354965224635,8124530400859444545,"(8, 2)","(16, 43)","(25, 14)"
76,60,1.0,bot4,burned,24,4740402354965224635,8124530400859444545,"(8, 2)","(16, 43)","(25, 14)"
77,60,0.0,bot1,success,50,11961711920994213760,14203038815107494983,"(6, 51)","(35, 40)","(3, 24)"
77,60,0.0,bot2,success,50,11961711920994213760,14203038815107494983,"(6, 51)","(35, 40)","(3, 24)"
77,60,0.0,bot3,success,50,11961711920994213760,14203038815107494983,"(6, 51)","(35, 40)","(3, 24)"
77,60,0.0,bot4,success,50,11961711920994213760,14203038815107494983,"(6, 51)","(35, 40)","(3, 24)"
77,60,0.1,bot1,success,50,11961711920994213760,14203038815107494983,"(6, 51)","(35, 40)","(3, 24)"
77,60,0.1,bot2,success,50,11961711920994213760,14203038815107494983,"(6, 51)","(35, 40)","(3, 24)"
77,60,0.1,bot3,success,50,11961711920994213760,14203038815107494983,"(6, 51)","(35, 40)","(3, 24)"
77,60,0.1,bot4,success,50,11961711920994213760,14203038815107494983,"(6, 51)","(35, 40)","(3, 24)"
77,60,0.2,bot1,success,50,11961711920994213760,14203038815107494983,"(6, 51)","(35, 40)","(3, 24)"
77,60,0.2,bot2,success,50,11961711920994213760,14203038815107494983,"(6, 51)","(35, 40)","(3, 24)"
77,60,0.2,bot3,success,50,11961711920994213760,14203038815107494983,"(6, 51)","(35, 40)","(3, 24)"
77,60,0.2,bot4,success,50,11961711920994213760,14203038815107494983,"(6, 51)","(35, 40)","(3, 24)"
77,60,0.3,bot1,success,50,11961711920994213760,14203038815107494983,"(6, 51)","(35, 40)","(3, 24)"
77,60,0.3,bot2,success,50,11961711920994213760,14203038815107494983,"(6, 51)","(35, 40)","(3, 24)"
77,60,0.3,bot3,success,50,11961711920994213760,14203038815107494983,"(6, 51)","(35, 40)","(3, 24)"
77,60,0.3,bot4,success,50,11961711920994213760,14203038815107494983,"(6, 51)","(35, 40)","(3, 24)"
77,60,0.4,bot1,success,50,11961711920994213760,14203038815107494983,"(6, 51)","(35, 40)","(3, 24)"
77,60,0.4,bot2,success,50,11961711920994213760,14203038815107494983,"(6, 51)","(35, 40)","(3, 24)"
77,60,0.4,bot3,success,50,11961711920994213760,14203038815107494983,"(6, 51)","(35, 40)","(3, 24)"
77,60,0.4,bot4,success,50,11961711920994213760,14203038815107494983,"(6, 51)","(35, 40)","(3, 24)"
77,60,0.5,bot1,success,50,11961711920994213760,14203038815107494983,"(6, 51)","(35, 40)","(3, 24)"
77,60,0.5,bot2,success,50,11961711920994213760,14203038815107494983,"(6, 51)","(35, 40)","(3, 24)"
77,60,0.5,bot3,success,50,11961711920994213760,14203038815107494983,"(6, 51)","(35, 40)","(3, 24)"
77,60,0.5,bot4,success,50,11961711920994213760,14203038815107494983,"(6, 51)","(35, 40)","(3, 24)"
77,60,0.6,bot1,success,50,11961711920994213760,14203038815107494983,"(6, 51)","(35, 40)","(3, 24)"
77,60,0.6,bot2,success,50,11961711920994213760,14203038815107494983,"(6, 51)","(35, 40)","(3, 24)"
77,60,0.6,bot3,success,50,11961711920994213760,14203038815107494983,"(6, 51)","(35, 40)","(3, 24)"
77,60,0.6,bot4,success,50,11961711920994213760,14203038815107494983,"(6, 51)","(35, 40)","(3, 24)"
77,60,0.7,bot1,success,50,11961711920994213760,14203038815107494983,"(6, 51)","(35, 40)","(3, 24)"
77,60,0.7,bot2,success,50,11961711920994213760,14203038815107494983,"(6, 51)","(35, 40)","(3, 24)"
77,60,0.7,bot3,success,50,11961711920994213760,14203038815107494983,"(6, 51)","(35, 40)","(3, 24)"
77,60,0.7,bot4,success,50,11961711920994213760,14203038815107494983,"(6, 51)","(35, 40)","(3, 24)"
77,60,0.8,bot1,success,50,11961711920994213760,14203038815107494983,"(6, 51)","(35, 40)","(3, 24)"
77,60,0.8,bot2,success,50,11961711920994213760,14203038815107494983,"(6, 51)","(35, 40)","(3, 24)"
77,60,0.8,bot3,success,50,11961711920994213760,14203038815107494983,"(6, 51)","(35, 40)","(3, 24)"
77,60,0.8,bot4,success,50,11961711920994213760,14203038815107494983,"(6, 51)","(35, 40)","(3, 24)"
77,60,0.9,bot1,burned,26,11961711920994213760,14203038815107494983,"(6, 51)","(35, 40)","(3, 24)"
77,60,0.9,bot2,burned,26,11961711920994213760,14203038815107494983,"(6, 51)","(35, 40)","(3, 24)"
77,60,0.9,bot3,burned,27,11961711920994213760,14203038815107494983,"(6, 51)","(35, 40)","(3, 24)"
77,60,0.9,bot4,burned,27,11961711920994213760,14203038815107494983,"(6, 51)","(35, 40)","(3, 24)"
77,60,1.0,bot1,burned,26,11961711920994213760,14203038815107494983,"(6, 51)","(35, 40)","(3, 24)"
77,60,1.0,bot2,burned,26,11961711920994213760,14203038815107494983,"(6, 51)","(35, 40)","(3, 24)"
77,60,1.0,bot3,burned,27,11961711920994213760,14203038815107494983,"(6, 51)","(35, 40)","(3, 24)"
77,60,1.0,bot4,burned,26,11961711920994213760,14203038815107494983,"(6, 51)","(35, 40)","(3, 24)"
78,60,0.0,bot1,success,42,1197836181011091961,6754593043699594572,"(40, 5)","(55, 24)","(17, 16)"
78,60,0.0,bot2,success,42,1197836181011091961,6754593043699594572,"(40, 5)","(55, 24)","(17, 16)"
78,60,0.0,bot3,success,42,1197836181011091961,6754593043699594572,"(40, 5)","(55, 24)","(17, 16)"
78,60,0.0,bot4,success,42,1197836181011091961,6754593043699594572,"(40, 5)","(55, 24)","(17, 16)"
78,60,0.1,bot1,success,42,1197836181011091961,6754593043699594572,"(40, 5)","(55, 24)","(17, 16)"
78,60,0.1,bot2,success,42,1197836181011091961,6754593043699594572,"(40, 5)","(55, 24)","(17, 16)"
78,60,0.1,bot3,success,42,1197836181011091961,6754593043699594572,"(40, 5)","(55, 24)","(17, 16)"
78,60,0.1,bot4,success,42,1197836181011091961,6754593043699594572,"(40, 5)","(55, 24)","(17, 16)"
78,60,0.2,bot1,success,42,1197836181011091961,6754593043699594572,"(40, 5)","(55, 24)","(17, 16)"
78,60,0.2,bot2,success,42,1197836181011091961,6754593043699594572,"(40, 5)","(55, 24)","(17, 16)"
78,60,0.2,bot3,success,42,1197836181011091961,6754593043699594572,"(40, 5)","(55, 24)","(17, 16)"
78,60,0.2,bot4,success,42,1197836181011091961,6754593043699594572,"(40, 5)","(55, 24)","(17, 16)"
78,60,0.3,bot1,success,42,1197836181011091961,6754593043699594572,"(40, 5)","(55, 24)","(17, 16)"
78,60,0.3,bot2,success,42,1197836181011091961,6754593043699594572,"(40, 5)","(55, 24)","(17, 16)"
78,60,0.3,bot3,success,42,1197836181011091961,6754593043699594572,"(40, 5)","(55, 24)","(17, 16)"
78,60,0.3,bot4,success,42,1197836181011091961,6754593043699594572,"(40, 5)","(55, 24)","(17, 16)"
78,60,0.4,bot1,success,42,1197836181011091961,6754593043699594572,"(40, 5)","(55, 24)","(17, 16)"
78,60,0.4,bot2,success,42,1197836181011091961,6754593043699594572,"(40, 5)","(55, 24)","(17, 16)"
78,60,0.4,bot3,success,42,1197836181011091961,6754593043699594572,"(40, 5)","(55, 24)","(17, 16)"
78,60,0.4,bot4,success,42,1197836181011091961,6754593043699594572,"(40, 5)","(55, 24)","(17, 16)"
78,60,0.5,bot1,success,42,1197836181011091961,6754593043699594572,"(40, 5)","(55, 24)","(17, 16)"
78,60,0.5,bot2,success,42,1197836181011091961,6754593043699594572,"(40, 5)","(55, 24)","(17, 16)"
78,60,0.5,bot3,success,42,1197836181011091961,6754593043699594572,"(40, 5)","(55, 24)","(17, 16)"
78,60,0.5,bot4,success,42,1197836181011091961,6754593043699594572,"(40, 5)","(55, 24)","(17, 16)"
78,60,0.6,bot1,success,42,1197836181011091961,6754593043699594572,"(40, 5)","(55, 24)","(17, 16)"
78,60,0.6,bot2,success,42,1197836181011091961,6754593043699594572,"(40, 5)","(55, 24)","(17, 16)"
78,60,0.6,bot3,success,42,1197836181011091961,6754593043699594572,"(40, 5)","(55, 24)","(17, 16)"
78,60,0.6,bot4,success,42,1197836181011091961,6754593043699594572,"(40, 5)","(55, 24)","(17, 16)"
78,60,0.7,bot1,success,42,1197836181011091961,6754593043699594572,"(40, 5)","(55, 24)","(17, 16)"
78,60,0.7,bot2,success,42,1197836181011091961,6754593043699594572,"(40, 5)","(55, 24)","(17, 16)"
78,60,0.7,bot3,success,42,1197836181011091961,6754593043699594572,"(40, 5)","(55, 24)","(17, 16)"
78,60,0.7,bot4,success,42,1197836181011091961,6754593043699594572,"(40, 5)","(55, 24)","(17, 16)"
78,60,0.8,bot1,success,42,1197836181011091961,6754593043699594572,"(40, 5)","(55, 24)","(17, 16)"
78,60,0.8,bot2,success,42,1197836181011091961,6754593043699594572,"(40, 5)","(55, 24)","(17, 16)"
78,60,0.8,bot3,success,42,1197836181011091961,6754593043699594572,"(40, 5)","(55, 24)","(17, 16)"
78,60,0.8,bot4,success,42,1197836181011091961,6754593043699594572,"(40, 5)","(55, 24)","(17, 16)"
78,60,0.9,bot1,success,42,1197836181011091961,6754593043699594572,"(40, 5)","(55, 24)","(17, 16)"
78,60,0.9,bot2,success,42,1197836181011091961,6754593043699594572,"(40, 5)","(55, 24)","(17, 16)"
78,60,0.9,bot3,success,42,1197836181011091961,6754593043699594572,"(40, 5)","(55, 24)","(17, 16)"
78,60,0.9,bot4,success,42,1197836181011091961,6754593043699594572,"(40, 5)","(55, 24)","(17, 16)"
78,60,1.0,bot1,success,42,1197836181011091961,6754593043699594572,"(40, 5)","(55, 24)","(17, 16)"
78,60,1.0,bot2,success,42,1197836181011091961,6754593043699594572,"(40, 5)","(55, 24)","(17, 16)"
78,60,1.0,bot3,success,42,1197836181011091961,6754593043699594572,"(40, 5)","(55, 24)","(17, 16)"
78,60,1.0,bot4,success,42,1197836181011091961,6754593043699594572,"(40, 5)","(55, 24)","(17, 16)"
79,60,0.0,bot1,success,62,4364451162254149011,11463927021240288163,"(31, 50)","(13, 14)","(36, 33)"
79,60,0.0,bot2,success,62,4364451162254149011,11463927021240288163,"(31, 50)","(13, 14)","(36, 33)"
79,60,0.0,bot3,success,62,4364451162254149011,11463927021240288163,"(31, 50)","(13, 14)","(36, 33)"
79,60,0.0,bot4,success,62,4364451162254149011,11463927021240288163,"(31, 50)","(13, 14)","(36, 33)"
79,60,0.1,bot1,success,62,4364451162254149011,11463927021240288163,"(31, 50)","(13, 14)","(36, 33)"
79,60,0.1,bot2,success,62,4364451162254149011,11463927021240288163,"(31, 50)","(13, 14)","(36, 33)"
79,60,0.1,bot3,success,62,4364451162254149011,11463927021240288163,"(31, 50)","(13, 14)","(36, 33)"
79,60,0.1,bot4,success,62,4364451162254149011,11463927021240288163,"(31, 50)","(13, 14)","(36, 33)"
79,60,0.2,bot1,success,62,4364451162254149011,11463927021240288163,"(31, 50)","(13, 14)","(36, 33)"
79,60,0.2,bot2,success,62,4364451162254149011,11463927021240288163,"(31, 50)","(13, 14)","(36, 33)"
79,60,0.2,bot3,success,62,4364451162254149011,11463927021240288163,"(31, 50)","(13, 14)","(36, 33)"
79,60,0.2,bot4,success,62,4364451162254149011,11463927021240288163,"(31, 50)","(13, 14)","(36, 33)"
79,60,0.3,bot1,success,62,4364451162254149011,11463927021240288163,"(31, 50)","(13, 14)","(36, 33)"
79,60,0.3,bot2,success,62,4364451162254149011,11463927021240288163,"(31, 50)","(13, 14)","(36, 33)"
79,60,0.3,bot3,success,62,4364451162254149011,11463927021240288163,"(31, 50)","(13, 14)","(36, 33)"
79,60,0.3,bot4,success,64,4364451162254149011,11463927021240288163,"(31, 50)","(13, 14)","(36, 33)"
79,60,0.4,bot1,success,62,4364451162254149011,11463927021240288163,"(31, 50)","(13, 14)","(36, 33)"
79,60,0.4,bot2,success,62,4364451162254149011,11463927021240288163,"(31, 50)","(13, 14)","(36, 33)"
79,60,0.4,bot3,success,62,4364451162254149011,11463927021240288163,"(31, 50)","(13, 14)","(36, 33)"
79,60,0.4,bot4,success,64,4364451162254149011,11463927021240288163,"(31, 50)","(13, 14)","(36, 33)"
79,60,0.5,bot1,burned,30,4364451162254149011,11463927021240288163,"(31, 50)","(13, 14)","(36, 33)"
79,60,0.5,bot2,burned,33,4364451162254149011,11463927021240288163,"(31, 50)","(13, 14)","(36, 33)"
79,60,0.5,bot3,burned,60,4364451162254149011,11463927021240288163,"(31, 50)","(13, 14)","(36, 33)"
79,60,0.5,bot4,burned,33,4364451162254149011,11463927021240288163,"(31, 50)","(13, 14)","(36, 33)"
79,60,0.6,bot1,burned,26,4364451162254149011,11463927021240288163,"(31, 50)","(13, 14)","(36, 33)"
79,60,0.6,bot2,burned,78,4364451162254149011,11463927021240288163,"(31, 50)","(13, 14)","(36, 33)"
79,60,0.6,bot3,burned,81,4364451162254149011,11463927021240288163,"(31, 50)","(13, 14)","(36, 33)"
79,60,0.6,bot4,burned,78,4364451162254149011,11463927021240288163,"(31, 50)","(13, 14)","(36, 33)"
79,60,0.7,bot1,burned,22,4364451162254149011,11463927021240288163,"(31, 50)","(13, 14)","(36, 33)"
79,60,0.7,bot2,burned,58,4364451162254149011,11463927021240288163,"(31, 50)","(13, 14)","(36, 33)"
79,60,0.7,bot3,burned,61,4364451162254149011,11463927021240288163,"(31, 50)","(13, 14)","(36, 33)"
79,60,0.7,bot4,burned,58,4364451162254149011,11463927021240288163,"(31, 50)","(13, 14)","(36, 33)"
79,60,0.8,bot1,burned,21,4364451162254149011,11463927021240288163,"(31, 50)","(13, 14)","(36, 33)"
79,60,0.8,bot2,burned,55,4364451162254149011,11463927021240288163,"(31, 50)","(13, 14)","(36, 33)"
79,60,0.8,bot3,burned,55,4364451162254149011,11463927021240288163,"(31, 50)","(13, 14)","(36, 33)"
79,60,0.8,bot4,burned,55,4364451162254149011,11463927021240288163,"(31, 50)","(13, 14)","(36, 33)"
79,60,0.9,bot1,burned,20,4364451162254149011,11463927021240288163,"(31, 50)","(13, 14)","(36, 33)"
79,60,0.9,bot2,burned,37,4364451162254149011,11463927021240288163,"(31, 50)","(13, 14)","(36, 33)"
79,60,0.9,bot3,burned,37,4364451162254149011,11463927021240288163,"(31, 50)","(13, 14)","(36, 33)"
79,60,0.9,bot4,burned,37,4364451162254149011,11463927021240288163,"(31, 50)","(13, 14)","(36, 33)"
79,60,1.0,bot1,burned,20,4364451162254149011,11463927021240288163,"(31, 50)","(13, 14)","(36, 33)"
79,60,1.0,bot2,burned,36,4364451162254149011,11463927021240288163,"(31, 50)","(13, 14)","(36, 33)"
79,60,1.0,bot3,burned,36,4364451162254149011,11463927021240288163,"(31, 50)","(13, 14)","(36, 33)"
79,60,1.0,bot4,burned,36,4364451162254149011,11463927021240288163,"(31, 50)","(13, 14)","(36, 33)"
80,60,0.0,bot1,success,53,13186441924554181754,4888492749830953143,"(58, 42)","(24, 31)","(59, 56)"
80,60,0.0,bot2,success,53,13186441924554181754,4888492749830953143,"(58, 42)","(24, 31)","(59, 56)"
80,60,0.0,bot3,success,53,13186441924554181754,4888492749830953143,"(58, 42)","(24, 31)","(59, 56)"
80,60,0.0,bot4,success,53,13186441924554181754,4888492749830953143,"(58, 42)","(24, 31)","(59, 56)"
80,60,0.1,bot1,success,53,13186441924554181754,4888492749830953143,"(58, 42)","(24, 31)","(59, 56)"
80,60,0.1,bot2,success,53,13186441924554181754,4888492749830953143,"(58, 42)","(24, 31)","(59, 56)"
80,60,0.1,bot3,success,53,13186441924554181754,4888492749830953143,"(58, 42)","(24, 31)","(59, 56)"
80,60,0.1,bot4,success,53,13186441924554181754,4888492749830953143,"(58, 42)","(24, 31)","(59, 56)"
80,60,0.2,bot1,success,53,13186441924554181754,4888492749830953143,"(58, 42)","(24, 31)","(59, 56)"
80,60,0.2,bot2,success,53,13186441924554181754,4888492749830953143,"(58, 42)","(24, 31)","(59, 56)"
80,60,0.2,bot3,success,53,13186441924554181754,4888492749830953143,"(58, 42)","(24, 31)","(59, 56)"
80,60,0.2,bot4,success,53,13186441924554181754,4888492749830953143,"(58, 42)","(24, 31)","(59, 56)"
80,60,0.3,bot1,success,53,13186441924554181754,4888492749830953143,"(58, 42)","(24, 31)","(59, 56)"
80,60,0.3,bot2,success,53,13186441924554181754,4888492749830953143,"(58, 42)","(24, 31)","(59, 56)"
80,60,0.3,bot3,success,53,13186441924554181754,4888492749830953143,"(58, 42)","(24, 31)","(59, 56)"
80,60,0.3,bot4,success,53,13186441924554181754,4888492749830953143,"(58, 42)","(24, 31)","(59, 56)"
80,60,0.4,bot1,success,53,13186441924554181754,4888492749830953143,"(58, 42)","(24, 31)","(59, 56)"
80,60,0.4,bot2,success,53,13186441924554181754,4888492749830953143,"(58, 42)","(24, 31)","(59, 56)"
80,60,0.4,bot3,success,53,13186441924554181754,4888492749830953143,"(58, 42)","(24, 31)","(59, 56)"
80,60,0.4,bot4,success,53,13186441924554181754,4888492749830953143,"(58, 42)","(24, 31)","(59, 56)"
80,60,0.5,bot1,success,53,13186441924554181754,4888492749830953143,"(58, 42)","(24, 31)","(59, 56)"
80,60,0.5,bot2,success,53,13186441924554181754,4888492749830953143,"(58, 42)","(24, 31)","(59, 56)"
80,60,0.5,bot3,success,53,13186441924554181754,4888492749830953143,"(58, 42)","(24, 31)","(59, 56)"
80,60,0.5,bot4,success,53,13186441924554181754,4888492749830953143,"(58, 42)","(24, 31)","(59, 56)"
80,60,0.6,bot1,success,53,13186441924554181754,4888492749830953143,"(58, 42)","(24, 31)","(59, 56)"
80,60,0.6,bot2,success,53,13186441924554181754,4888492749830953143,"(58, 42)","(24, 31)","(59, 56)"
80,60,0.6,bot3,success,53,13186441924554181754,4888492749830953143,"(58, 42)","(24, 31)","(59, 56)"
80,60,0.6,bot4,success,53,13186441924554181754,4888492749830953143,"(58, 42)","(24, 31)","(59, 56)"
80,60,0.7,bot1,success,53,13186441924554181754,4888492749830953143,"(58, 42)","(24, 31)","(59, 56)"
80,60,0.7,bot2,success,53,13186441924554181754,4888492749830953143,"(58, 42)","(24, 31)","(59, 56)"
80,60,0.7,bot3,success,53,13186441924554181754,4888492749830953143,"(58, 42)","(24, 31)","(59, 56)"
80,60,0.7,bot4,success,53,13186441924554181754,4888492749830953143,"(58, 42)","(24, 31)","(59, 56)"
80,60,0.8,bot1,success,53,13186441924554181754,4888492749830953143,"(58, 42)","(24, 31)","(59, 56)"
80,60,0.8,bot2,success,53,13186441924554181754,4888492749830953143,"(58, 42)","(24, 31)","(59, 56)"
80,60,0.8,bot3,success,53,13186441924554181754,4888492749830953143,"(58, 42)","(24, 31)","(59, 56)"
80,60,0.8,bot4,success,53,13186441924554181754,4888492749830953143,"(58, 42)","(24, 31)","(59, 56)"
80,60,0.9,bot1,success,53,13186441924554181754,4888492749830953143,"(58, 42)","(24, 31)","(59, 56)"
80,60,0.9,bot2,success,53,13186441924554181754,4888492749830953143,"(58, 42)","(24, 31)","(59, 56)"
80,60,0.9,bot3,success,53,13186441924554181754,4888492749830953143,"(58, 42)","(24, 31)","(59, 56)"
80,60,0.9,bot4,success,53,13186441924554181754,4888492749830953143,"(58, 42)","(24, 31)","(59, 56)"
80,60,1.0,bot1,success,53,13186441924554181754,4888492749830953143,"(58, 42)","(24, 31)","(59, 56)"
80,60,1.0,bot2,success,53,13186441924554181754,4888492749830953143,"(58, 42)","(24, 31)","(59, 56)"
80,60,1.0,bot3,success,53,13186441924554181754,4888492749830953143,"(58, 42)","(24, 31)","(59, 56)"
80,60,1.0,bot4,success,53,13186441924554181754,4888492749830953143,"(58, 42)","(24, 31)","(59, 56)"
81,60,0.0,bot1,success,67,8031526438052089987,4668338365797079801,"(8, 1)","(56, 14)","(48, 25)"
81,60,0.0,bot2,success,67,8031526438052089987,4668338365797079801,"(8, 1)","(56, 14)","(48, 25)"
81,60,0.0,bot3,success,67,8031526438052089987,4668338365797079801,"(8, 1)","(56, 14)","(48, 25)"
81,60,0.0,bot4,success,67,8031526438052089987,4668338365797079801,"(8, 1)","(56, 14)","(48, 25)"
81,60,0.1,bot1,success,67,8031526438052089987,4668338365797079801,"(8, 1)","(56, 14)","(48, 25)"
81,60,0.1,bot2,success,67,8031526438052089987,4668338365797079801,"(8, 1)","(56, 14)","(48, 25)"
81,60,0.1,bot3,success,67,8031526438052089987,4668338365797079801,"(8, 1)","(56, 14)","(48, 25)"
81,60,0.1,bot4,success,75,8031526438052089987,4668338365797079801,"(8, 1)","(56, 14)","(48, 25)"
81,60,0.2,bot1,burned,57,8031526438052089987,4668338365797079801,"(8, 1)","(56, 14)","(48, 25)"
81,60,0.2,bot2,success,91,8031526438052089987,4668338365797079801,"(8, 1)","(56, 14)","(48, 25)"
81,60,0.2,bot3,success,85,8031526438052089987,4668338365797079801,"(8, 1)","(56, 14)","(48, 25)"
81,60,0.2,bot4,success,75,8031526438052089987,4668338365797079801,"(8, 1)","(56, 14)","(48, 25)"
81,60,0.3,bot1,burned,50,8031526438052089987,4668338365797079801,"(8, 1)","(56, 14)","(48, 25)"
81,60,0.3,bot2,burned,78,8031526438052089987,4668338365797079801,"(8, 1)","(56, 14)","(48, 25)"
81,60,0.3,bot3,burned,78,8031526438052089987,4668338365797079801,"(8, 1)","(56, 14)","(48, 25)"
81,60,0.3,bot4,burned,78,8031526438052089987,4668338365797079801,"(8, 1)","(56, 14)","(48, 25)"
81,60,0.4,bot1,burned,46,8031526438052089987,4668338365797079801,"(8, 1)","(56, 14)","(48, 25)"
81,60,0.4,bot2,burned,53,8031526438052089987,4668338365797079801,"(8, 1)","(56, 14)","(48, 25)"
81,60,0.4,bot3,burned,53,8031526438052089987,4668338365797079801,"(8, 1)","(56, 14)","(48, 25)"
81,60,0.4,bot4,burned,53,8031526438052089987,4668338365797079801,"(8, 1)","(56, 14)","(48, 25)"
81,60,0.5,bot1,burned,44,8031526438052089987,4668338365797079801,"(8, 1)","(56, 14)","(48, 25)"
81,60,0.5,bot2,burned,80,8031526438052089987,4668338365797079801,"(8, 1)","(56, 14)","(48, 25)"
81,60,0.5,bot3,burned,80,8031526438052089987,4668338365797079801,"(8, 1)","(56, 14)","(48, 25)"
81,60,0.5,bot4,burned,80,8031526438052089987,4668338365797079801,"(8, 1)","(56, 14)","(48, 25)"
81,60,0.6,bot1,burned,40,8031526438052089987,4668338365797079801,"(8, 1)","(56, 14)","(48, 25)"
81,60,0.6,bot2,burned,65,8031526438052089987,4668338365797079801,"(8, 1)","(56, 14)","(48, 25)"
81,60,0.6,bot3,burned,65,8031526438052089987,4668338365797079801,"(8, 1)","(56, 14)","(48, 25)"
81,60,0.6,bot4,burned,65,8031526438052089987,4668338365797079801,"(8, 1)","(56, 14)","(48, 25)"
81,60,0.7,bot1,burned,41,8031526438052089987,4668338365797079801,"(8, 1)","(56, 14)","(48, 25)"
81,60,0.7,bot2,burned,65,8031526438052089987,4668338365797079801,"(8, 1)","(56, 14)","(48, 25)"
81,60,0.7,bot3,burned,65,8031526438052089987,4668338365797079801,"(8, 1)","(56, 14)","(48, 25)"
81,60,0.7,bot4,burned,65,8031526438052089987,4668338365797079801,"(8, 1)","(56, 14)","(48, 25)"
81,60,0.8,bot1,burned,37,8031526438052089987,4668338365797079801,"(8, 1)","(56, 14)","(48, 25)"
81,60,0.8,bot2,burned,53,8031526438052089987,4668338365797079801,"(8, 1)","(56, 14)","(48, 25)"
81,60,0.8,bot3,burned,53,8031526438052089987,4668338365797079801,"(8, 1)","(56, 14)","(48, 25)"
81,60,0.8,bot4,burned,53,8031526438052089987,4668338365797079801,"(8, 1)","(56, 14)","(48, 25)"
81,60,0.9,bot1,burned,37,8031526438052089987,4668338365797079801,"(8, 1)","(56, 14)","(48, 25)"
81,60,0.9,bot2,burned,54,8031526438052089987,4668338365797079801,"(8, 1)","(56, 14)","(48, 25)"
81,60,0.9,bot3,burned,54,8031526438052089987,4668338365797079801,"(8, 1)","(56, 14)","(48, 25)"
81,60,0.9,bot4,burned,54,8031526438052089987,4668338365797079801,"(8, 1)","(56, 14)","(48, 25)"
81,60,1.0,bot1,burned,34,8031526438052089987,4668338365797079801,"(8, 1)","(56, 14)","(48, 25)"
81,60,1.0,bot2,burned,49,8031526438052089987,4668338365797079801,"(8, 1)","(56, 14)","(48, 25)"
81,60,1.0,bot3,burned,49,8031526438052089987,4668338365797079801,"(8, 1)","(56, 14)","(48, 25)"
81,60,1.0,bot4,burned,49,8031526438052089987,4668338365797079801,"(8, 1)","(56, 14)","(48, 25)"
82,60,0.0,bot1,success,29,10124184134606442545,11992436651680702925,"(11, 19)","(27, 22)","(28, 40)"
82,60,0.0,bot2,success,29,10124184134606442545,11992436651680702925,"(11, 19)","(27, 22)","(28, 40)"
82,60,0.0,bot3,success,29,10124184134606442545,11992436651680702925,"(11, 19)","(27, 22)","(28, 40)"
82,60,0.0,bot4,success,29,10124184134606442545,11992436651680702925,"(11, 19)","(27, 22)","(28, 40)"
82,60,0.1,bot1,success,29,10124184134606442545,11992436651680702925,"(11, 19)","(27, 22)","(28, 40)"
82,60,0.1,bot2,success,29,10124184134606442545,11992436651680702925,"(11, 19)","(27, 22)","(28, 40)"
82,60,0.1,bot3,success,29,10124184134606442545,11992436651680702925,"(11, 19)","(27, 22)","(28, 40)"
82,60,0.1,bot4,success,29,10124184134606442545,11992436651680702925,"(11, 19)","(27, 22)","(28, 40)"
82,60,0.2,bot1,success,29,10124184134606442545,11992436651680702925,"(11, 19)","(27, 22)","(28, 40)"
82,60,0.2,bot2,success,29,10124184134606442545,11992436651680702925,"(11, 19)","(27, 22)","(28, 40)"
82,60,0.2,bot3,success,29,10124184134606442545,11992436651680702925,"(11, 19)","(27, 22)","(28, 40)"
82,60,0.2,bot4,success,29,10124184134606442545,11992436651680702925,"(11, 19)","(27, 22)","(28, 40)"
82,60,0.3,bot1,success,29,10124184134606442545,11992436651680702925,"(11, 19)","(27, 22)","(28, 40)"
82,60,0.3,bot2,success,29,10124184134606442545,11992436651680702925,"(11, 19)","(27, 22)","(28, 40)"
82,60,0.3,bot3,success,29,10124184134606442545,11992436651680702925,"(11, 19)","(27, 22)","(28, 40)"
82,60,0.3,bot4,success,29,10124184134606442545,11992436651680702925,"(11, 19)","(27, 22)","(28, 40)"
82,60,0.4,bot1,success,29,10124184134606442545,11992436651680702925,"(11, 19)","(27, 22)","(28, 40)"
82,60,0.4,bot2,success,29,10124184134606442545,11992436651680702925,"(11, 19)","(27, 22)","(28, 40)"
82,60,0.4,bot3,success,29,10124184134606442545,11992436651680702925,"(11, 19)","(27, 22)","(28, 40)"
82,60,0.4,bot4,success,29,10124184134606442545,11992436651680702925,"(11, 19)","(27, 22)","(28, 40)"
82,60,0.5,bot1,success,29,10124184134606442545,11992436651680702925,"(11, 19)","(27, 22)","(28, 40)"
82,60,0.5,bot2,success,29,10124184134606442545,11992436651680702925,"(11, 19)","(27, 22)","(28, 40)"
82,60,0.5,bot3,success,29,10124184134606442545,11992436651680702925,"(11, 19)","(27, 22)","(28, 40)"
82,60,0.5,bot4,success,29,10124184134606442545,11992436651680702925,"(11, 19)","(27, 22)","(28, 40)"
82,60,0.6,bot1,success,29,10124184134606442545,11992436651680702925,"(11, 19)","(27, 22)","(28, 40)"
82,60,0.6,bot2,success,29,10124184134606442545,11992436651680702925,"(11, 19)","(27, 22)","(28, 40)"
82,60,0.6,bot3,success,29,10124184134606442545,11992436651680702925,"(11, 19)","(27, 22)","(28, 40)"
82,60,0.6,bot4,success,29,10124184134606442545,11992436651680702925,"(11, 19)","(27, 22)","(28, 40)"
82,60,0.7,bot1,burned,26,10124184134606442545,11992436651680702925,"(11, 19)","(27, 22)","(28, 40)"
82,60,0.7,bot2,burned,26,10124184134606442545,11992436651680702925,"(11, 19)","(27, 22)","(28, 40)"
82,60,0.7,bot3,burned,26,10124184134606442545,11992436651680702925,"(11, 19)","(27, 22)","(28, 40)"
82,60,0.7,bot4,burned,26,10124184134606442545,11992436651680702925,"(11, 19)","(27, 22)","(28, 40)"
82,60,0.8,bot1,success,29,10124184134606442545,11992436651680702925,"(11, 19)","(27, 22)","(28, 40)"
82,60,0.8,bot2,success,29,10124184134606442545,11992436651680702925,"(11, 19)","(27, 22)","(28, 40)"
82,60,0.8,bot3,success,29,10124184134606442545,11992436651680702925,"(11, 19)","(27, 22)","(28, 40)"
82,60,0.8,bot4,success,29,10124184134606442545,11992436651680702925,"(11, 19)","(27, 22)","(28, 40)"
82,60,0.9,bot1,burned,24,10124184134606442545,11992436651680702925,"(11, 19)","(27, 22)","(28, 40)"
82,60,0.9,bot2,burned,27,10124184134606442545,11992436651680702925,"(11, 19)","(27, 22)","(28, 40)"
82,60,0.9,bot3,burned,27,10124184134606442545,11992436651680702925,"(11, 19)","(27, 22)","(28, 40)"
82,60,0.9,bot4,burned,27,10124184134606442545,11992436651680702925,"(11, 19)","(27, 22)","(28, 40)"
82,60,1.0,bot1,burned,23,10124184134606442545,11992436651680702925,"(11, 19)","(27, 22)","(28, 40)"
82,60,1.0,bot2,burned,26,10124184134606442545,11992436651680702925,"(11, 19)","(27, 22)","(28, 40)"
82,60,1.0,bot3,burned,26,10124184134606442545,11992436651680702925,"(11, 19)","(27, 22)","(28, 40)"
82,60,1.0,bot4,burned,26,10124184134606442545,11992436651680702925,"(11, 19)","(27, 22)","(28, 40)"
83,60,0.0,bot1,success,23,2571336780699681204,11084423220373818983,"(16, 6)","(6, 15)","(21, 41)"
83,60,0.0,bot2,success,23,2571336780699681204,11084423220373818983,"(16, 6)","(6, 15)","(21, 41)"
83,60,0.0,bot3,success,23,2571336780699681204,11084423220373818983,"(16, 6)","(6, 15)","(21, 41)"
83,60,0.0,bot4,success,23,2571336780699681204,11084423220373818983,"(16, 6)","(6, 15)","(21, 41)"
83,60,0.1,bot1,success,23,2571336780699681204,11084423220373818983,"(16, 6)","(6, 15)","(21, 41)"
83,60,0.1,bot2,success,23,2571336780699681204,11084423220373818983,"(16, 6)","(6, 15)","(21, 41)"
83,60,0.1,bot3,success,23,2571336780699681204,11084423220373818983,"(16, 6)","(6, 15)","(21, 41)"
83,60,0.1,bot4,success,23,2571336780699681204,11084423220373818983,"(16, 6)","(6, 15)","(21, 41)"
83,60,0.2,bot1,success,23,2571336780699681204,11084423220373818983,"(16, 6)","(6, 15)","(21, 41)"
83,60,0.2,bot2,success,23,2571336780699681204,11084423220373818983,"(16, 6)","(6, 15)","(21, 41)"
83,60,0.2,bot3,success,23,2571336780699681204,11084423220373818983,"(16, 6)","(6, 15)","(21, 41)"
83,60,0.2,bot4,success,23,2571336780699681204,11084423220373818983,"(16, 6)","(6, 15)","(21, 41)"
83,60,0.3,bot1,success,23,2571336780699681204,11084423220373818983,"(16, 6)","(6, 15)","(21, 41)"
83,60,0.3,bot2,success,23,2571336780699681204,11084423220373818983,"(16, 6)","(6, 15)","(21, 41)"
83,60,0.3,bot3,success,23,2571336780699681204,11084423220373818983,"(16, 6)","(6, 15)","(21, 41)"
83,60,0.3,bot4,success,23,2571336780699681204,11084423220373818983,"(16, 6)","(6, 15)","(21, 41)"
83,60,0.4,bot1,success,23,2571336780699681204,11084423220373818983,"(16, 6)","(6, 15)","(21, 41)"
83,60,0.4,bot2,success,23,2571336780699681204,11084423220373818983,"(16, 6)","(6, 15)","(21, 41)"
83,60,0.4,bot3,success,23,2571336780699681204,11084423220373818983,"(16, 6)","(6, 15)","(21, 41)"
83,60,0.4,bot4,success,23,2571336780699681204,11084423220373818983,"(16, 6)","(6, 15)","(21, 41)"
83,60,0.5,bot1,success,23,2571336780699681204,11084423220373818983,"(16, 6)","(6, 15)","(21, 41)"
83,60,0.5,bot2,success,23,2571336780699681204,11084423220373818983,"(16, 6)","(6, 15)","(21, 41)"
83,60,0.5,bot3,success,23,2571336780699681204,11084423220373818983,"(16, 6)","(6, 15)","(21, 41)"
83,60,0.5,bot4,success,23,2571336780699681204,11084423220373818983,"(16, 6)","(6, 15)","(21, 41)"
83,60,0.6,bot1,success,23,2571336780699681204,11084423220373818983,"(16, 6)","(6, 15)","(21, 41)"
83,60,0.6,bot2,success,23,2571336780699681204,11084423220373818983,"(16, 6)","(6, 15)","(21, 41)"
83,60,0.6,bot3,success,23,2571336780699681204,11084423220373818983,"(16, 6)","(6, 15)","(21, 41)"
83,60,0.6,bot4,success,23,2571336780699681204,11084423220373818983,"(16, 6)","(6, 15)","(21, 41)"
83,60,0.7,bot1,success,23,2571336780699681204,11084423220373818983,"(16, 6)","(6, 15)","(21, 41)"
83,60,0.7,bot2,success,23,2571336780699681204,11084423220373818983,"(16, 6)","(6, 15)","(21, 41)"
83,60,0.7,bot3,success,23,2571336780699681204,11084423220373818983,"(16, 6)","(6, 15)","(21, 41)"
83,60,0.7,bot4,success,23,2571336780699681204,11084423220373818983,"(16, 6)","(6, 15)","(21, 41)"
83,60,0.8,bot1,success,23,2571336780699681204,11084423220373818983,"(16, 6)","(6, 15)","(21, 41)"
83,60,0.8,bot2,success,23,2571336780699681204,11084423220373818983,"(16, 6)","(6, 15)","(21, 41)"
83,60,0.8,bot3,success,23,2571336780699681204,11084423220373818983,"(16, 6)","(6, 15)","(21, 41)"
83,60,0.8,bot4,success,23,2571336780699681204,11084423220373818983,"(16, 6)","(6, 15)","(21, 41)"
83,60,0.9,bot1,success,23,2571336780699681204,11084423220373818983,"(16, 6)","(6, 15)","(21, 41)"
83,60,0.9,bot2,success,23,2571336780699681204,11084423220373818983,"(16, 6)","(6, 15)","(21, 41)"
83,60,0.9,bot3,success,23,2571336780699681204,11084423220373818983,"(16, 6)","(6, 15)","(21, 41)"
83,60,0.9,bot4,success,23,2571336780699681204,11084423220373818983,"(16, 6)","(6, 15)","(21, 41)"
83,60,1.0,bot1,success,23,2571336780699681204,11084423220373818983,"(16, 6)","(6, 15)","(21, 41)"
83,60,1.0,bot2,success,23,2571336780699681204,11084423220373818983,"(16, 6)","(6, 15)","(21, 41)"
83,60,1.0,bot3,success,23,2571336780699681204,11084423220373818983,"(16, 6)","(6, 15)","(21, 41)"
83,60,1.0,bot4,success,23,2571336780699681204,11084423220373818983,"(16, 6)","(6, 15)","(21, 41)"
84,60,0.0,bot1,success,58,960663543539452806,8900598205612644164,"(5, 13)","(22, 54)","(31, 51)"
84,60,0.0,bot2,success,58,960663543539452806,8900598205612644164,"(5, 13)","(22, 54)","(31, 51)"
84,60,0.0,bot3,success,58,960663543539452806,8900598205612644164,"(5, 13)","(22, 54)","(31, 51)"
84,60,0.0,bot4,success,58,960663543539452806,8900598205612644164,"(5, 13)","(22, 54)","(31, 51)"
84,60,0.1,bot1,burned,56,960663543539452806,8900598205612644164,"(5, 13)","(22, 54)","(31, 51)"
84,60,0.1,bot2,success,64,960663543539452806,8900598205612644164,"(5, 13)","(22, 54)","(31, 51)"
84,60,0.1,bot3,success,64,960663543539452806,8900598205612644164,"(5, 13)","(22, 54)","(31, 51)"
84,60,0.1,bot4,success,60,960663543539452806,8900598205612644164,"(5, 13)","(22, 54)","(31, 51)"
84,60,0.2,bot1,burned,51,960663543539452806,8900598205612644164,"(5, 13)","(22, 54)","(31, 51)"
84,60,0.2,bot2,burned,59,960663543539452806,8900598205612644164,"(5, 13)","(22, 54)","(31, 51)"
84,60,0.2,bot3,burned,70,960663543539452806,8900598205612644164,"(5, 13)","(22, 54)","(31, 51)"
84,60,0.2,bot4,burned,70,960663543539452806,8900598205612644164,"(5, 13)","(22, 54)","(31, 51)"
84,60,0.3,bot1,burned,49,960663543539452806,8900598205612644164,"(5, 13)","(22, 54)","(31, 51)"
84,60,0.3,bot2,burned,72,960663543539452806,8900598205612644164,"(5, 13)","(22, 54)","(31, 51)"
84,60,0.3,bot3,burned,72,960663543539452806,8900598205612644164,"(5, 13)","(22, 54)","(31, 51)"
84,60,0.3,bot4,burned,72,960663543539452806,8900598205612644164,"(5, 13)","(22, 54)","(31, 51)"
84,60,0.4,bot1,burned,46,960663543539452806,8900598205612644164,"(5, 13)","(22, 54)","(31, 51)"
84,60,0.4,bot2,burned,96,960663543539452806,8900598205612644164,"(5, 13)","(22, 54)","(31, 51)"
84,60,0.4,bot3,burned,96,960663543539452806,8900598205612644164,"(5, 13)","(22, 54)","(31, 51)"
84,60,0.4,bot4,burned,96,960663543539452806,8900598205612644164,"(5, 13)","(22, 54)","(31, 51)"
84,60,0.5,bot1,burned,41,960663543539452806,8900598205612644164,"(5, 13)","(22, 54)","(31, 51)"
84,60,0.5,bot2,burned,68,960663543539452806,8900598205612644164,"(5, 13)","(22, 54)","(31, 51)"
84,60,0.5,bot3,burned,68,960663543539452806,8900598205612644164,"(5, 13)","(22, 54)","(31, 51)"
84,60,0.5,bot4,burned,68,960663543539452806,8900598205612644164,"(5, 13)","(22, 54)","(31, 51)"
84,60,0.6,bot1,burned,38,960663543539452806,8900598205612644164,"(5, 13)","(22, 54)","(31, 51)"
84,60,0.6,bot2,burned,79,960663543539452806,8900598205612644164,"(5, 13)","(22, 54)","(31, 51)"
84,60,0.6,bot3,burned,79,960663543539452806,8900598205612644164,"(5, 13)","(22, 54)","(31, 51)"
84,60,0.6,bot4,burned,79,960663543539452806,8900598205612644164,"(5, 13)","(22, 54)","(31, 51)"
84,60,0.7,bot1,burned,37,960663543539452806,8900598205612644164,"(5, 13)","(22, 54)","(31, 51)"
84,60,0.7,bot2,burned,57,960663543539452806,8900598205612644164,"(5, 13)","(22, 54)","(31, 51)"
84,60,0.7,bot3,burned,57,960663543539452806,8900598205612644164,"(5, 13)","(22, 54)","(31, 51)"
84,60,0.7,bot4,burned,57,960663543539452806,8900598205612644164,"(5, 13)","(22, 54)","(31, 51)"
84,60,0.8,bot1,burned,34,960663543539452806,8900598205612644164,"(5, 13)","(22, 54)","(31, 51)"
84,60,0.8,bot2,burned,55,960663543539452806,8900598205612644164,"(5, 13)","(22, 54)","(31, 51)"
84,60,0.8,bot3,burned,55,960663543539452806,8900598205612644164,"(5, 13)","(22, 54)","(31, 51)"
84,60,0.8,bot4,burned,55,960663543539452806,8900598205612644164,"(5, 13)","(22, 54)","(31, 51)"
84,60,0.9,bot1,burned,33,960663543539452806,8900598205612644164,"(5, 13)","(22, 54)","(31, 51)"
84,60,0.9,bot2,burned,56,960663543539452806,8900598205612644164,"(5, 13)","(22, 54)","(31, 51)"
84,60,0.9,bot3,burned,56,960663543539452806,8900598205612644164,"(5, 13)","(22, 54)","(31, 51)"
84,60,0.9,bot4,burned,56,960663543539452806,8900598205612644164,"(5, 13)","(22, 54)","(31, 51)"
84,60,1.0,bot1,burned,33,960663543539452806,8900598205612644164,"(5, 13)","(22, 54)","(31, 51)"
84,60,1.0,bot2,burned,54,960663543539452806,8900598205612644164,"(5, 13)","(22, 54)","(31, 51)"
84,60,1.0,bot3,burned,54,960663543539452806,8900598205612644164,"(5, 13)","(22, 54)","(31, 51)"
84,60,1.0,bot4,burned,54,960663543539452806,8900598205612644164,"(5, 13)","(22, 54)","(31, 51)"
85,60,0.0,bot1,success,57,8659777509904974686,7544167865153913682,"(50, 37)","(8, 46)","(2, 12)"
85,60,0.0,bot2,success,57,8659777509904974686,7544167865153913682,"(50, 37)","(8, 46)","(2, 12)"
85,60,0.0,bot3,success,57,8659777509904974686,7544167865153913682,"(50, 37)","(8, 46)","(2, 12)"
85,60,0.0,bot4,success,57,8659777509904974686,7544167865153913682,"(50, 37)","(8, 46)","(2, 12)"
85,60,0.1,bot1,success,57,8659777509904974686,7544167865153913682,"(50, 37)","(8, 46)","(2, 12)"
85,60,0.1,bot2,success,57,8659777509904974686,7544167865153913682,"(50, 37)","(8, 46)","(2, 12)"
85,60,0.1,bot3,success,57,8659777509904974686,7544167865153913682,"(50, 37)","(8, 46)","(2, 12)"
85,60,0.1,bot4,success,57,8659777509904974686,7544167865153913682,"(50, 37)","(8, 46)","(2, 12)"
85,60,0.2,bot1,success,57,8659777509904974686,7544167865153913682,"(50, 37)","(8, 46)","(2, 12)"
85,60,0.2,bot2,success,57,8659777509904974686,7544167865153913682,"(50, 37)","(8, 46)","(2, 12)"
85,60,0.2,bot3,success,57,8659777509904974686,7544167865153913682,"(50, 37)","(8, 46)","(2, 12)"
85,60,0.2,bot4,success,57,8659777509904974686,7544167865153913682,"(50, 37)","(8, 46)","(2, 12)"
85,60,0.3,bot1,success,57,8659777509904974686,7544167865153913682,"(50, 37)","(8, 46)","(2, 12)"
85,60,0.3,bot2,success,57,8659777509904974686,7544167865153913682,"(50, 37)","(8, 46)","(2, 12)"
85,60,0.3,bot3,success,57,8659777509904974686,7544167865153913682,"(50, 37)","(8, 46)","(2, 12)"
85,60,0.3,bot4,success,57,8659777509904974686,7544167865153913682,"(50, 37)","(8, 46)","(2, 12)"
85,60,0.4,bot1,success,57,8659777509904974686,7544167865153913682,"(50, 37)","(8, 46)","(2, 12)"
85,60,0.4,bot2,success,57,8659777509904974686,7544167865153913682,"(50, 37)","(8, 46)","(2, 12)"
85,60,0.4,bot3,success,57,8659777509904974686,7544167865153913682,"(50, 37)","(8, 46)","(2, 12)"
85,60,0.4,bot4,success,57,8659777509904974686,7544167865153913682,"(50, 37)","(8, 46)","(2, 12)"
85,60,0.5,bot1,success,57,8659777509904974686,7544167865153913682,"(50, 37)","(8, 46)","(2, 12)"
85,60,0.5,bot2,success,57,8659777509904974686,7544167865153913682,"(50, 37)","(8, 46)","(2, 12)"
85,60,0.5,bot3,success,57,8659777509904974686,7544167865153913682,"(50, 37)","(8, 46)","(2, 12)"
85,60,0.5,bot4,success,57,8659777509904974686,7544167865153913682,"(50, 37)","(8, 46)","(2, 12)"
85,60,0.6,bot1,success,57,8659777509904974686,7544167865153913682,"(50, 37)","(8, 46)","(2, 12)"
85,60,0.6,bot2,success,57,8659777509904974686,7544167865153913682,"(50, 37)","(8, 46)","(2, 12)"
85,60,0.6,bot3,success,57,8659777509904974686,7544167865153913682,"(50, 37)","(8, 46)","(2, 12)"
85,60,0.6,bot4,success,57,8659777509904974686,7544167865153913682,"(50, 37)","(8, 46)","(2, 12)"
85,60,0.7,bot1,success,57,8659777509904974686,7544167865153913682,"(50, 37)","(8, 46)","(2, 12)"
85,60,0.7,bot2,success,57,8659777509904974686,7544167865153913682,"(50, 37)","(8, 46)","(2, 12)"
85,60,0.7,bot3,success,57,8659777509904974686,7544167865153913682,"(50, 37)","(8, 46)","(2, 12)"
85,60,0.7,bot4,success,57,8659777509904974686,7544167865153913682,"(50, 37)","(8, 46)","(2, 12)"
85,60,0.8,bot1,success,57,8659777509904974686,7544167865153913682,"(50, 37)","(8, 46)","(2, 12)"
85,60,0.8,bot2,success,57,8659777509904974686,7544167865153913682,"(50, 37)","(8, 46)","(2, 12)"
85,60,0.8,bot3,success,57,8659777509904974686,7544167865153913682,"(50, 37)","(8, 46)","(2, 12)"
85,60,0.8,bot4,success,57,8659777509904974686,7544167865153913682,"(50, 37)","(8, 46)","(2, 12)"
85,60,0.9,bot1,success,57,8659777509904974686,7544167865153913682,"(50, 37)","(8, 46)","(2, 12)"
85,60,0.9,bot2,success,57,8659777509904974686,7544167865153913682,"(50, 37)","(8, 46)","(2, 12)"
85,60,0.9,bot3,success,57,8659777509904974686,7544167865153913682,"(50, 37)","(8, 46)","(2, 12)"
85,60,0.9,bot4,success,57,8659777509904974686,7544167865153913682,"(50, 37)","(8, 46)","(2, 12)"
85,60,1.0,bot1,burned,57,8659777509904974686,7544167865153913682,"(50, 37)","(8, 46)","(2, 12)"
85,60,1.0,bot2,burned,57,8659777509904974686,7544167865153913682,"(50, 37)","(8, 46)","(2, 12)"
85,60,1.0,bot3,burned,57,8659777509904974686,7544167865153913682,"(50, 37)","(8, 46)","(2, 12)"
85,60,1.0,bot4,burned,57,8659777509904974686,7544167865153913682,"(50, 37)","(8, 46)","(2, 12)"
86,60,0.0,bot1,success,70,410389261777128149,12914442704266377593,"(7, 5)","(0, 46)","(38, 6)"
86,60,0.0,bot2,success,70,410389261777128149,12914442704266377593,"(7, 5)","(0, 46)","(38, 6)"
86,60,0.0,bot3,success,70,410389261777128149,12914442704266377593,"(7, 5)","(0, 46)","(38, 6)"
86,60,0.0,bot4,success,70,410389261777128149,12914442704266377593,"(7, 5)","(0, 46)","(38, 6)"
86,60,0.1,bot1,success,70,410389261777128149,12914442704266377593,"(7, 5)","(0, 46)","(38, 6)"
86,60,0.1,bot2,success,70,410389261777128149,12914442704266377593,"(7, 5)","(0, 46)","(38, 6)"
86,60,0.1,bot3,success,70,410389261777128149,12914442704266377593,"(7, 5)","(0, 46)","(38, 6)"
86,60,0.1,bot4,success,70,410389261777128149,12914442704266377593,"(7, 5)","(0, 46)","(38, 6)"
86,60,0.2,bot1,success,70,410389261777128149,12914442704266377593,"(7, 5)","(0, 46)","(38, 6)"
86,60,0.2,bot2,success,70,410389261777128149,12914442704266377593,"(7, 5)","(0, 46)","(38, 6)"
86,60,0.2,bot3,success,70,410389261777128149,12914442704266377593,"(7, 5)","(0, 46)","(38, 6)"
86,60,0.2,bot4,success,70,410389261777128149,12914442704266377593,"(7, 5)","(0, 46)","(38, 6)"
86,60,0.3,bot1,success,70,410389261777128149,12914442704266377593,"(7, 5)","(0, 46)","(38, 6)"
86,60,0.3,bot2,success,70,410389261777128149,12914442704266377593,"(7, 5)","(0, 46)","(38, 6)"
86,60,0.3,bot3,success,70,410389261777128149,12914442704266377593,"(7, 5)","(0, 46)","(38, 6)"
86,60,0.3,bot4,success,70,410389261777128149,12914442704266377593,"(7, 5)","(0, 46)","(38, 6)"
86,60,0.4,bot1,success,70,410389261777128149,12914442704266377593,"(7, 5)","(0, 46)","(38, 6)"
86,60,0.4,bot2,success,70,410389261777128149,12914442704266377593,"(7, 5)","(0, 46)","(38, 6)"
86,60,0.4,bot3,success,70,410389261777128149,12914442704266377593,"(7, 5)","(0, 46)","(38, 6)"
86,60,0.4,bot4,success,70,410389261777128149,12914442704266377593,"(7, 5)","(0, 46)","(38, 6)"
86,60,0.5,bot1,success,70,410389261777128149,12914442704266377593,"(7, 5)","(0, 46)","(38, 6)"
86,60,0.5,bot2,success,70,410389261777128149,12914442704266377593,"(7, 5)","(0, 46)","(38, 6)"
86,60,0.5,bot3,success,70,410389261777128149,12914442704266377593,"(7, 5)","(0, 46)","(38, 6)"
86,60,0.5,bot4,success,70,410389261777128149,12914442704266377593,"(7, 5)","(0, 46)","(38, 6)"
86,60,0.6,bot1,success,70,410389261777128149,12914442704266377593,"(7, 5)","(0, 46)","(38, 6)"
86,60,0.6,bot2,success,70,410389261777128149,12914442704266377593,"(7, 5)","(0, 46)","(38, 6)"
86,60,0.6,bot3,success,70,410389261777128149,12914442704266377593,"(7, 5)","(0, 46)","(38, 6)"
86,60,0.6,bot4,success,70,410389261777128149,12914442704266377593,"(7, 5)","(0, 46)","(38, 6)"
86,60,0.7,bot1,success,70,410389261777128149,12914442704266377593,"(7, 5)","(0, 46)","(38, 6)"
86,60,0.7,bot2,success,70,410389261777128149,12914442704266377593,"(7, 5)","(0, 46)","(38, 6)"
86,60,0.7,bot3,success,70,410389261777128149,12914442704266377593,"(7, 5)","(0, 46)","(38, 6)"
86,60,0.7,bot4,success,70,410389261777128149,12914442704266377593,"(7, 5)","(0, 46)","(38, 6)"
86,60,0.8,bot1,success,70,410389261777128149,12914442704266377593,"(7, 5)","(0, 46)","(38, 6)"
86,60,0.8,bot2,success,70,410389261777128149,12914442704266377593,"(7, 5)","(0, 46)","(38, 6)"
86,60,0.8,bot3,success,70,410389261777128149,12914442704266377593,"(7, 5)","(0, 46)","(38, 6)"
86,60,0.8,bot4,success,70,410389261777128149,12914442704266377593,"(7, 5)","(0, 46)","(38, 6)"
86,60,0.9,bot1,success,70,410389261777128149,12914442704266377593,"(7, 5)","(0, 46)","(38, 6)"
86,60,0.9,bot2,success,70,410389261777128149,12914442704266377593,"(7, 5)","(0, 46)","(38, 6)"
86,60,0.9,bot3,success,70,410389261777128149,12914442704266377593,"(7, 5)","(0, 46)","(38, 6)"
86,60,0.9,bot4,success,70,410389261777128149,12914442704266377593,"(7, 5)","(0, 46)","(38, 6)"
86,60,1.0,bot1,success,70,410389261777128149,12914442704266377593,"(7, 5)","(0, 46)","(38, 6)"
86,60,1.0,bot2,success,70,410389261777128149,12914442704266377593,"(7, 5)","(0, 46)","(38, 6)"
86,60,1.0,bot3,success,70,410389261777128149,12914442704266377593,"(7, 5)","(0, 46)","(38, 6)"
86,60,1.0,bot4,success,70,410389261777128149,12914442704266377593,"(7, 5)","(0, 46)","(38, 6)"
87,60,0.0,bot1,success,41,7222225478540690416,2019516236759417918,"(54, 32)","(25, 30)","(0, 57)"
87,60,0.0,bot2,success,41,7222225478540690416,2019516236759417918,"(54, 32)","(25, 30)","(0, 57)"
87,60,0.0,bot3,success,41,7222225478540690416,2019516236759417918,"(54, 32)","(25, 30)","(0, 57)"
87,60,0.0,bot4,success,41,7222225478540690416,2019516236759417918,"(54, 32)","(25, 30)","(0, 57)"
87,60,0.1,bot1,success,41,7222225478540690416,2019516236759417918,"(54, 32)","(25, 30)","(0, 57)"
87,60,0.1,bot2,success,41,7222225478540690416,2019516236759417918,"(54, 32)","(25, 30)","(0, 57)"
87,60,0.1,bot3,success,41,7222225478540690416,2019516236759417918,"(54, 32)","(25, 30)","(0, 57)"
87,60,0.1,bot4,success,41,7222225478540690416,2019516236759417918,"(54, 32)","(25, 30)","(0, 57)"
87,60,0.2,bot1,success,41,7222225478540690416,2019516236759417918,"(54, 32)","(25, 30)","(0, 57)"
87,60,0.2,bot2,success,41,7222225478540690416,2019516236759417918,"(54, 32)","(25, 30)","(0, 57)"
87,60,0.2,bot3,success,41,7222225478540690416,2019516236759417918,"(54, 32)","(25, 30)","(0, 57)"
87,60,0.2,bot4,success,41,7222225478540690416,2019516236759417918,"(54, 32)","(25, 30)","(0, 57)"
87,60,0.3,bot1,success,41,7222225478540690416,2019516236759417918,"(54, 32)","(25, 30)","(0, 57)"
87,60,0.3,bot2,success,41,7222225478540690416,2019516236759417918,"(54, 32)","(25, 30)","(0, 57)"
87,60,0.3,bot3,success,41,7222225478540690416,2019516236759417918,"(54, 32)","(25, 30)","(0, 57)"
87,60,0.3,bot4,success,41,7222225478540690416,2019516236759417918,"(54, 32)","(25, 30)","(0, 57)"
87,60,0.4,bot1,success,41,7222225478540690416,2019516236759417918,"(54, 32)","(25, 30)","(0, 57)"
87,60,0.4,bot2,success,41,7222225478540690416,2019516236759417918,"(54, 32)","(25, 30)","(0, 57)"
87,60,0.4,bot3,success,41,7222225478540690416,2019516236759417918,"(54, 32)","(25, 30)","(0, 57)"
87,60,0.4,bot4,success,41,7222225478540690416,2019516236759417918,"(54, 32)","(25, 30)","(0, 57)"
87,60,0.5,bot1,success,41,7222225478540690416,2019516236759417918,"(54, 32)","(25, 30)","(0, 57)"
87,60,0.5,bot2,success,41,7222225478540690416,2019516236759417918,"(54, 32)","(25, 30)","(0, 57)"
87,60,0.5,bot3,success,41,7222225478540690416,2019516236759417918,"(54, 32)","(25, 30)","(0, 57)"
87,60,0.5,bot4,success,41,7222225478540690416,2019516236759417918,"(54, 32)","(25, 30)","(0, 57)"
87,60,0.6,bot1,success,41,7222225478540690416,2019516236759417918,"(54, 32)","(25, 30)","(0, 57)"
87,60,0.6,bot2,success,41,7222225478540690416,2019516236759417918,"(54, 32)","(25, 30)","(0, 57)"
87,60,0.6,bot3,success,41,7222225478540690416,2019516236759417918,"(54, 32)","(25, 30)","(0, 57)"
87,60,0.6,bot4,success,41,7222225478540690416,2019516236759417918,"(54, 32)","(25, 30)","(0, 57)"
87,60,0.7,bot1,success,41,7222225478540690416,2019516236759417918,"(54, 32)","(25, 30)","(0, 57)"
87,60,0.7,bot2,success,41,7222225478540690416,2019516236759417918,"(54, 32)","(25, 30)","(0, 57)"
87,60,0.7,bot3,success,41,7222225478540690416,2019516236759417918,"(54, 32)","(25, 30)","(0, 57)"
87,60,0.7,bot4,success,41,7222225478540690416,2019516236759417918,"(54, 32)","(25, 30)","(0, 57)"
87,60,0.8,bot1,success,41,7222225478540690416,2019516236759417918,"(54, 32)","(25, 30)","(0, 57)"
87,60,0.8,bot2,success,41,7222225478540690416,2019516236759417918,"(54, 32)","(25, 30)","(0, 57)"
87,60,0.8,bot3,success,41,7222225478540690416,2019516236759417918,"(54, 32)","(25, 30)","(0, 57)"
87,60,0.8,bot4,success,41,7222225478540690416,2019516236759417918,"(54, 32)","(25, 30)","(0, 57)"
87,60,0.9,bot1,success,41,7222225478540690416,2019516236759417918,"(54, 32)","(25, 30)","(0, 57)"
87,60,0.9,bot2,success,41,7222225478540690416,2019516236759417918,"(54, 32)","(25, 30)","(0, 57)"
87,60,0.9,bot3,success,41,7222225478540690416,2019516236759417918,"(54, 32)","(25, 30)","(0, 57)"
87,60,0.9,bot4,success,41,7222225478540690416,2019516236759417918,"(54, 32)","(25, 30)","(0, 57)"
87,60,1.0,bot1,success,41,7222225478540690416,2019516236759417918,"(54, 32)","(25, 30)","(0, 57)"
87,60,1.0,bot2,success,41,7222225478540690416,2019516236759417918,"(54, 32)","(25, 30)","(0, 57)"
87,60,1.0,bot3,success,41,7222225478540690416,2019516236759417918,"(54, 32)","(25, 30)","(0, 57)"
87,60,1.0,bot4,success,41,7222225478540690416,2019516236759417918,"(54, 32)","(25, 30)","(0, 57)"
88,60,0.0,bot1,success,98,11405486216843453584,10237948943235005277,"(33, 5)","(1, 59)","(36, 14)"
88,60,0.0,bot2,success,98,11405486216843453584,10237948943235005277,"(33, 5)","(1, 59)","(36, 14)"
88,60,0.0,bot3,success,98,11405486216843453584,10237948943235005277,"(33, 5)","(1, 59)","(36, 14)"
88,60,0.0,bot4,success,98,11405486216843453584,10237948943235005277,"(33, 5)","(1, 59)","(36, 14)"
88,60,0.1,bot1,success,98,11405486216843453584,10237948943235005277,"(33, 5)","(1, 59)","(36, 14)"
88,60,0.1,bot2,success,98,11405486216843453584,10237948943235005277,"(33, 5)","(1, 59)","(36, 14)"
88,60,0.1,bot3,success,98,11405486216843453584,10237948943235005277,"(33, 5)","(1, 59)","(36, 14)"
88,60,0.1,bot4,success,98,11405486216843453584,10237948943235005277,"(33, 5)","(1, 59)","(36, 14)"
88,60,0.2,bot1,success,98,11405486216843453584,10237948943235005277,"(33, 5)","(1, 59)","(36, 14)"
88,60,0.2,bot2,success,98,11405486216843453584,10237948943235005277,"(33, 5)","(1, 59)","(36, 14)"
88,60,0.2,bot3,success,98,11405486216843453584,10237948943235005277,"(33, 5)","(1, 59)","(36, 14)"
88,60,0.2,bot4,success,100,11405486216843453584,10237948943235005277,"(33, 5)","(1, 59)","(36, 14)"
88,60,0.3,bot1,success,98,11405486216843453584,10237948943235005277,"(33, 5)","(1, 59)","(36, 14)"
88,60,0.3,bot2,success,98,11405486216843453584,10237948943235005277,"(33, 5)","(1, 59)","(36, 14)"
88,60,0.3,bot3,success,98,11405486216843453584,10237948943235005277,"(33, 5)","(1, 59)","(36, 14)"
88,60,0.3,bot4,success,100,11405486216843453584,10237948943235005277,"(33, 5)","(1, 59)","(36, 14)"
88,60,0.4,bot1,burned,20,11405486216843453584,10237948943235005277,"(33, 5)","(1, 59)","(36, 14)"
88,60,0.4,bot2,success,100,11405486216843453584,10237948943235005277,"(33, 5)","(1, 59)","(36, 14)"
88,60,0.4,bot3,success,100,11405486216843453584,10237948943235005277,"(33, 5)","(1, 59)","(36, 14)"
88,60,0.4,bot4,success,106,11405486216843453584,10237948943235005277,"(33, 5)","(1, 59)","(36, 14)"
88,60,0.5,bot1,burned,22,11405486216843453584,10237948943235005277,"(33, 5)","(1, 59)","(36, 14)"
88,60,0.5,bot2,burned,22,11405486216843453584,10237948943235005277,"(33, 5)","(1, 59)","(36, 14)"
88,60,0.5,bot3,success,100,11405486216843453584,10237948943235005277,"(33, 5)","(1, 59)","(36, 14)"
88,60,0.5,bot4,success,100,11405486216843453584,10237948943235005277,"(33, 5)","(1, 59)","(36, 14)"
88,60,0.6,bot1,burned,19,11405486216843453584,10237948943235005277,"(33, 5)","(1, 59)","(36, 14)"
88,60,0.6,bot2,burned,45,11405486216843453584,10237948943235005277,"(33, 5)","(1, 59)","(36, 14)"
88,60,0.6,bot3,burned,73,11405486216843453584,10237948943235005277,"(33, 5)","(1, 59)","(36, 14)"
88,60,0.6,bot4,burned,45,11405486216843453584,10237948943235005277,"(33, 5)","(1, 59)","(36, 14)"
88,60,0.7,bot1,burned,18,11405486216843453584,10237948943235005277,"(33, 5)","(1, 59)","(36, 14)"
88,60,0.7,bot2,burned,19,11405486216843453584,10237948943235005277,"(33, 5)","(1, 59)","(36, 14)"
88,60,0.7,bot3,burned,19,11405486216843453584,10237948943235005277,"(33, 5)","(1, 59)","(36, 14)"
88,60,0.7,bot4,burned,19,11405486216843453584,10237948943235005277,"(33, 5)","(1, 59)","(36, 14)"
88,60,0.8,bot1,burned,16,11405486216843453584,10237948943235005277,"(33, 5)","(1, 59)","(36, 14)"
88,60,0.8,bot2,burned,52,11405486216843453584,10237948943235005277,"(33, 5)","(1, 59)","(36, 14)"
88,60,0.8,bot3,burned,65,11405486216843453584,10237948943235005277,"(33, 5)","(1, 59)","(36, 14)"
88,60,0.8,bot4,burned,52,11405486216843453584,10237948943235005277,"(33, 5)","(1, 59)","(36, 14)"
88,60,0.9,bot1,burned,17,11405486216843453584,10237948943235005277,"(33, 5)","(1, 59)","(36, 14)"
88,60,0.9,bot2,burned,52,11405486216843453584,10237948943235005277,"(33, 5)","(1, 59)","(36, 14)"
88,60,0.9,bot3,burned,52,11405486216843453584,10237948943235005277,"(33, 5)","(1, 59)","(36, 14)"
88,60,0.9,bot4,burned,52,11405486216843453584,10237948943235005277,"(33, 5)","(1, 59)","(36, 14)"
88,60,1.0,bot1,burned,16,11405486216843453584,10237948943235005277,"(33, 5)","(1, 59)","(36, 14)"
88,60,1.0,bot2,burned,50,11405486216843453584,10237948943235005277,"(33, 5)","(1, 59)","(36, 14)"
88,60,1.0,bot3,burned,50,11405486216843453584,10237948943235005277,"(33, 5)","(1, 59)","(36, 14)"
88,60,1.0,bot4,burned,50,11405486216843453584,10237948943235005277,"(33, 5)","(1, 59)","(36, 14)"
89,60,0.0,bot1,success,46,9860267044768472971,436031516765926594,"(38, 57)","(6, 49)","(8, 24)"
89,60,0.0,bot2,success,46,9860267044768472971,436031516765926594,"(38, 57)","(6, 49)","(8, 24)"
89,60,0.0,bot3,success,46,9860267044768472971,436031516765926594,"(38, 57)","(6, 49)","(8, 24)"
89,60,0.0,bot4,success,46,9860267044768472971,436031516765926594,"(38, 57)","(6, 49)","(8, 24)"
89,60,0.1,bot1,success,46,9860267044768472971,436031516765926594,"(38, 57)","(6, 49)","(8, 24)"
89,60,0.1,bot2,success,46,9860267044768472971,436031516765926594,"(38, 57)","(6, 49)","(8, 24)"
89,60,0.1,bot3,success,46,9860267044768472971,436031516765926594,"(38, 57)","(6, 49)","(8, 24)"
89,60,0.1,bot4,success,46,9860267044768472971,436031516765926594,"(38, 57)","(6, 49)","(8, 24)"
89,60,0.2,bot1,success,46,9860267044768472971,436031516765926594,"(38, 57)","(6, 49)","(8, 24)"
89,60,0.2,bot2,success,46,9860267044768472971,436031516765926594,"(38, 57)","(6, 49)","(8, 24)"
89,60,0.2,bot3,success,46,9860267044768472971,436031516765926594,"(38, 57)","(6, 49)","(8, 24)"
89,60,0.2,bot4,success,46,9860267044768472971,436031516765926594,"(38, 57)","(6, 49)","(8, 24)"
89,60,0.3,bot1,success,46,9860267044768472971,436031516765926594,"(38, 57)","(6, 49)","(8, 24)"
89,60,0.3,bot2,success,46,9860267044768472971,436031516765926594,"(38, 57)","(6, 49)","(8, 24)"
89,60,0.3,bot3,success,46,9860267044768472971,436031516765926594,"(38, 57)","(6, 49)","(8, 24)"
89,60,0.3,bot4,success,46,9860267044768472971,436031516765926594,"(38, 57)","(6, 49)","(8, 24)"
89,60,0.4,bot1,success,46,9860267044768472971,436031516765926594,"(38, 57)","(6, 49)","(8, 24)"
89,60,0.4,bot2,success,46,9860267044768472971,436031516765926594,"(38, 57)","(6, 49)","(8, 24)"
89,60,0.4,bot3,success,46,9860267044768472971,436031516765926594,"(38, 57)","(6, 49)","(8, 24)"
89,60,0.4,bot4,success,46,9860267044768472971,436031516765926594,"(38, 57)","(6, 49)","(8, 24)"
89,60,0.5,bot1,success,46,9860267044768472971,436031516765926594,"(38, 57)","(6, 49)","(8, 24)"
89,60,0.5,bot2,success,46,9860267044768472971,436031516765926594,"(38, 57)","(6, 49)","(8, 24)"
89,60,0.5,bot3,success,46,9860267044768472971,436031516765926594,"(38, 57)","(6, 49)","(8, 24)"
89,60,0.5,bot4,success,46,9860267044768472971,436031516765926594,"(38, 57)","(6, 49)","(8, 24)"
89,60,0.6,bot1,success,46,9860267044768472971,436031516765926594,"(38, 57)","(6, 49)","(8, 24)"
89,60,0.6,bot2,success,46,9860267044768472971,436031516765926594,"(38, 57)","(6, 49)","(8, 24)"
89,60,0.6,bot3,success,46,9860267044768472971,436031516765926594,"(38, 57)","(6, 49)","(8, 24)"
89,60,0.6,bot4,success,46,9860267044768472971,436031516765926594,"(38, 57)","(6, 49)","(8, 24)"
89,60,0.7,bot1,success,46,9860267044768472971,436031516765926594,"(38, 57)","(6, 49)","(8, 24)"
89,60,0.7,bot2,success,46,9860267044768472971,436031516765926594,"(38, 57)","(6, 49)","(8, 24)"
89,60,0.7,bot3,success,46,9860267044768472971,436031516765926594,"(38, 57)","(6, 49)","(8, 24)"
89,60,0.7,bot4,success,46,9860267044768472971,436031516765926594,"(38, 57)","(6, 49)","(8, 24)"
89,60,0.8,bot1,burned,46,9860267044768472971,436031516765926594,"(38, 57)","(6, 49)","(8, 24)"
89,60,0.8,bot2,burned,46,9860267044768472971,436031516765926594,"(38, 57)","(6, 49)","(8, 24)"
89,60,0.8,bot3,burned,46,9860267044768472971,436031516765926594,"(38, 57)","(6, 49)","(8, 24)"
89,60,0.8,bot4,burned,46,9860267044768472971,436031516765926594,"(38, 57)","(6, 49)","(8, 24)"
89,60,0.9,bot1,burned,41,9860267044768472971,436031516765926594,"(38, 57)","(6, 49)","(8, 24)"
89,60,0.9,bot2,burned,41,9860267044768472971,436031516765926594,"(38, 57)","(6, 49)","(8, 24)"
89,60,0.9,bot3,burned,41,9860267044768472971,436031516765926594,"(38, 57)","(6, 49)","(8, 24)"
89,60,0.9,bot4,burned,41,9860267044768472971,436031516765926594,"(38, 57)","(6, 49)","(8, 24)"
89,60,1.0,bot1,burned,37,9860267044768472971,436031516765926594,"(38, 57)","(6, 49)","(8, 24)"
89,60,1.0,bot2,burned,38,9860267044768472971,436031516765926594,"(38, 57)","(6, 49)","(8, 24)"
89,60,1.0,bot3,burned,38,9860267044768472971,436031516765926594,"(38, 57)","(6, 49)","(8, 24)"
89,60,1.0,bot4,burned,38,9860267044768472971,436031516765926594,"(38, 57)","(6, 49)","(8, 24)"
90,60,0.0,bot1,success,63,9529828750224470763,8838871439993007296,"(15, 41)","(57, 56)","(44, 17)"
90,60,0.0,bot2,success,63,9529828750224470763,8838871439993007296,"(15, 41)","(57, 56)","(44, 17)"
90,60,0.0,bot3,success,63,9529828750224470763,8838871439993007296,"(15, 41)","(57, 56)","(44, 17)"
90,60,0.0,bot4,success,63,9529828750224470763,8838871439993007296,"(15, 41)","(57, 56)","(44, 17)"
90,60,0.1,bot1,success,63,9529828750224470763,8838871439993007296,"(15, 41)","(57, 56)","(44, 17)"
90,60,0.1,bot2,success,63,9529828750224470763,8838871439993007296,"(15, 41)","(57, 56)","(44, 17)"
90,60,0.1,bot3,success,63,9529828750224470763,8838871439993007296,"(15, 41)","(57, 56)","(44, 17)"
90,60,0.1,bot4,success,63,9529828750224470763,8838871439993007296,"(15, 41)","(57, 56)","(44, 17)"
90,60,0.2,bot1,success,63,9529828750224470763,8838871439993007296,"(15, 41)","(57, 56)","(44, 17)"
90,60,0.2,bot2,success,63,9529828750224470763,8838871439993007296,"(15, 41)","(57, 56)","(44, 17)"
90,60,0.2,bot3,success,63,9529828750224470763,8838871439993007296,"(15, 41)","(57, 56)","(44, 17)"
90,60,0.2,bot4,success,63,9529828750224470763,8838871439993007296,"(15, 41)","(57, 56)","(44, 17)"
90,60,0.3,bot1,success,63,9529828750224470763,8838871439993007296,"(15, 41)","(57, 56)","(44, 17)"
90,60,0.3,bot2,success,63,9529828750224470763,8838871439993007296,"(15, 41)","(57, 56)","(44, 17)"
90,60,0.3,bot3,success,63,9529828750224470763,8838871439993007296,"(15, 41)","(57, 56)","(44, 17)"
90,60,0.3,bot4,success,63,9529828750224470763,8838871439993007296,"(15, 41)","(57, 56)","(44, 17)"
90,60,0.4,bot1,success,63,9529828750224470763,8838871439993007296,"(15, 41)","(57, 56)","(44, 17)"
90,60,0.4,bot2,success,63,9529828750224470763,8838871439993007296,"(15, 41)","(57, 56)","(44, 17)"
90,60,0.4,bot3,success,63,9529828750224470763,8838871439993007296,"(15, 41)","(57, 56)","(44, 17)"
90,60,0.4,bot4,success,63,9529828750224470763,8838871439993007296,"(15, 41)","(57, 56)","(44, 17)"
90,60,0.5,bot1,success,63,9529828750224470763,8838871439993007296,"(15, 41)","(57, 56)","(44, 17)"
90,60,0.5,bot2,success,63,9529828750224470763,8838871439993007296,"(15, 41)","(57, 56)","(44, 17)"
90,60,0.5,bot3,success,63,9529828750224470763,8838871439993007296,"(15, 41)","(57, 56)","(44, 17)"
90,60,0.5,bot4,success,63,9529828750224470763,8838871439993007296,"(15, 41)","(57, 56)","(44, 17)"
90,60,0.6,bot1,success,63,9529828750224470763,8838871439993007296,"(15, 41)","(57, 56)","(44, 17)"
90,60,0.6,bot2,success,63,9529828750224470763,8838871439993007296,"(15, 41)","(57, 56)","(44, 17)"
90,60,0.6,bot3,success,63,9529828750224470763,8838871439993007296,"(15, 41)","(57, 56)","(44, 17)"
90,60,0.6,bot4,success,63,9529828750224470763,8838871439993007296,"(15, 41)","(57, 56)","(44, 17)"
90,60,0.7,bot1,success,63,9529828750224470763,8838871439993007296,"(15, 41)","(57, 56)","(44, 17)"
90,60,0.7,bot2,success,63,9529828750224470763,8838871439993007296,"(15, 41)","(57, 56)","(44, 17)"
90,60,0.7,bot3,success,63,9529828750224470763,8838871439993007296,"(15, 41)","(57, 56)","(44, 17)"
90,60,0.7,bot4,success,63,9529828750224470763,8838871439993007296,"(15, 41)","(57, 56)","(44, 17)"
90,60,0.8,bot1,success,63,9529828750224470763,8838871439993007296,"(15, 41)","(57, 56)","(44, 17)"
90,60,0.8,bot2,success,63,9529828750224470763,8838871439993007296,"(15, 41)","(57, 56)","(44, 17)"
90,60,0.8,bot3,success,63,9529828750224470763,8838871439993007296,"(15, 41)","(57, 56)","(44, 17)"
90,60,0.8,bot4,success,63,9529828750224470763,8838871439993007296,"(15, 41)","(57, 56)","(44, 17)"
90,60,0.9,bot1,success,63,9529828750224470763,8838871439993007296,"(15, 41)","(57, 56)","(44, 17)"
90,60,0.9,bot2,success,63,9529828750224470763,8838871439993007296,"(15, 41)","(57, 56)","(44, 17)"
90,60,0.9,bot3,success,63,9529828750224470763,8838871439993007296,"(15, 41)","(57, 56)","(44, 17)"
90,60,0.9,bot4,success,63,9529828750224470763,8838871439993007296,"(15, 41)","(57, 56)","(44, 17)"
90,60,1.0,bot1,burned,63,9529828750224470763,8838871439993007296,"(15, 41)","(57, 56)","(44, 17)"
90,60,1.0,bot2,burned,63,9529828750224470763,8838871439993007296,"(15, 41)","(57, 56)","(44, 17)"
90,60,1.0,bot3,burned,63,9529828750224470763,8838871439993007296,"(15, 41)","(57, 56)","(44, 17)"
90,60,1.0,bot4,burned,63,9529828750224470763,8838871439993007296,"(15, 41)","(57, 56)","(44, 17)"
91,60,0.0,bot1,success,53,1849291295497537290,16123093427572655026,"(20, 39)","(54, 58)","(9, 29)"
91,60,0.0,bot2,success,53,1849291295497537290,16123093427572655026,"(20, 39)","(54, 58)","(9, 29)"
91,60,0.0,bot3,success,53,1849291295497537290,16123093427572655026,"(20, 39)","(54, 58)","(9, 29)"
91,60,0.0,bot4,success,53,1849291295497537290,16123093427572655026,"(20, 39)","(54, 58)","(9, 29)"
91,60,0.1,bot1,success,53,1849291295497537290,16123093427572655026,"(20, 39)","(54, 58)","(9, 29)"
91,60,0.1,bot2,success,53,1849291295497537290,16123093427572655026,"(20, 39)","(54, 58)","(9, 29)"
91,60,0.1,bot3,success,53,1849291295497537290,16123093427572655026,"(20, 39)","(54, 58)","(9, 29)"
91,60,0.1,bot4,success,53,1849291295497537290,16123093427572655026,"(20, 39)","(54, 58)","(9, 29)"
91,60,0.2,bot1,success,53,1849291295497537290,16123093427572655026,"(20, 39)","(54, 58)","(9, 29)"
91,60,0.2,bot2,success,53,1849291295497537290,16123093427572655026,"(20, 39)","(54, 58)","(9, 29)"
91,60,0.2,bot3,success,53,1849291295497537290,16123093427572655026,"(20, 39)","(54, 58)","(9, 29)"
91,60,0.2,bot4,success,53,1849291295497537290,16123093427572655026,"(20, 39)","(54, 58)","(9, 29)"
91,60,0.3,bot1,success,53,1849291295497537290,16123093427572655026,"(20, 39)","(54, 58)","(9, 29)"
91,60,0.3,bot2,success,53,1849291295497537290,16123093427572655026,"(20, 39)","(54, 58)","(9, 29)"
91,60,0.3,bot3,success,53,1849291295497537290,16123093427572655026,"(20, 39)","(54, 58)","(9, 29)"
91,60,0.3,bot4,success,53,1849291295497537290,16123093427572655026,"(20, 39)","(54, 58)","(9, 29)"
91,60,0.4,bot1,success,53,1849291295497537290,16123093427572655026,"(20, 39)","(54, 58)","(9, 29)"
91,60,0.4,bot2,success,53,1849291295497537290,16123093427572655026,"(20, 39)","(54, 58)","(9, 29)"
91,60,0.4,bot3,success,53,1849291295497537290,16123093427572655026,"(20, 39)","(54, 58)","(9, 29)"
91,60,0.4,bot4,success,53,1849291295497537290,16123093427572655026,"(20, 39)","(54, 58)","(9, 29)"
91,60,0.5,bot1,success,53,1849291295497537290,16123093427572655026,"(20, 39)","(54, 58)","(9, 29)"
91,60,0.5,bot2,success,53,1849291295497537290,16123093427572655026,"(20, 39)","(54, 58)","(9, 29)"
91,60,0.5,bot3,success,53,1849291295497537290,16123093427572655026,"(20, 39)","(54, 58)","(9, 29)"
91,60,0.5,bot4,success,53,1849291295497537290,16123093427572655026,"(20, 39)","(54, 58)","(9, 29)"
91,60,0.6,bot1,success,53,1849291295497537290,16123093427572655026,"(20, 39)","(54, 58)","(9, 29)"
91,60,0.6,bot2,success,53,1849291295497537290,16123093427572655026,"(20, 39)","(54, 58)","(9, 29)"
91,60,0.6,bot3,success,53,1849291295497537290,16123093427572655026,"(20, 39)","(54, 58)","(9, 29)"
91,60,0.6,bot4,success,53,1849291295497537290,16123093427572655026,"(20, 39)","(54, 58)","(9, 29)"
91,60,0.7,bot1,success,53,1849291295497537290,16123093427572655026,"(20, 39)","(54, 58)","(9, 29)"
91,60,0.7,bot2,success,53,1849291295497537290,16123093427572655026,"(20, 39)","(54, 58)","(9, 29)"
91,60,0.7,bot3,success,53,1849291295497537290,16123093427572655026,"(20, 39)","(54, 58)","(9, 29)"
91,60,0.7,bot4,success,53,1849291295497537290,16123093427572655026,"(20, 39)","(54, 58)","(9, 29)"
91,60,0.8,bot1,success,53,1849291295497537290,16123093427572655026,"(20, 39)","(54, 58)","(9, 29)"
91,60,0.8,bot2,success,53,1849291295497537290,16123093427572655026,"(20, 39)","(54, 58)","(9, 29)"
91,60,0.8,bot3,success,53,1849291295497537290,16123093427572655026,"(20, 39)","(54, 58)","(9, 29)"
91,60,0.8,bot4,success,53,1849291295497537290,16123093427572655026,"(20, 39)","(54, 58)","(9, 29)"
91,60,0.9,bot1,success,53,1849291295497537290,16123093427572655026,"(20, 39)","(54, 58)","(9, 29)"
91,60,0.9,bot2,success,53,1849291295497537290,16123093427572655026,"(20, 39)","(54, 58)","(9, 29)"
91,60,0.9,bot3,success,53,1849291295497537290,16123093427572655026,"(20, 39)","(54, 58)","(9, 29)"
91,60,0.9,bot4,success,53,1849291295497537290,16123093427572655026,"(20, 39)","(54, 58)","(9, 29)"
91,60,1.0,bot1,success,53,1849291295497537290,16123093427572655026,"(20, 39)","(54, 58)","(9, 29)"
91,60,1.0,bot2,success,53,1849291295497537290,16123093427572655026,"(20, 39)","(54, 58)","(9, 29)"
91,60,1.0,bot3,success,53,1849291295497537290,16123093427572655026,"(20, 39)","(54, 58)","(9, 29)"
91,60,1.0,bot4,success,53,1849291295497537290,16123093427572655026,"(20, 39)","(54, 58)","(9, 29)"
92,60,0.0,bot1,success,19,6968464361315918919,4087192167907706133,"(27, 35)","(15, 34)","(58, 12)"
92,60,0.0,bot2,success,19,6968464361315918919,4087192167907706133,"(27, 35)","(15, 34)","(58, 12)"
92,60,0.0,bot3,success,19,6968464361315918919,4087192167907706133,"(27, 35)","(15, 34)","(58, 12)"
92,60,0.0,bot4,success,19,6968464361315918919,4087192167907706133,"(27, 35)","(15, 34)","(58, 12)"
92,60,0.1,bot1,success,19,6968464361315918919,4087192167907706133,"(27, 35)","(15, 34)","(58, 12)"
92,60,0.1,bot2,success,19,6968464361315918919,4087192167907706133,"(27, 35)","(15, 34)","(58, 12)"
92,60,0.1,bot3,success,19,6968464361315918919,4087192167907706133,"(27, 35)","(15, 34)","(58, 12)"
92,60,0.1,bot4,success,19,6968464361315918919,4087192167907706133,"(27, 35)","(15, 34)","(58, 12)"
92,60,0.2,bot1,success,19,6968464361315918919,4087192167907706133,"(27, 35)","(15, 34)","(58, 12)"
92,60,0.2,bot2,success,19,6968464361315918919,4087192167907706133,"(27, 35)","(15, 34)","(58, 12)"
92,60,0.2,bot3,success,19,6968464361315918919,4087192167907706133,"(27, 35)","(15, 34)","(58, 12)"
92,60,0.2,bot4,success,19,6968464361315918919,4087192167907706133,"(27, 35)","(15, 34)","(58, 12)"
92,60,0.3,bot1,success,19,6968464361315918919,4087192167907706133,"(27, 35)","(15, 34)","(58, 12)"
92,60,0.3,bot2,success,19,6968464361315918919,4087192167907706133,"(27, 35)","(15, 34)","(58, 12)"
92,60,0.3,bot3,success,19,6968464361315918919,4087192167907706133,"(27, 35)","(15, 34)","(58, 12)"
92,60,0.3,bot4,success,19,6968464361315918919,4087192167907706133,"(27, 35)","(15, 34)","(58, 12)"
92,60,0.4,bot1,success,19,6968464361315918919,4087192167907706133,"(27, 35)","(15, 34)","(58, 12)"
92,60,0.4,bot2,success,19,6968464361315918919,4087192167907706133,"(27, 35)","(15, 34)","(58, 12)"
92,60,0.4,bot3,success,19,6968464361315918919,4087192167907706133,"(27, 35)","(15, 34)","(58, 12)"
92,60,0.4,bot4,success,19,6968464361315918919,4087192167907706133,"(27, 35)","(15, 34)","(58, 12)"
92,60,0.5,bot1,success,19,6968464361315918919,4087192167907706133,"(27, 35)","(15, 34)","(58, 12)"
92,60,0.5,bot2,success,19,6968464361315918919,4087192167907706133,"(27, 35)","(15, 34)","(58, 12)"
92,60,0.5,bot3,success,19,6968464361315918919,4087192167907706133,"(27, 35)","(15, 34)","(58, 12)"
92,60,0.5,bot4,success,19,6968464361315918919,4087192167907706133,"(27, 35)","(15, 34)","(58, 12)"
92,60,0.6,bot1,success,19,6968464361315918919,4087192167907706133,"(27, 35)","(15, 34)","(58, 12)"
92,60,0.6,bot2,success,19,6968464361315918919,4087192167907706133,"(27, 35)","(15, 34)","(58, 12)"
92,60,0.6,bot3,success,19,6968464361315918919,4087192167907706133,"(27, 35)","(15, 34)","(58, 12)"
92,60,0.6,bot4,success,19,6968464361315918919,4087192167907706133,"(27, 35)","(15, 34)","(58, 12)"
92,60,0.7,bot1,success,19,6968464361315918919,4087192167907706133,"(27, 35)","(15, 34)","(58, 12)"
92,60,0.7,bot2,success,19,6968464361315918919,4087192167907706133,"(27, 35)","(15, 34)","(58, 12)"
92,60,0.7,bot3,success,19,6968464361315918919,4087192167907706133,"(27, 35)","(15, 34)","(58, 12)"
92,60,0.7,bot4,success,19,6968464361315918919,4087192167907706133,"(27, 35)","(15, 34)","(58, 12)"
92,60,0.8,bot1,success,19,6968464361315918919,4087192167907706133,"(27, 35)","(15, 34)","(58, 12)"
92,60,0.8,bot2,success,19,6968464361315918919,4087192167907706133,"(27, 35)","(15, 34)","(58, 12)"
92,60,0.8,bot3,success,19,6968464361315918919,4087192167907706133,"(27, 35)","(15, 34)","(58, 12)"
92,60,0.8,bot4,success,19,6968464361315918919,4087192167907706133,"(27, 35)","(15, 34)","(58, 12)"
92,60,0.9,bot1,success,19,6968464361315918919,4087192167907706133,"(27, 35)","(15, 34)","(58, 12)"
92,60,0.9,bot2,success,19,6968464361315918919,4087192167907706133,"(27, 35)","(15, 34)","(58, 12)"
92,60,0.9,bot3,success,19,6968464361315918919,4087192167907706133,"(27, 35)","(15, 34)","(58, 12)"
92,60,0.9,bot4,success,19,6968464361315918919,4087192167907706133,"(27, 35)","(15, 34)","(58, 12)"
92,60,1.0,bot1,success,19,6968464361315918919,4087192167907706133,"(27, 35)","(15, 34)","(58, 12)"
92,60,1.0,bot2,success,19,6968464361315918919,4087192167907706133,"(27, 35)","(15, 34)","(58, 12)"
92,60,1.0,bot3,success,19,6968464361315918919,4087192167907706133,"(27, 35)","(15, 34)","(58, 12)"
92,60,1.0,bot4,success,19,6968464361315918919,4087192167907706133,"(27, 35)","(15, 34)","(58, 12)"
93,60,0.0,bot1,success,61,2407834753984139375,10365963527419677166,"(49, 35)","(4, 25)","(19, 1)"
93,60,0.0,bot2,success,61,2407834753984139375,10365963527419677166,"(49, 35)","(4, 25)","(19, 1)"
93,60,0.0,bot3,success,61,2407834753984139375,10365963527419677166,"(49, 35)","(4, 25)","(19, 1)"
93,60,0.0,bot4,success,61,2407834753984139375,10365963527419677166,"(49, 35)","(4, 25)","(19, 1)"
93,60,0.1,bot1,success,61,2407834753984139375,10365963527419677166,"(49, 35)","(4, 25)","(19, 1)"
93,60,0.1,bot2,success,61,2407834753984139375,10365963527419677166,"(49, 35)","(4, 25)","(19, 1)"
93,60,0.1,bot3,success,61,2407834753984139375,10365963527419677166,"(49, 35)","(4, 25)","(19, 1)"
93,60,0.1,bot4,success,61,2407834753984139375,10365963527419677166,"(49, 35)","(4, 25)","(19, 1)"
93,60,0.2,bot1,success,61,2407834753984139375,10365963527419677166,"(49, 35)","(4, 25)","(19, 1)"
93,60,0.2,bot2,success,61,2407834753984139375,10365963527419677166,"(49, 35)","(4, 25)","(19, 1)"
93,60,0.2,bot3,success,61,2407834753984139375,10365963527419677166,"(49, 35)","(4, 25)","(19, 1)"
93,60,0.2,bot4,success,61,2407834753984139375,10365963527419677166,"(49, 35)","(4, 25)","(19, 1)"
93,60,0.3,bot1,success,61,2407834753984139375,10365963527419677166,"(49, 35)","(4, 25)","(19, 1)"
93,60,0.3,bot2,success,61,2407834753984139375,10365963527419677166,"(49, 35)","(4, 25)","(19, 1)"
93,60,0.3,bot3,success,61,2407834753984139375,10365963527419677166,"(49, 35)","(4, 25)","(19, 1)"
93,60,0.3,bot4,success,61,2407834753984139375,10365963527419677166,"(49, 35)","(4, 25)","(19, 1)"
93,60,0.4,bot1,success,61,2407834753984139375,10365963527419677166,"(49, 35)","(4, 25)","(19, 1)"
93,60,0.4,bot2,success,61,2407834753984139375,10365963527419677166,"(49, 35)","(4, 25)","(19, 1)"
93,60,0.4,bot3,success,61,2407834753984139375,10365963527419677166,"(49, 35)","(4, 25)","(19, 1)"
93,60,0.4,bot4,success,61,2407834753984139375,10365963527419677166,"(49, 35)","(4, 25)","(19, 1)"
93,60,0.5,bot1,burned,46,2407834753984139375,10365963527419677166,"(49, 35)","(4, 25)","(19, 1)"
93,60,0.5,bot2,burned,54,2407834753984139375,10365963527419677166,"(49, 35)","(4, 25)","(19, 1)"
93,60,0.5,bot3,burned,70,2407834753984139375,10365963527419677166,"(49, 35)","(4, 25)","(19, 1)"
93,60,0.5,bot4,burned,54,2407834753984139375,10365963527419677166,"(49, 35)","(4, 25)","(19, 1)"
93,60,0.6,bot1,burned,44,2407834753984139375,10365963527419677166,"(49, 35)","(4, 25)","(19, 1)"
93,60,0.6,bot2,burned,68,2407834753984139375,10365963527419677166,"(49, 35)","(4, 25)","(19, 1)"
93,60,0.6,bot3,burned,68,2407834753984139375,10365963527419677166,"(49, 35)","(4, 25)","(19, 1)"
93,60,0.6,bot4,burned,68,2407834753984139375,10365963527419677166,"(49, 35)","(4, 25)","(19, 1)"
93,60,0.7,bot1,burned,45,2407834753984139375,10365963527419677166,"(49, 35)","(4, 25)","(19, 1)"
93,60,0.7,bot2,burned,50,2407834753984139375,10365963527419677166,"(49, 35)","(4, 25)","(19, 1)"
93,60,0.7,bot3,burned,50,2407834753984139375,10365963527419677166,"(49, 35)","(4, 25)","(19, 1)"
93,60,0.7,bot4,burned,50,2407834753984139375,10365963527419677166,"(49, 35)","(4, 25)","(19, 1)"
93,60,0.8,bot1,burned,40,2407834753984139375,10365963527419677166,"(49, 35)","(4, 25)","(19, 1)"
93,60,0.8,bot2,burned,57,2407834753984139375,10365963527419677166,"(49, 35)","(4, 25)","(19, 1)"
93,60,0.8,bot3,burned,57,2407834753984139375,10365963527419677166,"(49, 35)","(4, 25)","(19, 1)"
93,60,0.8,bot4,burned,57,2407834753984139375,10365963527419677166,"(49, 35)","(4, 25)","(19, 1)"
93,60,0.9,bot1,burned,40,2407834753984139375,10365963527419677166,"(49, 35)","(4, 25)","(19, 1)"
93,60,0.9,bot2,burned,57,2407834753984139375,10365963527419677166,"(49, 35)","(4, 25)","(19, 1)"
93,60,0.9,bot3,burned,57,2407834753984139375,10365963527419677166,"(49, 35)","(4, 25)","(19, 1)"
93,60,0.9,bot4,burned,57,2407834753984139375,10365963527419677166,"(49, 35)","(4, 25)","(19, 1)"
93,60,1.0,bot1,burned,38,2407834753984139375,10365963527419677166,"(49, 35)","(4, 25)","(19, 1)"
93,60,1.0,bot2,burned,46,2407834753984139375,10365963527419677166,"(49, 35)","(4, 25)","(19, 1)"
93,60,1.0,bot3,burned,48,2407834753984139375,10365963527419677166,"(49, 35)","(4, 25)","(19, 1)"
93,60,1.0,bot4,burned,46,2407834753984139375,10365963527419677166,"(49, 35)","(4, 25)","(19, 1)"
94,60,0.0,bot1,success,64,10685960815578587385,11451632563269750545,"(1, 34)","(37, 12)","(21, 12)"
94,60,0.0,bot2,success,64,10685960815578587385,11451632563269750545,"(1, 34)","(37, 12)","(21, 12)"
94,60,0.0,bot3,success,64,10685960815578587385,11451632563269750545,"(1, 34)","(37, 12)","(21, 12)"
94,60,0.0,bot4,success,64,10685960815578587385,11451632563269750545,"(1, 34)","(37, 12)","(21, 12)"
94,60,0.1,bot1,success,64,10685960815578587385,11451632563269750545,"(1, 34)","(37, 12)","(21, 12)"
94,60,0.1,bot2,success,64,10685960815578587385,11451632563269750545,"(1, 34)","(37, 12)","(21, 12)"
94,60,0.1,bot3,success,64,10685960815578587385,11451632563269750545,"(1, 34)","(37, 12)","(21, 12)"
94,60,0.1,bot4,success,64,10685960815578587385,11451632563269750545,"(1, 34)","(37, 12)","(21, 12)"
94,60,0.2,bot1,success,64,10685960815578587385,11451632563269750545,"(1, 34)","(37, 12)","(21, 12)"
94,60,0.2,bot2,success,64,10685960815578587385,11451632563269750545,"(1, 34)","(37, 12)","(21, 12)"
94,60,0.2,bot3,success,64,10685960815578587385,11451632563269750545,"(1, 34)","(37, 12)","(21, 12)"
94,60,0.2,bot4,success,64,10685960815578587385,11451632563269750545,"(1, 34)","(37, 12)","(21, 12)"
94,60,0.3,bot1,burned,50,10685960815578587385,11451632563269750545,"(1, 34)","(37, 12)","(21, 12)"
94,60,0.3,bot2,burned,119,10685960815578587385,11451632563269750545,"(1, 34)","(37, 12)","(21, 12)"
94,60,0.3,bot3,burned,119,10685960815578587385,11451632563269750545,"(1, 34)","(37, 12)","(21, 12)"
94,60,0.3,bot4,burned,119,10685960815578587385,11451632563269750545,"(1, 34)","(37, 12)","(21, 12)"
94,60,0.4,bot1,burned,46,10685960815578587385,11451632563269750545,"(1, 34)","(37, 12)","(21, 12)"
94,60,0.4,bot2,burned,78,10685960815578587385,11451632563269750545,"(1, 34)","(37, 12)","(21, 12)"
94,60,0.4,bot3,burned,78,10685960815578587385,11451632563269750545,"(1, 34)","(37, 12)","(21, 12)"
94,60,0.4,bot4,burned,78,10685960815578587385,11451632563269750545,"(1, 34)","(37, 12)","(21, 12)"
94,60,0.5,bot1,burned,44,10685960815578587385,11451632563269750545,"(1, 34)","(37, 12)","(21, 12)"
94,60,0.5,bot2,burned,67,10685960815578587385,11451632563269750545,"(1, 34)","(37, 12)","(21, 12)"
94,60,0.5,bot3,burned,74,10685960815578587385,11451632563269750545,"(1, 34)","(37, 12)","(21, 12)"
94,60,0.5,bot4,burned,67,10685960815578587385,11451632563269750545,"(1, 34)","(37, 12)","(21, 12)"
94,60,0.6,bot1,burned,40,10685960815578587385,11451632563269750545,"(1, 34)","(37, 12)","(21, 12)"
94,60,0.6,bot2,burned,49,10685960815578587385,11451632563269750545,"(1, 34)","(37, 12)","(21, 12)"
94,60,0.6,bot3,burned,51,10685960815578587385,11451632563269750545,"(1, 34)","(37, 12)","(21, 12)"
94,60,0.6,bot4,burned,49,10685960815578587385,11451632563269750545,"(1, 34)","(37, 12)","(21, 12)"
94,60,0.7,bot1,burned,41,10685960815578587385,11451632563269750545,"(1, 34)","(37, 12)","(21, 12)"
94,60,0.7,bot2,burned,43,10685960815578587385,11451632563269750545,"(1, 34)","(37, 12)","(21, 12)"
94,60,0.7,bot3,burned,45,10685960815578587385,11451632563269750545,"(1, 34)","(37, 12)","(21, 12)"
94,60,0.7,bot4,burned,43,10685960815578587385,11451632563269750545,"(1, 34)","(37, 12)","(21, 12)"
94,60,0.8,bot1,burned,36,10685960815578587385,11451632563269750545,"(1, 34)","(37, 12)","(21, 12)"
94,60,0.8,bot2,burned,37,10685960815578587385,11451632563269750545,"(1, 34)","(37, 12)","(21, 12)"
94,60,0.8,bot3,burned,37,10685960815578587385,11451632563269750545,"(1, 34)","(37, 12)","(21, 12)"
94,60,0.8,bot4,burned,37,10685960815578587385,11451632563269750545,"(1, 34)","(37, 12)","(21, 12)"
94,60,0.9,bot1,burned,34,10685960815578587385,11451632563269750545,"(1, 34)","(37, 12)","(21, 12)"
94,60,0.9,bot2,burned,36,10685960815578587385,11451632563269750545,"(1, 34)","(37, 12)","(21, 12)"
94,60,0.9,bot3,burned,36,10685960815578587385,11451632563269750545,"(1, 34)","(37, 12)","(21, 12)"
94,60,0.9,bot4,burned,36,10685960815578587385,11451632563269750545,"(1, 34)","(37, 12)","(21, 12)"
94,60,1.0,bot1,burned,33,10685960815578587385,11451632563269750545,"(1, 34)","(37, 12)","(21, 12)"
94,60,1.0,bot2,burned,36,10685960815578587385,11451632563269750545,"(1, 34)","(37, 12)","(21, 12)"
94,60,1.0,bot3,burned,36,10685960815578587385,11451632563269750545,"(1, 34)","(37, 12)","(21, 12)"
94,60,1.0,bot4,burned,36,10685960815578587385,11451632563269750545,"(1, 34)","(37, 12)","(21, 12)"
95,60,0.0,bot1,success,41,2721987191509722152,17122908556141614774,"(3, 56)","(25, 57)","(43, 18)"
95,60,0.0,bot2,success,41,2721987191509722152,17122908556141614774,"(3, 56)","(25, 57)","(43, 18)"
95,60,0.0,bot3,success,41,2721987191509722152,17122908556141614774,"(3, 56)","(25, 57)","(43, 18)"
95,60,0.0,bot4,success,41,2721987191509722152,17122908556141614774,"(3, 56)","(25, 57)","(43, 18)"
95,60,0.1,bot1,success,41,2721987191509722152,17122908556141614774,"(3, 56)","(25, 57)","(43, 18)"
95,60,0.1,bot2,success,41,2721987191509722152,17122908556141614774,"(3, 56)","(25, 57)","(43, 18)"
95,60,0.1,bot3,success,41,2721987191509722152,17122908556141614774,"(3, 56)","(25, 57)","(43, 18)"
95,60,0.1,bot4,success,41,2721987191509722152,17122908556141614774,"(3, 56)","(25, 57)","(43, 18)"
95,60,0.2,bot1,success,41,2721987191509722152,17122908556141614774,"(3, 56)","(25, 57)","(43, 18)"
95,60,0.2,bot2,success,41,2721987191509722152,17122908556141614774,"(3, 56)","(25, 57)","(43, 18)"
95,60,0.2,bot3,success,41,2721987191509722152,17122908556141614774,"(3, 56)","(25, 57)","(43, 18)"
95,60,0.2,bot4,success,41,2721987191509722152,17122908556141614774,"(3, 56)","(25, 57)","(43, 18)"
95,60,0.3,bot1,success,41,2721987191509722152,17122908556141614774,"(3, 56)","(25, 57)","(43, 18)"
95,60,0.3,bot2,success,41,2721987191509722152,17122908556141614774,"(3, 56)","(25, 57)","(43, 18)"
95,60,0.3,bot3,success,41,2721987191509722152,17122908556141614774,"(3, 56)","(25, 57)","(43, 18)"
95,60,0.3,bot4,success,41,2721987191509722152,17122908556141614774,"(3, 56)","(25, 57)","(43, 18)"
95,60,0.4,bot1,success,41,2721987191509722152,17122908556141614774,"(3, 56)","(25, 57)","(43, 18)"
95,60,0.4,bot2,success,41,2721987191509722152,17122908556141614774,"(3, 56)","(25, 57)","(43, 18)"
95,60,0.4,bot3,success,41,2721987191509722152,17122908556141614774,"(3, 56)","(25, 57)","(43, 18)"
95,60,0.4,bot4,success,41,2721987191509722152,17122908556141614774,"(3, 56)","(25, 57)","(43, 18)"
95,60,0.5,bot1,success,41,2721987191509722152,17122908556141614774,"(3, 56)","(25, 57)","(43, 18)"
95,60,0.5,bot2,success,41,2721987191509722152,17122908556141614774,"(3, 56)","(25, 57)","(43, 18)"
95,60,0.5,bot3,success,41,2721987191509722152,17122908556141614774,"(3, 56)","(25, 57)","(43, 18)"
95,60,0.5,bot4,success,41,2721987191509722152,17122908556141614774,"(3, 56)","(25, 57)","(43, 18)"
95,60,0.6,bot1,success,41,2721987191509722152,17122908556141614774,"(3, 56)","(25, 57)","(43, 18)"
95,60,0.6,bot2,success,41,2721987191509722152,17122908556141614774,"(3, 56)","(25, 57)","(43, 18)"
95,60,0.6,bot3,success,41,2721987191509722152,17122908556141614774,"(3, 56)","(25, 57)","(43, 18)"
95,60,0.6,bot4,success,41,2721987191509722152,17122908556141614774,"(3, 56)","(25, 57)","(43, 18)"
95,60,0.7,bot1,success,41,2721987191509722152,17122908556141614774,"(3, 56)","(25, 57)","(43, 18)"
95,60,0.7,bot2,success,41,2721987191509722152,17122908556141614774,"(3, 56)","(25, 57)","(43, 18)"
95,60,0.7,bot3,success,41,2721987191509722152,17122908556141614774,"(3, 56)","(25, 57)","(43, 18)"
95,60,0.7,bot4,success,41,2721987191509722152,17122908556141614774,"(3, 56)","(25, 57)","(43, 18)"
95,60,0.8,bot1,success,41,2721987191509722152,17122908556141614774,"(3, 56)","(25, 57)","(43, 18)"
95,60,0.8,bot2,success,41,2721987191509722152,17122908556141614774,"(3, 56)","(25, 57)","(43, 18)"
95,60,0.8,bot3,success,41,2721987191509722152,17122908556141614774,"(3, 56)","(25, 57)","(43, 18)"
95,60,0.8,bot4,success,41,2721987191509722152,17122908556141614774,"(3, 56)","(25, 57)","(43, 18)"
95,60,0.9,bot1,success,41,2721987191509722152,17122908556141614774,"(3, 56)","(25, 57)","(43, 18)"
95,60,0.9,bot2,success,41,2721987191509722152,17122908556141614774,"(3, 56)","(25, 57)","(43, 18)"
95,60,0.9,bot3,success,41,2721987191509722152,17122908556141614774,"(3, 56)","(25, 57)","(43, 18)"
95,60,0.9,bot4,success,41,2721987191509722152,17122908556141614774,"(3, 56)","(25, 57)","(43, 18)"
95,60,1.0,bot1,success,41,2721987191509722152,17122908556141614774,"(3, 56)","(25, 57)","(43, 18)"
95,60,1.0,bot2,success,41,2721987191509722152,17122908556141614774,"(3, 56)","(25, 57)","(43, 18)"
95,60,1.0,bot3,success,41,2721987191509722152,17122908556141614774,"(3, 56)","(25, 57)","(43, 18)"
95,60,1.0,bot4,success,41,2721987191509722152,17122908556141614774,"(3, 56)","(25, 57)","(43, 18)"
96,60,0.0,bot1,success,84,10326551876615101083,6518373373738520036,"(56, 38)","(29, 27)","(54, 11)"
96,60,0.0,bot2,success,84,10326551876615101083,6518373373738520036,"(56, 38)","(29, 27)","(54, 11)"
96,60,0.0,bot3,success,84,10326551876615101083,6518373373738520036,"(56, 38)","(29, 27)","(54, 11)"
96,60,0.0,bot4,success,84,10326551876615101083,6518373373738520036,"(56, 38)","(29, 27)","(54, 11)"
96,60,0.1,bot1,success,84,10326551876615101083,6518373373738520036,"(56, 38)","(29, 27)","(54, 11)"
96,60,0.1,bot2,success,84,10326551876615101083,6518373373738520036,"(56, 38)","(29, 27)","(54, 11)"
96,60,0.1,bot3,success,84,10326551876615101083,6518373373738520036,"(56, 38)","(29, 27)","(54, 11)"
96,60,0.1,bot4,success,84,10326551876615101083,6518373373738520036,"(56, 38)","(29, 27)","(54, 11)"
96,60,0.2,bot1,success,84,10326551876615101083,6518373373738520036,"(56, 38)","(29, 27)","(54, 11)"
96,60,0.2,bot2,success,84,10326551876615101083,6518373373738520036,"(56, 38)","(29, 27)","(54, 11)"
96,60,0.2,bot3,success,84,10326551876615101083,6518373373738520036,"(56, 38)","(29, 27)","(54, 11)"
96,60,0.2,bot4,success,84,10326551876615101083,6518373373738520036,"(56, 38)","(29, 27)","(54, 11)"
96,60,0.3,bot1,success,84,10326551876615101083,6518373373738520036,"(56, 38)","(29, 27)","(54, 11)"
96,60,0.3,bot2,success,84,10326551876615101083,6518373373738520036,"(56, 38)","(29, 27)","(54, 11)"
96,60,0.3,bot3,success,84,10326551876615101083,6518373373738520036,"(56, 38)","(29, 27)","(54, 11)"
96,60,0.3,bot4,success,84,10326551876615101083,6518373373738520036,"(56, 38)","(29, 27)","(54, 11)"
96,60,0.4,bot1,success,84,10326551876615101083,6518373373738520036,"(56, 38)","(29, 27)","(54, 11)"
96,60,0.4,bot2,success,84,10326551876615101083,6518373373738520036,"(56, 38)","(29, 27)","(54, 11)"
96,60,0.4,bot3,success,84,10326551876615101083,6518373373738520036,"(56, 38)","(29, 27)","(54, 11)"
96,60,0.4,bot4,success,84,10326551876615101083,6518373373738520036,"(56, 38)","(29, 27)","(54, 11)"
96,60,0.5,bot1,success,84,10326551876615101083,6518373373738520036,"(56, 38)","(29, 27)","(54, 11)"
96,60,0.5,bot2,success,84,10326551876615101083,6518373373738520036,"(56, 38)","(29, 27)","(54, 11)"
96,60,0.5,bot3,success,84,10326551876615101083,6518373373738520036,"(56, 38)","(29, 27)","(54, 11)"
96,60,0.5,bot4,success,84,10326551876615101083,6518373373738520036,"(56, 38)","(29, 27)","(54, 11)"
96,60,0.6,bot1,success,84,10326551876615101083,6518373373738520036,"(56, 38)","(29, 27)","(54, 11)"
96,60,0.6,bot2,success,84,10326551876615101083,6518373373738520036,"(56, 38)","(29, 27)","(54, 11)"
96,60,0.6,bot3,success,84,10326551876615101083,6518373373738520036,"(56, 38)","(29, 27)","(54, 11)"
96,60,0.6,bot4,success,84,10326551876615101083,6518373373738520036,"(56, 38)","(29, 27)","(54, 11)"
96,60,0.7,bot1,success,84,10326551876615101083,6518373373738520036,"(56, 38)","(29, 27)","(54, 11)"
96,60,0.7,bot2,success,84,10326551876615101083,6518373373738520036,"(56, 38)","(29, 27)","(54, 11)"
96,60,0.7,bot3,success,84,10326551876615101083,6518373373738520036,"(56, 38)","(29, 27)","(54, 11)"
96,60,0.7,bot4,success,84,10326551876615101083,6518373373738520036,"(56, 38)","(29, 27)","(54, 11)"
96,60,0.8,bot1,success,84,10326551876615101083,6518373373738520036,"(56, 38)","(29, 27)","(54, 11)"
96,60,0.8,bot2,success,84,10326551876615101083,6518373373738520036,"(56, 38)","(29, 27)","(54, 11)"
96,60,0.8,bot3,success,84,10326551876615101083,6518373373738520036,"(56, 38)","(29, 27)","(54, 11)"
96,60,0.8,bot4,success,84,10326551876615101083,6518373373738520036,"(56, 38)","(29, 27)","(54, 11)"
96,60,0.9,bot1,burned,68,10326551876615101083,6518373373738520036,"(56, 38)","(29, 27)","(54, 11)"
96,60,0.9,bot2,burned,69,10326551876615101083,6518373373738520036,"(56, 38)","(29, 27)","(54, 11)"
96,60,0.9,bot3,burned,69,10326551876615101083,6518373373738520036,"(56, 38)","(29, 27)","(54, 11)"
96,60,0.9,bot4,burned,69,10326551876615101083,6518373373738520036,"(56, 38)","(29, 27)","(54, 11)"
96,60,1.0,bot1,burned,54,10326551876615101083,6518373373738520036,"(56, 38)","(29, 27)","(54, 11)"
96,60,1.0,bot2,burned,55,10326551876615101083,6518373373738520036,"(56, 38)","(29, 27)","(54, 11)"
96,60,1.0,bot3,burned,61,10326551876615101083,6518373373738520036,"(56, 38)","(29, 27)","(54, 11)"
96,60,1.0,bot4,burned,55,10326551876615101083,6518373373738520036,"(56, 38)","(29, 27)","(54, 11)"
97,60,0.0,bot1,success,50,15646371550275163850,5306139384584206480,"(33, 56)","(47, 22)","(1, 45)"
97,60,0.0,bot2,success,50,15646371550275163850,5306139384584206480,"(33, 56)","(47, 22)","(1, 45)"
97,60,0.0,bot3,success,50,15646371550275163850,5306139384584206480,"(33, 56)","(47, 22)","(1, 45)"
97,60,0.0,bot4,success,50,15646371550275163850,5306139384584206480,"(33, 56)","(47, 22)","(1, 45)"
97,60,0.1,bot1,success,50,15646371550275163850,5306139384584206480,"(33, 56)","(47, 22)","(1, 45)"
97,60,0.1,bot2,success,50,15646371550275163850,5306139384584206480,"(33, 56)","(47, 22)","(1, 45)"
97,60,0.1,bot3,success,50,15646371550275163850,5306139384584206480,"(33, 56)","(47, 22)","(1, 45)"
97,60,0.1,bot4,success,50,15646371550275163850,5306139384584206480,"(33, 56)","(47, 22)","(1, 45)"
97,60,0.2,bot1,success,50,15646371550275163850,5306139384584206480,"(33, 56)","(47, 22)","(1, 45)"
97,60,0.2,bot2,success,50,15646371550275163850,5306139384584206480,"(33, 56)","(47, 22)","(1, 45)"
97,60,0.2,bot3,success,50,15646371550275163850,5306139384584206480,"(33, 56)","(47, 22)","(1, 45)"
97,60,0.2,bot4,success,50,15646371550275163850,5306139384584206480,"(33, 56)","(47, 22)","(1, 45)"
97,60,0.3,bot1,success,50,15646371550275163850,5306139384584206480,"(33, 56)","(47, 22)","(1, 45)"
97,60,0.3,bot2,success,50,15646371550275163850,5306139384584206480,"(33, 56)","(47, 22)","(1, 45)"
97,60,0.3,bot3,success,50,15646371550275163850,5306139384584206480,"(33, 56)","(47, 22)","(1, 45)"
97,60,0.3,bot4,success,50,15646371550275163850,5306139384584206480,"(33, 56)","(47, 22)","(1, 45)"
97,60,0.4,bot1,success,50,15646371550275163850,5306139384584206480,"(33, 56)","(47, 22)","(1, 45)"
97,60,0.4,bot2,success,50,15646371550275163850,5306139384584206480,"(33, 56)","(47, 22)","(1, 45)"
97,60,0.4,bot3,success,50,15646371550275163850,5306139384584206480,"(33, 56)","(47, 22)","(1, 45)"
97,60,0.4,bot4,success,50,15646371550275163850,5306139384584206480,"(33, 56)","(47, 22)","(1, 45)"
97,60,0.5,bot1,success,50,15646371550275163850,5306139384584206480,"(33, 56)","(47, 22)","(1, 45)"
97,60,0.5,bot2,success,50,15646371550275163850,5306139384584206480,"(33, 56)","(47, 22)","(1, 45)"
97,60,0.5,bot3,success,50,15646371550275163850,5306139384584206480,"(33, 56)","(47, 22)","(1, 45)"
97,60,0.5,bot4,success,50,15646371550275163850,5306139384584206480,"(33, 56)","(47, 22)","(1, 45)"
97,60,0.6,bot1,success,50,15646371550275163850,5306139384584206480,"(33, 56)","(47, 22)","(1, 45)"
97,60,0.6,bot2,success,50,15646371550275163850,5306139384584206480,"(33, 56)","(47, 22)","(1, 45)"
97,60,0.6,bot3,success,50,15646371550275163850,5306139384584206480,"(33, 56)","(47, 22)","(1, 45)"
97,60,0.6,bot4,success,50,15646371550275163850,5306139384584206480,"(33, 56)","(47, 22)","(1, 45)"
97,60,0.7,bot1,success,50,15646371550275163850,5306139384584206480,"(33, 56)","(47, 22)","(1, 45)"
97,60,0.7,bot2,success,50,15646371550275163850,5306139384584206480,"(33, 56)","(47, 22)","(1, 45)"
97,60,0.7,bot3,success,50,15646371550275163850,5306139384584206480,"(33, 56)","(47, 22)","(1, 45)"
97,60,0.7,bot4,success,50,15646371550275163850,5306139384584206480,"(33, 56)","(47, 22)","(1, 45)"
97,60,0.8,bot1,success,50,15646371550275163850,5306139384584206480,"(33, 56)","(47, 22)","(1, 45)"
97,60,0.8,bot2,success,50,15646371550275163850,5306139384584206480,"(33, 56)","(47, 22)","(1, 45)"
97,60,0.8,bot3,success,50,15646371550275163850,5306139384584206480,"(33, 56)","(47, 22)","(1, 45)"
97,60,0.8,bot4,success,50,15646371550275163850,5306139384584206480,"(33, 56)","(47, 22)","(1, 45)"
97,60,0.9,bot1,success,50,15646371550275163850,5306139384584206480,"(33, 56)","(47, 22)","(1, 45)"
97,60,0.9,bot2,success,50,15646371550275163850,5306139384584206480,"(33, 56)","(47, 22)","(1, 45)"
97,60,0.9,bot3,success,50,15646371550275163850,5306139384584206480,"(33, 56)","(47, 22)","(1, 45)"
97,60,0.9,bot4,success,50,15646371550275163850,5306139384584206480,"(33, 56)","(47, 22)","(1, 45)"
97,60,1.0,bot1,success,50,15646371550275163850,5306139384584206480,"(33, 56)","(47, 22)","(1, 45)"
97,60,1.0,bot2,success,50,15646371550275163850,5306139384584206480,"(33, 56)","(47, 22)","(1, 45)"
97,60,1.0,bot3,success,50,15646371550275163850,5306139384584206480,"(33, 56)","(47, 22)","(1, 45)"
97,60,1.0,bot4,success,50,15646371550275163850,5306139384584206480,"(33, 56)","(47, 22)","(1, 45)"
98,60,0.0,bot1,success,54,3370635454467796860,2655998733754104320,"(24, 35)","(59, 18)","(9, 50)"
98,60,0.0,bot2,success,54,3370635454467796860,2655998733754104320,"(24, 35)","(59, 18)","(9, 50)"
98,60,0.0,bot3,success,54,3370635454467796860,2655998733754104320,"(24, 35)","(59, 18)","(9, 50)"
98,60,0.0,bot4,success,54,3370635454467796860,2655998733754104320,"(24, 35)","(59, 18)","(9, 50)"
98,60,0.1,bot1,success,54,3370635454467796860,2655998733754104320,"(24, 35)","(59, 18)","(9, 50)"
98,60,0.1,bot2,success,54,3370635454467796860,2655998733754104320,"(24, 35)","(59, 18)","(9, 50)"
98,60,0.1,bot3,success,54,3370635454467796860,2655998733754104320,"(24, 35)","(59, 18)","(9, 50)"
98,60,0.1,bot4,success,54,3370635454467796860,2655998733754104320,"(24, 35)","(59, 18)","(9, 50)"
98,60,0.2,bot1,success,54,3370635454467796860,2655998733754104320,"(24, 35)","(59, 18)","(9, 50)"
98,60,0.2,bot2,success,54,3370635454467796860,2655998733754104320,"(24, 35)","(59, 18)","(9, 50)"
98,60,0.2,bot3,success,54,3370635454467796860,2655998733754104320,"(24, 35)","(59, 18)","(9, 50)"
98,60,0.2,bot4,success,54,3370635454467796860,2655998733754104320,"(24, 35)","(59, 18)","(9, 50)"
98,60,0.3,bot1,success,54,3370635454467796860,2655998733754104320,"(24, 35)","(59, 18)","(9, 50)"
98,60,0.3,bot2,success,54,3370635454467796860,2655998733754104320,"(24, 35)","(59, 18)","(9, 50)"
98,60,0.3,bot3,success,54,3370635454467796860,2655998733754104320,"(24, 35)","(59, 18)","(9, 50)"
98,60,0.3,bot4,success,54,3370635454467796860,2655998733754104320,"(24, 35)","(59, 18)","(9, 50)"
98,60,0.4,bot1,success,54,3370635454467796860,2655998733754104320,"(24, 35)","(59, 18)","(9, 50)"
98,60,0.4,bot2,success,54,3370635454467796860,2655998733754104320,"(24, 35)","(59, 18)","(9, 50)"
98,60,0.4,bot3,success,54,3370635454467796860,2655998733754104320,"(24, 35)","(59, 18)","(9, 50)"
98,60,0.4,bot4,success,54,3370635454467796860,2655998733754104320,"(24, 35)","(59, 18)","(9, 50)"
98,60,0.5,bot1,success,54,3370635454467796860,2655998733754104320,"(24, 35)","(59, 18)","(9, 50)"
98,60,0.5,bot2,success,54,3370635454467796860,2655998733754104320,"(24, 35)","(59, 18)","(9, 50)"
98,60,0.5,bot3,success,54,3370635454467796860,2655998733754104320,"(24, 35)","(59, 18)","(9, 50)"
98,60,0.5,bot4,success,54,3370635454467796860,2655998733754104320,"(24, 35)","(59, 18)","(9, 50)"
98,60,0.6,bot1,success,54,3370635454467796860,2655998733754104320,"(24, 35)","(59, 18)","(9, 50)"
98,60,0.6,bot2,success,54,3370635454467796860,2655998733754104320,"(24, 35)","(59, 18)","(9, 50)"
98,60,0.6,bot3,success,54,3370635454467796860,2655998733754104320,"(24, 35)","(59, 18)","(9, 50)"
98,60,0.6,bot4,success,54,3370635454467796860,2655998733754104320,"(24, 35)","(59, 18)","(9, 50)"
98,60,0.7,bot1,success,54,3370635454467796860,2655998733754104320,"(24, 35)","(59, 18)","(9, 50)"
98,60,0.7,bot2,success,54,3370635454467796860,2655998733754104320,"(24, 35)","(59, 18)","(9, 50)"
98,60,0.7,bot3,success,54,3370635454467796860,2655998733754104320,"(24, 35)","(59, 18)","(9, 50)"
98,60,0.7,bot4,success,54,3370635454467796860,2655998733754104320,"(24, 35)","(59, 18)","(9, 50)"
98,60,0.8,bot1,success,54,3370635454467796860,2655998733754104320,"(24, 35)","(59, 18)","(9, 50)"
98,60,0.8,bot2,success,54,3370635454467796860,2655998733754104320,"(24, 35)","(59, 18)","(9, 50)"
98,60,0.8,bot3,success,54,3370635454467796860,2655998733754104320,"(24, 35)","(59, 18)","(9, 50)"
98,60,0.8,bot4,success,54,3370635454467796860,2655998733754104320,"(24, 35)","(59, 18)","(9, 50)"
98,60,0.9,bot1,success,54,3370635454467796860,2655998733754104320,"(24, 35)","(59, 18)","(9, 50)"
98,60,0.9,bot2,success,54,3370635454467796860,2655998733754104320,"(24, 35)","(59, 18)","(9, 50)"
98,60,0.9,bot3,success,54,3370635454467796860,2655998733754104320,"(24, 35)","(59, 18)","(9, 50)"
98,60,0.9,bot4,success,54,3370635454467796860,2655998733754104320,"(24, 35)","(59, 18)","(9, 50)"
98,60,1.0,bot1,success,54,3370635454467796860,2655998733754104320,"(24, 35)","(59, 18)","(9, 50)"
98,60,1.0,bot2,success,54,3370635454467796860,2655998733754104320,"(24, 35)","(59, 18)","(9, 50)"
98,60,1.0,bot3,success,54,3370635454467796860,2655998733754104320,"(24, 35)","(59, 18)","(9, 50)"
98,60,1.0,bot4,success,54,3370635454467796860,2655998733754104320,"(24, 35)","(59, 18)","(9, 50)"
99,60,0.0,bot1,success,70,17845368659638226843,18275217375429086178,"(4, 55)","(41, 26)","(40, 56)"
99,60,0.0,bot2,success,70,17845368659638226843,18275217375429086178,"(4, 55)","(41, 26)","(40, 56)"
99,60,0.0,bot3,success,70,17845368659638226843,18275217375429086178,"(4, 55)","(41, 26)","(40, 56)"
99,60,0.0,bot4,success,70,17845368659638226843,18275217375429086178,"(4, 55)","(41, 26)","(40, 56)"
99,60,0.1,bot1,success,70,17845368659638226843,18275217375429086178,"(4, 55)","(41, 26)","(40, 56)"
99,60,0.1,bot2,success,70,17845368659638226843,18275217375429086178,"(4, 55)","(41, 26)","(40, 56)"
99,60,0.1,bot3,success,70,17845368659638226843,18275217375429086178,"(4, 55)","(41, 26)","(40, 56)"
99,60,0.1,bot4,success,70,17845368659638226843,18275217375429086178,"(4, 55)","(41, 26)","(40, 56)"
99,60,0.2,bot1,success,70,17845368659638226843,18275217375429086178,"(4, 55)","(41, 26)","(40, 56)"
99,60,0.2,bot2,success,70,17845368659638226843,18275217375429086178,"(4, 55)","(41, 26)","(40, 56)"
99,60,0.2,bot3,success,70,17845368659638226843,18275217375429086178,"(4, 55)","(41, 26)","(40, 56)"
99,60,0.2,bot4,success,70,17845368659638226843,18275217375429086178,"(4, 55)","(41, 26)","(40, 56)"
99,60,0.3,bot1,success,70,17845368659638226843,18275217375429086178,"(4, 55)","(41, 26)","(40, 56)"
99,60,0.3,bot2,success,70,17845368659638226843,18275217375429086178,"(4, 55)","(41, 26)","(40, 56)"
99,60,0.3,bot3,success,70,17845368659638226843,18275217375429086178,"(4, 55)","(41, 26)","(40, 56)"
99,60,0.3,bot4,success,70,17845368659638226843,18275217375429086178,"(4, 55)","(41, 26)","(40, 56)"
99,60,0.4,bot1,success,70,17845368659638226843,18275217375429086178,"(4, 55)","(41, 26)","(40, 56)"
99,60,0.4,bot2,success,70,17845368659638226843,18275217375429086178,"(4, 55)","(41, 26)","(40, 56)"
99,60,0.4,bot3,success,70,17845368659638226843,18275217375429086178,"(4, 55)","(41, 26)","(40, 56)"
99,60,0.4,bot4,success,70,17845368659638226843,18275217375429086178,"(4, 55)","(41, 26)","(40, 56)"
99,60,0.5,bot1,burned,70,17845368659638226843,18275217375429086178,"(4, 55)","(41, 26)","(40, 56)"
99,60,0.5,bot2,burned,71,17845368659638226843,18275217375429086178,"(4, 55)","(41, 26)","(40, 56)"
99,60,0.5,bot3,burned,71,17845368659638226843,18275217375429086178,"(4, 55)","(41, 26)","(40, 56)"
99,60,0.5,bot4,burned,71,17845368659638226843,18275217375429086178,"(4, 55)","(41, 26)","(40, 56)"
99,60,0.6,bot1,burned,67,17845368659638226843,18275217375429086178,"(4, 55)","(41, 26)","(40, 56)"
99,60,0.6,bot2,burned,78,17845368659638226843,18275217375429086178,"(4, 55)","(41, 26)","(40, 56)"
99,60,0.6,bot3,burned,78,17845368659638226843,18275217375429086178,"(4, 55)","(41, 26)","(40, 56)"
99,60,0.6,bot4,burned,78,17845368659638226843,18275217375429086178,"(4, 55)","(41, 26)","(40, 56)"
99,60,0.7,bot1,burned,60,17845368659638226843,18275217375429086178,"(4, 55)","(41, 26)","(40, 56)"
99,60,0.7,bot2,burned,64,17845368659638226843,18275217375429086178,"(4, 55)","(41, 26)","(40, 56)"
99,60,0.7,bot3,burned,64,17845368659638226843,18275217375429086178,"(4, 55)","(41, 26)","(40, 56)"
99,60,0.7,bot4,burned,64,17845368659638226843,18275217375429086178,"(4, 55)","(41, 26)","(40, 56)"
99,60,0.8,bot1,burned,56,17845368659638226843,18275217375429086178,"(4, 55)","(41, 26)","(40, 56)"
99,60,0.8,bot2,burned,60,17845368659638226843,18275217375429086178,"(4, 55)","(41, 26)","(40, 56)"
99,60,0.8,bot3,burned,60,17845368659638226843,18275217375429086178,"(4, 55)","(41, 26)","(40, 56)"
99,60,0.8,bot4,burned,60,17845368659638226843,18275217375429086178,"(4, 55)","(41, 26)","(40, 56)"
99,60,0.9,bot1,burned,53,17845368659638226843,18275217375429086178,"(4, 55)","(41, 26)","(40, 56)"
99,60,0.9,bot2,burned,48,17845368659638226843,18275217375429086178,"(4, 55)","(41, 26)","(40, 56)"
99,60,0.9,bot3,burned,48,17845368659638226843,18275217375429086178,"(4, 55)","(41, 26)","(40, 56)"
99,60,0.9,bot4,burned,48,17845368659638226843,18275217375429086178,"(4, 55)","(41, 26)","(40, 56)"
99,60,1.0,bot1,burned,52,17845368659638226843,18275217375429086178,"(4, 55)","(41, 26)","(40, 56)"
99,60,1.0,bot2,burned,44,17845368659638226843,18275217375429086178,"(4, 55)","(41, 26)","(40, 56)"
99,60,1.0,bot3,burned,44,17845368659638226843,18275217375429086178,"(4, 55)","(41, 26)","(40, 56)"
99,60,1.0,bot4,burned,44,17845368659638226843,18275217375429086178,"(4, 55)","(41, 26)","(40, 56)"
