trial,size,q,bot,outcome,steps,ship_seed,fire_seed,start,button,fire_start
0,60,0.3,bot1,success,80,10365246100918799151,14519734121765848066,"(9, 47)","(59, 59)","(52, 6)"
0,60,0.3,bot2,success,80,10365246100918799151,14519734121765848066,"(9, 47)","(59, 59)","(52, 6)"
0,60,0.3,bot3,success,80,10365246100918799151,14519734121765848066,"(9, 47)","(59, 59)","(52, 6)"
0,60,0.3,bot4,success,80,10365246100918799151,14519734121765848066,"(9, 47)","(59, 59)","(52, 6)"
0,60,0.4,bot1,success,80,10365246100918799151,14519734121765848066,"(9, 47)","(59, 59)","(52, 6)"
0,60,0.4,bot2,success,80,10365246100918799151,14519734121765848066,"(9, 47)","(59, 59)","(52, 6)"
0,60,0.4,bot3,success,80,10365246100918799151,14519734121765848066,"(9, 47)","(59, 59)","(52, 6)"
0,60,0.4,bot4,success,80,10365246100918799151,14519734121765848066,"(9, 47)","(59, 59)","(52, 6)"
0,60,0.5,bot1,success,80,10365246100918799151,14519734121765848066,"(9, 47)","(59, 59)","(52, 6)"
0,60,0.5,bot2,success,80,10365246100918799151,14519734121765848066,"(9, 47)","(59, 59)","(52, 6)"
0,60,0.5,bot3,success,80,10365246100918799151,14519734121765848066,"(9, 47)","(59, 59)","(52, 6)"
0,60,0.5,bot4,success,80,10365246100918799151,14519734121765848066,"(9, 47)","(59, 59)","(52, 6)"
1,60,0.3,bot1,success,38,14347135533179682544,7587015500779514376,"(44, 29)","(57, 44)","(27, 7)"
1,60,0.3,bot2,success,38,14347135533179682544,7587015500779514376,"(44, 29)","(57, 44)","(27, 7)"
1,60,0.3,bot3,success,38,14347135533179682544,7587015500779514376,"(44, 29)","(57, 44)","(27, 7)"
1,60,0.3,bot4,success,38,14347135533179682544,7587015500779514376,"(44, 29)","(57, 44)","(27, 7)"
1,60,0.4,bot1,success,38,14347135533179682544,7587015500779514376,"(44, 29)","(57, 44)","(27, 7)"
1,60,0.4,bot2,success,38,14347135533179682544,7587015500779514376,"(44, 29)","(57, 44)","(27, 7)"
1,60,0.4,bot3,success,38,14347135533179682544,7587015500779514376,"(44, 29)","(57, 44)","(27, 7)"
1,60,0.4,bot4,success,38,14347135533179682544,7587015500779514376,"(44, 29)","(57, 44)","(27, 7)"
1,60,0.5,bot1,success,38,14347135533179682544,7587015500779514376,"(44, 29)","(57, 44)","(27, 7)"
1,60,0.5,bot2,success,38,14347135533179682544,7587015500779514376,"(44, 29)","(57, 44)","(27, 7)"
1,60,0.5,bot3,success,38,14347135533179682544,7587015500779514376,"(44, 29)","(57, 44)","(27, 7)"
1,60,0.5,bot4,success,38,14347135533179682544,7587015500779514376,"(44, 29)","(57, 44)","(27, 7)"
2,60,0.3,bot1,success,44,15567641385433113937,8257968835679492030,"(22, 7)","(45, 20)","(14, 42)"
2,60,0.3,bot2,success,44,15567641385433113937,8257968835679492030,"(22, 7)","(45, 20)","(14, 42)"
2,60,0.3,bot3,success,44,15567641385433113937,8257968835679492030,"(22, 7)","(45, 20)","(14, 42)"
2,60,0.3,bot4,success,44,15567641385433113937,8257968835679492030,"(22, 7)","(45, 20)","(14, 42)"
2,60,0.4,bot1,success,44,15567641385433113937,8257968835679492030,"(22, 7)","(45, 20)","(14, 42)"
2,60,0.4,bot2,success,44,15567641385433113937,8257968835679492030,"(22, 7)","(45, 20)","(14, 42)"
2,60,0.4,bot3,success,44,15567641385433113937,8257968835679492030,"(22, 7)","(45, 20)","(14, 42)"
2,60,0.4,bot4,success,44,15567641385433113937,8257968835679492030,"(22, 7)","(45, 20)","(14, 42)"
2,60,0.5,bot1,success,44,15567641385433113937,8257968835679492030,"(22, 7)","(45, 20)","(14, 42)"
2,60,0.5,bot2,success,44,15567641385433113937,8257968835679492030,"(22, 7)","(45, 20)","(14, 42)"
2,60,0.5,bot3,success,44,15567641385433113937,8257968835679492030,"(22, 7)","(45, 20)","(14, 42)"
2,60,0.5,bot4,success,44,15567641385433113937,8257968835679492030,"(22, 7)","(45, 20)","(14, 42)"
3,60,0.3,bot1,success,50,14850825031136321797,18146482324751314479,"(4, 35)","(26, 15)","(0, 33)"
3,60,0.3,bot2,success,50,14850825031136321797,18146482324751314479,"(4, 35)","(26, 15)","(0, 33)"
3,60,0.3,bot3,success,50,14850825031136321797,18146482324751314479,"(4, 35)","(26, 15)","(0, 33)"
3,60,0.3,bot4,success,50,14850825031136321797,18146482324751314479,"(4, 35)","(26, 15)","(0, 33)"
3,60,0.4,bot1,success,50,14850825031136321797,18146482324751314479,"(4, 35)","(26, 15)","(0, 33)"
3,60,0.4,bot2,success,50,14850825031136321797,18146482324751314479,"(4, 35)","(26, 15)","(0, 33)"
3,60,0.4,bot3,success,50,14850825031136321797,18146482324751314479,"(4, 35)","(26, 15)","(0, 33)"
3,60,0.4,bot4,success,50,14850825031136321797,18146482324751314479,"(4, 35)","(26, 15)","(0, 33)"
3,60,0.5,bot1,success,50,14850825031136321797,18146482324751314479,"(4, 35)","(26, 15)","(0, 33)"
3,60,0.5,bot2,success,50,14850825031136321797,18146482324751314479,"(4, 35)","(26, 15)","(0, 33)"
3,60,0.5,bot3,success,50,14850825031136321797,18146482324751314479,"(4, 35)","(26, 15)","(0, 33)"
3,60,0.5,bot4,success,50,14850825031136321797,18146482324751314479,"(4, 35)","(26, 15)","(0, 33)"
4,60,0.3,bot1,burned,44,5667158397531066410,4221035995066874681,"(43, 25)","(22, 57)","(10, 47)"
4,60,0.3,bot2,burned,59,5667158397531066410,4221035995066874681,"(43, 25)","(22, 57)","(10, 47)"
4,60,0.3,bot3,burned,59,5667158397531066410,4221035995066874681,"(43, 25)","(22, 57)","(10, 47)"
4,60,0.3,bot4,success,55,5667158397531066410,4221035995066874681,"(43, 25)","(22, 57)","(10, 47)"
4,60,0.4,bot1,burned,41,5667158397531066410,4221035995066874681,"(43, 25)","(22, 57)","(10, 47)"
4,60,0.4,bot2,burned,50,5667158397531066410,4221035995066874681,"(43, 25)","(22, 57)","(10, 47)"
4,60,0.4,bot3,burned,50,5667158397531066410,4221035995066874681,"(43, 25)","(22, 57)","(10, 47)"
4,60,0.4,bot4,burned,76,5667158397531066410,4221035995066874681,"(43, 25)","(22, 57)","(10, 47)"
4,60,0.5,bot1,burned,41,5667158397531066410,4221035995066874681,"(43, 25)","(22, 57)","(10, 47)"
4,60,0.5,bot2,burned,51,5667158397531066410,4221035995066874681,"(43, 25)","(22, 57)","(10, 47)"
4,60,0.5,bot3,burned,51,5667158397531066410,4221035995066874681,"(43, 25)","(22, 57)","(10, 47)"
4,60,0.5,bot4,burned,51,5667158397531066410,4221035995066874681,"(43, 25)","(22, 57)","(10, 47)"
5,60,0.3,bot1,success,4,1700435530673552536,16039102850557633387,"(6, 43)","(7, 46)","(44, 23)"
5,60,0.3,bot2,success,4,1700435530673552536,16039102850557633387,"(6, 43)","(7, 46)","(44, 23)"
5,60,0.3,bot3,success,4,1700435530673552536,16039102850557633387,"(6, 43)","(7, 46)","(44, 23)"
5,60,0.3,bot4,success,4,1700435530673552536,16039102850557633387,"(6, 43)","(7, 46)","(44, 23)"
5,60,0.4,bot1,success,4,1700435530673552536,16039102850557633387,"(6, 43)","(7, 46)","(44, 23)"
5,60,0.4,bot2,success,4,1700435530673552536,16039102850557633387,"(6, 43)","(7, 46)","(44, 23)"
5,60,0.4,bot3,success,4,1700435530673552536,16039102850557633387,"(6, 43)","(7, 46)","(44, 23)"
5,60,0.4,bot4,success,4,1700435530673552536,16039102850557633387,"(6, 43)","(7, 46)","(44, 23)"
5,60,0.5,bot1,success,4,1700435530673552536,16039102850557633387,"(6, 43)","(7, 46)","(44, 23)"
5,60,0.5,bot2,success,4,1700435530673552536,16039102850557633387,"(6, 43)","(7, 46)","(44, 23)"
5,60,0.5,bot3,success,4,1700435530673552536,16039102850557633387,"(6, 43)","(7, 46)","(44, 23)"
5,60,0.5,bot4,success,4,1700435530673552536,16039102850557633387,"(6, 43)","(7, 46)","(44, 23)"
6,60,0.3,bot1,burned,45,10476372747105220766,9850331906506221639,"(2, 39)","(6, 7)","(6, 9)"
6,60,0.3,bot2,burned,75,10476372747105220766,9850331906506221639,"(2, 39)","(6, 7)","(6, 9)"
6,60,0.3,bot3,burned,75,10476372747105220766,9850331906506221639,"(2, 39)","(6, 7)","(6, 9)"
6,60,0.3,bot4,burned,75,10476372747105220766,9850331906506221639,"(2, 39)","(6, 7)","(6, 9)"
6,60,0.4,bot1,burned,31,10476372747105220766,9850331906506221639,"(2, 39)","(6, 7)","(6, 9)"
6,60,0.4,bot2,burned,69,10476372747105220766,9850331906506221639,"(2, 39)","(6, 7)","(6, 9)"
6,60,0.4,bot3,burned,69,10476372747105220766,9850331906506221639,"(2, 39)","(6, 7)","(6, 9)"
6,60,0.4,bot4,burned,69,10476372747105220766,9850331906506221639,"(2, 39)","(6, 7)","(6, 9)"
6,60,0.5,bot1,burned,33,10476372747105220766,9850331906506221639,"(2, 39)","(6, 7)","(6, 9)"
6,60,0.5,bot2,burned,67,10476372747105220766,9850331906506221639,"(2, 39)","(6, 7)","(6, 9)"
6,60,0.5,bot3,burned,67,10476372747105220766,9850331906506221639,"(2, 39)","(6, 7)","(6, 9)"
6,60,0.5,bot4,burned,67,10476372747105220766,9850331906506221639,"(2, 39)","(6, 7)","(6, 9)"
7,60,0.3,bot1,success,70,4202833543465954045,2352898528741471730,"(58, 8)","(33, 43)","(7, 31)"
7,60,0.3,bot2,success,70,4202833543465954045,2352898528741471730,"(58, 8)","(33, 43)","(7, 31)"
7,60,0.3,bot3,success,70,4202833543465954045,2352898528741471730,"(58, 8)","(33, 43)","(7, 31)"
7,60,0.3,bot4,success,70,4202833543465954045,2352898528741471730,"(58, 8)","(33, 43)","(7, 31)"
7,60,0.4,bot1,success,70,4202833543465954045,2352898528741471730,"(58, 8)","(33, 43)","(7, 31)"
7,60,0.4,bot2,success,70,4202833543465954045,2352898528741471730,"(58, 8)","(33, 43)","(7, 31)"
7,60,0.4,bot3,success,70,4202833543465954045,2352898528741471730,"(58, 8)","(33, 43)","(7, 31)"
7,60,0.4,bot4,success,70,4202833543465954045,2352898528741471730,"(58, 8)","(33, 43)","(7, 31)"
7,60,0.5,bot1,success,70,4202833543465954045,2352898528741471730,"(58, 8)","(33, 43)","(7, 31)"
7,60,0.5,bot2,success,70,4202833543465954045,2352898528741471730,"(58, 8)","(33, 43)","(7, 31)"
7,60,0.5,bot3,success,70,4202833543465954045,2352898528741471730,"(58, 8)","(33, 43)","(7, 31)"
7,60,0.5,bot4,success,70,4202833543465954045,2352898528741471730,"(58, 8)","(33, 43)","(7, 31)"
8,60,0.3,bot1,success,40,5367596288046729735,6036834778005673139,"(42, 24)","(50, 50)","(3, 6)"
8,60,0.3,bot2,success,40,5367596288046729735,6036834778005673139,"(42, 24)","(50, 50)","(3, 6)"
8,60,0.3,bot3,success,40,5367596288046729735,6036834778005673139,"(42, 24)","(50, 50)","(3, 6)"
8,60,0.3,bot4,success,40,5367596288046729735,6036834778005673139,"(42, 24)","(50, 50)","(3, 6)"
8,60,0.4,bot1,success,40,5367596288046729735,6036834778005673139,"(42, 24)","(50, 50)","(3, 6)"
8,60,0.4,bot2,success,40,5367596288046729735,6036834778005673139,"(42, 24)","(50, 50)","(3, 6)"
8,60,0.4,bot3,success,40,5367596288046729735,6036834778005673139,"(42, 24)","(50, 50)","(3, 6)"
8,60,0.4,bot4,success,40,5367596288046729735,6036834778005673139,"(42, 24)","(50, 50)","(3, 6)"
8,60,0.5,bot1,success,40,5367596288046729735,6036834778005673139,"(42, 24)","(50, 50)","(3, 6)"
8,60,0.5,bot2,success,40,5367596288046729735,6036834778005673139,"(42, 24)","(50, 50)","(3, 6)"
8,60,0.5,bot3,success,40,5367596288046729735,6036834778005673139,"(42, 24)","(50, 50)","(3, 6)"
8,60,0.5,bot4,success,40,5367596288046729735,6036834778005673139,"(42, 24)","(50, 50)","(3, 6)"
9,60,0.3,bot1,success,34,4429940972009823765,2082016796811600161,"(44, 27)","(29, 42)","(40, 25)"
9,60,0.3,bot2,success,34,4429940972009823765,2082016796811600161,"(44, 27)","(29, 42)","(40, 25)"
9,60,0.3,bot3,success,34,4429940972009823765,2082016796811600161,"(44, 27)","(29, 42)","(40, 25)"
9,60,0.3,bot4,success,36,4429940972009823765,2082016796811600161,"(44, 27)","(29, 42)","(40, 25)"
9,60,0.4,bot1,success,34,4429940972009823765,2082016796811600161,"(44, 27)","(29, 42)","(40, 25)"
9,60,0.4,bot2,success,34,4429940972009823765,2082016796811600161,"(44, 27)","(29, 42)","(40, 25)"
9,60,0.4,bot3,success,34,4429940972009823765,2082016796811600161,"(44, 27)","(29, 42)","(40, 25)"
9,60,0.4,bot4,success,36,4429940972009823765,2082016796811600161,"(44, 27)","(29, 42)","(40, 25)"
9,60,0.5,bot1,burned,8,4429940972009823765,2082016796811600161,"(44, 27)","(29, 42)","(40, 25)"
9,60,0.5,bot2,success,36,4429940972009823765,2082016796811600161,"(44, 27)","(29, 42)","(40, 25)"
9,60,0.5,bot3,success,34,4429940972009823765,2082016796811600161,"(44, 27)","(29, 42)","(40, 25)"
9,60,0.5,bot4,success,34,4429940972009823765,2082016796811600161,"(44, 27)","(29, 42)","(40, 25)"
10,60,0.3,bot1,success,26,1869184818922152062,15171740154097094495,"(29, 34)","(41, 24)","(50, 50)"
10,60,0.3,bot2,success,26,1869184818922152062,15171740154097094495,"(29, 34)","(41, 24)","(50, 50)"
10,60,0.3,bot3,success,26,1869184818922152062,15171740154097094495,"(29, 34)","(41, 24)","(50, 50)"
10,60,0.3,bot4,success,26,1869184818922152062,15171740154097094495,"(29, 34)","(41, 24)","(50, 50)"
10,60,0.4,bot1,success,26,1869184818922152062,15171740154097094495,"(29, 34)","(41, 24)","(50, 50)"
10,60,0.4,bot2,success,26,1869184818922152062,15171740154097094495,"(29, 34)","(41, 24)","(50, 50)"
10,60,0.4,bot3,success,26,1869184818922152062,15171740154097094495,"(29, 34)","(41, 24)","(50, 50)"
10,60,0.4,bot4,success,26,1869184818922152062,15171740154097094495,"(29, 34)","(41, 24)","(50, 50)"
10,60,0.5,bot1,success,26,1869184818922152062,15171740154097094495,"(29, 34)","(41, 24)","(50, 50)"
10,60,0.5,bot2,success,26,1869184818922152062,15171740154097094495,"(29, 34)","(41, 24)","(50, 50)"
10,60,0.5,bot3,success,26,1869184818922152062,15171740154097094495,"(29, 34)","(41, 24)","(50, 50)"
10,60,0.5,bot4,success,26,1869184818922152062,15171740154097094495,"(29, 34)","(41, 24)","(50, 50)"
11,60,0.3,bot1,success,73,5892813151319598084,5680186870734199300,"(46, 2)","(19, 46)","(13, 4)"
11,60,0.3,bot2,success,73,5892813151319598084,5680186870734199300,"(46, 2)","(19, 46)","(13, 4)"
11,60,0.3,bot3,success,73,5892813151319598084,5680186870734199300,"(46, 2)","(19, 46)","(13, 4)"
11,60,0.3,bot4,success,73,5892813151319598084,5680186870734199300,"(46, 2)","(19, 46)","(13, 4)"
11,60,0.4,bot1,success,73,5892813151319598084,5680186870734199300,"(46, 2)","(19, 46)","(13, 4)"
11,60,0.4,bot2,success,73,5892813151319598084,5680186870734199300,"(46, 2)","(19, 46)","(13, 4)"
11,60,0.4,bot3,success,73,5892813151319598084,5680186870734199300,"(46, 2)","(19, 46)","(13, 4)"
11,60,0.4,bot4,success,73,5892813151319598084,5680186870734199300,"(46, 2)","(19, 46)","(13, 4)"
11,60,0.5,bot1,success,73,5892813151319598084,5680186870734199300,"(46, 2)","(19, 46)","(13, 4)"
11,60,0.5,bot2,success,73,5892813151319598084,5680186870734199300,"(46, 2)","(19, 46)","(13, 4)"
11,60,0.5,bot3,success,73,5892813151319598084,5680186870734199300,"(46, 2)","(19, 46)","(13, 4)"
11,60,0.5,bot4,success,73,5892813151319598084,5680186870734199300,"(46, 2)","(19, 46)","(13, 4)"
12,60,0.3,bot1,success,36,13169838651058725248,11970180045625434365,"(7, 32)","(27, 18)","(10, 52)"
12,60,0.3,bot2,success,36,13169838651058725248,11970180045625434365,"(7, 32)","(27, 18)","(10, 52)"
12,60,0.3,bot3,success,36,13169838651058725248,11970180045625434365,"(7, 32)","(27, 18)","(10, 52)"
12,60,0.3,bot4,success,36,13169838651058725248,11970180045625434365,"(7, 32)","(27, 18)","(10, 52)"
12,60,0.4,bot1,success,36,13169838651058725248,11970180045625434365,"(7, 32)","(27, 18)","(10, 52)"
12,60,0.4,bot2,success,36,13169838651058725248,11970180045625434365,"(7, 32)","(27, 18)","(10, 52)"
12,60,0.4,bot3,success,36,13169838651058725248,11970180045625434365,"(7, 32)","(27, 18)","(10, 52)"
12,60,0.4,bot4,success,36,13169838651058725248,11970180045625434365,"(7, 32)","(27, 18)","(10, 52)"
12,60,0.5,bot1,success,36,13169838651058725248,11970180045625434365,"(7, 32)","(27, 18)","(10, 52)"
12,60,0.5,bot2,success,36,13169838651058725248,11970180045625434365,"(7, 32)","(27, 18)","(10, 52)"
12,60,0.5,bot3,success,36,13169838651058725248,11970180045625434365,"(7, 32)","(27, 18)","(10, 52)"
12,60,0.5,bot4,success,36,13169838651058725248,11970180045625434365,"(7, 32)","(27, 18)","(10, 52)"
13,60,0.3,bot1,success,80,13041392661529628635,15278396220473763938,"(51, 48)","(7, 24)","(30, 48)"
13,60,0.3,bot2,success,80,13041392661529628635,15278396220473763938,"(51, 48)","(7, 24)","(30, 48)"
13,60,0.3,bot3,success,80,13041392661529628635,15278396220473763938,"(51, 48)","(7, 24)","(30, 48)"
13,60,0.3,bot4,success,80,13041392661529628635,15278396220473763938,"(51, 48)","(7, 24)","(30, 48)"
13,60,0.4,bot1,success,80,13041392661529628635,15278396220473763938,"(51, 48)","(7, 24)","(30, 48)"
13,60,0.4,bot2,success,80,13041392661529628635,15278396220473763938,"(51, 48)","(7, 24)","(30, 48)"
13,60,0.4,bot3,success,80,13041392661529628635,15278396220473763938,"(51, 48)","(7, 24)","(30, 48)"
13,60,0.4,bot4,success,80,13041392661529628635,15278396220473763938,"(51, 48)","(7, 24)","(30, 48)"
13,60,0.5,bot1,burned,71,13041392661529628635,15278396220473763938,"(51, 48)","(7, 24)","(30, 48)"
13,60,0.5,bot2,burned,81,13041392661529628635,15278396220473763938,"(51, 48)","(7, 24)","(30, 48)"
13,60,0.5,bot3,burned,81,13041392661529628635,15278396220473763938,"(51, 48)","(7, 24)","(30, 48)"
13,60,0.5,bot4,burned,81,13041392661529628635,15278396220473763938,"(51, 48)","(7, 24)","(30, 48)"
14,60,0.3,bot1,success,46,12297791248929988709,2910622104803062999,"(30, 21)","(55, 2)","(24, 3)"
14,60,0.3,bot2,success,46,12297791248929988709,2910622104803062999,"(30, 21)","(55, 2)","(24, 3)"
14,60,0.3,bot3,success,46,12297791248929988709,2910622104803062999,"(30, 21)","(55, 2)","(24, 3)"
14,60,0.3,bot4,success,46,12297791248929988709,2910622104803062999,"(30, 21)","(55, 2)","(24, 3)"
14,60,0.4,bot1,success,46,12297791248929988709,2910622104803062999,"(30, 21)","(55, 2)","(24, 3)"
14,60,0.4,bot2,success,46,12297791248929988709,2910622104803062999,"(30, 21)","(55, 2)","(24, 3)"
14,60,0.4,bot3,success,46,12297791248929988709,2910622104803062999,"(30, 21)","(55, 2)","(24, 3)"
14,60,0.4,bot4,success,46,12297791248929988709,2910622104803062999,"(30, 21)","(55, 2)","(24, 3)"
14,60,0.5,bot1,success,46,12297791248929988709,2910622104803062999,"(30, 21)","(55, 2)","(24, 3)"
14,60,0.5,bot2,success,46,12297791248929988709,2910622104803062999,"(30, 21)","(55, 2)","(24, 3)"
14,60,0.5,bot3,success,46,12297791248929988709,2910622104803062999,"(30, 21)","(55, 2)","(24, 3)"
14,60,0.5,bot4,success,46,12297791248929988709,2910622104803062999,"(30, 21)","(55, 2)","(24, 3)"
15,60,0.3,bot1,success,23,9678744694265807916,3050833727274155078,"(49, 36)","(37, 39)","(41, 4)"
15,60,0.3,bot2,success,23,9678744694265807916,3050833727274155078,"(49, 36)","(37, 39)","(41, 4)"
15,60,0.3,bot3,success,23,9678744694265807916,3050833727274155078,"(49, 36)","(37, 39)","(41, 4)"
15,60,0.3,bot4,success,23,9678744694265807916,3050833727274155078,"(49, 36)","(37, 39)","(41, 4)"
15,60,0.4,bot1,success,23,9678744694265807916,3050833727274155078,"(49, 36)","(37, 39)","(41, 4)"
15,60,0.4,bot2,success,23,9678744694265807916,3050833727274155078,"(49, 36)","(37, 39)","(41, 4)"
15,60,0.4,bot3,success,23,9678744694265807916,3050833727274155078,"(49, 36)","(37, 39)","(41, 4)"
15,60,0.4,bot4,success,23,9678744694265807916,3050833727274155078,"(49, 36)","(37, 39)","(41, 4)"
15,60,0.5,bot1,success,23,9678744694265807916,3050833727274155078,"(49, 36)","(37, 39)","(41, 4)"
15,60,0.5,bot2,success,23,9678744694265807916,3050833727274155078,"(49, 36)","(37, 39)","(41, 4)"
15,60,0.5,bot3,success,23,9678744694265807916,3050833727274155078,"(49, 36)","(37, 39)","(41, 4)"
15,60,0.5,bot4,success,23,9678744694265807916,3050833727274155078,"(49, 36)","(37, 39)","(41, 4)"
16,60,0.3,bot1,success,51,4926158235259903917,16158900550955105030,"(41, 38)","(15, 45)","(39, 18)"
16,60,0.3,bot2,success,51,4926158235259903917,16158900550955105030,"(41, 38)","(15, 45)","(39, 18)"
16,60,0.3,bot3,success,51,4926158235259903917,16158900550955105030,"(41, 38)","(15, 45)","(39, 18)"
16,60,0.3,bot4,success,51,4926158235259903917,16158900550955105030,"(41, 38)","(15, 45)","(39, 18)"
16,60,0.4,bot1,success,51,4926158235259903917,16158900550955105030,"(41, 38)","(15, 45)","(39, 18)"
16,60,0.4,bot2,success,51,4926158235259903917,16158900550955105030,"(41, 38)","(15, 45)","(39, 18)"
16,60,0.4,bot3,success,51,4926158235259903917,16158900550955105030,"(41, 38)","(15, 45)","(39, 18)"
16,60,0.4,bot4,success,51,4926158235259903917,16158900550955105030,"(41, 38)","(15, 45)","(39, 18)"
16,60,0.5,bot1,success,51,4926158235259903917,16158900550955105030,"(41, 38)","(15, 45)","(39, 18)"
16,60,0.5,bot2,success,51,4926158235259903917,16158900550955105030,"(41, 38)","(15, 45)","(39, 18)"
16,60,0.5,bot3,success,51,4926158235259903917,16158900550955105030,"(41, 38)","(15, 45)","(39, 18)"
16,60,0.5,bot4,success,51,4926158235259903917,16158900550955105030,"(41, 38)","(15, 45)","(39, 18)"
17,60,0.3,bot1,burned,50,2996293060233986362,1806199308728445632,"(48, 35)","(26, 10)","(35, 13)"
17,60,0.3,bot2,burned,103,2996293060233986362,1806199308728445632,"(48, 35)","(26, 10)","(35, 13)"
17,60,0.3,bot3,burned,103,2996293060233986362,1806199308728445632,"(48, 35)","(26, 10)","(35, 13)"
17,60,0.3,bot4,burned,77,2996293060233986362,1806199308728445632,"(48, 35)","(26, 10)","(35, 13)"
17,60,0.4,bot1,burned,45,2996293060233986362,1806199308728445632,"(48, 35)","(26, 10)","(35, 13)"
17,60,0.4,bot2,burned,81,2996293060233986362,1806199308728445632,"(48, 35)","(26, 10)","(35, 13)"
17,60,0.4,bot3,burned,81,2996293060233986362,1806199308728445632,"(48, 35)","(26, 10)","(35, 13)"
17,60,0.4,bot4,burned,81,2996293060233986362,1806199308728445632,"(48, 35)","(26, 10)","(35, 13)"
17,60,0.5,bot1,burned,48,2996293060233986362,1806199308728445632,"(48, 35)","(26, 10)","(35, 13)"
17,60,0.5,bot2,burned,74,2996293060233986362,1806199308728445632,"(48, 35)","(26, 10)","(35, 13)"
17,60,0.5,bot3,burned,74,2996293060233986362,1806199308728445632,"(48, 35)","(26, 10)","(35, 13)"
17,60,0.5,bot4,burned,74,2996293060233986362,1806199308728445632,"(48, 35)","(26, 10)","(35, 13)"
18,60,0.3,bot1,success,5,16455339843357452756,5501961491003581229,"(53, 28)","(54, 24)","(50, 40)"
18,60,0.3,bot2,success,5,16455339843357452756,5501961491003581229,"(53, 28)","(54, 24)","(50, 40)"
18,60,0.3,bot3,success,5,16455339843357452756,5501961491003581229,"(53, 28)","(54, 24)","(50, 40)"
18,60,0.3,bot4,success,5,16455339843357452756,5501961491003581229,"(53, 28)","(54, 24)","(50, 40)"
18,60,0.4,bot1,success,5,16455339843357452756,5501961491003581229,"(53, 28)","(54, 24)","(50, 40)"
18,60,0.4,bot2,success,5,16455339843357452756,5501961491003581229,"(53, 28)","(54, 24)","(50, 40)"
18,60,0.4,bot3,success,5,16455339843357452756,5501961491003581229,"(53, 28)","(54, 24)","(50, 40)"
18,60,0.4,bot4,success,5,16455339843357452756,5501961491003581229,"(53, 28)","(54, 24)","(50, 40)"
18,60,0.5,bot1,success,5,16455339843357452756,5501961491003581229,"(53, 28)","(54, 24)","(50, 40)"
18,60,0.5,bot2,success,5,16455339843357452756,5501961491003581229,"(53, 28)","(54, 24)","(50, 40)"
18,60,0.5,bot3,success,5,16455339843357452756,5501961491003581229,"(53, 28)","(54, 24)","(50, 40)"
18,60,0.5,bot4,success,5,16455339843357452756,5501961491003581229,"(53, 28)","(54, 24)","(50, 40)"
19,60,0.3,bot1,success,44,14726219981181889947,11089336913805027431,"(39, 30)","(57, 52)","(5, 32)"
19,60,0.3,bot2,success,44,14726219981181889947,11089336913805027431,"(39, 30)","(57, 52)","(5, 32)"
19,60,0.3,bot3,success,44,14726219981181889947,11089336913805027431,"(39, 30)","(57, 52)","(5, 32)"
19,60,0.3,bot4,success,44,14726219981181889947,11089336913805027431,"(39, 30)","(57, 52)","(5, 32)"
19,60,0.4,bot1,success,44,14726219981181889947,11089336913805027431,"(39, 30)","(57, 52)","(5, 32)"
19,60,0.4,bot2,success,44,14726219981181889947,11089336913805027431,"(39, 30)","(57, 52)","(5, 32)"
19,60,0.4,bot3,success,44,14726219981181889947,11089336913805027431,"(39, 30)","(57, 52)","(5, 32)"
19,60,0.4,bot4,success,44,14726219981181889947,11089336913805027431,"(39, 30)","(57, 52)","(5, 32)"
19,60,0.5,bot1,success,44,14726219981181889947,11089336913805027431,"(39, 30)","(57, 52)","(5, 32)"
19,60,0.5,bot2,success,44,14726219981181889947,11089336913805027431,"(39, 30)","(57, 52)","(5, 32)"
19,60,0.5,bot3,success,44,14726219981181889947,11089336913805027431,"(39, 30)","(57, 52)","(5, 32)"
19,60,0.5,bot4,success,44,14726219981181889947,11089336913805027431,"(39, 30)","(57, 52)","(5, 32)"
20,60,0.3,bot1,success,27,9032611467364957450,12799150113279291722,"(44, 18)","(43, 0)","(32, 0)"
20,60,0.3,bot2,success,27,9032611467364957450,12799150113279291722,"(44, 18)","(43, 0)","(32, 0)"
20,60,0.3,bot3,success,27,9032611467364957450,12799150113279291722,"(44, 18)","(43, 0)","(32, 0)"
20,60,0.3,bot4,success,27,9032611467364957450,12799150113279291722,"(44, 18)","(43, 0)","(32, 0)"
20,60,0.4,bot1,success,27,9032611467364957450,12799150113279291722,"(44, 18)","(43, 0)","(32, 0)"
20,60,0.4,bot2,success,27,9032611467364957450,12799150113279291722,"(44, 18)","(43, 0)","(32, 0)"
20,60,0.4,bot3,success,27,9032611467364957450,12799150113279291722,"(44, 18)","(43, 0)","(32, 0)"
20,60,0.4,bot4,success,27,9032611467364957450,12799150113279291722,"(44, 18)","(43, 0)","(32, 0)"
20,60,0.5,bot1,success,27,9032611467364957450,12799150113279291722,"(44, 18)","(43, 0)","(32, 0)"
20,60,0.5,bot2,success,27,9032611467364957450,12799150113279291722,"(44, 18)","(43, 0)","(32, 0)"
20,60,0.5,bot3,success,27,9032611467364957450,12799150113279291722,"(44, 18)","(43, 0)","(32, 0)"
20,60,0.5,bot4,success,27,9032611467364957450,12799150113279291722,"(44, 18)","(43, 0)","(32, 0)"
21,60,0.3,bot1,burned,80,8404169944478919935,10404500384452794007,"(43, 6)","(17, 59)","(0, 35)"
21,60,0.3,bot2,burned,80,8404169944478919935,10404500384452794007,"(43, 6)","(17, 59)","(0, 35)"
21,60,0.3,bot3,success,95,8404169944478919935,10404500384452794007,"(43, 6)","(17, 59)","(0, 35)"
21,60,0.3,bot4,success,91,8404169944478919935,10404500384452794007,"(43, 6)","(17, 59)","(0, 35)"
21,60,0.4,bot1,burned,78,8404169944478919935,10404500384452794007,"(43, 6)","(17, 59)","(0, 35)"
21,60,0.4,bot2,burned,84,8404169944478919935,10404500384452794007,"(43, 6)","(17, 59)","(0, 35)"
21,60,0.4,bot3,burned,84,8404169944478919935,10404500384452794007,"(43, 6)","(17, 59)","(0, 35)"
21,60,0.4,bot4,burned,101,8404169944478919935,10404500384452794007,"(43, 6)","(17, 59)","(0, 35)"
21,60,0.5,bot1,burned,73,8404169944478919935,10404500384452794007,"(43, 6)","(17, 59)","(0, 35)"
21,60,0.5,bot2,burned,75,8404169944478919935,10404500384452794007,"(43, 6)","(17, 59)","(0, 35)"
21,60,0.5,bot3,burned,75,8404169944478919935,10404500384452794007,"(43, 6)","(17, 59)","(0, 35)"
21,60,0.5,bot4,burned,98,8404169944478919935,10404500384452794007,"(43, 6)","(17, 59)","(0, 35)"
22,60,0.3,bot1,burned,35,8779724978156083982,15095088440538647582,"(50, 6)","(17, 12)","(18, 12)"
22,60,0.3,bot2,burned,125,8779724978156083982,15095088440538647582,"(50, 6)","(17, 12)","(18, 12)"
22,60,0.3,bot3,burned,125,8779724978156083982,15095088440538647582,"(50, 6)","(17, 12)","(18, 12)"
22,60,0.3,bot4,burned,125,8779724978156083982,15095088440538647582,"(50, 6)","(17, 12)","(18, 12)"
22,60,0.4,bot1,burned,33,8779724978156083982,15095088440538647582,"(50, 6)","(17, 12)","(18, 12)"
22,60,0.4,bot2,burned,87,8779724978156083982,15095088440538647582,"(50, 6)","(17, 12)","(18, 12)"
22,60,0.4,bot3,burned,87,8779724978156083982,15095088440538647582,"(50, 6)","(17, 12)","(18, 12)"
22,60,0.4,bot4,burned,87,8779724978156083982,15095088440538647582,"(50, 6)","(17, 12)","(18, 12)"
22,60,0.5,bot1,burned,28,8779724978156083982,15095088440538647582,"(50, 6)","(17, 12)","(18, 12)"
22,60,0.5,bot2,burned,78,8779724978156083982,15095088440538647582,"(50, 6)","(17, 12)","(18, 12)"
22,60,0.5,bot3,burned,78,8779724978156083982,15095088440538647582,"(50, 6)","(17, 12)","(18, 12)"
22,60,0.5,bot4,burned,78,8779724978156083982,15095088440538647582,"(50, 6)","(17, 12)","(18, 12)"
23,60,0.3,bot1,burned,57,17701548473514498840,4803849416632770853,"(51, 14)","(9, 58)","(15, 52)"
23,60,0.3,bot2,burned,138,17701548473514498840,4803849416632770853,"(51, 14)","(9, 58)","(15, 52)"
23,60,0.3,bot3,burned,138,17701548473514498840,4803849416632770853,"(51, 14)","(9, 58)","(15, 52)"
23,60,0.3,bot4,burned,138,17701548473514498840,4803849416632770853,"(51, 14)","(9, 58)","(15, 52)"
23,60,0.4,bot1,burned,49,17701548473514498840,4803849416632770853,"(51, 14)","(9, 58)","(15, 52)"
23,60,0.4,bot2,burned,87,17701548473514498840,4803849416632770853,"(51, 14)","(9, 58)","(15, 52)"
23,60,0.4,bot3,burned,93,17701548473514498840,4803849416632770853,"(51, 14)","(9, 58)","(15, 52)"
23,60,0.4,bot4,burned,87,17701548473514498840,4803849416632770853,"(51, 14)","(9, 58)","(15, 52)"
23,60,0.5,bot1,burned,46,17701548473514498840,4803849416632770853,"(51, 14)","(9, 58)","(15, 52)"
23,60,0.5,bot2,burned,106,17701548473514498840,4803849416632770853,"(51, 14)","(9, 58)","(15, 52)"
23,60,0.5,bot3,burned,106,17701548473514498840,4803849416632770853,"(51, 14)","(9, 58)","(15, 52)"
23,60,0.5,bot4,burned,106,17701548473514498840,4803849416632770853,"(51, 14)","(9, 58)","(15, 52)"
24,60,0.3,bot1,success,30,11038772046663226166,7329909202235705,"(15, 36)","(30, 51)","(46, 47)"
24,60,0.3,bot2,success,30,11038772046663226166,7329909202235705,"(15, 36)","(30, 51)","(46, 47)"
24,60,0.3,bot3,success,30,11038772046663226166,7329909202235705,"(15, 36)","(30, 51)","(46, 47)"
24,60,0.3,bot4,success,30,11038772046663226166,7329909202235705,"(15, 36)","(30, 51)","(46, 47)"
24,60,0.4,bot1,success,30,11038772046663226166,7329909202235705,"(15, 36)","(30, 51)","(46, 47)"
24,60,0.4,bot2,success,30,11038772046663226166,7329909202235705,"(15, 36)","(30, 51)","(46, 47)"
24,60,0.4,bot3,success,30,11038772046663226166,7329909202235705,"(15, 36)","(30, 51)","(46, 47)"
24,60,0.4,bot4,success,30,11038772046663226166,7329909202235705,"(15, 36)","(30, 51)","(46, 47)"
24,60,0.5,bot1,success,30,11038772046663226166,7329909202235705,"(15, 36)","(30, 51)","(46, 47)"
24,60,0.5,bot2,success,30,11038772046663226166,7329909202235705,"(15, 36)","(30, 51)","(46, 47)"
24,60,0.5,bot3,success,30,11038772046663226166,7329909202235705,"(15, 36)","(30, 51)","(46, 47)"
24,60,0.5,bot4,success,30,11038772046663226166,7329909202235705,"(15, 36)","(30, 51)","(46, 47)"
25,60,0.3,bot1,success,29,12531550793641366369,9786788249240577401,"(12, 27)","(2, 14)","(59, 33)"
25,60,0.3,bot2,success,29,12531550793641366369,9786788249240577401,"(12, 27)","(2, 14)","(59, 33)"
25,60,0.3,bot3,success,29,12531550793641366369,9786788249240577401,"(12, 27)","(2, 14)","(59, 33)"
25,60,0.3,bot4,success,29,12531550793641366369,9786788249240577401,"(12, 27)","(2, 14)","(59, 33)"
25,60,0.4,bot1,success,29,12531550793641366369,9786788249240577401,"(12, 27)","(2, 14)","(59, 33)"
25,60,0.4,bot2,success,29,12531550793641366369,9786788249240577401,"(12, 27)","(2, 14)","(59, 33)"
25,60,0.4,bot3,success,29,12531550793641366369,9786788249240577401,"(12, 27)","(2, 14)","(59, 33)"
25,60,0.4,bot4,success,29,12531550793641366369,9786788249240577401,"(12, 27)","(2, 14)","(59, 33)"
25,60,0.5,bot1,success,29,12531550793641366369,9786788249240577401,"(12, 27)","(2, 14)","(59, 33)"
25,60,0.5,bot2,success,29,12531550793641366369,9786788249240577401,"(12, 27)","(2, 14)","(59, 33)"
25,60,0.5,bot3,success,29,12531550793641366369,9786788249240577401,"(12, 27)","(2, 14)","(59, 33)"
25,60,0.5,bot4,success,29,12531550793641366369,9786788249240577401,"(12, 27)","(2, 14)","(59, 33)"
26,60,0.3,bot1,success,29,5204125991741925661,12648544713279650204,"(56, 45)","(38, 42)","(59, 24)"
26,60,0.3,bot2,success,29,5204125991741925661,12648544713279650204,"(56, 45)","(38, 42)","(59, 24)"
26,60,0.3,bot3,success,29,5204125991741925661,12648544713279650204,"(56, 45)","(38, 42)","(59, 24)"
26,60,0.3,bot4,success,29,5204125991741925661,12648544713279650204,"(56, 45)","(38, 42)","(59, 24)"
26,60,0.4,bot1,success,29,5204125991741925661,12648544713279650204,"(56, 45)","(38, 42)","(59, 24)"
26,60,0.4,bot2,success,29,5204125991741925661,12648544713279650204,"(56, 45)","(38, 42)","(59, 24)"
26,60,0.4,bot3,success,29,5204125991741925661,12648544713279650204,"(56, 45)","(38, 42)","(59, 24)"
26,60,0.4,bot4,success,29,5204125991741925661,12648544713279650204,"(56, 45)","(38, 42)","(59, 24)"
26,60,0.5,bot1,success,29,5204125991741925661,12648544713279650204,"(56, 45)","(38, 42)","(59, 24)"
26,60,0.5,bot2,success,29,5204125991741925661,12648544713279650204,"(56, 45)","(38, 42)","(59, 24)"
26,60,0.5,bot3,success,29,5204125991741925661,12648544713279650204,"(56, 45)","(38, 42)","(59, 24)"
26,60,0.5,bot4,success,29,5204125991741925661,12648544713279650204,"(56, 45)","(38, 42)","(59, 24)"
27,60,0.3,bot1,success,55,5515735794363620776,11404391526741589211,"(21, 35)","(16, 41)","(44, 6)"
27,60,0.3,bot2,success,55,5515735794363620776,11404391526741589211,"(21, 35)","(16, 41)","(44, 6)"
27,60,0.3,bot3,success,55,5515735794363620776,11404391526741589211,"(21, 35)","(16, 41)","(44, 6)"
27,60,0.3,bot4,success,55,5515735794363620776,11404391526741589211,"(21, 35)","(16, 41)","(44, 6)"
27,60,0.4,bot1,success,55,5515735794363620776,11404391526741589211,"(21, 35)","(16, 41)","(44, 6)"
27,60,0.4,bot2,success,55,5515735794363620776,11404391526741589211,"(21, 35)","(16, 41)","(44, 6)"
27,60,0.4,bot3,success,55,5515735794363620776,11404391526741589211,"(21, 35)","(16, 41)","(44, 6)"
27,60,0.4,bot4,success,55,5515735794363620776,11404391526741589211,"(21, 35)","(16, 41)","(44, 6)"
27,60,0.5,bot1,success,55,5515735794363620776,11404391526741589211,"(21, 35)","(16, 41)","(44, 6)"
27,60,0.5,bot2,success,55,5515735794363620776,11404391526741589211,"(21, 35)","(16, 41)","(44, 6)"
27,60,0.5,bot3,success,55,5515735794363620776,11404391526741589211,"(21, 35)","(16, 41)","(44, 6)"
27,60,0.5,bot4,success,55,5515735794363620776,11404391526741589211,"(21, 35)","(16, 41)","(44, 6)"
28,60,0.3,bot1,success,81,10446799427132520967,15061273695656146751,"(21, 51)","(45, 6)","(24, 26)"
28,60,0.3,bot2,success,81,10446799427132520967,15061273695656146751,"(21, 51)","(45, 6)","(24, 26)"
28,60,0.3,bot3,success,81,10446799427132520967,15061273695656146751,"(21, 51)","(45, 6)","(24, 26)"
28,60,0.3,bot4,success,81,10446799427132520967,15061273695656146751,"(21, 51)","(45, 6)","(24, 26)"
28,60,0.4,bot1,success,81,10446799427132520967,15061273695656146751,"(21, 51)","(45, 6)","(24, 26)"
28,60,0.4,bot2,success,81,10446799427132520967,15061273695656146751,"(21, 51)","(45, 6)","(24, 26)"
28,60,0.4,bot3,success,81,10446799427132520967,15061273695656146751,"(21, 51)","(45, 6)","(24, 26)"
28,60,0.4,bot4,success,81,10446799427132520967,15061273695656146751,"(21, 51)","(45, 6)","(24, 26)"
28,60,0.5,bot1,burned,66,10446799427132520967,15061273695656146751,"(21, 51)","(45, 6)","(24, 26)"
28,60,0.5,bot2,burned,66,10446799427132520967,15061273695656146751,"(21, 51)","(45, 6)","(24, 26)"
28,60,0.5,bot3,burned,100,10446799427132520967,15061273695656146751,"(21, 51)","(45, 6)","(24, 26)"
28,60,0.5,bot4,burned,66,10446799427132520967,15061273695656146751,"(21, 51)","(45, 6)","(24, 26)"
29,60,0.3,bot1,success,54,8408749254059196764,3753847335168522513,"(39, 7)","(5, 25)","(24, 35)"
29,60,0.3,bot2,success,54,8408749254059196764,3753847335168522513,"(39, 7)","(5, 25)","(24, 35)"
29,60,0.3,bot3,success,54,8408749254059196764,3753847335168522513,"(39, 7)","(5, 25)","(24, 35)"
29,60,0.3,bot4,success,54,8408749254059196764,3753847335168522513,"(39, 7)","(5, 25)","(24, 35)"
29,60,0.4,bot1,success,54,8408749254059196764,3753847335168522513,"(39, 7)","(5, 25)","(24, 35)"
29,60,0.4,bot2,success,54,8408749254059196764,3753847335168522513,"(39, 7)","(5, 25)","(24, 35)"
29,60,0.4,bot3,success,54,8408749254059196764,3753847335168522513,"(39, 7)","(5, 25)","(24, 35)"
29,60,0.4,bot4,success,54,8408749254059196764,3753847335168522513,"(39, 7)","(5, 25)","(24, 35)"
29,60,0.5,bot1,burned,53,8408749254059196764,3753847335168522513,"(39, 7)","(5, 25)","(24, 35)"
29,60,0.5,bot2,burned,57,8408749254059196764,3753847335168522513,"(39, 7)","(5, 25)","(24, 35)"
29,60,0.5,bot3,burned,57,8408749254059196764,3753847335168522513,"(39, 7)","(5, 25)","(24, 35)"
29,60,0.5,bot4,burned,57,8408749254059196764,3753847335168522513,"(39, 7)","(5, 25)","(24, 35)"
30,60,0.3,bot1,success,65,11512611287689890725,655931650341511204,"(16, 50)","(28, 5)","(50, 9)"
30,60,0.3,bot2,success,65,11512611287689890725,655931650341511204,"(16, 50)","(28, 5)","(50, 9)"
30,60,0.3,bot3,success,65,11512611287689890725,655931650341511204,"(16, 50)","(28, 5)","(50, 9)"
30,60,0.3,bot4,success,65,11512611287689890725,655931650341511204,"(16, 50)","(28, 5)","(50, 9)"
30,60,0.4,bot1,success,65,11512611287689890725,655931650341511204,"(16, 50)","(28, 5)","(50, 9)"
30,60,0.4,bot2,success,65,11512611287689890725,655931650341511204,"(16, 50)","(28, 5)","(50, 9)"
30,60,0.4,bot3,success,65,11512611287689890725,655931650341511204,"(16, 50)","(28, 5)","(50, 9)"
30,60,0.4,bot4,success,65,11512611287689890725,655931650341511204,"(16, 50)","(28, 5)","(50, 9)"
30,60,0.5,bot1,success,65,11512611287689890725,655931650341511204,"(16, 50)","(28, 5)","(50, 9)"
30,60,0.5,bot2,success,65,11512611287689890725,655931650341511204,"(16, 50)","(28, 5)","(50, 9)"
30,60,0.5,bot3,success,65,11512611287689890725,655931650341511204,"(16, 50)","(28, 5)","(50, 9)"
30,60,0.5,bot4,success,65,11512611287689890725,655931650341511204,"(16, 50)","(28, 5)","(50, 9)"
31,60,0.3,bot1,burned,22,18230344423476074952,16208682462515015929,"(58, 10)","(39, 21)","(38, 17)"
31,60,0.3,bot2,burned,34,18230344423476074952,16208682462515015929,"(58, 10)","(39, 21)","(38, 17)"
31,60,0.3,bot3,burned,30,18230344423476074952,16208682462515015929,"(58, 10)","(39, 21)","(38, 17)"
31,60,0.3,bot4,burned,27,18230344423476074952,16208682462515015929,"(58, 10)","(39, 21)","(38, 17)"
31,60,0.4,bot1,burned,28,18230344423476074952,16208682462515015929,"(58, 10)","(39, 21)","(38, 17)"
31,60,0.4,bot2,burned,41,18230344423476074952,16208682462515015929,"(58, 10)","(39, 21)","(38, 17)"
31,60,0.4,bot3,burned,41,18230344423476074952,16208682462515015929,"(58, 10)","(39, 21)","(38, 17)"
31,60,0.4,bot4,burned,41,18230344423476074952,16208682462515015929,"(58, 10)","(39, 21)","(38, 17)"
31,60,0.5,bot1,burned,22,18230344423476074952,16208682462515015929,"(58, 10)","(39, 21)","(38, 17)"
31,60,0.5,bot2,burned,37,18230344423476074952,16208682462515015929,"(58, 10)","(39, 21)","(38, 17)"
31,60,0.5,bot3,burned,37,18230344423476074952,16208682462515015929,"(58, 10)","(39, 21)","(38, 17)"
31,60,0.5,bot4,burned,37,18230344423476074952,16208682462515015929,"(58, 10)","(39, 21)","(38, 17)"
32,60,0.3,bot1,success,30,2756619035731700379,15249532552822886557,"(11, 54)","(26, 53)","(16, 8)"
32,60,0.3,bot2,success,30,2756619035731700379,15249532552822886557,"(11, 54)","(26, 53)","(16, 8)"
32,60,0.3,bot3,success,30,2756619035731700379,15249532552822886557,"(11, 54)","(26, 53)","(16, 8)"
32,60,0.3,bot4,success,30,2756619035731700379,15249532552822886557,"(11, 54)","(26, 53)","(16, 8)"
32,60,0.4,bot1,success,30,2756619035731700379,15249532552822886557,"(11, 54)","(26, 53)","(16, 8)"
32,60,0.4,bot2,success,30,2756619035731700379,15249532552822886557,"(11, 54)","(26, 53)","(16, 8)"
32,60,0.4,bot3,success,30,2756619035731700379,15249532552822886557,"(11, 54)","(26, 53)","(16, 8)"
32,60,0.4,bot4,success,30,2756619035731700379,15249532552822886557,"(11, 54)","(26, 53)","(16, 8)"
32,60,0.5,bot1,success,30,2756619035731700379,15249532552822886557,"(11, 54)","(26, 53)","(16, 8)"
32,60,0.5,bot2,success,30,2756619035731700379,15249532552822886557,"(11, 54)","(26, 53)","(16, 8)"
32,60,0.5,bot3,success,30,2756619035731700379,15249532552822886557,"(11, 54)","(26, 53)","(16, 8)"
32,60,0.5,bot4,success,30,2756619035731700379,15249532552822886557,"(11, 54)","(26, 53)","(16, 8)"
33,60,0.3,bot1,success,35,2676239236105746332,8456629936033421194,"(16, 21)","(19, 47)","(45, 43)"
33,60,0.3,bot2,success,35,2676239236105746332,8456629936033421194,"(16, 21)","(19, 47)","(45, 43)"
33,60,0.3,bot3,success,35,2676239236105746332,8456629936033421194,"(16, 21)","(19, 47)","(45, 43)"
33,60,0.3,bot4,success,35,2676239236105746332,8456629936033421194,"(16, 21)","(19, 47)","(45, 43)"
33,60,0.4,bot1,success,35,2676239236105746332,8456629936033421194,"(16, 21)","(19, 47)","(45, 43)"
33,60,0.4,bot2,success,35,2676239236105746332,8456629936033421194,"(16, 21)","(19, 47)","(45, 43)"
33,60,0.4,bot3,success,35,2676239236105746332,8456629936033421194,"(16, 21)","(19, 47)","(45, 43)"
33,60,0.4,bot4,success,35,2676239236105746332,8456629936033421194,"(16, 21)","(19, 47)","(45, 43)"
33,60,0.5,bot1,success,35,2676239236105746332,8456629936033421194,"(16, 21)","(19, 47)","(45, 43)"
33,60,0.5,bot2,success,35,2676239236105746332,8456629936033421194,"(16, 21)","(19, 47)","(45, 43)"
33,60,0.5,bot3,success,35,2676239236105746332,8456629936033421194,"(16, 21)","(19, 47)","(45, 43)"
33,60,0.5,bot4,success,35,2676239236105746332,8456629936033421194,"(16, 21)","(19, 47)","(45, 43)"
34,60,0.3,bot1,success,15,379652119997381757,8656510114746902430,"(54, 1)","(45, 7)","(23, 17)"
34,60,0.3,bot2,success,15,379652119997381757,8656510114746902430,"(54, 1)","(45, 7)","(23, 17)"
34,60,0.3,bot3,success,15,379652119997381757,8656510114746902430,"(54, 1)","(45, 7)","(23, 17)"
34,60,0.3,bot4,success,15,379652119997381757,8656510114746902430,"(54, 1)","(45, 7)","(23, 17)"
34,60,0.4,bot1,success,15,379652119997381757,8656510114746902430,"(54, 1)","(45, 7)","(23, 17)"
34,60,0.4,bot2,success,15,379652119997381757,8656510114746902430,"(54, 1)","(45, 7)","(23, 17)"
34,60,0.4,bot3,success,15,379652119997381757,8656510114746902430,"(54, 1)","(45, 7)","(23, 17)"
34,60,0.4,bot4,success,15,379652119997381757,8656510114746902430,"(54, 1)","(45, 7)","(23, 17)"
34,60,0.5,bot1,success,15,379652119997381757,8656510114746902430,"(54, 1)","(45, 7)","(23, 17)"
34,60,0.5,bot2,success,15,379652119997381757,8656510114746902430,"(54, 1)","(45, 7)","(23, 17)"
34,60,0.5,bot3,success,15,379652119997381757,8656510114746902430,"(54, 1)","(45, 7)","(23, 17)"
34,60,0.5,bot4,success,15,379652119997381757,8656510114746902430,"(54, 1)","(45, 7)","(23, 17)"
35,60,0.3,bot1,success,73,10888738656635377970,2888359135737243446,"(37, 12)","(30, 58)","(5, 52)"
35,60,0.3,bot2,success,73,10888738656635377970,2888359135737243446,"(37, 12)","(30, 58)","(5, 52)"
35,60,0.3,bot3,success,73,10888738656635377970,2888359135737243446,"(37, 12)","(30, 58)","(5, 52)"
35,60,0.3,bot4,success,73,10888738656635377970,2888359135737243446,"(37, 12)","(30, 58)","(5, 52)"
35,60,0.4,bot1,success,73,10888738656635377970,2888359135737243446,"(37, 12)","(30, 58)","(5, 52)"
35,60,0.4,bot2,success,73,10888738656635377970,2888359135737243446,"(37, 12)","(30, 58)","(5, 52)"
35,60,0.4,bot3,success,73,10888738656635377970,2888359135737243446,"(37, 12)","(30, 58)","(5, 52)"
35,60,0.4,bot4,success,73,10888738656635377970,2888359135737243446,"(37, 12)","(30, 58)","(5, 52)"
35,60,0.5,bot1,burned,59,10888738656635377970,2888359135737243446,"(37, 12)","(30, 58)","(5, 52)"
35,60,0.5,bot2,burned,61,10888738656635377970,2888359135737243446,"(37, 12)","(30, 58)","(5, 52)"
35,60,0.5,bot3,burned,61,10888738656635377970,2888359135737243446,"(37, 12)","(30, 58)","(5, 52)"
35,60,0.5,bot4,burned,62,10888738656635377970,2888359135737243446,"(37, 12)","(30, 58)","(5, 52)"
36,60,0.3,bot1,success,71,10015184984916241110,11041188509476370513,"(55, 29)","(12, 25)","(35, 54)"
36,60,0.3,bot2,success,71,10015184984916241110,11041188509476370513,"(55, 29)","(12, 25)","(35, 54)"
36,60,0.3,bot3,success,71,10015184984916241110,11041188509476370513,"(55, 29)","(12, 25)","(35, 54)"
36,60,0.3,bot4,success,71,10015184984916241110,11041188509476370513,"(55, 29)","(12, 25)","(35, 54)"
36,60,0.4,bot1,success,71,10015184984916241110,11041188509476370513,"(55, 29)","(12, 25)","(35, 54)"
36,60,0.4,bot2,success,71,10015184984916241110,11041188509476370513,"(55, 29)","(12, 25)","(35, 54)"
36,60,0.4,bot3,success,71,10015184984916241110,11041188509476370513,"(55, 29)","(12, 25)","(35, 54)"
36,60,0.4,bot4,success,71,10015184984916241110,11041188509476370513,"(55, 29)","(12, 25)","(35, 54)"
36,60,0.5,bot1,success,71,10015184984916241110,11041188509476370513,"(55, 29)","(12, 25)","(35, 54)"
36,60,0.5,bot2,success,71,10015184984916241110,11041188509476370513,"(55, 29)","(12, 25)","(35, 54)"
36,60,0.5,bot3,success,71,10015184984916241110,11041188509476370513,"(55, 29)","(12, 25)","(35, 54)"
36,60,0.5,bot4,success,71,10015184984916241110,11041188509476370513,"(55, 29)","(12, 25)","(35, 54)"
37,60,0.3,bot1,success,65,11915214359129014463,17949975279325455464,"(43, 39)","(0, 47)","(58, 41)"
37,60,0.3,bot2,success,65,11915214359129014463,17949975279325455464,"(43, 39)","(0, 47)","(58, 41)"
37,60,0.3,bot3,success,65,11915214359129014463,17949975279325455464,"(43, 39)","(0, 47)","(58, 41)"
37,60,0.3,bot4,success,65,11915214359129014463,17949975279325455464,"(43, 39)","(0, 47)","(58, 41)"
37,60,0.4,bot1,success,65,11915214359129014463,17949975279325455464,"(43, 39)","(0, 47)","(58, 41)"
37,60,0.4,bot2,success,65,11915214359129014463,17949975279325455464,"(43, 39)","(0, 47)","(58, 41)"
37,60,0.4,bot3,success,65,11915214359129014463,17949975279325455464,"(43, 39)","(0, 47)","(58, 41)"
37,60,0.4,bot4,success,65,11915214359129014463,17949975279325455464,"(43, 39)","(0, 47)","(58, 41)"
37,60,0.5,bot1,success,65,11915214359129014463,17949975279325455464,"(43, 39)","(0, 47)","(58, 41)"
37,60,0.5,bot2,success,65,11915214359129014463,17949975279325455464,"(43, 39)","(0, 47)","(58, 41)"
37,60,0.5,bot3,success,65,11915214359129014463,17949975279325455464,"(43, 39)","(0, 47)","(58, 41)"
37,60,0.5,bot4,success,65,11915214359129014463,17949975279325455464,"(43, 39)","(0, 47)","(58, 41)"
38,60,0.3,bot1,success,25,10006048427205095891,12780702244011380337,"(44, 40)","(50, 49)","(19, 21)"
38,60,0.3,bot2,success,25,10006048427205095891,12780702244011380337,"(44, 40)","(50, 49)","(19, 21)"
38,60,0.3,bot3,success,25,10006048427205095891,12780702244011380337,"(44, 40)","(50, 49)","(19, 21)"
38,60,0.3,bot4,success,25,10006048427205095891,12780702244011380337,"(44, 40)","(50, 49)","(19, 21)"
38,60,0.4,bot1,success,25,10006048427205095891,12780702244011380337,"(44, 40)","(50, 49)","(19, 21)"
38,60,0.4,bot2,success,25,10006048427205095891,12780702244011380337,"(44, 40)","(50, 49)","(19, 21)"
38,60,0.4,bot3,success,25,10006048427205095891,12780702244011380337,"(44, 40)","(50, 49)","(19, 21)"
38,60,0.4,bot4,success,25,10006048427205095891,12780702244011380337,"(44, 40)","(50, 49)","(19, 21)"
38,60,0.5,bot1,success,25,10006048427205095891,12780702244011380337,"(44, 40)","(50, 49)","(19, 21)"
38,60,0.5,bot2,success,25,10006048427205095891,12780702244011380337,"(44, 40)","(50, 49)","(19, 21)"
38,60,0.5,bot3,success,25,10006048427205095891,12780702244011380337,"(44, 40)","(50, 49)","(19, 21)"
38,60,0.5,bot4,success,25,10006048427205095891,12780702244011380337,"(44, 40)","(50, 49)","(19, 21)"
39,60,0.3,bot1,success,21,8495768304895612128,1426490376661498272,"(15, 18)","(11, 3)","(7, 9)"
39,60,0.3,bot2,success,21,8495768304895612128,1426490376661498272,"(15, 18)","(11, 3)","(7, 9)"
39,60,0.3,bot3,success,21,8495768304895612128,1426490376661498272,"(15, 18)","(11, 3)","(7, 9)"
39,60,0.3,bot4,success,21,8495768304895612128,1426490376661498272,"(15, 18)","(11, 3)","(7, 9)"
39,60,0.4,bot1,success,21,8495768304895612128,1426490376661498272,"(15, 18)","(11, 3)","(7, 9)"
39,60,0.4,bot2,success,21,8495768304895612128,1426490376661498272,"(15, 18)","(11, 3)","(7, 9)"
39,60,0.4,bot3,success,21,8495768304895612128,1426490376661498272,"(15, 18)","(11, 3)","(7, 9)"
39,60,0.4,bot4,success,21,8495768304895612128,1426490376661498272,"(15, 18)","(11, 3)","(7, 9)"
39,60,0.5,bot1,success,21,8495768304895612128,1426490376661498272,"(15, 18)","(11, 3)","(7, 9)"
39,60,0.5,bot2,success,21,8495768304895612128,1426490376661498272,"(15, 18)","(11, 3)","(7, 9)"
39,60,0.5,bot3,success,21,8495768304895612128,1426490376661498272,"(15, 18)","(11, 3)","(7, 9)"
39,60,0.5,bot4,success,21,8495768304895612128,1426490376661498272,"(15, 18)","(11, 3)","(7, 9)"
40,60,0.3,bot1,success,73,17182135965035193038,16430142451922314185,"(0, 21)","(54, 34)","(9, 39)"
40,60,0.3,bot2,success,73,17182135965035193038,16430142451922314185,"(0, 21)","(54, 34)","(9, 39)"
40,60,0.3,bot3,success,73,17182135965035193038,16430142451922314185,"(0, 21)","(54, 34)","(9, 39)"
40,60,0.3,bot4,success,73,17182135965035193038,16430142451922314185,"(0, 21)","(54, 34)","(9, 39)"
40,60,0.4,bot1,success,73,17182135965035193038,16430142451922314185,"(0, 21)","(54, 34)","(9, 39)"
40,60,0.4,bot2,success,73,17182135965035193038,16430142451922314185,"(0, 21)","(54, 34)","(9, 39)"
40,60,0.4,bot3,success,73,17182135965035193038,16430142451922314185,"(0, 21)","(54, 34)","(9, 39)"
40,60,0.4,bot4,success,73,17182135965035193038,16430142451922314185,"(0, 21)","(54, 34)","(9, 39)"
40,60,0.5,bot1,success,73,17182135965035193038,16430142451922314185,"(0, 21)","(54, 34)","(9, 39)"
40,60,0.5,bot2,success,73,17182135965035193038,16430142451922314185,"(0, 21)","(54, 34)","(9, 39)"
40,60,0.5,bot3,success,73,17182135965035193038,16430142451922314185,"(0, 21)","(54, 34)","(9, 39)"
40,60,0.5,bot4,success,73,17182135965035193038,16430142451922314185,"(0, 21)","(54, 34)","(9, 39)"
41,60,0.3,bot1,success,91,11008110553917832899,6137922004887599233,"(14, 2)","(41, 50)","(10, 20)"
41,60,0.3,bot2,success,91,11008110553917832899,6137922004887599233,"(14, 2)","(41, 50)","(10, 20)"
41,60,0.3,bot3,success,91,11008110553917832899,6137922004887599233,"(14, 2)","(41, 50)","(10, 20)"
41,60,0.3,bot4,success,95,11008110553917832899,6137922004887599233,"(14, 2)","(41, 50)","(10, 20)"
41,60,0.4,bot1,burned,42,11008110553917832899,6137922004887599233,"(14, 2)","(41, 50)","(10, 20)"
41,60,0.4,bot2,success,99,11008110553917832899,6137922004887599233,"(14, 2)","(41, 50)","(10, 20)"
41,60,0.4,bot3,success,99,11008110553917832899,6137922004887599233,"(14, 2)","(41, 50)","(10, 20)"
41,60,0.4,bot4,success,95,11008110553917832899,6137922004887599233,"(14, 2)","(41, 50)","(10, 20)"
41,60,0.5,bot1,burned,29,11008110553917832899,6137922004887599233,"(14, 2)","(41, 50)","(10, 20)"
41,60,0.5,bot2,burned,29,11008110553917832899,6137922004887599233,"(14, 2)","(41, 50)","(10, 20)"
41,60,0.5,bot3,success,95,11008110553917832899,6137922004887599233,"(14, 2)","(41, 50)","(10, 20)"
41,60,0.5,bot4,success,95,11008110553917832899,6137922004887599233,"(14, 2)","(41, 50)","(10, 20)"
42,60,0.3,bot1,success,83,16279073422380010305,12318044096977723929,"(50, 53)","(9, 21)","(56, 28)"
42,60,0.3,bot2,success,83,16279073422380010305,12318044096977723929,"(50, 53)","(9, 21)","(56, 28)"
42,60,0.3,bot3,success,83,16279073422380010305,12318044096977723929,"(50, 53)","(9, 21)","(56, 28)"
42,60,0.3,bot4,success,83,16279073422380010305,12318044096977723929,"(50, 53)","(9, 21)","(56, 28)"
42,60,0.4,bot1,success,83,16279073422380010305,12318044096977723929,"(50, 53)","(9, 21)","(56, 28)"
42,60,0.4,bot2,success,83,16279073422380010305,12318044096977723929,"(50, 53)","(9, 21)","(56, 28)"
42,60,0.4,bot3,success,83,16279073422380010305,12318044096977723929,"(50, 53)","(9, 21)","(56, 28)"
42,60,0.4,bot4,success,83,16279073422380010305,12318044096977723929,"(50, 53)","(9, 21)","(56, 28)"
42,60,0.5,bot1,success,83,16279073422380010305,12318044096977723929,"(50, 53)","(9, 21)","(56, 28)"
42,60,0.5,bot2,success,83,16279073422380010305,12318044096977723929,"(50, 53)","(9, 21)","(56, 28)"
42,60,0.5,bot3,success,83,16279073422380010305,12318044096977723929,"(50, 53)","(9, 21)","(56, 28)"
42,60,0.5,bot4,success,83,16279073422380010305,12318044096977723929,"(50, 53)","(9, 21)","(56, 28)"
43,60,0.3,bot1,success,40,3303515692509228668,10802705568252704472,"(19, 22)","(20, 9)","(14, 47)"
43,60,0.3,bot2,success,40,3303515692509228668,10802705568252704472,"(19, 22)","(20, 9)","(14, 47)"
43,60,0.3,bot3,success,40,3303515692509228668,10802705568252704472,"(19, 22)","(20, 9)","(14, 47)"
43,60,0.3,bot4,success,40,3303515692509228668,10802705568252704472,"(19, 22)","(20, 9)","(14, 47)"
43,60,0.4,bot1,success,40,3303515692509228668,10802705568252704472,"(19, 22)","(20, 9)","(14, 47)"
43,60,0.4,bot2,success,40,3303515692509228668,10802705568252704472,"(19, 22)","(20, 9)","(14, 47)"
43,60,0.4,bot3,success,40,3303515692509228668,10802705568252704472,"(19, 22)","(20, 9)","(14, 47)"
43,60,0.4,bot4,success,40,3303515692509228668,10802705568252704472,"(19, 22)","(20, 9)","(14, 47)"
43,60,0.5,bot1,success,40,3303515692509228668,10802705568252704472,"(19, 22)","(20, 9)","(14, 47)"
43,60,0.5,bot2,success,40,3303515692509228668,10802705568252704472,"(19, 22)","(20, 9)","(14, 47)"
43,60,0.5,bot3,success,40,3303515692509228668,10802705568252704472,"(19, 22)","(20, 9)","(14, 47)"
43,60,0.5,bot4,success,40,3303515692509228668,10802705568252704472,"(19, 22)","(20, 9)","(14, 47)"
44,60,0.3,bot1,success,20,9335641193125785942,2443043169937355615,"(32, 0)","(43, 5)","(28, 5)"
44,60,0.3,bot2,success,20,9335641193125785942,2443043169937355615,"(32, 0)","(43, 5)","(28, 5)"
44,60,0.3,bot3,success,20,9335641193125785942,2443043169937355615,"(32, 0)","(43, 5)","(28, 5)"
44,60,0.3,bot4,success,20,9335641193125785942,2443043169937355615,"(32, 0)","(43, 5)","(28, 5)"
44,60,0.4,bot1,success,20,9335641193125785942,2443043169937355615,"(32, 0)","(43, 5)","(28, 5)"
44,60,0.4,bot2,success,20,9335641193125785942,2443043169937355615,"(32, 0)","(43, 5)","(28, 5)"
44,60,0.4,bot3,success,20,9335641193125785942,2443043169937355615,"(32, 0)","(43, 5)","(28, 5)"
44,60,0.4,bot4,success,20,9335641193125785942,2443043169937355615,"(32, 0)","(43, 5)","(28, 5)"
44,60,0.5,bot1,success,20,9335641193125785942,2443043169937355615,"(32, 0)","(43, 5)","(28, 5)"
44,60,0.5,bot2,success,20,9335641193125785942,2443043169937355615,"(32, 0)","(43, 5)","(28, 5)"
44,60,0.5,bot3,success,20,9335641193125785942,2443043169937355615,"(32, 0)","(43, 5)","(28, 5)"
44,60,0.5,bot4,success,20,9335641193125785942,2443043169937355615,"(32, 0)","(43, 5)","(28, 5)"
45,60,0.3,bot1,success,59,846210011123446836,6265732037600512517,"(57, 31)","(21, 54)","(7, 44)"
45,60,0.3,bot2,success,59,846210011123446836,6265732037600512517,"(57, 31)","(21, 54)","(7, 44)"
45,60,0.3,bot3,success,59,846210011123446836,6265732037600512517,"(57, 31)","(21, 54)","(7, 44)"
45,60,0.3,bot4,success,59,846210011123446836,6265732037600512517,"(57, 31)","(21, 54)","(7, 44)"
45,60,0.4,bot1,burned,59,846210011123446836,6265732037600512517,"(57, 31)","(21, 54)","(7, 44)"
45,60,0.4,bot2,burned,61,846210011123446836,6265732037600512517,"(57, 31)","(21, 54)","(7, 44)"
45,60,0.4,bot3,burned,61,846210011123446836,6265732037600512517,"(57, 31)","(21, 54)","(7, 44)"
45,60,0.4,bot4,burned,61,846210011123446836,6265732037600512517,"(57, 31)","(21, 54)","(7, 44)"
45,60,0.5,bot1,burned,50,846210011123446836,6265732037600512517,"(57, 31)","(21, 54)","(7, 44)"
45,60,0.5,bot2,burned,75,846210011123446836,6265732037600512517,"(57, 31)","(21, 54)","(7, 44)"
45,60,0.5,bot3,burned,75,846210011123446836,6265732037600512517,"(57, 31)","(21, 54)","(7, 44)"
45,60,0.5,bot4,burned,75,846210011123446836,6265732037600512517,"(57, 31)","(21, 54)","(7, 44)"
46,60,0.3,bot1,success,22,5021963495452182364,7841296220476338458,"(46, 17)","(45, 0)","(17, 1)"
46,60,0.3,bot2,success,22,5021963495452182364,7841296220476338458,"(46, 17)","(45, 0)","(17, 1)"
46,60,0.3,bot3,success,22,5021963495452182364,7841296220476338458,"(46, 17)","(45, 0)","(17, 1)"
46,60,0.3,bot4,success,22,5021963495452182364,7841296220476338458,"(46, 17)","(45, 0)","(17, 1)"
46,60,0.4,bot1,success,22,5021963495452182364,7841296220476338458,"(46, 17)","(45, 0)","(17, 1)"
46,60,0.4,bot2,success,22,5021963495452182364,7841296220476338458,"(46, 17)","(45, 0)","(17, 1)"
46,60,0.4,bot3,success,22,5021963495452182364,7841296220476338458,"(46, 17)","(45, 0)","(17, 1)"
46,60,0.4,bot4,success,22,5021963495452182364,7841296220476338458,"(46, 17)","(45, 0)","(17, 1)"
46,60,0.5,bot1,success,22,5021963495452182364,7841296220476338458,"(46, 17)","(45, 0)","(17, 1)"
46,60,0.5,bot2,success,22,5021963495452182364,7841296220476338458,"(46, 17)","(45, 0)","(17, 1)"
46,60,0.5,bot3,success,22,5021963495452182364,7841296220476338458,"(46, 17)","(45, 0)","(17, 1)"
46,60,0.5,bot4,success,22,5021963495452182364,7841296220476338458,"(46, 17)","(45, 0)","(17, 1)"
47,60,0.3,bot1,burned,46,15881849190969661304,7133981772264414863,"(11, 21)","(53, 44)","(22, 29)"
47,60,0.3,bot2,burned,46,15881849190969661304,7133981772264414863,"(11, 21)","(53, 44)","(22, 29)"
47,60,0.3,bot3,success,101,15881849190969661304,7133981772264414863,"(11, 21)","(53, 44)","(22, 29)"
47,60,0.3,bot4,success,85,15881849190969661304,7133981772264414863,"(11, 21)","(53, 44)","(22, 29)"
47,60,0.4,bot1,burned,29,15881849190969661304,7133981772264414863,"(11, 21)","(53, 44)","(22, 29)"
47,60,0.4,bot2,burned,29,15881849190969661304,7133981772264414863,"(11, 21)","(53, 44)","(22, 29)"
47,60,0.4,bot3,burned,32,15881849190969661304,7133981772264414863,"(11, 21)","(53, 44)","(22, 29)"
47,60,0.4,bot4,burned,29,15881849190969661304,7133981772264414863,"(11, 21)","(53, 44)","(22, 29)"
47,60,0.5,bot1,burned,40,15881849190969661304,7133981772264414863,"(11, 21)","(53, 44)","(22, 29)"
47,60,0.5,bot2,burned,97,15881849190969661304,7133981772264414863,"(11, 21)","(53, 44)","(22, 29)"
47,60,0.5,bot3,burned,93,15881849190969661304,7133981772264414863,"(11, 21)","(53, 44)","(22, 29)"
47,60,0.5,bot4,burned,97,15881849190969661304,7133981772264414863,"(11, 21)","(53, 44)","(22, 29)"
48,60,0.3,bot1,burned,25,12960078508031975546,547047760969647198,"(54, 46)","(33, 22)","(36, 32)"
48,60,0.3,bot2,success,53,12960078508031975546,547047760969647198,"(54, 46)","(33, 22)","(36, 32)"
48,60,0.3,bot3,success,53,12960078508031975546,547047760969647198,"(54, 46)","(33, 22)","(36, 32)"
48,60,0.3,bot4,success,53,12960078508031975546,547047760969647198,"(54, 46)","(33, 22)","(36, 32)"
48,60,0.4,bot1,burned,20,12960078508031975546,547047760969647198,"(54, 46)","(33, 22)","(36, 32)"
48,60,0.4,bot2,burned,50,12960078508031975546,547047760969647198,"(54, 46)","(33, 22)","(36, 32)"
48,60,0.4,bot3,burned,57,12960078508031975546,547047760969647198,"(54, 46)","(33, 22)","(36, 32)"
48,60,0.4,bot4,burned,50,12960078508031975546,547047760969647198,"(54, 46)","(33, 22)","(36, 32)"
48,60,0.5,bot1,burned,20,12960078508031975546,547047760969647198,"(54, 46)","(33, 22)","(36, 32)"
48,60,0.5,bot2,burned,41,12960078508031975546,547047760969647198,"(54, 46)","(33, 22)","(36, 32)"
48,60,0.5,bot3,burned,41,12960078508031975546,547047760969647198,"(54, 46)","(33, 22)","(36, 32)"
48,60,0.5,bot4,burned,41,12960078508031975546,547047760969647198,"(54, 46)","(33, 22)","(36, 32)"
49,60,0.3,bot1,success,46,17348526625506799546,12650785476634052759,"(20, 40)","(44, 18)","(22, 1)"
49,60,0.3,bot2,success,46,17348526625506799546,12650785476634052759,"(20, 40)","(44, 18)","(22, 1)"
49,60,0.3,bot3,success,46,17348526625506799546,12650785476634052759,"(20, 40)","(44, 18)","(22, 1)"
49,60,0.3,bot4,success,46,17348526625506799546,12650785476634052759,"(20, 40)","(44, 18)","(22, 1)"
49,60,0.4,bot1,success,46,17348526625506799546,12650785476634052759,"(20, 40)","(44, 18)","(22, 1)"
49,60,0.4,bot2,success,46,17348526625506799546,12650785476634052759,"(20, 40)","(44, 18)","(22, 1)"
49,60,0.4,bot3,success,46,17348526625506799546,12650785476634052759,"(20, 40)","(44, 18)","(22, 1)"
49,60,0.4,bot4,success,46,17348526625506799546,12650785476634052759,"(20, 40)","(44, 18)","(22, 1)"
49,60,0.5,bot1,success,46,17348526625506799546,12650785476634052759,"(20, 40)","(44, 18)","(22, 1)"
49,60,0.5,bot2,success,46,17348526625506799546,12650785476634052759,"(20, 40)","(44, 18)","(22, 1)"
49,60,0.5,bot3,success,46,17348526625506799546,12650785476634052759,"(20, 40)","(44, 18)","(22, 1)"
49,60,0.5,bot4,success,46,17348526625506799546,12650785476634052759,"(20, 40)","(44, 18)","(22, 1)"
50,60,0.3,bot1,success,53,3404826210170357710,13126011490612408855,"(48, 38)","(10, 35)","(58, 39)"
50,60,0.3,bot2,success,53,3404826210170357710,13126011490612408855,"(48, 38)","(10, 35)","(58, 39)"
50,60,0.3,bot3,success,53,3404826210170357710,13126011490612408855,"(48, 38)","(10, 35)","(58, 39)"
50,60,0.3,bot4,success,53,3404826210170357710,13126011490612408855,"(48, 38)","(10, 35)","(58, 39)"
50,60,0.4,bot1,success,53,3404826210170357710,13126011490612408855,"(48, 38)","(10, 35)","(58, 39)"
50,60,0.4,bot2,success,53,3404826210170357710,13126011490612408855,"(48, 38)","(10, 35)","(58, 39)"
50,60,0.4,bot3,success,53,3404826210170357710,13126011490612408855,"(48, 38)","(10, 35)","(58, 39)"
50,60,0.4,bot4,success,53,3404826210170357710,13126011490612408855,"(48, 38)","(10, 35)","(58, 39)"
50,60,0.5,bot1,success,53,3404826210170357710,13126011490612408855,"(48, 38)","(10, 35)","(58, 39)"
50,60,0.5,bot2,success,53,3404826210170357710,13126011490612408855,"(48, 38)","(10, 35)","(58, 39)"
50,60,0.5,bot3,success,53,3404826210170357710,13126011490612408855,"(48, 38)","(10, 35)","(58, 39)"
50,60,0.5,bot4,success,53,3404826210170357710,13126011490612408855,"(48, 38)","(10, 35)","(58, 39)"
51,60,0.3,bot1,success,19,12448574322579534122,17600222509789850780,"(32, 11)","(24, 18)","(56, 37)"
51,60,0.3,bot2,success,19,12448574322579534122,17600222509789850780,"(32, 11)","(24, 18)","(56, 37)"
51,60,0.3,bot3,success,19,12448574322579534122,17600222509789850780,"(32, 11)","(24, 18)","(56, 37)"
51,60,0.3,bot4,success,19,12448574322579534122,17600222509789850780,"(32, 11)","(24, 18)","(56, 37)"
51,60,0.4,bot1,success,19,12448574322579534122,17600222509789850780,"(32, 11)","(24, 18)","(56, 37)"
51,60,0.4,bot2,success,19,12448574322579534122,17600222509789850780,"(32, 11)","(24, 18)","(56, 37)"
51,60,0.4,bot3,success,19,12448574322579534122,17600222509789850780,"(32, 11)","(24, 18)","(56, 37)"
51,60,0.4,bot4,success,19,12448574322579534122,17600222509789850780,"(32, 11)","(24, 18)","(56, 37)"
51,60,0.5,bot1,success,19,12448574322579534122,17600222509789850780,"(32, 11)","(24, 18)","(56, 37)"
51,60,0.5,bot2,success,19,12448574322579534122,17600222509789850780,"(32, 11)","(24, 18)","(56, 37)"
51,60,0.5,bot3,success,19,12448574322579534122,17600222509789850780,"(32, 11)","(24, 18)","(56, 37)"
51,60,0.5,bot4,success,19,12448574322579534122,17600222509789850780,"(32, 11)","(24, 18)","(56, 37)"
52,60,0.3,bot1,success,58,9425699769409858088,14775050832418706351,"(1, 28)","(41, 42)","(55, 22)"
52,60,0.3,bot2,success,58,9425699769409858088,14775050832418706351,"(1, 28)","(41, 42)","(55, 22)"
52,60,0.3,bot3,success,58,9425699769409858088,14775050832418706351,"(1, 28)","(41, 42)","(55, 22)"
52,60,0.3,bot4,success,58,9425699769409858088,14775050832418706351,"(1, 28)","(41, 42)","(55, 22)"
52,60,0.4,bot1,success,58,9425699769409858088,14775050832418706351,"(1, 28)","(41, 42)","(55, 22)"
52,60,0.4,bot2,success,58,9425699769409858088,14775050832418706351,"(1, 28)","(41, 42)","(55, 22)"
52,60,0.4,bot3,success,58,9425699769409858088,14775050832418706351,"(1, 28)","(41, 42)","(55, 22)"
52,60,0.4,bot4,success,58,9425699769409858088,14775050832418706351,"(1, 28)","(41, 42)","(55, 22)"
52,60,0.5,bot1,burned,56,9425699769409858088,14775050832418706351,"(1, 28)","(41, 42)","(55, 22)"
52,60,0.5,bot2,burned,66,9425699769409858088,14775050832418706351,"(1, 28)","(41, 42)","(55, 22)"
52,60,0.5,bot3,burned,66,9425699769409858088,14775050832418706351,"(1, 28)","(41, 42)","(55, 22)"
52,60,0.5,bot4,burned,66,9425699769409858088,14775050832418706351,"(1, 28)","(41, 42)","(55, 22)"
53,60,0.3,bot1,success,59,10033350038410887019,5330186417397297423,"(30, 55)","(17, 17)","(51, 29)"
53,60,0.3,bot2,success,59,10033350038410887019,5330186417397297423,"(30, 55)","(17, 17)","(51, 29)"
53,60,0.3,bot3,success,59,10033350038410887019,5330186417397297423,"(30, 55)","(17, 17)","(51, 29)"
53,60,0.3,bot4,success,59,10033350038410887019,5330186417397297423,"(30, 55)","(17, 17)","(51, 29)"
53,60,0.4,bot1,success,59,10033350038410887019,5330186417397297423,"(30, 55)","(17, 17)","(51, 29)"
53,60,0.4,bot2,success,59,10033350038410887019,5330186417397297423,"(30, 55)","(17, 17)","(51, 29)"
53,60,0.4,bot3,success,59,10033350038410887019,5330186417397297423,"(30, 55)","(17, 17)","(51, 29)"
53,60,0.4,bot4,success,59,10033350038410887019,5330186417397297423,"(30, 55)","(17, 17)","(51, 29)"
53,60,0.5,bot1,success,59,10033350038410887019,5330186417397297423,"(30, 55)","(17, 17)","(51, 29)"
53,60,0.5,bot2,success,59,10033350038410887019,5330186417397297423,"(30, 55)","(17, 17)","(51, 29)"
53,60,0.5,bot3,success,59,10033350038410887019,5330186417397297423,"(30, 55)","(17, 17)","(51, 29)"
53,60,0.5,bot4,success,59,10033350038410887019,5330186417397297423,"(30, 55)","(17, 17)","(51, 29)"
54,60,0.3,bot1,success,36,14118459989612266153,11359128163715431294,"(33, 39)","(40, 14)","(53, 42)"
54,60,0.3,bot2,success,36,14118459989612266153,11359128163715431294,"(33, 39)","(40, 14)","(53, 42)"
54,60,0.3,bot3,success,36,14118459989612266153,11359128163715431294,"(33, 39)","(40, 14)","(53, 42)"
54,60,0.3,bot4,success,36,14118459989612266153,11359128163715431294,"(33, 39)","(40, 14)","(53, 42)"
54,60,0.4,bot1,success,36,14118459989612266153,11359128163715431294,"(33, 39)","(40, 14)","(53, 42)"
54,60,0.4,bot2,success,36,14118459989612266153,11359128163715431294,"(33, 39)","(40, 14)","(53, 42)"
54,60,0.4,bot3,success,36,14118459989612266153,11359128163715431294,"(33, 39)","(40, 14)","(53, 42)"
54,60,0.4,bot4,success,36,14118459989612266153,11359128163715431294,"(33, 39)","(40, 14)","(53, 42)"
54,60,0.5,bot1,success,36,14118459989612266153,11359128163715431294,"(33, 39)","(40, 14)","(53, 42)"
54,60,0.5,bot2,success,36,14118459989612266153,11359128163715431294,"(33, 39)","(40, 14)","(53, 42)"
54,60,0.5,bot3,success,36,14118459989612266153,11359128163715431294,"(33, 39)","(40, 14)","(53, 42)"
54,60,0.5,bot4,success,36,14118459989612266153,11359128163715431294,"(33, 39)","(40, 14)","(53, 42)"
55,60,0.3,bot1,success,58,10069085792252939136,8848091499563485234,"(5, 48)","(23, 12)","(41, 4)"
55,60,0.3,bot2,success,58,10069085792252939136,8848091499563485234,"(5, 48)","(23, 12)","(41, 4)"
55,60,0.3,bot3,success,58,10069085792252939136,8848091499563485234,"(5, 48)","(23, 12)","(41, 4)"
55,60,0.3,bot4,success,58,10069085792252939136,8848091499563485234,"(5, 48)","(23, 12)","(41, 4)"
55,60,0.4,bot1,burned,57,10069085792252939136,8848091499563485234,"(5, 48)","(23, 12)","(41, 4)"
55,60,0.4,bot2,burned,57,10069085792252939136,8848091499563485234,"(5, 48)","(23, 12)","(41, 4)"
55,60,0.4,bot3,burned,72,10069085792252939136,8848091499563485234,"(5, 48)","(23, 12)","(41, 4)"
55,60,0.4,bot4,success,58,10069085792252939136,8848091499563485234,"(5, 48)","(23, 12)","(41, 4)"
55,60,0.5,bot1,burned,52,10069085792252939136,8848091499563485234,"(5, 48)","(23, 12)","(41, 4)"
55,60,0.5,bot2,burned,62,10069085792252939136,8848091499563485234,"(5, 48)","(23, 12)","(41, 4)"
55,60,0.5,bot3,burned,62,10069085792252939136,8848091499563485234,"(5, 48)","(23, 12)","(41, 4)"
55,60,0.5,bot4,burned,62,10069085792252939136,8848091499563485234,"(5, 48)","(23, 12)","(41, 4)"
56,60,0.3,bot1,success,51,12585462935317800933,13188143484424988904,"(44, 0)","(27, 28)","(51, 0)"
56,60,0.3,bot2,success,51,12585462935317800933,13188143484424988904,"(44, 0)","(27, 28)","(51, 0)"
56,60,0.3,bot3,success,51,12585462935317800933,13188143484424988904,"(44, 0)","(27, 28)","(51, 0)"
56,60,0.3,bot4,success,51,12585462935317800933,13188143484424988904,"(44, 0)","(27, 28)","(51, 0)"
56,60,0.4,bot1,success,51,12585462935317800933,13188143484424988904,"(44, 0)","(27, 28)","(51, 0)"
56,60,0.4,bot2,success,51,12585462935317800933,13188143484424988904,"(44, 0)","(27, 28)","(51, 0)"
56,60,0.4,bot3,success,51,12585462935317800933,13188143484424988904,"(44, 0)","(27, 28)","(51, 0)"
56,60,0.4,bot4,success,51,12585462935317800933,13188143484424988904,"(44, 0)","(27, 28)","(51, 0)"
56,60,0.5,bot1,success,51,12585462935317800933,13188143484424988904,"(44, 0)","(27, 28)","(51, 0)"
56,60,0.5,bot2,success,51,12585462935317800933,13188143484424988904,"(44, 0)","(27, 28)","(51, 0)"
56,60,0.5,bot3,success,51,12585462935317800933,13188143484424988904,"(44, 0)","(27, 28)","(51, 0)"
56,60,0.5,bot4,success,51,12585462935317800933,13188143484424988904,"(44, 0)","(27, 28)","(51, 0)"
57,60,0.3,bot1,success,30,10679431502686120380,7193994604578193398,"(46, 14)","(28, 16)","(34, 33)"
57,60,0.3,bot2,success,30,10679431502686120380,7193994604578193398,"(46, 14)","(28, 16)","(34, 33)"
57,60,0.3,bot3,success,30,10679431502686120380,7193994604578193398,"(46, 14)","(28, 16)","(34, 33)"
57,60,0.3,bot4,success,30,10679431502686120380,7193994604578193398,"(46, 14)","(28, 16)","(34, 33)"
57,60,0.4,bot1,success,30,10679431502686120380,7193994604578193398,"(46, 14)","(28, 16)","(34, 33)"
57,60,0.4,bot2,success,30,10679431502686120380,7193994604578193398,"(46, 14)","(28, 16)","(34, 33)"
57,60,0.4,bot3,success,30,10679431502686120380,7193994604578193398,"(46, 14)","(28, 16)","(34, 33)"
57,60,0.4,bot4,success,30,10679431502686120380,7193994604578193398,"(46, 14)","(28, 16)","(34, 33)"
57,60,0.5,bot1,success,30,10679431502686120380,7193994604578193398,"(46, 14)","(28, 16)","(34, 33)"
57,60,0.5,bot2,success,30,10679431502686120380,7193994604578193398,"(46, 14)","(28, 16)","(34, 33)"
57,60,0.5,bot3,success,30,10679431502686120380,7193994604578193398,"(46, 14)","(28, 16)","(34, 33)"
57,60,0.5,bot4,success,30,10679431502686120380,7193994604578193398,"(46, 14)","(28, 16)","(34, 33)"
58,60,0.3,bot1,burned,26,1249864590084392413,10500296261339965303,"(56, 29)","(17, 37)","(30, 32)"
58,60,0.3,bot2,burned,93,1249864590084392413,10500296261339965303,"(56, 29)","(17, 37)","(30, 32)"
58,60,0.3,bot3,burned,96,1249864590084392413,10500296261339965303,"(56, 29)","(17, 37)","(30, 32)"
58,60,0.3,bot4,burned,93,1249864590084392413,10500296261339965303,"(56, 29)","(17, 37)","(30, 32)"
58,60,0.4,bot1,burned,24,1249864590084392413,10500296261339965303,"(56, 29)","(17, 37)","(30, 32)"
58,60,0.4,bot2,burned,75,1249864590084392413,10500296261339965303,"(56, 29)","(17, 37)","(30, 32)"
58,60,0.4,bot3,burned,75,1249864590084392413,10500296261339965303,"(56, 29)","(17, 37)","(30, 32)"
58,60,0.4,bot4,burned,75,1249864590084392413,10500296261339965303,"(56, 29)","(17, 37)","(30, 32)"
58,60,0.5,bot1,burned,21,1249864590084392413,10500296261339965303,"(56, 29)","(17, 37)","(30, 32)"
58,60,0.5,bot2,burned,84,1249864590084392413,10500296261339965303,"(56, 29)","(17, 37)","(30, 32)"
58,60,0.5,bot3,burned,84,1249864590084392413,10500296261339965303,"(56, 29)","(17, 37)","(30, 32)"
58,60,0.5,bot4,burned,84,1249864590084392413,10500296261339965303,"(56, 29)","(17, 37)","(30, 32)"
59,60,0.3,bot1,burned,60,832395389643269800,16906560239322799722,"(20, 37)","(40, 12)","(51, 0)"
59,60,0.3,bot2,burned,63,832395389643269800,16906560239322799722,"(20, 37)","(40, 12)","(51, 0)"
59,60,0.3,bot3,burned,63,832395389643269800,16906560239322799722,"(20, 37)","(40, 12)","(51, 0)"
59,60,0.3,bot4,burned,63,832395389643269800,16906560239322799722,"(20, 37)","(40, 12)","(51, 0)"
59,60,0.4,bot1,burned,58,832395389643269800,16906560239322799722,"(20, 37)","(40, 12)","(51, 0)"
59,60,0.4,bot2,burned,71,832395389643269800,16906560239322799722,"(20, 37)","(40, 12)","(51, 0)"
59,60,0.4,bot3,burned,71,832395389643269800,16906560239322799722,"(20, 37)","(40, 12)","(51, 0)"
59,60,0.4,bot4,burned,71,832395389643269800,16906560239322799722,"(20, 37)","(40, 12)","(51, 0)"
59,60,0.5,bot1,burned,53,832395389643269800,16906560239322799722,"(20, 37)","(40, 12)","(51, 0)"
59,60,0.5,bot2,burned,74,832395389643269800,16906560239322799722,"(20, 37)","(40, 12)","(51, 0)"
59,60,0.5,bot3,burned,74,832395389643269800,16906560239322799722,"(20, 37)","(40, 12)","(51, 0)"
59,60,0.5,bot4,burned,74,832395389643269800,16906560239322799722,"(20, 37)","(40, 12)","(51, 0)"
60,60,0.3,bot1,success,15,17127253826387557696,14458593970222826934,"(41, 34)","(31, 31)","(11, 38)"
60,60,0.3,bot2,success,15,17127253826387557696,14458593970222826934,"(41, 34)","(31, 31)","(11, 38)"
60,60,0.3,bot3,success,15,17127253826387557696,14458593970222826934,"(41, 34)","(31, 31)","(11, 38)"
60,60,0.3,bot4,success,15,17127253826387557696,14458593970222826934,"(41, 34)","(31, 31)","(11, 38)"
60,60,0.4,bot1,success,15,17127253826387557696,14458593970222826934,"(41, 34)","(31, 31)","(11, 38)"
60,60,0.4,bot2,success,15,17127253826387557696,14458593970222826934,"(41, 34)","(31, 31)","(11, 38)"
60,60,0.4,bot3,success,15,17127253826387557696,14458593970222826934,"(41, 34)","(31, 31)","(11, 38)"
60,60,0.4,bot4,success,15,17127253826387557696,14458593970222826934,"(41, 34)","(31, 31)","(11, 38)"
60,60,0.5,bot1,success,15,17127253826387557696,14458593970222826934,"(41, 34)","(31, 31)","(11, 38)"
60,60,0.5,bot2,success,15,17127253826387557696,14458593970222826934,"(41, 34)","(31, 31)","(11, 38)"
60,60,0.5,bot3,success,15,17127253826387557696,14458593970222826934,"(41, 34)","(31, 31)","(11, 38)"
60,60,0.5,bot4,success,15,17127253826387557696,14458593970222826934,"(41, 34)","(31, 31)","(11, 38)"
61,60,0.3,bot1,success,36,703219832123252720,2420837426012031519,"(32, 25)","(8, 31)","(12, 15)"
61,60,0.3,bot2,success,36,703219832123252720,2420837426012031519,"(32, 25)","(8, 31)","(12, 15)"
61,60,0.3,bot3,success,36,703219832123252720,2420837426012031519,"(32, 25)","(8, 31)","(12, 15)"
61,60,0.3,bot4,success,36,703219832123252720,2420837426012031519,"(32, 25)","(8, 31)","(12, 15)"
61,60,0.4,bot1,success,36,703219832123252720,2420837426012031519,"(32, 25)","(8, 31)","(12, 15)"
61,60,0.4,bot2,success,36,703219832123252720,2420837426012031519,"(32, 25)","(8, 31)","(12, 15)"
61,60,0.4,bot3,success,36,703219832123252720,2420837426012031519,"(32, 25)","(8, 31)","(12, 15)"
61,60,0.4,bot4,success,36,703219832123252720,2420837426012031519,"(32, 25)","(8, 31)","(12, 15)"
61,60,0.5,bot1,success,36,703219832123252720,2420837426012031519,"(32, 25)","(8, 31)","(12, 15)"
61,60,0.5,bot2,success,36,703219832123252720,2420837426012031519,"(32, 25)","(8, 31)","(12, 15)"
61,60,0.5,bot3,success,36,703219832123252720,2420837426012031519,"(32, 25)","(8, 31)","(12, 15)"
61,60,0.5,bot4,success,36,703219832123252720,2420837426012031519,"(32, 25)","(8, 31)","(12, 15)"
62,60,0.3,bot1,success,14,18171441069922767520,11289103062063873429,"(41, 28)","(43, 38)","(6, 48)"
62,60,0.3,bot2,success,14,18171441069922767520,11289103062063873429,"(41, 28)","(43, 38)","(6, 48)"
62,60,0.3,bot3,success,14,18171441069922767520,11289103062063873429,"(41, 28)","(43, 38)","(6, 48)"
62,60,0.3,bot4,success,14,18171441069922767520,11289103062063873429,"(41, 28)","(43, 38)","(6, 48)"
62,60,0.4,bot1,success,14,18171441069922767520,11289103062063873429,"(41, 28)","(43, 38)","(6, 48)"
62,60,0.4,bot2,success,14,18171441069922767520,11289103062063873429,"(41, 28)","(43, 38)","(6, 48)"
62,60,0.4,bot3,success,14,18171441069922767520,11289103062063873429,"(41, 28)","(43, 38)","(6, 48)"
62,60,0.4,bot4,success,14,18171441069922767520,11289103062063873429,"(41, 28)","(43, 38)","(6, 48)"
62,60,0.5,bot1,success,14,18171441069922767520,11289103062063873429,"(41, 28)","(43, 38)","(6, 48)"
62,60,0.5,bot2,success,14,18171441069922767520,11289103062063873429,"(41, 28)","(43, 38)","(6, 48)"
62,60,0.5,bot3,success,14,18171441069922767520,11289103062063873429,"(41, 28)","(43, 38)","(6, 48)"
62,60,0.5,bot4,success,14,18171441069922767520,11289103062063873429,"(41, 28)","(43, 38)","(6, 48)"
63,60,0.3,bot1,success,40,13008829673906539160,11915532012500803045,"(18, 23)","(21, 54)","(3, 37)"
63,60,0.3,bot2,success,40,13008829673906539160,11915532012500803045,"(18, 23)","(21, 54)","(3, 37)"
63,60,0.3,bot3,success,40,13008829673906539160,11915532012500803045,"(18, 23)","(21, 54)","(3, 37)"
63,60,0.3,bot4,success,40,13008829673906539160,11915532012500803045,"(18, 23)","(21, 54)","(3, 37)"
63,60,0.4,bot1,success,40,13008829673906539160,11915532012500803045,"(18, 23)","(21, 54)","(3, 37)"
63,60,0.4,bot2,success,40,13008829673906539160,11915532012500803045,"(18, 23)","(21, 54)","(3, 37)"
63,60,0.4,bot3,success,40,13008829673906539160,11915532012500803045,"(18, 23)","(21, 54)","(3, 37)"
63,60,0.4,bot4,success,40,13008829673906539160,11915532012500803045,"(18, 23)","(21, 54)","(3, 37)"
63,60,0.5,bot1,success,40,13008829673906539160,11915532012500803045,"(18, 23)","(21, 54)","(3, 37)"
63,60,0.5,bot2,success,40,13008829673906539160,11915532012500803045,"(18, 23)","(21, 54)","(3, 37)"
63,60,0.5,bot3,success,40,13008829673906539160,11915532012500803045,"(18, 23)","(21, 54)","(3, 37)"
63,60,0.5,bot4,success,40,13008829673906539160,11915532012500803045,"(18, 23)","(21, 54)","(3, 37)"
64,60,0.3,bot1,success,31,1619453805175976069,9077577067556399944,"(53, 59)","(30, 55)","(25, 47)"
64,60,0.3,bot2,success,31,1619453805175976069,9077577067556399944,"(53, 59)","(30, 55)","(25, 47)"
64,60,0.3,bot3,success,31,1619453805175976069,9077577067556399944,"(53, 59)","(30, 55)","(25, 47)"
64,60,0.3,bot4,success,31,1619453805175976069,9077577067556399944,"(53, 59)","(30, 55)","(25, 47)"
64,60,0.4,bot1,success,31,1619453805175976069,9077577067556399944,"(53, 59)","(30, 55)","(25, 47)"
64,60,0.4,bot2,success,31,1619453805175976069,9077577067556399944,"(53, 59)","(30, 55)","(25, 47)"
64,60,0.4,bot3,success,31,1619453805175976069,9077577067556399944,"(53, 59)","(30, 55)","(25, 47)"
64,60,0.4,bot4,success,31,1619453805175976069,9077577067556399944,"(53, 59)","(30, 55)","(25, 47)"
64,60,0.5,bot1,burned,30,1619453805175976069,9077577067556399944,"(53, 59)","(30, 55)","(25, 47)"
64,60,0.5,bot2,burned,33,1619453805175976069,9077577067556399944,"(53, 59)","(30, 55)","(25, 47)"
64,60,0.5,bot3,burned,33,1619453805175976069,9077577067556399944,"(53, 59)","(30, 55)","(25, 47)"
64,60,0.5,bot4,burned,33,1619453805175976069,9077577067556399944,"(53, 59)","(30, 55)","(25, 47)"
65,60,0.3,bot1,success,46,14742148964053080963,8868203680812366851,"(42, 47)","(42, 17)","(47, 54)"
65,60,0.3,bot2,success,46,14742148964053080963,8868203680812366851,"(42, 47)","(42, 17)","(47, 54)"
65,60,0.3,bot3,success,46,14742148964053080963,8868203680812366851,"(42, 47)","(42, 17)","(47, 54)"
65,60,0.3,bot4,success,46,14742148964053080963,8868203680812366851,"(42, 47)","(42, 17)","(47, 54)"
65,60,0.4,bot1,success,46,14742148964053080963,8868203680812366851,"(42, 47)","(42, 17)","(47, 54)"
65,60,0.4,bot2,success,46,14742148964053080963,8868203680812366851,"(42, 47)","(42, 17)","(47, 54)"
65,60,0.4,bot3,success,46,14742148964053080963,8868203680812366851,"(42, 47)","(42, 17)","(47, 54)"
65,60,0.4,bot4,success,46,14742148964053080963,8868203680812366851,"(42, 47)","(42, 17)","(47, 54)"
65,60,0.5,bot1,success,46,14742148964053080963,8868203680812366851,"(42, 47)","(42, 17)","(47, 54)"
65,60,0.5,bot2,success,46,14742148964053080963,8868203680812366851,"(42, 47)","(42, 17)","(47, 54)"
65,60,0.5,bot3,success,46,14742148964053080963,8868203680812366851,"(42, 47)","(42, 17)","(47, 54)"
65,60,0.5,bot4,success,46,14742148964053080963,8868203680812366851,"(42, 47)","(42, 17)","(47, 54)"
66,60,0.3,bot1,success,40,7724642525206871122,11003449458158610488,"(44, 12)","(24, 10)","(54, 26)"
66,60,0.3,bot2,success,40,7724642525206871122,11003449458158610488,"(44, 12)","(24, 10)","(54, 26)"
66,60,0.3,bot3,success,40,7724642525206871122,11003449458158610488,"(44, 12)","(24, 10)","(54, 26)"
66,60,0.3,bot4,success,40,7724642525206871122,11003449458158610488,"(44, 12)","(24, 10)","(54, 26)"
66,60,0.4,bot1,success,40,7724642525206871122,11003449458158610488,"(44, 12)","(24, 10)","(54, 26)"
66,60,0.4,bot2,success,40,7724642525206871122,11003449458158610488,"(44, 12)","(24, 10)","(54, 26)"
66,60,0.4,bot3,success,40,7724642525206871122,11003449458158610488,"(44, 12)","(24, 10)","(54, 26)"
66,60,0.4,bot4,success,40,7724642525206871122,11003449458158610488,"(44, 12)","(24, 10)","(54, 26)"
66,60,0.5,bot1,success,40,7724642525206871122,11003449458158610488,"(44, 12)","(24, 10)","(54, 26)"
66,60,0.5,bot2,success,40,7724642525206871122,11003449458158610488,"(44, 12)","(24, 10)","(54, 26)"
66,60,0.5,bot3,success,40,7724642525206871122,11003449458158610488,"(44, 12)","(24, 10)","(54, 26)"
66,60,0.5,bot4,success,40,7724642525206871122,11003449458158610488,"(44, 12)","(24, 10)","(54, 26)"
67,60,0.3,bot1,success,67,6090784947872827547,1067770452166365443,"(3, 7)","(8, 55)","(40, 54)"
67,60,0.3,bot2,success,67,6090784947872827547,1067770452166365443,"(3, 7)","(8, 55)","(40, 54)"
67,60,0.3,bot3,success,67,6090784947872827547,1067770452166365443,"(3, 7)","(8, 55)","(40, 54)"
67,60,0.3,bot4,success,67,6090784947872827547,1067770452166365443,"(3, 7)","(8, 55)","(40, 54)"
67,60,0.4,bot1,success,67,6090784947872827547,1067770452166365443,"(3, 7)","(8, 55)","(40, 54)"
67,60,0.4,bot2,success,67,6090784947872827547,1067770452166365443,"(3, 7)","(8, 55)","(40, 54)"
67,60,0.4,bot3,success,67,6090784947872827547,1067770452166365443,"(3, 7)","(8, 55)","(40, 54)"
67,60,0.4,bot4,success,67,6090784947872827547,1067770452166365443,"(3, 7)","(8, 55)","(40, 54)"
67,60,0.5,bot1,success,67,6090784947872827547,1067770452166365443,"(3, 7)","(8, 55)","(40, 54)"
67,60,0.5,bot2,success,67,6090784947872827547,1067770452166365443,"(3, 7)","(8, 55)","(40, 54)"
67,60,0.5,bot3,success,67,6090784947872827547,1067770452166365443,"(3, 7)","(8, 55)","(40, 54)"
67,60,0.5,bot4,success,67,6090784947872827547,1067770452166365443,"(3, 7)","(8, 55)","(40, 54)"
68,60,0.3,bot1,success,47,5233405389305817747,8758609117097770601,"(11, 30)","(28, 0)","(47, 46)"
68,60,0.3,bot2,success,47,5233405389305817747,8758609117097770601,"(11, 30)","(28, 0)","(47, 46)"
68,60,0.3,bot3,success,47,5233405389305817747,8758609117097770601,"(11, 30)","(28, 0)","(47, 46)"
68,60,0.3,bot4,success,47,5233405389305817747,8758609117097770601,"(11, 30)","(28, 0)","(47, 46)"
68,60,0.4,bot1,success,47,5233405389305817747,8758609117097770601,"(11, 30)","(28, 0)","(47, 46)"
68,60,0.4,bot2,success,47,5233405389305817747,8758609117097770601,"(11, 30)","(28, 0)","(47, 46)"
68,60,0.4,bot3,success,47,5233405389305817747,8758609117097770601,"(11, 30)","(28, 0)","(47, 46)"
68,60,0.4,bot4,success,47,5233405389305817747,8758609117097770601,"(11, 30)","(28, 0)","(47, 46)"
68,60,0.5,bot1,success,47,5233405389305817747,8758609117097770601,"(11, 30)","(28, 0)","(47, 46)"
68,60,0.5,bot2,success,47,5233405389305817747,8758609117097770601,"(11, 30)","(28, 0)","(47, 46)"
68,60,0.5,bot3,success,47,5233405389305817747,8758609117097770601,"(11, 30)","(28, 0)","(47, 46)"
68,60,0.5,bot4,success,47,5233405389305817747,8758609117097770601,"(11, 30)","(28, 0)","(47, 46)"
69,60,0.3,bot1,success,45,5385025899268682875,8003049271895121437,"(15, 59)","(9, 28)","(48, 47)"
69,60,0.3,bot2,success,45,5385025899268682875,8003049271895121437,"(15, 59)","(9, 28)","(48, 47)"
69,60,0.3,bot3,success,45,5385025899268682875,8003049271895121437,"(15, 59)","(9, 28)","(48, 47)"
69,60,0.3,bot4,success,45,5385025899268682875,8003049271895121437,"(15, 59)","(9, 28)","(48, 47)"
69,60,0.4,bot1,success,45,5385025899268682875,8003049271895121437,"(15, 59)","(9, 28)","(48, 47)"
69,60,0.4,bot2,success,45,5385025899268682875,8003049271895121437,"(15, 59)","(9, 28)","(48, 47)"
69,60,0.4,bot3,success,45,5385025899268682875,8003049271895121437,"(15, 59)","(9, 28)","(48, 47)"
69,60,0.4,bot4,success,45,5385025899268682875,8003049271895121437,"(15, 59)","(9, 28)","(48, 47)"
69,60,0.5,bot1,success,45,5385025899268682875,8003049271895121437,"(15, 59)","(9, 28)","(48, 47)"
69,60,0.5,bot2,success,45,5385025899268682875,8003049271895121437,"(15, 59)","(9, 28)","(48, 47)"
69,60,0.5,bot3,success,45,5385025899268682875,8003049271895121437,"(15, 59)","(9, 28)","(48, 47)"
69,60,0.5,bot4,success,45,5385025899268682875,8003049271895121437,"(15, 59)","(9, 28)","(48, 47)"
70,60,0.3,bot1,success,44,15196017105540736068,15299498842597584260,"(29, 56)","(56, 45)","(42, 21)"
70,60,0.3,bot2,success,44,15196017105540736068,15299498842597584260,"(29, 56)","(56, 45)","(42, 21)"
70,60,0.3,bot3,success,44,15196017105540736068,15299498842597584260,"(29, 56)","(56, 45)","(42, 21)"
70,60,0.3,bot4,success,44,15196017105540736068,15299498842597584260,"(29, 56)","(56, 45)","(42, 21)"
70,60,0.4,bot1,success,44,15196017105540736068,15299498842597584260,"(29, 56)","(56, 45)","(42, 21)"
70,60,0.4,bot2,success,44,15196017105540736068,15299498842597584260,"(29, 56)","(56, 45)","(42, 21)"
70,60,0.4,bot3,success,44,15196017105540736068,15299498842597584260,"(29, 56)","(56, 45)","(42, 21)"
70,60,0.4,bot4,success,44,15196017105540736068,15299498842597584260,"(29, 56)","(56, 45)","(42, 21)"
70,60,0.5,bot1,success,44,15196017105540736068,15299498842597584260,"(29, 56)","(56, 45)","(42, 21)"
70,60,0.5,bot2,success,44,15196017105540736068,15299498842597584260,"(29, 56)","(56, 45)","(42, 21)"
70,60,0.5,bot3,success,44,15196017105540736068,15299498842597584260,"(29, 56)","(56, 45)","(42, 21)"
70,60,0.5,bot4,success,44,15196017105540736068,15299498842597584260,"(29, 56)","(56, 45)","(42, 21)"
71,60,0.3,bot1,success,19,11523825915951453758,8455192687929170556,"(56, 7)","(53, 19)","(40, 27)"
71,60,0.3,bot2,success,19,11523825915951453758,8455192687929170556,"(56, 7)","(53, 19)","(40, 27)"
71,60,0.3,bot3,success,19,11523825915951453758,8455192687929170556,"(56, 7)","(53, 19)","(40, 27)"
71,60,0.3,bot4,success,19,11523825915951453758,8455192687929170556,"(56, 7)","(53, 19)","(40, 27)"
71,60,0.4,bot1,success,19,11523825915951453758,8455192687929170556,"(56, 7)","(53, 19)","(40, 27)"
71,60,0.4,bot2,success,19,11523825915951453758,8455192687929170556,"(56, 7)","(53, 19)","(40, 27)"
71,60,0.4,bot3,success,19,11523825915951453758,8455192687929170556,"(56, 7)","(53, 19)","(40, 27)"
71,60,0.4,bot4,success,19,11523825915951453758,8455192687929170556,"(56, 7)","(53, 19)","(40, 27)"
71,60,0.5,bot1,success,19,11523825915951453758,8455192687929170556,"(56, 7)","(53, 19)","(40, 27)"
71,60,0.5,bot2,success,19,11523825915951453758,8455192687929170556,"(56, 7)","(53, 19)","(40, 27)"
71,60,0.5,bot3,success,19,11523825915951453758,8455192687929170556,"(56, 7)","(53, 19)","(40, 27)"
71,60,0.5,bot4,success,19,11523825915951453758,8455192687929170556,"(56, 7)","(53, 19)","(40, 27)"
72,60,0.3,bot1,success,86,7081042057854857347,7989053525715352729,"(4, 13)","(53, 42)","(12, 46)"
72,60,0.3,bot2,success,86,7081042057854857347,7989053525715352729,"(4, 13)","(53, 42)","(12, 46)"
72,60,0.3,bot3,success,86,7081042057854857347,7989053525715352729,"(4, 13)","(53, 42)","(12, 46)"
72,60,0.3,bot4,success,88,7081042057854857347,7989053525715352729,"(4, 13)","(53, 42)","(12, 46)"
72,60,0.4,bot1,success,86,7081042057854857347,7989053525715352729,"(4, 13)","(53, 42)","(12, 46)"
72,60,0.4,bot2,success,86,7081042057854857347,7989053525715352729,"(4, 13)","(53, 42)","(12, 46)"
72,60,0.4,bot3,success,86,7081042057854857347,7989053525715352729,"(4, 13)","(53, 42)","(12, 46)"
72,60,0.4,bot4,success,86,7081042057854857347,7989053525715352729,"(4, 13)","(53, 42)","(12, 46)"
72,60,0.5,bot1,success,86,7081042057854857347,7989053525715352729,"(4, 13)","(53, 42)","(12, 46)"
72,60,0.5,bot2,success,86,7081042057854857347,7989053525715352729,"(4, 13)","(53, 42)","(12, 46)"
72,60,0.5,bot3,success,86,7081042057854857347,7989053525715352729,"(4, 13)","(53, 42)","(12, 46)"
72,60,0.5,bot4,success,86,7081042057854857347,7989053525715352729,"(4, 13)","(53, 42)","(12, 46)"
73,60,0.3,bot1,success,65,17560539692268656894,9220492803374659645,"(22, 50)","(43, 14)","(6, 7)"
73,60,0.3,bot2,success,65,17560539692268656894,9220492803374659645,"(22, 50)","(43, 14)","(6, 7)"
73,60,0.3,bot3,success,65,17560539692268656894,9220492803374659645,"(22, 50)","(43, 14)","(6, 7)"
73,60,0.3,bot4,success,65,17560539692268656894,9220492803374659645,"(22, 50)","(43, 14)","(6, 7)"
73,60,0.4,bot1,success,65,17560539692268656894,9220492803374659645,"(22, 50)","(43, 14)","(6, 7)"
73,60,0.4,bot2,success,65,17560539692268656894,9220492803374659645,"(22, 50)","(43, 14)","(6, 7)"
73,60,0.4,bot3,success,65,17560539692268656894,9220492803374659645,"(22, 50)","(43, 14)","(6, 7)"
73,60,0.4,bot4,success,65,17560539692268656894,9220492803374659645,"(22, 50)","(43, 14)","(6, 7)"
73,60,0.5,bot1,success,65,17560539692268656894,9220492803374659645,"(22, 50)","(43, 14)","(6, 7)"
73,60,0.5,bot2,success,65,17560539692268656894,9220492803374659645,"(22, 50)","(43, 14)","(6, 7)"
73,60,0.5,bot3,success,65,17560539692268656894,9220492803374659645,"(22, 50)","(43, 14)","(6, 7)"
73,60,0.5,bot4,success,65,17560539692268656894,9220492803374659645,"(22, 50)","(43, 14)","(6, 7)"
74,60,0.3,bot1,burned,49,3504085898676702472,13076041862509346154,"(59, 37)","(23, 25)","(27, 21)"
74,60,0.3,bot2,burned,84,3504085898676702472,13076041862509346154,"(59, 37)","(23, 25)","(27, 21)"
74,60,0.3,bot3,burned,84,3504085898676702472,13076041862509346154,"(59, 37)","(23, 25)","(27, 21)"
74,60,0.3,bot4,burned,84,3504085898676702472,13076041862509346154,"(59, 37)","(23, 25)","(27, 21)"
74,60,0.4,bot1,burned,41,3504085898676702472,13076041862509346154,"(59, 37)","(23, 25)","(27, 21)"
74,60,0.4,bot2,burned,43,3504085898676702472,13076041862509346154,"(59, 37)","(23, 25)","(27, 21)"
74,60,0.4,bot3,burned,71,3504085898676702472,13076041862509346154,"(59, 37)","(23, 25)","(27, 21)"
74,60,0.4,bot4,burned,43,3504085898676702472,13076041862509346154,"(59, 37)","(23, 25)","(27, 21)"
74,60,0.5,bot1,burned,41,3504085898676702472,13076041862509346154,"(59, 37)","(23, 25)","(27, 21)"
74,60,0.5,bot2,burned,41,3504085898676702472,13076041862509346154,"(59, 37)","(23, 25)","(27, 21)"
74,60,0.5,bot3,burned,59,3504085898676702472,13076041862509346154,"(59, 37)","(23, 25)","(27, 21)"
74,60,0.5,bot4,burned,41,3504085898676702472,13076041862509346154,"(59, 37)","(23, 25)","(27, 21)"
75,60,0.3,bot1,success,73,11837457792885918403,9265549235744306482,"(10, 47)","(48, 32)","(19, 27)"
75,60,0.3,bot2,success,73,11837457792885918403,9265549235744306482,"(10, 47)","(48, 32)","(19, 27)"
75,60,0.3,bot3,success,73,11837457792885918403,9265549235744306482,"(10, 47)","(48, 32)","(19, 27)"
75,60,0.3,bot4,success,75,11837457792885918403,9265549235744306482,"(10, 47)","(48, 32)","(19, 27)"
75,60,0.4,bot1,success,73,11837457792885918403,9265549235744306482,"(10, 47)","(48, 32)","(19, 27)"
75,60,0.4,bot2,success,73,11837457792885918403,9265549235744306482,"(10, 47)","(48, 32)","(19, 27)"
75,60,0.4,bot3,success,73,11837457792885918403,9265549235744306482,"(10, 47)","(48, 32)","(19, 27)"
75,60,0.4,bot4,success,75,11837457792885918403,9265549235744306482,"(10, 47)","(48, 32)","(19, 27)"
75,60,0.5,bot1,burned,56,11837457792885918403,9265549235744306482,"(10, 47)","(48, 32)","(19, 27)"
75,60,0.5,bot2,burned,55,11837457792885918403,9265549235744306482,"(10, 47)","(48, 32)","(19, 27)"
75,60,0.5,bot3,burned,81,11837457792885918403,9265549235744306482,"(10, 47)","(48, 32)","(19, 27)"
75,60,0.5,bot4,burned,74,11837457792885918403,9265549235744306482,"(10, 47)","(48, 32)","(19, 27)"
76,60,0.3,bot1,success,65,4740402354965224635,8124530400859444545,"(8, 2)","(16, 43)","(25, 14)"
76,60,0.3,bot2,success,65,4740402354965224635,8124530400859444545,"(8, 2)","(16, 43)","(25, 14)"
76,60,0.3,bot3,success,65,4740402354965224635,8124530400859444545,"(8, 2)","(16, 43)","(25, 14)"
76,60,0.3,bot4,success,77,4740402354965224635,8124530400859444545,"(8, 2)","(16, 43)","(25, 14)"
76,60,0.4,bot1,success,65,4740402354965224635,8124530400859444545,"(8, 2)","(16, 43)","(25, 14)"
76,60,0.4,bot2,success,65,4740402354965224635,8124530400859444545,"(8, 2)","(16, 43)","(25, 14)"
76,60,0.4,bot3,success,65,4740402354965224635,8124530400859444545,"(8, 2)","(16, 43)","(25, 14)"
76,60,0.4,bot4,success,77,4740402354965224635,8124530400859444545,"(8, 2)","(16, 43)","(25, 14)"
76,60,0.5,bot1,burned,28,4740402354965224635,8124530400859444545,"(8, 2)","(16, 43)","(25, 14)"
76,60,0.5,bot2,success,75,4740402354965224635,8124530400859444545,"(8, 2)","(16, 43)","(25, 14)"
76,60,0.5,bot3,success,75,4740402354965224635,8124530400859444545,"(8, 2)","(16, 43)","(25, 14)"
76,60,0.5,bot4,success,73,4740402354965224635,8124530400859444545,"(8, 2)","(16, 43)","(25, 14)"
77,60,0.3,bot1,success,50,11961711920994213760,14203038815107494983,"(6, 51)","(35, 40)","(3, 24)"
77,60,0.3,bot2,success,50,11961711920994213760,14203038815107494983,"(6, 51)","(35, 40)","(3, 24)"
77,60,0.3,bot3,success,50,11961711920994213760,14203038815107494983,"(6, 51)","(35, 40)","(3, 24)"
77,60,0.3,bot4,success,50,11961711920994213760,14203038815107494983,"(6, 51)","(35, 40)","(3, 24)"
77,60,0.4,bot1,success,50,11961711920994213760,14203038815107494983,"(6, 51)","(35, 40)","(3, 24)"
77,60,0.4,bot2,success,50,11961711920994213760,14203038815107494983,"(6, 51)","(35, 40)","(3, 24)"
77,60,0.4,bot3,success,50,11961711920994213760,14203038815107494983,"(6, 51)","(35, 40)","(3, 24)"
77,60,0.4,bot4,success,50,11961711920994213760,14203038815107494983,"(6, 51)","(35, 40)","(3, 24)"
77,60,0.5,bot1,success,50,11961711920994213760,14203038815107494983,"(6, 51)","(35, 40)","(3, 24)"
77,60,0.5,bot2,success,50,11961711920994213760,14203038815107494983,"(6, 51)","(35, 40)","(3, 24)"
77,60,0.5,bot3,success,50,11961711920994213760,14203038815107494983,"(6, 51)","(35, 40)","(3, 24)"
77,60,0.5,bot4,success,50,11961711920994213760,14203038815107494983,"(6, 51)","(35, 40)","(3, 24)"
78,60,0.3,bot1,success,42,1197836181011091961,6754593043699594572,"(40, 5)","(55, 24)","(17, 16)"
78,60,0.3,bot2,success,42,1197836181011091961,6754593043699594572,"(40, 5)","(55, 24)","(17, 16)"
78,60,0.3,bot3,success,42,1197836181011091961,6754593043699594572,"(40, 5)","(55, 24)","(17, 16)"
78,60,0.3,bot4,success,42,1197836181011091961,6754593043699594572,"(40, 5)","(55, 24)","(17, 16)"
78,60,0.4,bot1,success,42,1197836181011091961,6754593043699594572,"(40, 5)","(55, 24)","(17, 16)"
78,60,0.4,bot2,success,42,1197836181011091961,6754593043699594572,"(40, 5)","(55, 24)","(17, 16)"
78,60,0.4,bot3,success,42,1197836181011091961,6754593043699594572,"(40, 5)","(55, 24)","(17, 16)"
78,60,0.4,bot4,success,42,1197836181011091961,6754593043699594572,"(40, 5)","(55, 24)","(17, 16)"
78,60,0.5,bot1,success,42,1197836181011091961,6754593043699594572,"(40, 5)","(55, 24)","(17, 16)"
78,60,0.5,bot2,success,42,1197836181011091961,6754593043699594572,"(40, 5)","(55, 24)","(17, 16)"
78,60,0.5,bot3,success,42,1197836181011091961,6754593043699594572,"(40, 5)","(55, 24)","(17, 16)"
78,60,0.5,bot4,success,42,1197836181011091961,6754593043699594572,"(40, 5)","(55, 24)","(17, 16)"
79,60,0.3,bot1,success,62,4364451162254149011,11463927021240288163,"(31, 50)","(13, 14)","(36, 33)"
79,60,0.3,bot2,success,62,4364451162254149011,11463927021240288163,"(31, 50)","(13, 14)","(36, 33)"
79,60,0.3,bot3,success,62,4364451162254149011,11463927021240288163,"(31, 50)","(13, 14)","(36, 33)"
79,60,0.3,bot4,success,64,4364451162254149011,11463927021240288163,"(31, 50)","(13, 14)","(36, 33)"
79,60,0.4,bot1,success,62,4364451162254149011,11463927021240288163,"(31, 50)","(13, 14)","(36, 33)"
79,60,0.4,bot2,success,62,4364451162254149011,11463927021240288163,"(31, 50)","(13, 14)","(36, 33)"
79,60,0.4,bot3,success,62,4364451162254149011,11463927021240288163,"(31, 50)","(13, 14)","(36, 33)"
79,60,0.4,bot4,success,64,4364451162254149011,11463927021240288163,"(31, 50)","(13, 14)","(36, 33)"
79,60,0.5,bot1,burned,30,4364451162254149011,11463927021240288163,"(31, 50)","(13, 14)","(36, 33)"
79,60,0.5,bot2,burned,33,4364451162254149011,11463927021240288163,"(31, 50)","(13, 14)","(36, 33)"
79,60,0.5,bot3,burned,60,4364451162254149011,11463927021240288163,"(31, 50)","(13, 14)","(36, 33)"
79,60,0.5,bot4,burned,33,4364451162254149011,11463927021240288163,"(31, 50)","(13, 14)","(36, 33)"
80,60,0.3,bot1,success,53,13186441924554181754,4888492749830953143,"(58, 42)","(24, 31)","(59, 56)"
80,60,0.3,bot2,success,53,13186441924554181754,4888492749830953143,"(58, 42)","(24, 31)","(59, 56)"
80,60,0.3,bot3,success,53,13186441924554181754,4888492749830953143,"(58, 42)","(24, 31)","(59, 56)"
80,60,0.3,bot4,success,53,13186441924554181754,4888492749830953143,"(58, 42)","(24, 31)","(59, 56)"
80,60,0.4,bot1,success,53,13186441924554181754,4888492749830953143,"(58, 42)","(24, 31)","(59, 56)"
80,60,0.4,bot2,success,53,13186441924554181754,4888492749830953143,"(58, 42)","(24, 31)","(59, 56)"
80,60,0.4,bot3,success,53,13186441924554181754,4888492749830953143,"(58, 42)","(24, 31)","(59, 56)"
80,60,0.4,bot4,success,53,13186441924554181754,4888492749830953143,"(58, 42)","(24, 31)","(59, 56)"
80,60,0.5,bot1,success,53,13186441924554181754,4888492749830953143,"(58, 42)","(24, 31)","(59, 56)"
80,60,0.5,bot2,success,53,13186441924554181754,4888492749830953143,"(58, 42)","(24, 31)","(59, 56)"
80,60,0.5,bot3,success,53,13186441924554181754,4888492749830953143,"(58, 42)","(24, 31)","(59, 56)"
80,60,0.5,bot4,success,53,13186441924554181754,4888492749830953143,"(58, 42)","(24, 31)","(59, 56)"
81,60,0.3,bot1,burned,50,8031526438052089987,4668338365797079801,"(8, 1)","(56, 14)","(48, 25)"
81,60,0.3,bot2,burned,78,8031526438052089987,4668338365797079801,"(8, 1)","(56, 14)","(48, 25)"
81,60,0.3,bot3,burned,78,8031526438052089987,4668338365797079801,"(8, 1)","(56, 14)","(48, 25)"
81,60,0.3,bot4,burned,78,8031526438052089987,4668338365797079801,"(8, 1)","(56, 14)","(48, 25)"
81,60,0.4,bot1,burned,46,8031526438052089987,4668338365797079801,"(8, 1)","(56, 14)","(48, 25)"
81,60,0.4,bot2,burned,53,8031526438052089987,4668338365797079801,"(8, 1)","(56, 14)","(48, 25)"
81,60,0.4,bot3,burned,53,8031526438052089987,4668338365797079801,"(8, 1)","(56, 14)","(48, 25)"
81,60,0.4,bot4,burned,53,8031526438052089987,4668338365797079801,"(8, 1)","(56, 14)","(48, 25)"
81,60,0.5,bot1,burned,44,8031526438052089987,4668338365797079801,"(8, 1)","(56, 14)","(48, 25)"
81,60,0.5,bot2,burned,80,8031526438052089987,4668338365797079801,"(8, 1)","(56, 14)","(48, 25)"
81,60,0.5,bot3,burned,80,8031526438052089987,4668338365797079801,"(8, 1)","(56, 14)","(48, 25)"
81,60,0.5,bot4,burned,80,8031526438052089987,4668338365797079801,"(8, 1)","(56, 14)","(48, 25)"
82,60,0.3,bot1,success,29,10124184134606442545,11992436651680702925,"(11, 19)","(27, 22)","(28, 40)"
82,60,0.3,bot2,success,29,10124184134606442545,11992436651680702925,"(11, 19)","(27, 22)","(28, 40)"
82,60,0.3,bot3,success,29,10124184134606442545,11992436651680702925,"(11, 19)","(27, 22)","(28, 40)"
82,60,0.3,bot4,success,29,10124184134606442545,11992436651680702925,"(11, 19)","(27, 22)","(28, 40)"
82,60,0.4,bot1,success,29,10124184134606442545,11992436651680702925,"(11, 19)","(27, 22)","(28, 40)"
82,60,0.4,bot2,success,29,10124184134606442545,11992436651680702925,"(11, 19)","(27, 22)","(28, 40)"
82,60,0.4,bot3,success,29,10124184134606442545,11992436651680702925,"(11, 19)","(27, 22)","(28, 40)"
82,60,0.4,bot4,success,29,10124184134606442545,11992436651680702925,"(11, 19)","(27, 22)","(28, 40)"
82,60,0.5,bot1,success,29,10124184134606442545,11992436651680702925,"(11, 19)","(27, 22)","(28, 40)"
82,60,0.5,bot2,success,29,10124184134606442545,11992436651680702925,"(11, 19)","(27, 22)","(28, 40)"
82,60,0.5,bot3,success,29,10124184134606442545,11992436651680702925,"(11, 19)","(27, 22)","(28, 40)"
82,60,0.5,bot4,success,29,10124184134606442545,11992436651680702925,"(11, 19)","(27, 22)","(28, 40)"
83,60,0.3,bot1,success,23,2571336780699681204,11084423220373818983,"(16, 6)","(6, 15)","(21, 41)"
83,60,0.3,bot2,success,23,2571336780699681204,11084423220373818983,"(16, 6)","(6, 15)","(21, 41)"
83,60,0.3,bot3,success,23,2571336780699681204,11084423220373818983,"(16, 6)","(6, 15)","(21, 41)"
83,60,0.3,bot4,success,23,2571336780699681204,11084423220373818983,"(16, 6)","(6, 15)","(21, 41)"
83,60,0.4,bot1,success,23,2571336780699681204,11084423220373818983,"(16, 6)","(6, 15)","(21, 41)"
83,60,0.4,bot2,success,23,2571336780699681204,11084423220373818983,"(16, 6)","(6, 15)","(21, 41)"
83,60,0.4,bot3,success,23,2571336780699681204,11084423220373818983,"(16, 6)","(6, 15)","(21, 41)"
83,60,0.4,bot4,success,23,2571336780699681204,11084423220373818983,"(16, 6)","(6, 15)","(21, 41)"
83,60,0.5,bot1,success,23,2571336780699681204,11084423220373818983,"(16, 6)","(6, 15)","(21, 41)"
83,60,0.5,bot2,success,23,2571336780699681204,11084423220373818983,"(16, 6)","(6, 15)","(21, 41)"
83,60,0.5,bot3,success,23,2571336780699681204,11084423220373818983,"(16, 6)","(6, 15)","(21, 41)"
83,60,0.5,bot4,success,23,2571336780699681204,11084423220373818983,"(16, 6)","(6, 15)","(21, 41)"
84,60,0.3,bot1,burned,49,960663543539452806,8900598205612644164,"(5, 13)","(22, 54)","(31, 51)"
84,60,0.3,bot2,burned,72,960663543539452806,8900598205612644164,"(5, 13)","(22, 54)","(31, 51)"
84,60,0.3,bot3,burned,72,960663543539452806,8900598205612644164,"(5, 13)","(22, 54)","(31, 51)"
84,60,0.3,bot4,burned,72,960663543539452806,8900598205612644164,"(5, 13)","(22, 54)","(31, 51)"
84,60,0.4,bot1,burned,46,960663543539452806,8900598205612644164,"(5, 13)","(22, 54)","(31, 51)"
84,60,0.4,bot2,burned,96,960663543539452806,8900598205612644164,"(5, 13)","(22, 54)","(31, 51)"
84,60,0.4,bot3,burned,96,960663543539452806,8900598205612644164,"(5, 13)","(22, 54)","(31, 51)"
84,60,0.4,bot4,burned,96,960663543539452806,8900598205612644164,"(5, 13)","(22, 54)","(31, 51)"
84,60,0.5,bot1,burned,41,960663543539452806,8900598205612644164,"(5, 13)","(22, 54)","(31, 51)"
84,60,0.5,bot2,burned,68,960663543539452806,8900598205612644164,"(5, 13)","(22, 54)","(31, 51)"
84,60,0.5,bot3,burned,68,960663543539452806,8900598205612644164,"(5, 13)","(22, 54)","(31, 51)"
84,60,0.5,bot4,burned,68,960663543539452806,8900598205612644164,"(5, 13)","(22, 54)","(31, 51)"
85,60,0.3,bot1,success,57,8659777509904974686,7544167865153913682,"(50, 37)","(8, 46)","(2, 12)"
85,60,0.3,bot2,success,57,8659777509904974686,7544167865153913682,"(50, 37)","(8, 46)","(2, 12)"
85,60,0.3,bot3,success,57,8659777509904974686,7544167865153913682,"(50, 37)","(8, 46)","(2, 12)"
85,60,0.3,bot4,success,57,8659777509904974686,7544167865153913682,"(50, 37)","(8, 46)","(2, 12)"
85,60,0.4,bot1,success,57,8659777509904974686,7544167865153913682,"(50, 37)","(8, 46)","(2, 12)"
85,60,0.4,bot2,success,57,8659777509904974686,7544167865153913682,"(50, 37)","(8, 46)","(2, 12)"
85,60,0.4,bot3,success,57,8659777509904974686,7544167865153913682,"(50, 37)","(8, 46)","(2, 12)"
85,60,0.4,bot4,success,57,8659777509904974686,7544167865153913682,"(50, 37)","(8, 46)","(2, 12)"
85,60,0.5,bot1,success,57,8659777509904974686,7544167865153913682,"(50, 37)","(8, 46)","(2, 12)"
85,60,0.5,bot2,success,57,8659777509904974686,7544167865153913682,"(50, 37)","(8, 46)","(2, 12)"
85,60,0.5,bot3,success,57,8659777509904974686,7544167865153913682,"(50, 37)","(8, 46)","(2, 12)"
85,60,0.5,bot4,success,57,8659777509904974686,7544167865153913682,"(50, 37)","(8, 46)","(2, 12)"
86,60,0.3,bot1,success,70,410389261777128149,12914442704266377593,"(7, 5)","(0, 46)","(38, 6)"
86,60,0.3,bot2,success,70,410389261777128149,12914442704266377593,"(7, 5)","(0, 46)","(38, 6)"
86,60,0.3,bot3,success,70,410389261777128149,12914442704266377593,"(7, 5)","(0, 46)","(38, 6)"
86,60,0.3,bot4,success,70,410389261777128149,12914442704266377593,"(7, 5)","(0, 46)","(38, 6)"
86,60,0.4,bot1,success,70,410389261777128149,12914442704266377593,"(7, 5)","(0, 46)","(38, 6)"
86,60,0.4,bot2,success,70,410389261777128149,12914442704266377593,"(7, 5)","(0, 46)","(38, 6)"
86,60,0.4,bot3,success,70,410389261777128149,12914442704266377593,"(7, 5)","(0, 46)","(38, 6)"
86,60,0.4,bot4,success,70,410389261777128149,12914442704266377593,"(7, 5)","(0, 46)","(38, 6)"
86,60,0.5,bot1,success,70,410389261777128149,12914442704266377593,"(7, 5)","(0, 46)","(38, 6)"
86,60,0.5,bot2,success,70,410389261777128149,12914442704266377593,"(7, 5)","(0, 46)","(38, 6)"
86,60,0.5,bot3,success,70,410389261777128149,12914442704266377593,"(7, 5)","(0, 46)","(38, 6)"
86,60,0.5,bot4,success,70,410389261777128149,12914442704266377593,"(7, 5)","(0, 46)","(38, 6)"
87,60,0.3,bot1,success,41,7222225478540690416,2019516236759417918,"(54, 32)","(25, 30)","(0, 57)"
87,60,0.3,bot2,success,41,7222225478540690416,2019516236759417918,"(54, 32)","(25, 30)","(0, 57)"
87,60,0.3,bot3,success,41,7222225478540690416,2019516236759417918,"(54, 32)","(25, 30)","(0, 57)"
87,60,0.3,bot4,success,41,7222225478540690416,2019516236759417918,"(54, 32)","(25, 30)","(0, 57)"
87,60,0.4,bot1,success,41,7222225478540690416,2019516236759417918,"(54, 32)","(25, 30)","(0, 57)"
87,60,0.4,bot2,success,41,7222225478540690416,2019516236759417918,"(54, 32)","(25, 30)","(0, 57)"
87,60,0.4,bot3,success,41,7222225478540690416,2019516236759417918,"(54, 32)","(25, 30)","(0, 57)"
87,60,0.4,bot4,success,41,7222225478540690416,2019516236759417918,"(54, 32)","(25, 30)","(0, 57)"
87,60,0.5,bot1,success,41,7222225478540690416,2019516236759417918,"(54, 32)","(25, 30)","(0, 57)"
87,60,0.5,bot2,success,41,7222225478540690416,2019516236759417918,"(54, 32)","(25, 30)","(0, 57)"
87,60,0.5,bot3,success,41,7222225478540690416,2019516236759417918,"(54, 32)","(25, 30)","(0, 57)"
87,60,0.5,bot4,success,41,7222225478540690416,2019516236759417918,"(54, 32)","(25, 30)","(0, 57)"
88,60,0.3,bot1,success,98,11405486216843453584,10237948943235005277,"(33, 5)","(1, 59)","(36, 14)"
88,60,0.3,bot2,success,98,11405486216843453584,10237948943235005277,"(33, 5)","(1, 59)","(36, 14)"
88,60,0.3,bot3,success,98,11405486216843453584,10237948943235005277,"(33, 5)","(1, 59)","(36, 14)"
88,60,0.3,bot4,success,100,11405486216843453584,10237948943235005277,"(33, 5)","(1, 59)","(36, 14)"
88,60,0.4,bot1,burned,20,11405486216843453584,10237948943235005277,"(33, 5)","(1, 59)","(36, 14)"
88,60,0.4,bot2,success,100,11405486216843453584,10237948943235005277,"(33, 5)","(1, 59)","(36, 14)"
88,60,0.4,bot3,success,100,11405486216843453584,10237948943235005277,"(33, 5)","(1, 59)","(36, 14)"
88,60,0.4,bot4,success,106,11405486216843453584,10237948943235005277,"(33, 5)","(1, 59)","(36, 14)"
88,60,0.5,bot1,burned,22,11405486216843453584,10237948943235005277,"(33, 5)","(1, 59)","(36, 14)"
88,60,0.5,bot2,burned,22,11405486216843453584,10237948943235005277,"(33, 5)","(1, 59)","(36, 14)"
88,60,0.5,bot3,success,100,11405486216843453584,10237948943235005277,"(33, 5)","(1, 59)","(36, 14)"
88,60,0.5,bot4,success,100,11405486216843453584,10237948943235005277,"(33, 5)","(1, 59)","(36, 14)"
89,60,0.3,bot1,success,46,9860267044768472971,436031516765926594,"(38, 57)","(6, 49)","(8, 24)"
89,60,0.3,bot2,success,46,9860267044768472971,436031516765926594,"(38, 57)","(6, 49)","(8, 24)"
89,60,0.3,bot3,success,46,9860267044768472971,436031516765926594,"(38, 57)","(6, 49)","(8, 24)"
89,60,0.3,bot4,success,46,9860267044768472971,436031516765926594,"(38, 57)","(6, 49)","(8, 24)"
89,60,0.4,bot1,success,46,9860267044768472971,436031516765926594,"(38, 57)","(6, 49)","(8, 24)"
89,60,0.4,bot2,success,46,9860267044768472971,436031516765926594,"(38, 57)","(6, 49)","(8, 24)"
89,60,0.4,bot3,success,46,9860267044768472971,436031516765926594,"(38, 57)","(6, 49)","(8, 24)"
89,60,0.4,bot4,success,46,9860267044768472971,436031516765926594,"(38, 57)","(6, 49)","(8, 24)"
89,60,0.5,bot1,success,46,9860267044768472971,436031516765926594,"(38, 57)","(6, 49)","(8, 24)"
89,60,0.5,bot2,success,46,9860267044768472971,436031516765926594,"(38, 57)","(6, 49)","(8, 24)"
89,60,0.5,bot3,success,46,9860267044768472971,436031516765926594,"(38, 57)","(6, 49)","(8, 24)"
89,60,0.5,bot4,success,46,9860267044768472971,436031516765926594,"(38, 57)","(6, 49)","(8, 24)"
90,60,0.3,bot1,success,63,9529828750224470763,8838871439993007296,"(15, 41)","(57, 56)","(44, 17)"
90,60,0.3,bot2,success,63,9529828750224470763,8838871439993007296,"(15, 41)","(57, 56)","(44, 17)"
90,60,0.3,bot3,success,63,9529828750224470763,8838871439993007296,"(15, 41)","(57, 56)","(44, 17)"
90,60,0.3,bot4,success,63,9529828750224470763,8838871439993007296,"(15, 41)","(57, 56)","(44, 17)"
90,60,0.4,bot1,success,63,9529828750224470763,8838871439993007296,"(15, 41)","(57, 56)","(44, 17)"
90,60,0.4,bot2,success,63,9529828750224470763,8838871439993007296,"(15, 41)","(57, 56)","(44, 17)"
90,60,0.4,bot3,success,63,9529828750224470763,8838871439993007296,"(15, 41)","(57, 56)","(44, 17)"
90,60,0.4,bot4,success,63,9529828750224470763,8838871439993007296,"(15, 41)","(57, 56)","(44, 17)"
90,60,0.5,bot1,success,63,9529828750224470763,8838871439993007296,"(15, 41)","(57, 56)","(44, 17)"
90,60,0.5,bot2,success,63,9529828750224470763,8838871439993007296,"(15, 41)","(57, 56)","(44, 17)"
90,60,0.5,bot3,success,63,9529828750224470763,8838871439993007296,"(15, 41)","(57, 56)","(44, 17)"
90,60,0.5,bot4,success,63,9529828750224470763,8838871439993007296,"(15, 41)","(57, 56)","(44, 17)"
91,60,0.3,bot1,success,53,1849291295497537290,16123093427572655026,"(20, 39)","(54, 58)","(9, 29)"
91,60,0.3,bot2,success,53,1849291295497537290,16123093427572655026,"(20, 39)","(54, 58)","(9, 29)"
91,60,0.3,bot3,success,53,1849291295497537290,16123093427572655026,"(20, 39)","(54, 58)","(9, 29)"
91,60,0.3,bot4,success,53,1849291295497537290,16123093427572655026,"(20, 39)","(54, 58)","(9, 29)"
91,60,0.4,bot1,success,53,1849291295497537290,16123093427572655026,"(20, 39)","(54, 58)","(9, 29)"
91,60,0.4,bot2,success,53,1849291295497537290,16123093427572655026,"(20, 39)","(54, 58)","(9, 29)"
91,60,0.4,bot3,success,53,1849291295497537290,16123093427572655026,"(20, 39)","(54, 58)","(9, 29)"
91,60,0.4,bot4,success,53,1849291295497537290,16123093427572655026,"(20, 39)","(54, 58)","(9, 29)"
91,60,0.5,bot1,success,53,1849291295497537290,16123093427572655026,"(20, 39)","(54, 58)","(9, 29)"
91,60,0.5,bot2,success,53,1849291295497537290,16123093427572655026,"(20, 39)","(54, 58)","(9, 29)"
91,60,0.5,bot3,success,53,1849291295497537290,16123093427572655026,"(20, 39)","(54, 58)","(9, 29)"
91,60,0.5,bot4,success,53,1849291295497537290,16123093427572655026,"(20, 39)","(54, 58)","(9, 29)"
92,60,0.3,bot1,success,19,6968464361315918919,4087192167907706133,"(27, 35)","(15, 34)","(58, 12)"
92,60,0.3,bot2,success,19,6968464361315918919,4087192167907706133,"(27, 35)","(15, 34)","(58, 12)"
92,60,0.3,bot3,success,19,6968464361315918919,4087192167907706133,"(27, 35)","(15, 34)","(58, 12)"
92,60,0.3,bot4,success,19,6968464361315918919,4087192167907706133,"(27, 35)","(15, 34)","(58, 12)"
92,60,0.4,bot1,success,19,6968464361315918919,4087192167907706133,"(27, 35)","(15, 34)","(58, 12)"
92,60,0.4,bot2,success,19,6968464361315918919,4087192167907706133,"(27, 35)","(15, 34)","(58, 12)"
92,60,0.4,bot3,success,19,6968464361315918919,4087192167907706133,"(27, 35)","(15, 34)","(58, 12)"
92,60,0.4,bot4,success,19,6968464361315918919,4087192167907706133,"(27, 35)","(15, 34)","(58, 12)"
92,60,0.5,bot1,success,19,6968464361315918919,4087192167907706133,"(27, 35)","(15, 34)","(58, 12)"
92,60,0.5,bot2,success,19,6968464361315918919,4087192167907706133,"(27, 35)","(15, 34)","(58, 12)"
92,60,0.5,bot3,success,19,6968464361315918919,4087192167907706133,"(27, 35)","(15, 34)","(58, 12)"
92,60,0.5,bot4,success,19,6968464361315918919,4087192167907706133,"(27, 35)","(15, 34)","(58, 12)"
93,60,0.3,bot1,success,61,2407834753984139375,10365963527419677166,"(49, 35)","(4, 25)","(19, 1)"
93,60,0.3,bot2,success,61,2407834753984139375,10365963527419677166,"(49, 35)","(4, 25)","(19, 1)"
93,60,0.3,bot3,success,61,2407834753984139375,10365963527419677166,"(49, 35)","(4, 25)","(19, 1)"
93,60,0.3,bot4,success,61,2407834753984139375,10365963527419677166,"(49, 35)","(4, 25)","(19, 1)"
93,60,0.4,bot1,success,61,2407834753984139375,10365963527419677166,"(49, 35)","(4, 25)","(19, 1)"
93,60,0.4,bot2,success,61,2407834753984139375,10365963527419677166,"(49, 35)","(4, 25)","(19, 1)"
93,60,0.4,bot3,success,61,2407834753984139375,10365963527419677166,"(49, 35)","(4, 25)","(19, 1)"
93,60,0.4,bot4,success,61,2407834753984139375,10365963527419677166,"(49, 35)","(4, 25)","(19, 1)"
93,60,0.5,bot1,burned,46,2407834753984139375,10365963527419677166,"(49, 35)","(4, 25)","(19, 1)"
93,60,0.5,bot2,burned,54,2407834753984139375,10365963527419677166,"(49, 35)","(4, 25)","(19, 1)"
93,60,0.5,bot3,burned,70,2407834753984139375,10365963527419677166,"(49, 35)","(4, 25)","(19, 1)"
93,60,0.5,bot4,burned,54,2407834753984139375,10365963527419677166,"(49, 35)","(4, 25)","(19, 1)"
94,60,0.3,bot1,burned,50,10685960815578587385,11451632563269750545,"(1, 34)","(37, 12)","(21, 12)"
94,60,0.3,bot2,burned,119,10685960815578587385,11451632563269750545,"(1, 34)","(37, 12)","(21, 12)"
94,60,0.3,bot3,burned,119,10685960815578587385,11451632563269750545,"(1, 34)","(37, 12)","(21, 12)"
94,60,0.3,bot4,burned,119,10685960815578587385,11451632563269750545,"(1, 34)","(37, 12)","(21, 12)"
94,60,0.4,bot1,burned,46,10685960815578587385,11451632563269750545,"(1, 34)","(37, 12)","(21, 12)"
94,60,0.4,bot2,burned,78,10685960815578587385,11451632563269750545,"(1, 34)","(37, 12)","(21, 12)"
94,60,0.4,bot3,burned,78,10685960815578587385,11451632563269750545,"(1, 34)","(37, 12)","(21, 12)"
94,60,0.4,bot4,burned,78,10685960815578587385,11451632563269750545,"(1, 34)","(37, 12)","(21, 12)"
94,60,0.5,bot1,burned,44,10685960815578587385,11451632563269750545,"(1, 34)","(37, 12)","(21, 12)"
94,60,0.5,bot2,burned,67,10685960815578587385,11451632563269750545,"(1, 34)","(37, 12)","(21, 12)"
94,60,0.5,bot3,burned,74,10685960815578587385,11451632563269750545,"(1, 34)","(37, 12)","(21, 12)"
94,60,0.5,bot4,burned,67,10685960815578587385,11451632563269750545,"(1, 34)","(37, 12)","(21, 12)"
95,60,0.3,bot1,success,41,2721987191509722152,17122908556141614774,"(3, 56)","(25, 57)","(43, 18)"
95,60,0.3,bot2,success,41,2721987191509722152,17122908556141614774,"(3, 56)","(25, 57)","(43, 18)"
95,60,0.3,bot3,success,41,2721987191509722152,17122908556141614774,"(3, 56)","(25, 57)","(43, 18)"
95,60,0.3,bot4,success,41,2721987191509722152,17122908556141614774,"(3, 56)","(25, 57)","(43, 18)"
95,60,0.4,bot1,success,41,2721987191509722152,17122908556141614774,"(3, 56)","(25, 57)","(43, 18)"
95,60,0.4,bot2,success,41,2721987191509722152,17122908556141614774,"(3, 56)","(25, 57)","(43, 18)"
95,60,0.4,bot3,success,41,2721987191509722152,17122908556141614774,"(3, 56)","(25, 57)","(43, 18)"
95,60,0.4,bot4,success,41,2721987191509722152,17122908556141614774,"(3, 56)","(25, 57)","(43, 18)"
95,60,0.5,bot1,success,41,2721987191509722152,17122908556141614774,"(3, 56)","(25, 57)","(43, 18)"
95,60,0.5,bot2,success,41,2721987191509722152,17122908556141614774,"(3, 56)","(25, 57)","(43, 18)"
95,60,0.5,bot3,success,41,2721987191509722152,17122908556141614774,"(3, 56)","(25, 57)","(43, 18)"
95,60,0.5,bot4,success,41,2721987191509722152,17122908556141614774,"(3, 56)","(25, 57)","(43, 18)"
96,60,0.3,bot1,success,84,10326551876615101083,6518373373738520036,"(56, 38)","(29, 27)","(54, 11)"
96,60,0.3,bot2,success,84,10326551876615101083,6518373373738520036,"(56, 38)","(29, 27)","(54, 11)"
96,60,0.3,bot3,success,84,10326551876615101083,6518373373738520036,"(56, 38)","(29, 27)","(54, 11)"
96,60,0.3,bot4,success,84,10326551876615101083,6518373373738520036,"(56, 38)","(29, 27)","(54, 11)"
96,60,0.4,bot1,success,84,10326551876615101083,6518373373738520036,"(56, 38)","(29, 27)","(54, 11)"
96,60,0.4,bot2,success,84,10326551876615101083,6518373373738520036,"(56, 38)","(29, 27)","(54, 11)"
96,60,0.4,bot3,success,84,10326551876615101083,6518373373738520036,"(56, 38)","(29, 27)","(54, 11)"
96,60,0.4,bot4,success,84,10326551876615101083,6518373373738520036,"(56, 38)","(29, 27)","(54, 11)"
96,60,0.5,bot1,success,84,10326551876615101083,6518373373738520036,"(56, 38)","(29, 27)","(54, 11)"
96,60,0.5,bot2,success,84,10326551876615101083,6518373373738520036,"(56, 38)","(29, 27)","(54, 11)"
96,60,0.5,bot3,success,84,10326551876615101083,6518373373738520036,"(56, 38)","(29, 27)","(54, 11)"
96,60,0.5,bot4,success,84,10326551876615101083,6518373373738520036,"(56, 38)","(29, 27)","(54, 11)"
97,60,0.3,bot1,success,50,15646371550275163850,5306139384584206480,"(33, 56)","(47, 22)","(1, 45)"
97,60,0.3,bot2,success,50,15646371550275163850,5306139384584206480,"(33, 56)","(47, 22)","(1, 45)"
97,60,0.3,bot3,success,50,15646371550275163850,5306139384584206480,"(33, 56)","(47, 22)","(1, 45)"
97,60,0.3,bot4,success,50,15646371550275163850,5306139384584206480,"(33, 56)","(47, 22)","(1, 45)"
97,60,0.4,bot1,success,50,15646371550275163850,5306139384584206480,"(33, 56)","(47, 22)","(1, 45)"
97,60,0.4,bot2,success,50,15646371550275163850,5306139384584206480,"(33, 56)","(47, 22)","(1, 45)"
97,60,0.4,bot3,success,50,15646371550275163850,5306139384584206480,"(33, 56)","(47, 22)","(1, 45)"
97,60,0.4,bot4,success,50,15646371550275163850,5306139384584206480,"(33, 56)","(47, 22)","(1, 45)"
97,60,0.5,bot1,success,50,15646371550275163850,5306139384584206480,"(33, 56)","(47, 22)","(1, 45)"
97,60,0.5,bot2,success,50,15646371550275163850,5306139384584206480,"(33, 56)","(47, 22)","(1, 45)"
97,60,0.5,bot3,success,50,15646371550275163850,5306139384584206480,"(33, 56)","(47, 22)","(1, 45)"
97,60,0.5,bot4,success,50,15646371550275163850,5306139384584206480,"(33, 56)","(47, 22)","(1, 45)"
98,60,0.3,bot1,success,54,3370635454467796860,2655998733754104320,"(24, 35)","(59, 18)","(9, 50)"
98,60,0.3,bot2,success,54,3370635454467796860,2655998733754104320,"(24, 35)","(59, 18)","(9, 50)"
98,60,0.3,bot3,success,54,3370635454467796860,2655998733754104320,"(24, 35)","(59, 18)","(9, 50)"
98,60,0.3,bot4,success,54,3370635454467796860,2655998733754104320,"(24, 35)","(59, 18)","(9, 50)"
98,60,0.4,bot1,success,54,3370635454467796860,2655998733754104320,"(24, 35)","(59, 18)","(9, 50)"
98,60,0.4,bot2,success,54,3370635454467796860,2655998733754104320,"(24, 35)","(59, 18)","(9, 50)"
98,60,0.4,bot3,success,54,3370635454467796860,2655998733754104320,"(24, 35)","(59, 18)","(9, 50)"
98,60,0.4,bot4,success,54,3370635454467796860,2655998733754104320,"(24, 35)","(59, 18)","(9, 50)"
98,60,0.5,bot1,success,54,3370635454467796860,2655998733754104320,"(24, 35)","(59, 18)","(9, 50)"
98,60,0.5,bot2,success,54,3370635454467796860,2655998733754104320,"(24, 35)","(59, 18)","(9, 50)"
98,60,0.5,bot3,success,54,3370635454467796860,2655998733754104320,"(24, 35)","(59, 18)","(9, 50)"
98,60,0.5,bot4,success,54,3370635454467796860,2655998733754104320,"(24, 35)","(59, 18)","(9, 50)"
99,60,0.3,bot1,success,70,17845368659638226843,18275217375429086178,"(4, 55)","(41, 26)","(40, 56)"
99,60,0.3,bot2,success,70,17845368659638226843,18275217375429086178,"(4, 55)","(41, 26)","(40, 56)"
99,60,0.3,bot3,success,70,17845368659638226843,18275217375429086178,"(4, 55)","(41, 26)","(40, 56)"
99,60,0.3,bot4,success,70,17845368659638226843,18275217375429086178,"(4, 55)","(41, 26)","(40, 56)"
99,60,0.4,bot1,success,70,17845368659638226843,18275217375429086178,"(4, 55)","(41, 26)","(40, 56)"
99,60,0.4,bot2,success,70,17845368659638226843,18275217375429086178,"(4, 55)","(41, 26)","(40, 56)"
99,60,0.4,bot3,success,70,17845368659638226843,18275217375429086178,"(4, 55)","(41, 26)","(40, 56)"
99,60,0.4,bot4,success,70,17845368659638226843,18275217375429086178,"(4, 55)","(41, 26)","(40, 56)"
99,60,0.5,bot1,burned,70,17845368659638226843,18275217375429086178,"(4, 55)","(41, 26)","(40, 56)"
99,60,0.5,bot2,burned,71,17845368659638226843,18275217375429086178,"(4, 55)","(41, 26)","(40, 56)"
99,60,0.5,bot3,burned,71,17845368659638226843,18275217375429086178,"(4, 55)","(41, 26)","(40, 56)"
99,60,0.5,bot4,burned,71,17845368659638226843,18275217375429086178,"(4, 55)","(41, 26)","(40, 56)"
100,60,0.3,bot1,burned,54,8515094210471153912,9716240025142709765,"(49, 58)","(27, 6)","(40, 14)"
100,60,0.3,bot2,burned,65,8515094210471153912,9716240025142709765,"(49, 58)","(27, 6)","(40, 14)"
100,60,0.3,bot3,burned,65,8515094210471153912,9716240025142709765,"(49, 58)","(27, 6)","(40, 14)"
100,60,0.3,bot4,burned,65,8515094210471153912,9716240025142709765,"(49, 58)","(27, 6)","(40, 14)"
100,60,0.4,bot1,burned,47,8515094210471153912,9716240025142709765,"(49, 58)","(27, 6)","(40, 14)"
100,60,0.4,bot2,burned,54,8515094210471153912,9716240025142709765,"(49, 58)","(27, 6)","(40, 14)"
100,60,0.4,bot3,burned,64,8515094210471153912,9716240025142709765,"(49, 58)","(27, 6)","(40, 14)"
100,60,0.4,bot4,burned,54,8515094210471153912,9716240025142709765,"(49, 58)","(27, 6)","(40, 14)"
100,60,0.5,bot1,burned,44,8515094210471153912,9716240025142709765,"(49, 58)","(27, 6)","(40, 14)"
100,60,0.5,bot2,burned,65,8515094210471153912,9716240025142709765,"(49, 58)","(27, 6)","(40, 14)"
100,60,0.5,bot3,burned,69,8515094210471153912,9716240025142709765,"(49, 58)","(27, 6)","(40, 14)"
100,60,0.5,bot4,burned,65,8515094210471153912,9716240025142709765,"(49, 58)","(27, 6)","(40, 14)"
101,60,0.3,bot1,success,74,14782539000018930755,6259470258024118469,"(59, 38)","(9, 28)","(1, 51)"
101,60,0.3,bot2,success,74,14782539000018930755,6259470258024118469,"(59, 38)","(9, 28)","(1, 51)"
101,60,0.3,bot3,success,74,14782539000018930755,6259470258024118469,"(59, 38)","(9, 28)","(1, 51)"
101,60,0.3,bot4,success,74,14782539000018930755,6259470258024118469,"(59, 38)","(9, 28)","(1, 51)"
101,60,0.4,bot1,success,74,14782539000018930755,6259470258024118469,"(59, 38)","(9, 28)","(1, 51)"
101,60,0.4,bot2,success,74,14782539000018930755,6259470258024118469,"(59, 38)","(9, 28)","(1, 51)"
101,60,0.4,bot3,success,74,14782539000018930755,6259470258024118469,"(59, 38)","(9, 28)","(1, 51)"
101,60,0.4,bot4,success,74,14782539000018930755,6259470258024118469,"(59, 38)","(9, 28)","(1, 51)"
101,60,0.5,bot1,burned,69,14782539000018930755,6259470258024118469,"(59, 38)","(9, 28)","(1, 51)"
101,60,0.5,bot2,burned,83,14782539000018930755,6259470258024118469,"(59, 38)","(9, 28)","(1, 51)"
101,60,0.5,bot3,burned,83,14782539000018930755,6259470258024118469,"(59, 38)","(9, 28)","(1, 51)"
101,60,0.5,bot4,burned,83,14782539000018930755,6259470258024118469,"(59, 38)","(9, 28)","(1, 51)"
102,60,0.3,bot1,success,45,6094032937141515419,7345340069472552087,"(30, 38)","(4, 55)","(7, 5)"
102,60,0.3,bot2,success,45,6094032937141515419,7345340069472552087,"(30, 38)","(4, 55)","(7, 5)"
102,60,0.3,bot3,success,45,6094032937141515419,7345340069472552087,"(30, 38)","(4, 55)","(7, 5)"
102,60,0.3,bot4,success,45,6094032937141515419,7345340069472552087,"(30, 38)","(4, 55)","(7, 5)"
102,60,0.4,bot1,success,45,6094032937141515419,7345340069472552087,"(30, 38)","(4, 55)","(7, 5)"
102,60,0.4,bot2,success,45,6094032937141515419,7345340069472552087,"(30, 38)","(4, 55)","(7, 5)"
102,60,0.4,bot3,success,45,6094032937141515419,7345340069472552087,"(30, 38)","(4, 55)","(7, 5)"
102,60,0.4,bot4,success,45,6094032937141515419,7345340069472552087,"(30, 38)","(4, 55)","(7, 5)"
102,60,0.5,bot1,success,45,6094032937141515419,7345340069472552087,"(30, 38)","(4, 55)","(7, 5)"
102,60,0.5,bot2,success,45,6094032937141515419,7345340069472552087,"(30, 38)","(4, 55)","(7, 5)"
102,60,0.5,bot3,success,45,6094032937141515419,7345340069472552087,"(30, 38)","(4, 55)","(7, 5)"
102,60,0.5,bot4,success,45,6094032937141515419,7345340069472552087,"(30, 38)","(4, 55)","(7, 5)"
103,60,0.3,bot1,success,71,8267562792064156929,5673899212285446282,"(39, 4)","(13, 43)","(51, 1)"
103,60,0.3,bot2,success,71,8267562792064156929,5673899212285446282,"(39, 4)","(13, 43)","(51, 1)"
103,60,0.3,bot3,success,71,8267562792064156929,5673899212285446282,"(39, 4)","(13, 43)","(51, 1)"
103,60,0.3,bot4,success,71,8267562792064156929,5673899212285446282,"(39, 4)","(13, 43)","(51, 1)"
103,60,0.4,bot1,success,71,8267562792064156929,5673899212285446282,"(39, 4)","(13, 43)","(51, 1)"
103,60,0.4,bot2,success,71,8267562792064156929,5673899212285446282,"(39, 4)","(13, 43)","(51, 1)"
103,60,0.4,bot3,success,71,8267562792064156929,5673899212285446282,"(39, 4)","(13, 43)","(51, 1)"
103,60,0.4,bot4,success,71,8267562792064156929,5673899212285446282,"(39, 4)","(13, 43)","(51, 1)"
103,60,0.5,bot1,success,71,8267562792064156929,5673899212285446282,"(39, 4)","(13, 43)","(51, 1)"
103,60,0.5,bot2,success,71,8267562792064156929,5673899212285446282,"(39, 4)","(13, 43)","(51, 1)"
103,60,0.5,bot3,success,71,8267562792064156929,5673899212285446282,"(39, 4)","(13, 43)","(51, 1)"
103,60,0.5,bot4,success,71,8267562792064156929,5673899212285446282,"(39, 4)","(13, 43)","(51, 1)"
104,60,0.3,bot1,success,54,15582819323861642230,3522690574652343209,"(38, 50)","(56, 20)","(17, 0)"
104,60,0.3,bot2,success,54,15582819323861642230,3522690574652343209,"(38, 50)","(56, 20)","(17, 0)"
104,60,0.3,bot3,success,54,15582819323861642230,3522690574652343209,"(38, 50)","(56, 20)","(17, 0)"
104,60,0.3,bot4,success,54,15582819323861642230,3522690574652343209,"(38, 50)","(56, 20)","(17, 0)"
104,60,0.4,bot1,success,54,15582819323861642230,3522690574652343209,"(38, 50)","(56, 20)","(17, 0)"
104,60,0.4,bot2,success,54,15582819323861642230,3522690574652343209,"(38, 50)","(56, 20)","(17, 0)"
104,60,0.4,bot3,success,54,15582819323861642230,3522690574652343209,"(38, 50)","(56, 20)","(17, 0)"
104,60,0.4,bot4,success,54,15582819323861642230,3522690574652343209,"(38, 50)","(56, 20)","(17, 0)"
104,60,0.5,bot1,success,54,15582819323861642230,3522690574652343209,"(38, 50)","(56, 20)","(17, 0)"
104,60,0.5,bot2,success,54,15582819323861642230,3522690574652343209,"(38, 50)","(56, 20)","(17, 0)"
104,60,0.5,bot3,success,54,15582819323861642230,3522690574652343209,"(38, 50)","(56, 20)","(17, 0)"
104,60,0.5,bot4,success,54,15582819323861642230,3522690574652343209,"(38, 50)","(56, 20)","(17, 0)"
105,60,0.3,bot1,success,88,6752290058136886525,8195698609039036150,"(19, 2)","(54, 45)","(8, 24)"
105,60,0.3,bot2,success,88,6752290058136886525,8195698609039036150,"(19, 2)","(54, 45)","(8, 24)"
105,60,0.3,bot3,success,88,6752290058136886525,8195698609039036150,"(19, 2)","(54, 45)","(8, 24)"
105,60,0.3,bot4,success,88,6752290058136886525,8195698609039036150,"(19, 2)","(54, 45)","(8, 24)"
105,60,0.4,bot1,success,88,6752290058136886525,8195698609039036150,"(19, 2)","(54, 45)","(8, 24)"
105,60,0.4,bot2,success,88,6752290058136886525,8195698609039036150,"(19, 2)","(54, 45)","(8, 24)"
105,60,0.4,bot3,success,88,6752290058136886525,8195698609039036150,"(19, 2)","(54, 45)","(8, 24)"
105,60,0.4,bot4,success,88,6752290058136886525,8195698609039036150,"(19, 2)","(54, 45)","(8, 24)"
105,60,0.5,bot1,success,88,6752290058136886525,8195698609039036150,"(19, 2)","(54, 45)","(8, 24)"
105,60,0.5,bot2,success,88,6752290058136886525,8195698609039036150,"(19, 2)","(54, 45)","(8, 24)"
105,60,0.5,bot3,success,88,6752290058136886525,8195698609039036150,"(19, 2)","(54, 45)","(8, 24)"
105,60,0.5,bot4,success,88,6752290058136886525,8195698609039036150,"(19, 2)","(54, 45)","(8, 24)"
106,60,0.3,bot1,success,37,140093976008842272,14153706124890438428,"(49, 14)","(52, 32)","(19, 18)"
106,60,0.3,bot2,success,37,140093976008842272,14153706124890438428,"(49, 14)","(52, 32)","(19, 18)"
106,60,0.3,bot3,success,37,140093976008842272,14153706124890438428,"(49, 14)","(52, 32)","(19, 18)"
106,60,0.3,bot4,success,37,140093976008842272,14153706124890438428,"(49, 14)","(52, 32)","(19, 18)"
106,60,0.4,bot1,success,37,140093976008842272,14153706124890438428,"(49, 14)","(52, 32)","(19, 18)"
106,60,0.4,bot2,success,37,140093976008842272,14153706124890438428,"(49, 14)","(52, 32)","(19, 18)"
106,60,0.4,bot3,success,37,140093976008842272,14153706124890438428,"(49, 14)","(52, 32)","(19, 18)"
106,60,0.4,bot4,success,37,140093976008842272,14153706124890438428,"(49, 14)","(52, 32)","(19, 18)"
106,60,0.5,bot1,success,37,140093976008842272,14153706124890438428,"(49, 14)","(52, 32)","(19, 18)"
106,60,0.5,bot2,success,37,140093976008842272,14153706124890438428,"(49, 14)","(52, 32)","(19, 18)"
106,60,0.5,bot3,success,37,140093976008842272,14153706124890438428,"(49, 14)","(52, 32)","(19, 18)"
106,60,0.5,bot4,success,37,140093976008842272,14153706124890438428,"(49, 14)","(52, 32)","(19, 18)"
107,60,0.3,bot1,success,29,14259051432328156422,16633889172927355345,"(50, 15)","(47, 29)","(58, 7)"
107,60,0.3,bot2,success,29,14259051432328156422,16633889172927355345,"(50, 15)","(47, 29)","(58, 7)"
107,60,0.3,bot3,success,29,14259051432328156422,16633889172927355345,"(50, 15)","(47, 29)","(58, 7)"
107,60,0.3,bot4,success,29,14259051432328156422,16633889172927355345,"(50, 15)","(47, 29)","(58, 7)"
107,60,0.4,bot1,success,29,14259051432328156422,16633889172927355345,"(50, 15)","(47, 29)","(58, 7)"
107,60,0.4,bot2,success,29,14259051432328156422,16633889172927355345,"(50, 15)","(47, 29)","(58, 7)"
107,60,0.4,bot3,success,29,14259051432328156422,16633889172927355345,"(50, 15)","(47, 29)","(58, 7)"
107,60,0.4,bot4,success,29,14259051432328156422,16633889172927355345,"(50, 15)","(47, 29)","(58, 7)"
107,60,0.5,bot1,success,29,14259051432328156422,16633889172927355345,"(50, 15)","(47, 29)","(58, 7)"
107,60,0.5,bot2,success,29,14259051432328156422,16633889172927355345,"(50, 15)","(47, 29)","(58, 7)"
107,60,0.5,bot3,success,29,14259051432328156422,16633889172927355345,"(50, 15)","(47, 29)","(58, 7)"
107,60,0.5,bot4,success,29,14259051432328156422,16633889172927355345,"(50, 15)","(47, 29)","(58, 7)"
108,60,0.3,bot1,success,36,3251375100433018454,10582515303740415043,"(57, 25)","(47, 47)","(29, 4)"
108,60,0.3,bot2,success,36,3251375100433018454,10582515303740415043,"(57, 25)","(47, 47)","(29, 4)"
108,60,0.3,bot3,success,36,3251375100433018454,10582515303740415043,"(57, 25)","(47, 47)","(29, 4)"
108,60,0.3,bot4,success,36,3251375100433018454,10582515303740415043,"(57, 25)","(47, 47)","(29, 4)"
108,60,0.4,bot1,success,36,3251375100433018454,10582515303740415043,"(57, 25)","(47, 47)","(29, 4)"
108,60,0.4,bot2,success,36,3251375100433018454,10582515303740415043,"(57, 25)","(47, 47)","(29, 4)"
108,60,0.4,bot3,success,36,3251375100433018454,10582515303740415043,"(57, 25)","(47, 47)","(29, 4)"
108,60,0.4,bot4,success,36,3251375100433018454,10582515303740415043,"(57, 25)","(47, 47)","(29, 4)"
108,60,0.5,bot1,success,36,3251375100433018454,10582515303740415043,"(57, 25)","(47, 47)","(29, 4)"
108,60,0.5,bot2,success,36,3251375100433018454,10582515303740415043,"(57, 25)","(47, 47)","(29, 4)"
108,60,0.5,bot3,success,36,3251375100433018454,10582515303740415043,"(57, 25)","(47, 47)","(29, 4)"
108,60,0.5,bot4,success,36,3251375100433018454,10582515303740415043,"(57, 25)","(47, 47)","(29, 4)"
109,60,0.3,bot1,success,41,15983169153020775092,17501328307942764250,"(29, 15)","(6, 21)","(50, 10)"
109,60,0.3,bot2,success,41,15983169153020775092,17501328307942764250,"(29, 15)","(6, 21)","(50, 10)"
109,60,0.3,bot3,success,41,15983169153020775092,17501328307942764250,"(29, 15)","(6, 21)","(50, 10)"
109,60,0.3,bot4,success,41,15983169153020775092,17501328307942764250,"(29, 15)","(6, 21)","(50, 10)"
109,60,0.4,bot1,success,41,15983169153020775092,17501328307942764250,"(29, 15)","(6, 21)","(50, 10)"
109,60,0.4,bot2,success,41,15983169153020775092,17501328307942764250,"(29, 15)","(6, 21)","(50, 10)"
109,60,0.4,bot3,success,41,15983169153020775092,17501328307942764250,"(29, 15)","(6, 21)","(50, 10)"
109,60,0.4,bot4,success,41,15983169153020775092,17501328307942764250,"(29, 15)","(6, 21)","(50, 10)"
109,60,0.5,bot1,success,41,15983169153020775092,17501328307942764250,"(29, 15)","(6, 21)","(50, 10)"
109,60,0.5,bot2,success,41,15983169153020775092,17501328307942764250,"(29, 15)","(6, 21)","(50, 10)"
109,60,0.5,bot3,success,41,15983169153020775092,17501328307942764250,"(29, 15)","(6, 21)","(50, 10)"
109,60,0.5,bot4,success,41,15983169153020775092,17501328307942764250,"(29, 15)","(6, 21)","(50, 10)"
110,60,0.3,bot1,success,59,16332312706638883439,6378911574852132190,"(28, 19)","(35, 55)","(38, 11)"
110,60,0.3,bot2,success,59,16332312706638883439,6378911574852132190,"(28, 19)","(35, 55)","(38, 11)"
110,60,0.3,bot3,success,59,16332312706638883439,6378911574852132190,"(28, 19)","(35, 55)","(38, 11)"
110,60,0.3,bot4,success,63,16332312706638883439,6378911574852132190,"(28, 19)","(35, 55)","(38, 11)"
110,60,0.4,bot1,success,59,16332312706638883439,6378911574852132190,"(28, 19)","(35, 55)","(38, 11)"
110,60,0.4,bot2,success,59,16332312706638883439,6378911574852132190,"(28, 19)","(35, 55)","(38, 11)"
110,60,0.4,bot3,success,59,16332312706638883439,6378911574852132190,"(28, 19)","(35, 55)","(38, 11)"
110,60,0.4,bot4,success,63,16332312706638883439,6378911574852132190,"(28, 19)","(35, 55)","(38, 11)"
110,60,0.5,bot1,success,59,16332312706638883439,6378911574852132190,"(28, 19)","(35, 55)","(38, 11)"
110,60,0.5,bot2,success,59,16332312706638883439,6378911574852132190,"(28, 19)","(35, 55)","(38, 11)"
110,60,0.5,bot3,success,59,16332312706638883439,6378911574852132190,"(28, 19)","(35, 55)","(38, 11)"
110,60,0.5,bot4,success,63,16332312706638883439,6378911574852132190,"(28, 19)","(35, 55)","(38, 11)"
111,60,0.3,bot1,success,28,1036762141429350316,16630506123863214542,"(36, 43)","(58, 41)","(27, 41)"
111,60,0.3,bot2,success,28,1036762141429350316,16630506123863214542,"(36, 43)","(58, 41)","(27, 41)"
111,60,0.3,bot3,success,28,1036762141429350316,16630506123863214542,"(36, 43)","(58, 41)","(27, 41)"
111,60,0.3,bot4,success,28,1036762141429350316,16630506123863214542,"(36, 43)","(58, 41)","(27, 41)"
111,60,0.4,bot1,success,28,1036762141429350316,16630506123863214542,"(36, 43)","(58, 41)","(27, 41)"
111,60,0.4,bot2,success,28,1036762141429350316,16630506123863214542,"(36, 43)","(58, 41)","(27, 41)"
111,60,0.4,bot3,success,28,1036762141429350316,16630506123863214542,"(36, 43)","(58, 41)","(27, 41)"
111,60,0.4,bot4,success,28,1036762141429350316,16630506123863214542,"(36, 43)","(58, 41)","(27, 41)"
111,60,0.5,bot1,success,28,1036762141429350316,16630506123863214542,"(36, 43)","(58, 41)","(27, 41)"
111,60,0.5,bot2,success,28,1036762141429350316,16630506123863214542,"(36, 43)","(58, 41)","(27, 41)"
111,60,0.5,bot3,success,28,1036762141429350316,16630506123863214542,"(36, 43)","(58, 41)","(27, 41)"
111,60,0.5,bot4,success,28,1036762141429350316,16630506123863214542,"(36, 43)","(58, 41)","(27, 41)"
112,60,0.3,bot1,success,53,8561555207358197687,3381662545109753735,"(56, 31)","(34, 4)","(43, 53)"
112,60,0.3,bot2,success,53,8561555207358197687,3381662545109753735,"(56, 31)","(34, 4)","(43, 53)"
112,60,0.3,bot3,success,53,8561555207358197687,3381662545109753735,"(56, 31)","(34, 4)","(43, 53)"
112,60,0.3,bot4,success,53,8561555207358197687,3381662545109753735,"(56, 31)","(34, 4)","(43, 53)"
112,60,0.4,bot1,success,53,8561555207358197687,3381662545109753735,"(56, 31)","(34, 4)","(43, 53)"
112,60,0.4,bot2,success,53,8561555207358197687,3381662545109753735,"(56, 31)","(34, 4)","(43, 53)"
112,60,0.4,bot3,success,53,8561555207358197687,3381662545109753735,"(56, 31)","(34, 4)","(43, 53)"
112,60,0.4,bot4,success,53,8561555207358197687,3381662545109753735,"(56, 31)","(34, 4)","(43, 53)"
112,60,0.5,bot1,success,53,8561555207358197687,3381662545109753735,"(56, 31)","(34, 4)","(43, 53)"
112,60,0.5,bot2,success,53,8561555207358197687,3381662545109753735,"(56, 31)","(34, 4)","(43, 53)"
112,60,0.5,bot3,success,53,8561555207358197687,3381662545109753735,"(56, 31)","(34, 4)","(43, 53)"
112,60,0.5,bot4,success,53,8561555207358197687,3381662545109753735,"(56, 31)","(34, 4)","(43, 53)"
113,60,0.3,bot1,success,61,10669406234766680338,4967725236726799731,"(2, 16)","(3, 48)","(3, 7)"
113,60,0.3,bot2,success,61,10669406234766680338,4967725236726799731,"(2, 16)","(3, 48)","(3, 7)"
113,60,0.3,bot3,success,61,10669406234766680338,4967725236726799731,"(2, 16)","(3, 48)","(3, 7)"
113,60,0.3,bot4,success,61,10669406234766680338,4967725236726799731,"(2, 16)","(3, 48)","(3, 7)"
113,60,0.4,bot1,success,61,10669406234766680338,4967725236726799731,"(2, 16)","(3, 48)","(3, 7)"
113,60,0.4,bot2,success,61,10669406234766680338,4967725236726799731,"(2, 16)","(3, 48)","(3, 7)"
113,60,0.4,bot3,success,61,10669406234766680338,4967725236726799731,"(2, 16)","(3, 48)","(3, 7)"
113,60,0.4,bot4,success,61,10669406234766680338,4967725236726799731,"(2, 16)","(3, 48)","(3, 7)"
113,60,0.5,bot1,success,61,10669406234766680338,4967725236726799731,"(2, 16)","(3, 48)","(3, 7)"
113,60,0.5,bot2,success,61,10669406234766680338,4967725236726799731,"(2, 16)","(3, 48)","(3, 7)"
113,60,0.5,bot3,success,61,10669406234766680338,4967725236726799731,"(2, 16)","(3, 48)","(3, 7)"
113,60,0.5,bot4,success,61,10669406234766680338,4967725236726799731,"(2, 16)","(3, 48)","(3, 7)"
114,60,0.3,bot1,success,63,463041605423716904,11995479419480672794,"(41, 40)","(7, 19)","(50, 21)"
114,60,0.3,bot2,success,63,463041605423716904,11995479419480672794,"(41, 40)","(7, 19)","(50, 21)"
114,60,0.3,bot3,success,63,463041605423716904,11995479419480672794,"(41, 40)","(7, 19)","(50, 21)"
114,60,0.3,bot4,success,67,463041605423716904,11995479419480672794,"(41, 40)","(7, 19)","(50, 21)"
114,60,0.4,bot1,success,63,463041605423716904,11995479419480672794,"(41, 40)","(7, 19)","(50, 21)"
114,60,0.4,bot2,success,63,463041605423716904,11995479419480672794,"(41, 40)","(7, 19)","(50, 21)"
114,60,0.4,bot3,success,63,463041605423716904,11995479419480672794,"(41, 40)","(7, 19)","(50, 21)"
114,60,0.4,bot4,success,67,463041605423716904,11995479419480672794,"(41, 40)","(7, 19)","(50, 21)"
114,60,0.5,bot1,success,63,463041605423716904,11995479419480672794,"(41, 40)","(7, 19)","(50, 21)"
114,60,0.5,bot2,success,63,463041605423716904,11995479419480672794,"(41, 40)","(7, 19)","(50, 21)"
114,60,0.5,bot3,success,63,463041605423716904,11995479419480672794,"(41, 40)","(7, 19)","(50, 21)"
114,60,0.5,bot4,success,67,463041605423716904,11995479419480672794,"(41, 40)","(7, 19)","(50, 21)"
115,60,0.3,bot1,success,52,4446685552162109140,4973205646510523346,"(40, 51)","(30, 17)","(50, 16)"
115,60,0.3,bot2,success,52,4446685552162109140,4973205646510523346,"(40, 51)","(30, 17)","(50, 16)"
115,60,0.3,bot3,success,52,4446685552162109140,4973205646510523346,"(40, 51)","(30, 17)","(50, 16)"
115,60,0.3,bot4,success,52,4446685552162109140,4973205646510523346,"(40, 51)","(30, 17)","(50, 16)"
115,60,0.4,bot1,success,52,4446685552162109140,4973205646510523346,"(40, 51)","(30, 17)","(50, 16)"
115,60,0.4,bot2,success,52,4446685552162109140,4973205646510523346,"(40, 51)","(30, 17)","(50, 16)"
115,60,0.4,bot3,success,52,4446685552162109140,4973205646510523346,"(40, 51)","(30, 17)","(50, 16)"
115,60,0.4,bot4,success,52,4446685552162109140,4973205646510523346,"(40, 51)","(30, 17)","(50, 16)"
115,60,0.5,bot1,success,52,4446685552162109140,4973205646510523346,"(40, 51)","(30, 17)","(50, 16)"
115,60,0.5,bot2,success,52,4446685552162109140,4973205646510523346,"(40, 51)","(30, 17)","(50, 16)"
115,60,0.5,bot3,success,52,4446685552162109140,4973205646510523346,"(40, 51)","(30, 17)","(50, 16)"
115,60,0.5,bot4,success,52,4446685552162109140,4973205646510523346,"(40, 51)","(30, 17)","(50, 16)"
116,60,0.3,bot1,burned,71,3229139728612296016,9086241086565796533,"(57, 55)","(0, 13)","(0, 24)"
116,60,0.3,bot2,burned,224,3229139728612296016,9086241086565796533,"(57, 55)","(0, 13)","(0, 24)"
116,60,0.3,bot3,burned,224,3229139728612296016,9086241086565796533,"(57, 55)","(0, 13)","(0, 24)"
116,60,0.3,bot4,burned,224,3229139728612296016,9086241086565796533,"(57, 55)","(0, 13)","(0, 24)"
116,60,0.4,bot1,burned,63,3229139728612296016,9086241086565796533,"(57, 55)","(0, 13)","(0, 24)"
116,60,0.4,bot2,burned,166,3229139728612296016,9086241086565796533,"(57, 55)","(0, 13)","(0, 24)"
116,60,0.4,bot3,burned,166,3229139728612296016,9086241086565796533,"(57, 55)","(0, 13)","(0, 24)"
116,60,0.4,bot4,burned,166,3229139728612296016,9086241086565796533,"(57, 55)","(0, 13)","(0, 24)"
116,60,0.5,bot1,burned,63,3229139728612296016,9086241086565796533,"(57, 55)","(0, 13)","(0, 24)"
116,60,0.5,bot2,burned,170,3229139728612296016,9086241086565796533,"(57, 55)","(0, 13)","(0, 24)"
116,60,0.5,bot3,burned,170,3229139728612296016,9086241086565796533,"(57, 55)","(0, 13)","(0, 24)"
116,60,0.5,bot4,burned,170,3229139728612296016,9086241086565796533,"(57, 55)","(0, 13)","(0, 24)"
117,60,0.3,bot1,success,20,2679854507646634584,1485205680940564787,"(53, 17)","(50, 30)","(11, 41)"
117,60,0.3,bot2,success,20,2679854507646634584,1485205680940564787,"(53, 17)","(50, 30)","(11, 41)"
117,60,0.3,bot3,success,20,2679854507646634584,1485205680940564787,"(53, 17)","(50, 30)","(11, 41)"
117,60,0.3,bot4,success,20,2679854507646634584,1485205680940564787,"(53, 17)","(50, 30)","(11, 41)"
117,60,0.4,bot1,success,20,2679854507646634584,1485205680940564787,"(53, 17)","(50, 30)","(11, 41)"
117,60,0.4,bot2,success,20,2679854507646634584,1485205680940564787,"(53, 17)","(50, 30)","(11, 41)"
117,60,0.4,bot3,success,20,2679854507646634584,1485205680940564787,"(53, 17)","(50, 30)","(11, 41)"
117,60,0.4,bot4,success,20,2679854507646634584,1485205680940564787,"(53, 17)","(50, 30)","(11, 41)"
117,60,0.5,bot1,success,20,2679854507646634584,1485205680940564787,"(53, 17)","(50, 30)","(11, 41)"
117,60,0.5,bot2,success,20,2679854507646634584,1485205680940564787,"(53, 17)","(50, 30)","(11, 41)"
117,60,0.5,bot3,success,20,2679854507646634584,1485205680940564787,"(53, 17)","(50, 30)","(11, 41)"
117,60,0.5,bot4,success,20,2679854507646634584,1485205680940564787,"(53, 17)","(50, 30)","(11, 41)"
118,60,0.3,bot1,success,22,6290189978238174800,13025717344679536995,"(15, 10)","(30, 5)","(38, 26)"
118,60,0.3,bot2,success,22,6290189978238174800,13025717344679536995,"(15, 10)","(30, 5)","(38, 26)"
118,60,0.3,bot3,success,22,6290189978238174800,13025717344679536995,"(15, 10)","(30, 5)","(38, 26)"
118,60,0.3,bot4,success,22,6290189978238174800,13025717344679536995,"(15, 10)","(30, 5)","(38, 26)"
118,60,0.4,bot1,success,22,6290189978238174800,13025717344679536995,"(15, 10)","(30, 5)","(38, 26)"
118,60,0.4,bot2,success,22,6290189978238174800,13025717344679536995,"(15, 10)","(30, 5)","(38, 26)"
118,60,0.4,bot3,success,22,6290189978238174800,13025717344679536995,"(15, 10)","(30, 5)","(38, 26)"
118,60,0.4,bot4,success,22,6290189978238174800,13025717344679536995,"(15, 10)","(30, 5)","(38, 26)"
118,60,0.5,bot1,success,22,6290189978238174800,13025717344679536995,"(15, 10)","(30, 5)","(38, 26)"
118,60,0.5,bot2,success,22,6290189978238174800,13025717344679536995,"(15, 10)","(30, 5)","(38, 26)"
118,60,0.5,bot3,success,22,6290189978238174800,13025717344679536995,"(15, 10)","(30, 5)","(38, 26)"
118,60,0.5,bot4,success,22,6290189978238174800,13025717344679536995,"(15, 10)","(30, 5)","(38, 26)"
119,60,0.3,bot1,success,20,10631730291875120031,15474928772680361034,"(42, 0)","(50, 2)","(20, 1)"
119,60,0.3,bot2,success,20,10631730291875120031,15474928772680361034,"(42, 0)","(50, 2)","(20, 1)"
119,60,0.3,bot3,success,20,10631730291875120031,15474928772680361034,"(42, 0)","(50, 2)","(20, 1)"
119,60,0.3,bot4,success,20,10631730291875120031,15474928772680361034,"(42, 0)","(50, 2)","(20, 1)"
119,60,0.4,bot1,success,20,10631730291875120031,15474928772680361034,"(42, 0)","(50, 2)","(20, 1)"
119,60,0.4,bot2,success,20,10631730291875120031,15474928772680361034,"(42, 0)","(50, 2)","(20, 1)"
119,60,0.4,bot3,success,20,10631730291875120031,15474928772680361034,"(42, 0)","(50, 2)","(20, 1)"
119,60,0.4,bot4,success,20,10631730291875120031,15474928772680361034,"(42, 0)","(50, 2)","(20, 1)"
119,60,0.5,bot1,success,20,10631730291875120031,15474928772680361034,"(42, 0)","(50, 2)","(20, 1)"
119,60,0.5,bot2,success,20,10631730291875120031,15474928772680361034,"(42, 0)","(50, 2)","(20, 1)"
119,60,0.5,bot3,success,20,10631730291875120031,15474928772680361034,"(42, 0)","(50, 2)","(20, 1)"
119,60,0.5,bot4,success,20,10631730291875120031,15474928772680361034,"(42, 0)","(50, 2)","(20, 1)"
120,60,0.3,bot1,burned,26,5216822156988584602,6523901024329289257,"(25, 37)","(34, 55)","(35, 50)"
120,60,0.3,bot2,burned,70,5216822156988584602,6523901024329289257,"(25, 37)","(34, 55)","(35, 50)"
120,60,0.3,bot3,burned,80,5216822156988584602,6523901024329289257,"(25, 37)","(34, 55)","(35, 50)"
120,60,0.3,bot4,burned,70,5216822156988584602,6523901024329289257,"(25, 37)","(34, 55)","(35, 50)"
120,60,0.4,bot1,burned,22,5216822156988584602,6523901024329289257,"(25, 37)","(34, 55)","(35, 50)"
120,60,0.4,bot2,burned,40,5216822156988584602,6523901024329289257,"(25, 37)","(34, 55)","(35, 50)"
120,60,0.4,bot3,burned,40,5216822156988584602,6523901024329289257,"(25, 37)","(34, 55)","(35, 50)"
120,60,0.4,bot4,burned,40,5216822156988584602,6523901024329289257,"(25, 37)","(34, 55)","(35, 50)"
120,60,0.5,bot1,burned,23,5216822156988584602,6523901024329289257,"(25, 37)","(34, 55)","(35, 50)"
120,60,0.5,bot2,burned,30,5216822156988584602,6523901024329289257,"(25, 37)","(34, 55)","(35, 50)"
120,60,0.5,bot3,burned,29,5216822156988584602,6523901024329289257,"(25, 37)","(34, 55)","(35, 50)"
120,60,0.5,bot4,burned,30,5216822156988584602,6523901024329289257,"(25, 37)","(34, 55)","(35, 50)"
121,60,0.3,bot1,burned,39,6712785263154057674,13245141029443755687,"(35, 54)","(37, 3)","(47, 17)"
121,60,0.3,bot2,burned,61,6712785263154057674,13245141029443755687,"(35, 54)","(37, 3)","(47, 17)"
121,60,0.3,bot3,burned,53,6712785263154057674,13245141029443755687,"(35, 54)","(37, 3)","(47, 17)"
121,60,0.3,bot4,burned,61,6712785263154057674,13245141029443755687,"(35, 54)","(37, 3)","(47, 17)"
121,60,0.4,bot1,burned,33,6712785263154057674,13245141029443755687,"(35, 54)","(37, 3)","(47, 17)"
121,60,0.4,bot2,burned,53,6712785263154057674,13245141029443755687,"(35, 54)","(37, 3)","(47, 17)"
121,60,0.4,bot3,burned,62,6712785263154057674,13245141029443755687,"(35, 54)","(37, 3)","(47, 17)"
121,60,0.4,bot4,burned,53,6712785263154057674,13245141029443755687,"(35, 54)","(37, 3)","(47, 17)"
121,60,0.5,bot1,burned,31,6712785263154057674,13245141029443755687,"(35, 54)","(37, 3)","(47, 17)"
121,60,0.5,bot2,burned,81,6712785263154057674,13245141029443755687,"(35, 54)","(37, 3)","(47, 17)"
121,60,0.5,bot3,burned,84,6712785263154057674,13245141029443755687,"(35, 54)","(37, 3)","(47, 17)"
121,60,0.5,bot4,burned,81,6712785263154057674,13245141029443755687,"(35, 54)","(37, 3)","(47, 17)"
122,60,0.3,bot1,success,58,13390903242023330609,192626832771685337,"(38, 49)","(48, 11)","(1, 54)"
122,60,0.3,bot2,success,58,13390903242023330609,192626832771685337,"(38, 49)","(48, 11)","(1, 54)"
122,60,0.3,bot3,success,58,13390903242023330609,192626832771685337,"(38, 49)","(48, 11)","(1, 54)"
122,60,0.3,bot4,success,58,13390903242023330609,192626832771685337,"(38, 49)","(48, 11)","(1, 54)"
122,60,0.4,bot1,success,58,13390903242023330609,192626832771685337,"(38, 49)","(48, 11)","(1, 54)"
122,60,0.4,bot2,success,58,13390903242023330609,192626832771685337,"(38, 49)","(48, 11)","(1, 54)"
122,60,0.4,bot3,success,58,13390903242023330609,192626832771685337,"(38, 49)","(48, 11)","(1, 54)"
122,60,0.4,bot4,success,58,13390903242023330609,192626832771685337,"(38, 49)","(48, 11)","(1, 54)"
122,60,0.5,bot1,success,58,13390903242023330609,192626832771685337,"(38, 49)","(48, 11)","(1, 54)"
122,60,0.5,bot2,success,58,13390903242023330609,192626832771685337,"(38, 49)","(48, 11)","(1, 54)"
122,60,0.5,bot3,success,58,13390903242023330609,192626832771685337,"(38, 49)","(48, 11)","(1, 54)"
122,60,0.5,bot4,success,58,13390903242023330609,192626832771685337,"(38, 49)","(48, 11)","(1, 54)"
123,60,0.3,bot1,success,62,13964433611341921812,3942255688364336027,"(14, 9)","(48, 29)","(0, 11)"
123,60,0.3,bot2,success,62,13964433611341921812,3942255688364336027,"(14, 9)","(48, 29)","(0, 11)"
123,60,0.3,bot3,success,62,13964433611341921812,3942255688364336027,"(14, 9)","(48, 29)","(0, 11)"
123,60,0.3,bot4,success,62,13964433611341921812,3942255688364336027,"(14, 9)","(48, 29)","(0, 11)"
123,60,0.4,bot1,success,62,13964433611341921812,3942255688364336027,"(14, 9)","(48, 29)","(0, 11)"
123,60,0.4,bot2,success,62,13964433611341921812,3942255688364336027,"(14, 9)","(48, 29)","(0, 11)"
123,60,0.4,bot3,success,62,13964433611341921812,3942255688364336027,"(14, 9)","(48, 29)","(0, 11)"
123,60,0.4,bot4,success,62,13964433611341921812,3942255688364336027,"(14, 9)","(48, 29)","(0, 11)"
123,60,0.5,bot1,success,62,13964433611341921812,3942255688364336027,"(14, 9)","(48, 29)","(0, 11)"
123,60,0.5,bot2,success,62,13964433611341921812,3942255688364336027,"(14, 9)","(48, 29)","(0, 11)"
123,60,0.5,bot3,success,62,13964433611341921812,3942255688364336027,"(14, 9)","(48, 29)","(0, 11)"
123,60,0.5,bot4,success,62,13964433611341921812,3942255688364336027,"(14, 9)","(48, 29)","(0, 11)"
124,60,0.3,bot1,burned,18,2484098164185757709,3515203759726872092,"(41, 19)","(38, 49)","(37, 35)"
124,60,0.3,bot2,burned,63,2484098164185757709,3515203759726872092,"(41, 19)","(38, 49)","(37, 35)"
124,60,0.3,bot3,burned,61,2484098164185757709,3515203759726872092,"(41, 19)","(38, 49)","(37, 35)"
124,60,0.3,bot4,burned,61,2484098164185757709,3515203759726872092,"(41, 19)","(38, 49)","(37, 35)"
124,60,0.4,bot1,burned,14,2484098164185757709,3515203759726872092,"(41, 19)","(38, 49)","(37, 35)"
124,60,0.4,bot2,burned,27,2484098164185757709,3515203759726872092,"(41, 19)","(38, 49)","(37, 35)"
124,60,0.4,bot3,burned,30,2484098164185757709,3515203759726872092,"(41, 19)","(38, 49)","(37, 35)"
124,60,0.4,bot4,burned,27,2484098164185757709,3515203759726872092,"(41, 19)","(38, 49)","(37, 35)"
124,60,0.5,bot1,burned,17,2484098164185757709,3515203759726872092,"(41, 19)","(38, 49)","(37, 35)"
124,60,0.5,bot2,burned,41,2484098164185757709,3515203759726872092,"(41, 19)","(38, 49)","(37, 35)"
124,60,0.5,bot3,burned,32,2484098164185757709,3515203759726872092,"(41, 19)","(38, 49)","(37, 35)"
124,60,0.5,bot4,burned,41,2484098164185757709,3515203759726872092,"(41, 19)","(38, 49)","(37, 35)"
125,60,0.3,bot1,burned,48,1904111623737761220,531892150612206623,"(12, 29)","(23, 3)","(12, 12)"
125,60,0.3,bot2,burned,56,1904111623737761220,531892150612206623,"(12, 29)","(23, 3)","(12, 12)"
125,60,0.3,bot3,burned,71,1904111623737761220,531892150612206623,"(12, 29)","(23, 3)","(12, 12)"
125,60,0.3,bot4,burned,56,1904111623737761220,531892150612206623,"(12, 29)","(23, 3)","(12, 12)"
125,60,0.4,bot1,burned,40,1904111623737761220,531892150612206623,"(12, 29)","(23, 3)","(12, 12)"
125,60,0.4,bot2,burned,40,1904111623737761220,531892150612206623,"(12, 29)","(23, 3)","(12, 12)"
125,60,0.4,bot3,burned,62,1904111623737761220,531892150612206623,"(12, 29)","(23, 3)","(12, 12)"
125,60,0.4,bot4,burned,40,1904111623737761220,531892150612206623,"(12, 29)","(23, 3)","(12, 12)"
125,60,0.5,bot1,burned,38,1904111623737761220,531892150612206623,"(12, 29)","(23, 3)","(12, 12)"
125,60,0.5,bot2,burned,51,1904111623737761220,531892150612206623,"(12, 29)","(23, 3)","(12, 12)"
125,60,0.5,bot3,burned,51,1904111623737761220,531892150612206623,"(12, 29)","(23, 3)","(12, 12)"
125,60,0.5,bot4,burned,51,1904111623737761220,531892150612206623,"(12, 29)","(23, 3)","(12, 12)"
126,60,0.3,bot1,success,26,9206864219037850216,2766345542710478597,"(3, 45)","(19, 43)","(2, 53)"
126,60,0.3,bot2,success,26,9206864219037850216,2766345542710478597,"(3, 45)","(19, 43)","(2, 53)"
126,60,0.3,bot3,success,26,9206864219037850216,2766345542710478597,"(3, 45)","(19, 43)","(2, 53)"
126,60,0.3,bot4,success,26,9206864219037850216,2766345542710478597,"(3, 45)","(19, 43)","(2, 53)"
126,60,0.4,bot1,success,26,9206864219037850216,2766345542710478597,"(3, 45)","(19, 43)","(2, 53)"
126,60,0.4,bot2,success,26,9206864219037850216,2766345542710478597,"(3, 45)","(19, 43)","(2, 53)"
126,60,0.4,bot3,success,26,9206864219037850216,2766345542710478597,"(3, 45)","(19, 43)","(2, 53)"
126,60,0.4,bot4,success,26,9206864219037850216,2766345542710478597,"(3, 45)","(19, 43)","(2, 53)"
126,60,0.5,bot1,success,26,9206864219037850216,2766345542710478597,"(3, 45)","(19, 43)","(2, 53)"
126,60,0.5,bot2,success,26,9206864219037850216,2766345542710478597,"(3, 45)","(19, 43)","(2, 53)"
126,60,0.5,bot3,success,26,9206864219037850216,2766345542710478597,"(3, 45)","(19, 43)","(2, 53)"
126,60,0.5,bot4,success,26,9206864219037850216,2766345542710478597,"(3, 45)","(19, 43)","(2, 53)"
127,60,0.3,bot1,burned,35,6273444487427894902,6949071022423029217,"(49, 18)","(17, 49)","(43, 52)"
127,60,0.3,bot2,burned,94,6273444487427894902,6949071022423029217,"(49, 18)","(17, 49)","(43, 52)"
127,60,0.3,bot3,burned,122,6273444487427894902,6949071022423029217,"(49, 18)","(17, 49)","(43, 52)"
127,60,0.3,bot4,success,73,6273444487427894902,6949071022423029217,"(49, 18)","(17, 49)","(43, 52)"
127,60,0.4,bot1,burned,30,6273444487427894902,6949071022423029217,"(49, 18)","(17, 49)","(43, 52)"
127,60,0.4,bot2,burned,104,6273444487427894902,6949071022423029217,"(49, 18)","(17, 49)","(43, 52)"
127,60,0.4,bot3,burned,108,6273444487427894902,6949071022423029217,"(49, 18)","(17, 49)","(43, 52)"
127,60,0.4,bot4,burned,104,6273444487427894902,6949071022423029217,"(49, 18)","(17, 49)","(43, 52)"
127,60,0.5,bot1,burned,27,6273444487427894902,6949071022423029217,"(49, 18)","(17, 49)","(43, 52)"
127,60,0.5,bot2,burned,75,6273444487427894902,6949071022423029217,"(49, 18)","(17, 49)","(43, 52)"
127,60,0.5,bot3,burned,80,6273444487427894902,6949071022423029217,"(49, 18)","(17, 49)","(43, 52)"
127,60,0.5,bot4,burned,75,6273444487427894902,6949071022423029217,"(49, 18)","(17, 49)","(43, 52)"
128,60,0.3,bot1,burned,60,7302699383879660843,15759227593044753768,"(7, 44)","(50, 27)","(57, 35)"
128,60,0.3,bot2,burned,118,7302699383879660843,15759227593044753768,"(7, 44)","(50, 27)","(57, 35)"
128,60,0.3,bot3,burned,118,7302699383879660843,15759227593044753768,"(7, 44)","(50, 27)","(57, 35)"
128,60,0.3,bot4,burned,118,7302699383879660843,15759227593044753768,"(7, 44)","(50, 27)","(57, 35)"
128,60,0.4,bot1,burned,53,7302699383879660843,15759227593044753768,"(7, 44)","(50, 27)","(57, 35)"
128,60,0.4,bot2,burned,109,7302699383879660843,15759227593044753768,"(7, 44)","(50, 27)","(57, 35)"
128,60,0.4,bot3,burned,109,7302699383879660843,15759227593044753768,"(7, 44)","(50, 27)","(57, 35)"
128,60,0.4,bot4,burned,109,7302699383879660843,15759227593044753768,"(7, 44)","(50, 27)","(57, 35)"
128,60,0.5,bot1,burned,47,7302699383879660843,15759227593044753768,"(7, 44)","(50, 27)","(57, 35)"
128,60,0.5,bot2,burned,87,7302699383879660843,15759227593044753768,"(7, 44)","(50, 27)","(57, 35)"
128,60,0.5,bot3,burned,87,7302699383879660843,15759227593044753768,"(7, 44)","(50, 27)","(57, 35)"
128,60,0.5,bot4,burned,87,7302699383879660843,15759227593044753768,"(7, 44)","(50, 27)","(57, 35)"
129,60,0.3,bot1,success,50,3349017960646932745,15658557666064807602,"(22, 11)","(54, 5)","(24, 58)"
129,60,0.3,bot2,success,50,3349017960646932745,15658557666064807602,"(22, 11)","(54, 5)","(24, 58)"
129,60,0.3,bot3,success,50,3349017960646932745,15658557666064807602,"(22, 11)","(54, 5)","(24, 58)"
129,60,0.3,bot4,success,50,3349017960646932745,15658557666064807602,"(22, 11)","(54, 5)","(24, 58)"
129,60,0.4,bot1,success,50,3349017960646932745,15658557666064807602,"(22, 11)","(54, 5)","(24, 58)"
129,60,0.4,bot2,success,50,3349017960646932745,15658557666064807602,"(22, 11)","(54, 5)","(24, 58)"
129,60,0.4,bot3,success,50,3349017960646932745,15658557666064807602,"(22, 11)","(54, 5)","(24, 58)"
129,60,0.4,bot4,success,50,3349017960646932745,15658557666064807602,"(22, 11)","(54, 5)","(24, 58)"
129,60,0.5,bot1,success,50,3349017960646932745,15658557666064807602,"(22, 11)","(54, 5)","(24, 58)"
129,60,0.5,bot2,success,50,3349017960646932745,15658557666064807602,"(22, 11)","(54, 5)","(24, 58)"
129,60,0.5,bot3,success,50,3349017960646932745,15658557666064807602,"(22, 11)","(54, 5)","(24, 58)"
129,60,0.5,bot4,success,50,3349017960646932745,15658557666064807602,"(22, 11)","(54, 5)","(24, 58)"
130,60,0.3,bot1,success,70,7553155303115052184,7288773800354271569,"(41, 50)","(37, 6)","(2, 33)"
130,60,0.3,bot2,success,70,7553155303115052184,7288773800354271569,"(41, 50)","(37, 6)","(2, 33)"
130,60,0.3,bot3,success,70,7553155303115052184,7288773800354271569,"(41, 50)","(37, 6)","(2, 33)"
130,60,0.3,bot4,success,70,7553155303115052184,7288773800354271569,"(41, 50)","(37, 6)","(2, 33)"
130,60,0.4,bot1,success,70,7553155303115052184,7288773800354271569,"(41, 50)","(37, 6)","(2, 33)"
130,60,0.4,bot2,success,70,7553155303115052184,7288773800354271569,"(41, 50)","(37, 6)","(2, 33)"
130,60,0.4,bot3,success,70,7553155303115052184,7288773800354271569,"(41, 50)","(37, 6)","(2, 33)"
130,60,0.4,bot4,success,70,7553155303115052184,7288773800354271569,"(41, 50)","(37, 6)","(2, 33)"
130,60,0.5,bot1,success,70,7553155303115052184,7288773800354271569,"(41, 50)","(37, 6)","(2, 33)"
130,60,0.5,bot2,success,70,7553155303115052184,7288773800354271569,"(41, 50)","(37, 6)","(2, 33)"
130,60,0.5,bot3,success,70,7553155303115052184,7288773800354271569,"(41, 50)","(37, 6)","(2, 33)"
130,60,0.5,bot4,success,70,7553155303115052184,7288773800354271569,"(41, 50)","(37, 6)","(2, 33)"
131,60,0.3,bot1,success,23,18262030845855868168,1335678208436788563,"(38, 27)","(37, 13)","(46, 7)"
131,60,0.3,bot2,success,23,18262030845855868168,1335678208436788563,"(38, 27)","(37, 13)","(46, 7)"
131,60,0.3,bot3,success,23,18262030845855868168,1335678208436788563,"(38, 27)","(37, 13)","(46, 7)"
131,60,0.3,bot4,success,23,18262030845855868168,1335678208436788563,"(38, 27)","(37, 13)","(46, 7)"
131,60,0.4,bot1,success,23,18262030845855868168,1335678208436788563,"(38, 27)","(37, 13)","(46, 7)"
131,60,0.4,bot2,success,23,18262030845855868168,1335678208436788563,"(38, 27)","(37, 13)","(46, 7)"
131,60,0.4,bot3,success,23,18262030845855868168,1335678208436788563,"(38, 27)","(37, 13)","(46, 7)"
131,60,0.4,bot4,success,23,18262030845855868168,1335678208436788563,"(38, 27)","(37, 13)","(46, 7)"
131,60,0.5,bot1,success,23,18262030845855868168,1335678208436788563,"(38, 27)","(37, 13)","(46, 7)"
131,60,0.5,bot2,success,23,18262030845855868168,1335678208436788563,"(38, 27)","(37, 13)","(46, 7)"
131,60,0.5,bot3,success,23,18262030845855868168,1335678208436788563,"(38, 27)","(37, 13)","(46, 7)"
131,60,0.5,bot4,success,23,18262030845855868168,1335678208436788563,"(38, 27)","(37, 13)","(46, 7)"
132,60,0.3,bot1,success,11,4945056811187811360,11954331518751354428,"(3, 45)","(2, 37)","(37, 20)"
132,60,0.3,bot2,success,11,4945056811187811360,11954331518751354428,"(3, 45)","(2, 37)","(37, 20)"
132,60,0.3,bot3,success,11,4945056811187811360,11954331518751354428,"(3, 45)","(2, 37)","(37, 20)"
132,60,0.3,bot4,success,11,4945056811187811360,11954331518751354428,"(3, 45)","(2, 37)","(37, 20)"
132,60,0.4,bot1,success,11,4945056811187811360,11954331518751354428,"(3, 45)","(2, 37)","(37, 20)"
132,60,0.4,bot2,success,11,4945056811187811360,11954331518751354428,"(3, 45)","(2, 37)","(37, 20)"
132,60,0.4,bot3,success,11,4945056811187811360,11954331518751354428,"(3, 45)","(2, 37)","(37, 20)"
132,60,0.4,bot4,success,11,4945056811187811360,11954331518751354428,"(3, 45)","(2, 37)","(37, 20)"
132,60,0.5,bot1,success,11,4945056811187811360,11954331518751354428,"(3, 45)","(2, 37)","(37, 20)"
132,60,0.5,bot2,success,11,4945056811187811360,11954331518751354428,"(3, 45)","(2, 37)","(37, 20)"
132,60,0.5,bot3,success,11,4945056811187811360,11954331518751354428,"(3, 45)","(2, 37)","(37, 20)"
132,60,0.5,bot4,success,11,4945056811187811360,11954331518751354428,"(3, 45)","(2, 37)","(37, 20)"
133,60,0.3,bot1,success,39,8088461554779143540,995935319513199168,"(22, 31)","(43, 45)","(8, 55)"
133,60,0.3,bot2,success,39,8088461554779143540,995935319513199168,"(22, 31)","(43, 45)","(8, 55)"
133,60,0.3,bot3,success,39,8088461554779143540,995935319513199168,"(22, 31)","(43, 45)","(8, 55)"
133,60,0.3,bot4,success,39,8088461554779143540,995935319513199168,"(22, 31)","(43, 45)","(8, 55)"
133,60,0.4,bot1,success,39,8088461554779143540,995935319513199168,"(22, 31)","(43, 45)","(8, 55)"
133,60,0.4,bot2,success,39,8088461554779143540,995935319513199168,"(22, 31)","(43, 45)","(8, 55)"
133,60,0.4,bot3,success,39,8088461554779143540,995935319513199168,"(22, 31)","(43, 45)","(8, 55)"
133,60,0.4,bot4,success,39,8088461554779143540,995935319513199168,"(22, 31)","(43, 45)","(8, 55)"
133,60,0.5,bot1,success,39,8088461554779143540,995935319513199168,"(22, 31)","(43, 45)","(8, 55)"
133,60,0.5,bot2,success,39,8088461554779143540,995935319513199168,"(22, 31)","(43, 45)","(8, 55)"
133,60,0.5,bot3,success,39,8088461554779143540,995935319513199168,"(22, 31)","(43, 45)","(8, 55)"
133,60,0.5,bot4,success,39,8088461554779143540,995935319513199168,"(22, 31)","(43, 45)","(8, 55)"
134,60,0.3,bot1,success,81,9522736534589353257,910485698692014149,"(31, 58)","(22, 4)","(57, 11)"
134,60,0.3,bot2,success,81,9522736534589353257,910485698692014149,"(31, 58)","(22, 4)","(57, 11)"
134,60,0.3,bot3,success,81,9522736534589353257,910485698692014149,"(31, 58)","(22, 4)","(57, 11)"
134,60,0.3,bot4,success,81,9522736534589353257,910485698692014149,"(31, 58)","(22, 4)","(57, 11)"
134,60,0.4,bot1,success,81,9522736534589353257,910485698692014149,"(31, 58)","(22, 4)","(57, 11)"
134,60,0.4,bot2,success,81,9522736534589353257,910485698692014149,"(31, 58)","(22, 4)","(57, 11)"
134,60,0.4,bot3,success,81,9522736534589353257,910485698692014149,"(31, 58)","(22, 4)","(57, 11)"
134,60,0.4,bot4,success,81,9522736534589353257,910485698692014149,"(31, 58)","(22, 4)","(57, 11)"
134,60,0.5,bot1,success,81,9522736534589353257,910485698692014149,"(31, 58)","(22, 4)","(57, 11)"
134,60,0.5,bot2,success,81,9522736534589353257,910485698692014149,"(31, 58)","(22, 4)","(57, 11)"
134,60,0.5,bot3,success,81,9522736534589353257,910485698692014149,"(31, 58)","(22, 4)","(57, 11)"
134,60,0.5,bot4,success,81,9522736534589353257,910485698692014149,"(31, 58)","(22, 4)","(57, 11)"
135,60,0.3,bot1,success,32,13669561285262642426,2257908305585847910,"(1, 34)","(18, 35)","(36, 17)"
135,60,0.3,bot2,success,32,13669561285262642426,2257908305585847910,"(1, 34)","(18, 35)","(36, 17)"
135,60,0.3,bot3,success,32,13669561285262642426,2257908305585847910,"(1, 34)","(18, 35)","(36, 17)"
135,60,0.3,bot4,success,32,13669561285262642426,2257908305585847910,"(1, 34)","(18, 35)","(36, 17)"
135,60,0.4,bot1,success,32,13669561285262642426,2257908305585847910,"(1, 34)","(18, 35)","(36, 17)"
135,60,0.4,bot2,success,32,13669561285262642426,2257908305585847910,"(1, 34)","(18, 35)","(36, 17)"
135,60,0.4,bot3,success,32,13669561285262642426,2257908305585847910,"(1, 34)","(18, 35)","(36, 17)"
135,60,0.4,bot4,success,32,13669561285262642426,2257908305585847910,"(1, 34)","(18, 35)","(36, 17)"
135,60,0.5,bot1,success,32,13669561285262642426,2257908305585847910,"(1, 34)","(18, 35)","(36, 17)"
135,60,0.5,bot2,success,32,13669561285262642426,2257908305585847910,"(1, 34)","(18, 35)","(36, 17)"
135,60,0.5,bot3,success,32,13669561285262642426,2257908305585847910,"(1, 34)","(18, 35)","(36, 17)"
135,60,0.5,bot4,success,32,13669561285262642426,2257908305585847910,"(1, 34)","(18, 35)","(36, 17)"
136,60,0.3,bot1,success,21,13245252727593963839,5365943553342607240,"(45, 13)","(56, 23)","(7, 35)"
136,60,0.3,bot2,success,21,13245252727593963839,5365943553342607240,"(45, 13)","(56, 23)","(7, 35)"
136,60,0.3,bot3,success,21,13245252727593963839,5365943553342607240,"(45, 13)","(56, 23)","(7, 35)"
136,60,0.3,bot4,success,21,13245252727593963839,5365943553342607240,"(45, 13)","(56, 23)","(7, 35)"
136,60,0.4,bot1,success,21,13245252727593963839,5365943553342607240,"(45, 13)","(56, 23)","(7, 35)"
136,60,0.4,bot2,success,21,13245252727593963839,5365943553342607240,"(45, 13)","(56, 23)","(7, 35)"
136,60,0.4,bot3,success,21,13245252727593963839,5365943553342607240,"(45, 13)","(56, 23)","(7, 35)"
136,60,0.4,bot4,success,21,13245252727593963839,5365943553342607240,"(45, 13)","(56, 23)","(7, 35)"
136,60,0.5,bot1,success,21,13245252727593963839,5365943553342607240,"(45, 13)","(56, 23)","(7, 35)"
136,60,0.5,bot2,success,21,13245252727593963839,5365943553342607240,"(45, 13)","(56, 23)","(7, 35)"
136,60,0.5,bot3,success,21,13245252727593963839,5365943553342607240,"(45, 13)","(56, 23)","(7, 35)"
136,60,0.5,bot4,success,21,13245252727593963839,5365943553342607240,"(45, 13)","(56, 23)","(7, 35)"
137,60,0.3,bot1,success,53,827330471227181706,9457495136106247894,"(54, 25)","(20, 40)","(31, 51)"
137,60,0.3,bot2,success,53,827330471227181706,9457495136106247894,"(54, 25)","(20, 40)","(31, 51)"
137,60,0.3,bot3,success,53,827330471227181706,9457495136106247894,"(54, 25)","(20, 40)","(31, 51)"
137,60,0.3,bot4,success,59,827330471227181706,9457495136106247894,"(54, 25)","(20, 40)","(31, 51)"
137,60,0.4,bot1,burned,41,827330471227181706,9457495136106247894,"(54, 25)","(20, 40)","(31, 51)"
137,60,0.4,bot2,burned,63,827330471227181706,9457495136106247894,"(54, 25)","(20, 40)","(31, 51)"
137,60,0.4,bot3,burned,71,827330471227181706,9457495136106247894,"(54, 25)","(20, 40)","(31, 51)"
137,60,0.4,bot4,burned,63,827330471227181706,9457495136106247894,"(54, 25)","(20, 40)","(31, 51)"
137,60,0.5,bot1,success,53,827330471227181706,9457495136106247894,"(54, 25)","(20, 40)","(31, 51)"
137,60,0.5,bot2,success,53,827330471227181706,9457495136106247894,"(54, 25)","(20, 40)","(31, 51)"
137,60,0.5,bot3,success,53,827330471227181706,9457495136106247894,"(54, 25)","(20, 40)","(31, 51)"
137,60,0.5,bot4,success,53,827330471227181706,9457495136106247894,"(54, 25)","(20, 40)","(31, 51)"
138,60,0.3,bot1,success,58,252386463520563298,14787884234654612850,"(42, 57)","(9, 36)","(51, 18)"
138,60,0.3,bot2,success,58,252386463520563298,14787884234654612850,"(42, 57)","(9, 36)","(51, 18)"
138,60,0.3,bot3,success,58,252386463520563298,14787884234654612850,"(42, 57)","(9, 36)","(51, 18)"
138,60,0.3,bot4,success,58,252386463520563298,14787884234654612850,"(42, 57)","(9, 36)","(51, 18)"
138,60,0.4,bot1,success,58,252386463520563298,14787884234654612850,"(42, 57)","(9, 36)","(51, 18)"
138,60,0.4,bot2,success,58,252386463520563298,14787884234654612850,"(42, 57)","(9, 36)","(51, 18)"
138,60,0.4,bot3,success,58,252386463520563298,14787884234654612850,"(42, 57)","(9, 36)","(51, 18)"
138,60,0.4,bot4,success,58,252386463520563298,14787884234654612850,"(42, 57)","(9, 36)","(51, 18)"
138,60,0.5,bot1,success,58,252386463520563298,14787884234654612850,"(42, 57)","(9, 36)","(51, 18)"
138,60,0.5,bot2,success,58,252386463520563298,14787884234654612850,"(42, 57)","(9, 36)","(51, 18)"
138,60,0.5,bot3,success,58,252386463520563298,14787884234654612850,"(42, 57)","(9, 36)","(51, 18)"
138,60,0.5,bot4,success,58,252386463520563298,14787884234654612850,"(42, 57)","(9, 36)","(51, 18)"
139,60,0.3,bot1,success,2,12741863150205109410,2366952238617540859,"(54, 41)","(56, 41)","(21, 34)"
139,60,0.3,bot2,success,2,12741863150205109410,2366952238617540859,"(54, 41)","(56, 41)","(21, 34)"
139,60,0.3,bot3,success,2,12741863150205109410,2366952238617540859,"(54, 41)","(56, 41)","(21, 34)"
139,60,0.3,bot4,success,2,12741863150205109410,2366952238617540859,"(54, 41)","(56, 41)","(21, 34)"
139,60,0.4,bot1,success,2,12741863150205109410,2366952238617540859,"(54, 41)","(56, 41)","(21, 34)"
139,60,0.4,bot2,success,2,12741863150205109410,2366952238617540859,"(54, 41)","(56, 41)","(21, 34)"
139,60,0.4,bot3,success,2,12741863150205109410,2366952238617540859,"(54, 41)","(56, 41)","(21, 34)"
139,60,0.4,bot4,success,2,12741863150205109410,2366952238617540859,"(54, 41)","(56, 41)","(21, 34)"
139,60,0.5,bot1,success,2,12741863150205109410,2366952238617540859,"(54, 41)","(56, 41)","(21, 34)"
139,60,0.5,bot2,success,2,12741863150205109410,2366952238617540859,"(54, 41)","(56, 41)","(21, 34)"
139,60,0.5,bot3,success,2,12741863150205109410,2366952238617540859,"(54, 41)","(56, 41)","(21, 34)"
139,60,0.5,bot4,success,2,12741863150205109410,2366952238617540859,"(54, 41)","(56, 41)","(21, 34)"
140,60,0.3,bot1,success,52,6704775617191657344,11625149437770288192,"(37, 27)","(18, 10)","(45, 18)"
140,60,0.3,bot2,success,52,6704775617191657344,11625149437770288192,"(37, 27)","(18, 10)","(45, 18)"
140,60,0.3,bot3,success,52,6704775617191657344,11625149437770288192,"(37, 27)","(18, 10)","(45, 18)"
140,60,0.3,bot4,success,52,6704775617191657344,11625149437770288192,"(37, 27)","(18, 10)","(45, 18)"
140,60,0.4,bot1,success,52,6704775617191657344,11625149437770288192,"(37, 27)","(18, 10)","(45, 18)"
140,60,0.4,bot2,success,52,6704775617191657344,11625149437770288192,"(37, 27)","(18, 10)","(45, 18)"
140,60,0.4,bot3,success,52,6704775617191657344,11625149437770288192,"(37, 27)","(18, 10)","(45, 18)"
140,60,0.4,bot4,success,52,6704775617191657344,11625149437770288192,"(37, 27)","(18, 10)","(45, 18)"
140,60,0.5,bot1,success,52,6704775617191657344,11625149437770288192,"(37, 27)","(18, 10)","(45, 18)"
140,60,0.5,bot2,success,52,6704775617191657344,11625149437770288192,"(37, 27)","(18, 10)","(45, 18)"
140,60,0.5,bot3,success,52,6704775617191657344,11625149437770288192,"(37, 27)","(18, 10)","(45, 18)"
140,60,0.5,bot4,success,52,6704775617191657344,11625149437770288192,"(37, 27)","(18, 10)","(45, 18)"
141,60,0.3,bot1,success,41,13104913687380368727,15844548432916851085,"(40, 23)","(53, 47)","(8, 13)"
141,60,0.3,bot2,success,41,13104913687380368727,15844548432916851085,"(40, 23)","(53, 47)","(8, 13)"
141,60,0.3,bot3,success,41,13104913687380368727,15844548432916851085,"(40, 23)","(53, 47)","(8, 13)"
141,60,0.3,bot4,success,41,13104913687380368727,15844548432916851085,"(40, 23)","(53, 47)","(8, 13)"
141,60,0.4,bot1,success,41,13104913687380368727,15844548432916851085,"(40, 23)","(53, 47)","(8, 13)"
141,60,0.4,bot2,success,41,13104913687380368727,15844548432916851085,"(40, 23)","(53, 47)","(8, 13)"
141,60,0.4,bot3,success,41,13104913687380368727,15844548432916851085,"(40, 23)","(53, 47)","(8, 13)"
141,60,0.4,bot4,success,41,13104913687380368727,15844548432916851085,"(40, 23)","(53, 47)","(8, 13)"
141,60,0.5,bot1,success,41,13104913687380368727,15844548432916851085,"(40, 23)","(53, 47)","(8, 13)"
141,60,0.5,bot2,success,41,13104913687380368727,15844548432916851085,"(40, 23)","(53, 47)","(8, 13)"
141,60,0.5,bot3,success,41,13104913687380368727,15844548432916851085,"(40, 23)","(53, 47)","(8, 13)"
141,60,0.5,bot4,success,41,13104913687380368727,15844548432916851085,"(40, 23)","(53, 47)","(8, 13)"
142,60,0.3,bot1,success,48,5885145965941110800,11899067836258153273,"(11, 12)","(33, 34)","(56, 27)"
142,60,0.3,bot2,success,48,5885145965941110800,11899067836258153273,"(11, 12)","(33, 34)","(56, 27)"
142,60,0.3,bot3,success,48,5885145965941110800,11899067836258153273,"(11, 12)","(33, 34)","(56, 27)"
142,60,0.3,bot4,success,48,5885145965941110800,11899067836258153273,"(11, 12)","(33, 34)","(56, 27)"
142,60,0.4,bot1,success,48,5885145965941110800,11899067836258153273,"(11, 12)","(33, 34)","(56, 27)"
142,60,0.4,bot2,success,48,5885145965941110800,11899067836258153273,"(11, 12)","(33, 34)","(56, 27)"
142,60,0.4,bot3,success,48,5885145965941110800,11899067836258153273,"(11, 12)","(33, 34)","(56, 27)"
142,60,0.4,bot4,success,48,5885145965941110800,11899067836258153273,"(11, 12)","(33, 34)","(56, 27)"
142,60,0.5,bot1,success,48,5885145965941110800,11899067836258153273,"(11, 12)","(33, 34)","(56, 27)"
142,60,0.5,bot2,success,48,5885145965941110800,11899067836258153273,"(11, 12)","(33, 34)","(56, 27)"
142,60,0.5,bot3,success,48,5885145965941110800,11899067836258153273,"(11, 12)","(33, 34)","(56, 27)"
142,60,0.5,bot4,success,48,5885145965941110800,11899067836258153273,"(11, 12)","(33, 34)","(56, 27)"
143,60,0.3,bot1,success,31,13228762906366741821,4540518036131531816,"(6, 37)","(3, 55)","(7, 14)"
143,60,0.3,bot2,success,31,13228762906366741821,4540518036131531816,"(6, 37)","(3, 55)","(7, 14)"
143,60,0.3,bot3,success,31,13228762906366741821,4540518036131531816,"(6, 37)","(3, 55)","(7, 14)"
143,60,0.3,bot4,success,31,13228762906366741821,4540518036131531816,"(6, 37)","(3, 55)","(7, 14)"
143,60,0.4,bot1,success,31,13228762906366741821,4540518036131531816,"(6, 37)","(3, 55)","(7, 14)"
143,60,0.4,bot2,success,31,13228762906366741821,4540518036131531816,"(6, 37)","(3, 55)","(7, 14)"
143,60,0.4,bot3,success,31,13228762906366741821,4540518036131531816,"(6, 37)","(3, 55)","(7, 14)"
143,60,0.4,bot4,success,31,13228762906366741821,4540518036131531816,"(6, 37)","(3, 55)","(7, 14)"
143,60,0.5,bot1,success,31,13228762906366741821,4540518036131531816,"(6, 37)","(3, 55)","(7, 14)"
143,60,0.5,bot2,success,31,13228762906366741821,4540518036131531816,"(6, 37)","(3, 55)","(7, 14)"
143,60,0.5,bot3,success,31,13228762906366741821,4540518036131531816,"(6, 37)","(3, 55)","(7, 14)"
143,60,0.5,bot4,success,31,13228762906366741821,4540518036131531816,"(6, 37)","(3, 55)","(7, 14)"
144,60,0.3,bot1,success,55,11304916637191921371,3202822596685561203,"(20, 24)","(55, 20)","(3, 2)"
144,60,0.3,bot2,success,55,11304916637191921371,3202822596685561203,"(20, 24)","(55, 20)","(3, 2)"
144,60,0.3,bot3,success,55,11304916637191921371,3202822596685561203,"(20, 24)","(55, 20)","(3, 2)"
144,60,0.3,bot4,success,55,11304916637191921371,3202822596685561203,"(20, 24)","(55, 20)","(3, 2)"
144,60,0.4,bot1,success,55,11304916637191921371,3202822596685561203,"(20, 24)","(55, 20)","(3, 2)"
144,60,0.4,bot2,success,55,11304916637191921371,3202822596685561203,"(20, 24)","(55, 20)","(3, 2)"
144,60,0.4,bot3,success,55,11304916637191921371,3202822596685561203,"(20, 24)","(55, 20)","(3, 2)"
144,60,0.4,bot4,success,55,11304916637191921371,3202822596685561203,"(20, 24)","(55, 20)","(3, 2)"
144,60,0.5,bot1,success,55,11304916637191921371,3202822596685561203,"(20, 24)","(55, 20)","(3, 2)"
144,60,0.5,bot2,success,55,11304916637191921371,3202822596685561203,"(20, 24)","(55, 20)","(3, 2)"
144,60,0.5,bot3,success,55,11304916637191921371,3202822596685561203,"(20, 24)","(55, 20)","(3, 2)"
144,60,0.5,bot4,success,55,11304916637191921371,3202822596685561203,"(20, 24)","(55, 20)","(3, 2)"
145,60,0.3,bot1,burned,37,17546606515292003432,926975745995077497,"(47, 1)","(10, 37)","(25, 17)"
145,60,0.3,bot2,burned,60,17546606515292003432,926975745995077497,"(47, 1)","(10, 37)","(25, 17)"
145,60,0.3,bot3,burned,141,17546606515292003432,926975745995077497,"(47, 1)","(10, 37)","(25, 17)"
145,60,0.3,bot4,success,81,17546606515292003432,926975745995077497,"(47, 1)","(10, 37)","(25, 17)"
145,60,0.4,bot1,burned,36,17546606515292003432,926975745995077497,"(47, 1)","(10, 37)","(25, 17)"
145,60,0.4,bot2,burned,36,17546606515292003432,926975745995077497,"(47, 1)","(10, 37)","(25, 17)"
145,60,0.4,bot3,success,89,17546606515292003432,926975745995077497,"(47, 1)","(10, 37)","(25, 17)"
145,60,0.4,bot4,success,81,17546606515292003432,926975745995077497,"(47, 1)","(10, 37)","(25, 17)"
145,60,0.5,bot1,burned,33,17546606515292003432,926975745995077497,"(47, 1)","(10, 37)","(25, 17)"
145,60,0.5,bot2,burned,81,17546606515292003432,926975745995077497,"(47, 1)","(10, 37)","(25, 17)"
145,60,0.5,bot3,burned,85,17546606515292003432,926975745995077497,"(47, 1)","(10, 37)","(25, 17)"
145,60,0.5,bot4,burned,81,17546606515292003432,926975745995077497,"(47, 1)","(10, 37)","(25, 17)"
146,60,0.3,bot1,burned,11,9354116253543191466,291315185936821387,"(17, 33)","(4, 44)","(15, 35)"
146,60,0.3,bot2,burned,55,9354116253543191466,291315185936821387,"(17, 33)","(4, 44)","(15, 35)"
146,60,0.3,bot3,success,52,9354116253543191466,291315185936821387,"(17, 33)","(4, 44)","(15, 35)"
146,60,0.3,bot4,burned,55,9354116253543191466,291315185936821387,"(17, 33)","(4, 44)","(15, 35)"
146,60,0.4,bot1,success,30,9354116253543191466,291315185936821387,"(17, 33)","(4, 44)","(15, 35)"
146,60,0.4,bot2,success,30,9354116253543191466,291315185936821387,"(17, 33)","(4, 44)","(15, 35)"
146,60,0.4,bot3,burned,53,9354116253543191466,291315185936821387,"(17, 33)","(4, 44)","(15, 35)"
146,60,0.4,bot4,success,30,9354116253543191466,291315185936821387,"(17, 33)","(4, 44)","(15, 35)"
146,60,0.5,bot1,burned,11,9354116253543191466,291315185936821387,"(17, 33)","(4, 44)","(15, 35)"
146,60,0.5,bot2,burned,50,9354116253543191466,291315185936821387,"(17, 33)","(4, 44)","(15, 35)"
146,60,0.5,bot3,burned,44,9354116253543191466,291315185936821387,"(17, 33)","(4, 44)","(15, 35)"
146,60,0.5,bot4,burned,50,9354116253543191466,291315185936821387,"(17, 33)","(4, 44)","(15, 35)"
147,60,0.3,bot1,burned,61,14803525959649251807,17114892862628634535,"(55, 56)","(10, 9)","(26, 13)"
147,60,0.3,bot2,burned,97,14803525959649251807,17114892862628634535,"(55, 56)","(10, 9)","(26, 13)"
147,60,0.3,bot3,burned,97,14803525959649251807,17114892862628634535,"(55, 56)","(10, 9)","(26, 13)"
147,60,0.3,bot4,burned,97,14803525959649251807,17114892862628634535,"(55, 56)","(10, 9)","(26, 13)"
147,60,0.4,bot1,burned,57,14803525959649251807,17114892862628634535,"(55, 56)","(10, 9)","(26, 13)"
147,60,0.4,bot2,burned,72,14803525959649251807,17114892862628634535,"(55, 56)","(10, 9)","(26, 13)"
147,60,0.4,bot3,burned,72,14803525959649251807,17114892862628634535,"(55, 56)","(10, 9)","(26, 13)"
147,60,0.4,bot4,burned,72,14803525959649251807,17114892862628634535,"(55, 56)","(10, 9)","(26, 13)"
147,60,0.5,bot1,burned,50,14803525959649251807,17114892862628634535,"(55, 56)","(10, 9)","(26, 13)"
147,60,0.5,bot2,burned,67,14803525959649251807,17114892862628634535,"(55, 56)","(10, 9)","(26, 13)"
147,60,0.5,bot3,burned,67,14803525959649251807,17114892862628634535,"(55, 56)","(10, 9)","(26, 13)"
147,60,0.5,bot4,burned,67,14803525959649251807,17114892862628634535,"(55, 56)","(10, 9)","(26, 13)"
148,60,0.3,bot1,burned,41,14460154288761365227,9143595444377112318,"(57, 8)","(11, 23)","(22, 15)"
148,60,0.3,bot2,burned,63,14460154288761365227,9143595444377112318,"(57, 8)","(11, 23)","(22, 15)"
148,60,0.3,bot3,burned,91,14460154288761365227,9143595444377112318,"(57, 8)","(11, 23)","(22, 15)"
148,60,0.3,bot4,burned,63,14460154288761365227,9143595444377112318,"(57, 8)","(11, 23)","(22, 15)"
148,60,0.4,bot1,burned,32,14460154288761365227,9143595444377112318,"(57, 8)","(11, 23)","(22, 15)"
148,60,0.4,bot2,burned,35,14460154288761365227,9143595444377112318,"(57, 8)","(11, 23)","(22, 15)"
148,60,0.4,bot3,burned,70,14460154288761365227,9143595444377112318,"(57, 8)","(11, 23)","(22, 15)"
148,60,0.4,bot4,burned,35,14460154288761365227,9143595444377112318,"(57, 8)","(11, 23)","(22, 15)"
148,60,0.5,bot1,burned,32,14460154288761365227,9143595444377112318,"(57, 8)","(11, 23)","(22, 15)"
148,60,0.5,bot2,burned,56,14460154288761365227,9143595444377112318,"(57, 8)","(11, 23)","(22, 15)"
148,60,0.5,bot3,burned,61,14460154288761365227,9143595444377112318,"(57, 8)","(11, 23)","(22, 15)"
148,60,0.5,bot4,burned,56,14460154288761365227,9143595444377112318,"(57, 8)","(11, 23)","(22, 15)"
149,60,0.3,bot1,success,22,3854080463503691182,6797701687637955753,"(10, 15)","(18, 3)","(3, 9)"
149,60,0.3,bot2,success,22,3854080463503691182,6797701687637955753,"(10, 15)","(18, 3)","(3, 9)"
149,60,0.3,bot3,success,22,3854080463503691182,6797701687637955753,"(10, 15)","(18, 3)","(3, 9)"
149,60,0.3,bot4,success,22,3854080463503691182,6797701687637955753,"(10, 15)","(18, 3)","(3, 9)"
149,60,0.4,bot1,success,22,3854080463503691182,6797701687637955753,"(10, 15)","(18, 3)","(3, 9)"
149,60,0.4,bot2,success,22,3854080463503691182,6797701687637955753,"(10, 15)","(18, 3)","(3, 9)"
149,60,0.4,bot3,success,22,3854080463503691182,6797701687637955753,"(10, 15)","(18, 3)","(3, 9)"
149,60,0.4,bot4,success,22,3854080463503691182,6797701687637955753,"(10, 15)","(18, 3)","(3, 9)"
149,60,0.5,bot1,success,22,3854080463503691182,6797701687637955753,"(10, 15)","(18, 3)","(3, 9)"
149,60,0.5,bot2,success,22,3854080463503691182,6797701687637955753,"(10, 15)","(18, 3)","(3, 9)"
149,60,0.5,bot3,success,22,3854080463503691182,6797701687637955753,"(10, 15)","(18, 3)","(3, 9)"
149,60,0.5,bot4,success,22,3854080463503691182,6797701687637955753,"(10, 15)","(18, 3)","(3, 9)"
150,60,0.3,bot1,burned,56,17612816384653745239,6572142870830103621,"(21, 0)","(45, 41)","(51, 38)"
150,60,0.3,bot2,burned,105,17612816384653745239,6572142870830103621,"(21, 0)","(45, 41)","(51, 38)"
150,60,0.3,bot3,burned,105,17612816384653745239,6572142870830103621,"(21, 0)","(45, 41)","(51, 38)"
150,60,0.3,bot4,burned,105,17612816384653745239,6572142870830103621,"(21, 0)","(45, 41)","(51, 38)"
150,60,0.4,bot1,burned,51,17612816384653745239,6572142870830103621,"(21, 0)","(45, 41)","(51, 38)"
150,60,0.4,bot2,burned,108,17612816384653745239,6572142870830103621,"(21, 0)","(45, 41)","(51, 38)"
150,60,0.4,bot3,burned,108,17612816384653745239,6572142870830103621,"(21, 0)","(45, 41)","(51, 38)"
150,60,0.4,bot4,burned,108,17612816384653745239,6572142870830103621,"(21, 0)","(45, 41)","(51, 38)"
150,60,0.5,bot1,burned,50,17612816384653745239,6572142870830103621,"(21, 0)","(45, 41)","(51, 38)"
150,60,0.5,bot2,burned,101,17612816384653745239,6572142870830103621,"(21, 0)","(45, 41)","(51, 38)"
150,60,0.5,bot3,burned,101,17612816384653745239,6572142870830103621,"(21, 0)","(45, 41)","(51, 38)"
150,60,0.5,bot4,burned,101,17612816384653745239,6572142870830103621,"(21, 0)","(45, 41)","(51, 38)"
151,60,0.3,bot1,success,26,2009341355362994824,4565064510548433726,"(9, 23)","(20, 36)","(11, 8)"
151,60,0.3,bot2,success,26,2009341355362994824,4565064510548433726,"(9, 23)","(20, 36)","(11, 8)"
151,60,0.3,bot3,success,26,2009341355362994824,4565064510548433726,"(9, 23)","(20, 36)","(11, 8)"
151,60,0.3,bot4,success,26,2009341355362994824,4565064510548433726,"(9, 23)","(20, 36)","(11, 8)"
151,60,0.4,bot1,success,26,2009341355362994824,4565064510548433726,"(9, 23)","(20, 36)","(11, 8)"
151,60,0.4,bot2,success,26,2009341355362994824,4565064510548433726,"(9, 23)","(20, 36)","(11, 8)"
151,60,0.4,bot3,success,26,2009341355362994824,4565064510548433726,"(9, 23)","(20, 36)","(11, 8)"
151,60,0.4,bot4,success,26,2009341355362994824,4565064510548433726,"(9, 23)","(20, 36)","(11, 8)"
151,60,0.5,bot1,success,26,2009341355362994824,4565064510548433726,"(9, 23)","(20, 36)","(11, 8)"
151,60,0.5,bot2,success,26,2009341355362994824,4565064510548433726,"(9, 23)","(20, 36)","(11, 8)"
151,60,0.5,bot3,success,26,2009341355362994824,4565064510548433726,"(9, 23)","(20, 36)","(11, 8)"
151,60,0.5,bot4,success,26,2009341355362994824,4565064510548433726,"(9, 23)","(20, 36)","(11, 8)"
152,60,0.3,bot1,success,25,14506730013391739991,6835869454424628459,"(7, 27)","(25, 22)","(57, 29)"
152,60,0.3,bot2,success,25,14506730013391739991,6835869454424628459,"(7, 27)","(25, 22)","(57, 29)"
152,60,0.3,bot3,success,25,14506730013391739991,6835869454424628459,"(7, 27)","(25, 22)","(57, 29)"
152,60,0.3,bot4,success,25,14506730013391739991,6835869454424628459,"(7, 27)","(25, 22)","(57, 29)"
152,60,0.4,bot1,success,25,14506730013391739991,6835869454424628459,"(7, 27)","(25, 22)","(57, 29)"
152,60,0.4,bot2,success,25,14506730013391739991,6835869454424628459,"(7, 27)","(25, 22)","(57, 29)"
152,60,0.4,bot3,success,25,14506730013391739991,6835869454424628459,"(7, 27)","(25, 22)","(57, 29)"
152,60,0.4,bot4,success,25,14506730013391739991,6835869454424628459,"(7, 27)","(25, 22)","(57, 29)"
152,60,0.5,bot1,success,25,14506730013391739991,6835869454424628459,"(7, 27)","(25, 22)","(57, 29)"
152,60,0.5,bot2,success,25,14506730013391739991,6835869454424628459,"(7, 27)","(25, 22)","(57, 29)"
152,60,0.5,bot3,success,25,14506730013391739991,6835869454424628459,"(7, 27)","(25, 22)","(57, 29)"
152,60,0.5,bot4,success,25,14506730013391739991,6835869454424628459,"(7, 27)","(25, 22)","(57, 29)"
153,60,0.3,bot1,success,44,15510097461200092858,17680464191696781183,"(2, 39)","(33, 48)","(37, 8)"
153,60,0.3,bot2,success,44,15510097461200092858,17680464191696781183,"(2, 39)","(33, 48)","(37, 8)"
153,60,0.3,bot3,success,44,15510097461200092858,17680464191696781183,"(2, 39)","(33, 48)","(37, 8)"
153,60,0.3,bot4,success,44,15510097461200092858,17680464191696781183,"(2, 39)","(33, 48)","(37, 8)"
153,60,0.4,bot1,success,44,15510097461200092858,17680464191696781183,"(2, 39)","(33, 48)","(37, 8)"
153,60,0.4,bot2,success,44,15510097461200092858,17680464191696781183,"(2, 39)","(33, 48)","(37, 8)"
153,60,0.4,bot3,success,44,15510097461200092858,17680464191696781183,"(2, 39)","(33, 48)","(37, 8)"
153,60,0.4,bot4,success,44,15510097461200092858,17680464191696781183,"(2, 39)","(33, 48)","(37, 8)"
153,60,0.5,bot1,success,44,15510097461200092858,17680464191696781183,"(2, 39)","(33, 48)","(37, 8)"
153,60,0.5,bot2,success,44,15510097461200092858,17680464191696781183,"(2, 39)","(33, 48)","(37, 8)"
153,60,0.5,bot3,success,44,15510097461200092858,17680464191696781183,"(2, 39)","(33, 48)","(37, 8)"
153,60,0.5,bot4,success,44,15510097461200092858,17680464191696781183,"(2, 39)","(33, 48)","(37, 8)"
154,60,0.3,bot1,success,53,11233723978889541546,2976963826172622763,"(32, 18)","(9, 44)","(36, 34)"
154,60,0.3,bot2,success,53,11233723978889541546,2976963826172622763,"(32, 18)","(9, 44)","(36, 34)"
154,60,0.3,bot3,success,53,11233723978889541546,2976963826172622763,"(32, 18)","(9, 44)","(36, 34)"
154,60,0.3,bot4,success,53,11233723978889541546,2976963826172622763,"(32, 18)","(9, 44)","(36, 34)"
154,60,0.4,bot1,success,53,11233723978889541546,2976963826172622763,"(32, 18)","(9, 44)","(36, 34)"
154,60,0.4,bot2,success,53,11233723978889541546,2976963826172622763,"(32, 18)","(9, 44)","(36, 34)"
154,60,0.4,bot3,success,53,11233723978889541546,2976963826172622763,"(32, 18)","(9, 44)","(36, 34)"
154,60,0.4,bot4,success,53,11233723978889541546,2976963826172622763,"(32, 18)","(9, 44)","(36, 34)"
154,60,0.5,bot1,success,53,11233723978889541546,2976963826172622763,"(32, 18)","(9, 44)","(36, 34)"
154,60,0.5,bot2,success,53,11233723978889541546,2976963826172622763,"(32, 18)","(9, 44)","(36, 34)"
154,60,0.5,bot3,success,53,11233723978889541546,2976963826172622763,"(32, 18)","(9, 44)","(36, 34)"
154,60,0.5,bot4,success,53,11233723978889541546,2976963826172622763,"(32, 18)","(9, 44)","(36, 34)"
155,60,0.3,bot1,success,85,17712908236710864297,9040399591861242458,"(0, 58)","(52, 45)","(44, 24)"
155,60,0.3,bot2,success,85,17712908236710864297,9040399591861242458,"(0, 58)","(52, 45)","(44, 24)"
155,60,0.3,bot3,success,85,17712908236710864297,9040399591861242458,"(0, 58)","(52, 45)","(44, 24)"
155,60,0.3,bot4,success,85,17712908236710864297,9040399591861242458,"(0, 58)","(52, 45)","(44, 24)"
155,60,0.4,bot1,success,85,17712908236710864297,9040399591861242458,"(0, 58)","(52, 45)","(44, 24)"
155,60,0.4,bot2,success,85,17712908236710864297,9040399591861242458,"(0, 58)","(52, 45)","(44, 24)"
155,60,0.4,bot3,success,85,17712908236710864297,9040399591861242458,"(0, 58)","(52, 45)","(44, 24)"
155,60,0.4,bot4,success,85,17712908236710864297,9040399591861242458,"(0, 58)","(52, 45)","(44, 24)"
155,60,0.5,bot1,burned,67,17712908236710864297,9040399591861242458,"(0, 58)","(52, 45)","(44, 24)"
155,60,0.5,bot2,burned,67,17712908236710864297,9040399591861242458,"(0, 58)","(52, 45)","(44, 24)"
155,60,0.5,bot3,burned,67,17712908236710864297,9040399591861242458,"(0, 58)","(52, 45)","(44, 24)"
155,60,0.5,bot4,burned,67,17712908236710864297,9040399591861242458,"(0, 58)","(52, 45)","(44, 24)"
156,60,0.3,bot1,success,11,16260609145277085865,7582663461624564849,"(2, 2)","(4, 7)","(36, 11)"
156,60,0.3,bot2,success,11,16260609145277085865,7582663461624564849,"(2, 2)","(4, 7)","(36, 11)"
156,60,0.3,bot3,success,11,16260609145277085865,7582663461624564849,"(2, 2)","(4, 7)","(36, 11)"
156,60,0.3,bot4,success,11,16260609145277085865,7582663461624564849,"(2, 2)","(4, 7)","(36, 11)"
156,60,0.4,bot1,success,11,16260609145277085865,7582663461624564849,"(2, 2)","(4, 7)","(36, 11)"
156,60,0.4,bot2,success,11,16260609145277085865,7582663461624564849,"(2, 2)","(4, 7)","(36, 11)"
156,60,0.4,bot3,success,11,16260609145277085865,7582663461624564849,"(2, 2)","(4, 7)","(36, 11)"
156,60,0.4,bot4,success,11,16260609145277085865,7582663461624564849,"(2, 2)","(4, 7)","(36, 11)"
156,60,0.5,bot1,success,11,16260609145277085865,7582663461624564849,"(2, 2)","(4, 7)","(36, 11)"
156,60,0.5,bot2,success,11,16260609145277085865,7582663461624564849,"(2, 2)","(4, 7)","(36, 11)"
156,60,0.5,bot3,success,11,16260609145277085865,7582663461624564849,"(2, 2)","(4, 7)","(36, 11)"
156,60,0.5,bot4,success,11,16260609145277085865,7582663461624564849,"(2, 2)","(4, 7)","(36, 11)"
157,60,0.3,bot1,success,18,1626832106291082201,8111861636332188227,"(28, 40)","(18, 48)","(26, 10)"
157,60,0.3,bot2,success,18,1626832106291082201,8111861636332188227,"(28, 40)","(18, 48)","(26, 10)"
157,60,0.3,bot3,success,18,1626832106291082201,8111861636332188227,"(28, 40)","(18, 48)","(26, 10)"
157,60,0.3,bot4,success,18,1626832106291082201,8111861636332188227,"(28, 40)","(18, 48)","(26, 10)"
157,60,0.4,bot1,success,18,1626832106291082201,8111861636332188227,"(28, 40)","(18, 48)","(26, 10)"
157,60,0.4,bot2,success,18,1626832106291082201,8111861636332188227,"(28, 40)","(18, 48)","(26, 10)"
157,60,0.4,bot3,success,18,1626832106291082201,8111861636332188227,"(28, 40)","(18, 48)","(26, 10)"
157,60,0.4,bot4,success,18,1626832106291082201,8111861636332188227,"(28, 40)","(18, 48)","(26, 10)"
157,60,0.5,bot1,success,18,1626832106291082201,8111861636332188227,"(28, 40)","(18, 48)","(26, 10)"
157,60,0.5,bot2,success,18,1626832106291082201,8111861636332188227,"(28, 40)","(18, 48)","(26, 10)"
157,60,0.5,bot3,success,18,1626832106291082201,8111861636332188227,"(28, 40)","(18, 48)","(26, 10)"
157,60,0.5,bot4,success,18,1626832106291082201,8111861636332188227,"(28, 40)","(18, 48)","(26, 10)"
158,60,0.3,bot1,success,106,15320184413706473294,12112101446959309618,"(1, 15)","(46, 0)","(46, 35)"
158,60,0.3,bot2,success,106,15320184413706473294,12112101446959309618,"(1, 15)","(46, 0)","(46, 35)"
158,60,0.3,bot3,success,106,15320184413706473294,12112101446959309618,"(1, 15)","(46, 0)","(46, 35)"
158,60,0.3,bot4,success,106,15320184413706473294,12112101446959309618,"(1, 15)","(46, 0)","(46, 35)"
158,60,0.4,bot1,burned,82,15320184413706473294,12112101446959309618,"(1, 15)","(46, 0)","(46, 35)"
158,60,0.4,bot2,success,110,15320184413706473294,12112101446959309618,"(1, 15)","(46, 0)","(46, 35)"
158,60,0.4,bot3,success,110,15320184413706473294,12112101446959309618,"(1, 15)","(46, 0)","(46, 35)"
158,60,0.4,bot4,success,110,15320184413706473294,12112101446959309618,"(1, 15)","(46, 0)","(46, 35)"
158,60,0.5,bot1,burned,75,15320184413706473294,12112101446959309618,"(1, 15)","(46, 0)","(46, 35)"
158,60,0.5,bot2,burned,83,15320184413706473294,12112101446959309618,"(1, 15)","(46, 0)","(46, 35)"
158,60,0.5,bot3,burned,83,15320184413706473294,12112101446959309618,"(1, 15)","(46, 0)","(46, 35)"
158,60,0.5,bot4,burned,83,15320184413706473294,12112101446959309618,"(1, 15)","(46, 0)","(46, 35)"
159,60,0.3,bot1,success,55,12902336299056296213,14719863204256290719,"(50, 2)","(37, 36)","(6, 43)"
159,60,0.3,bot2,success,55,12902336299056296213,14719863204256290719,"(50, 2)","(37, 36)","(6, 43)"
159,60,0.3,bot3,success,55,12902336299056296213,14719863204256290719,"(50, 2)","(37, 36)","(6, 43)"
159,60,0.3,bot4,success,55,12902336299056296213,14719863204256290719,"(50, 2)","(37, 36)","(6, 43)"
159,60,0.4,bot1,success,55,12902336299056296213,14719863204256290719,"(50, 2)","(37, 36)","(6, 43)"
159,60,0.4,bot2,success,55,12902336299056296213,14719863204256290719,"(50, 2)","(37, 36)","(6, 43)"
159,60,0.4,bot3,success,55,12902336299056296213,14719863204256290719,"(50, 2)","(37, 36)","(6, 43)"
159,60,0.4,bot4,success,55,12902336299056296213,14719863204256290719,"(50, 2)","(37, 36)","(6, 43)"
159,60,0.5,bot1,success,55,12902336299056296213,14719863204256290719,"(50, 2)","(37, 36)","(6, 43)"
159,60,0.5,bot2,success,55,12902336299056296213,14719863204256290719,"(50, 2)","(37, 36)","(6, 43)"
159,60,0.5,bot3,success,55,12902336299056296213,14719863204256290719,"(50, 2)","(37, 36)","(6, 43)"
159,60,0.5,bot4,success,55,12902336299056296213,14719863204256290719,"(50, 2)","(37, 36)","(6, 43)"
160,60,0.3,bot1,burned,47,2799346121036816381,13328830980545100283,"(20, 20)","(40, 0)","(33, 3)"
160,60,0.3,bot2,burned,86,2799346121036816381,13328830980545100283,"(20, 20)","(40, 0)","(33, 3)"
160,60,0.3,bot3,burned,86,2799346121036816381,13328830980545100283,"(20, 20)","(40, 0)","(33, 3)"
160,60,0.3,bot4,burned,86,2799346121036816381,13328830980545100283,"(20, 20)","(40, 0)","(33, 3)"
160,60,0.4,bot1,burned,40,2799346121036816381,13328830980545100283,"(20, 20)","(40, 0)","(33, 3)"
160,60,0.4,bot2,burned,86,2799346121036816381,13328830980545100283,"(20, 20)","(40, 0)","(33, 3)"
160,60,0.4,bot3,burned,86,2799346121036816381,13328830980545100283,"(20, 20)","(40, 0)","(33, 3)"
160,60,0.4,bot4,burned,86,2799346121036816381,13328830980545100283,"(20, 20)","(40, 0)","(33, 3)"
160,60,0.5,bot1,burned,39,2799346121036816381,13328830980545100283,"(20, 20)","(40, 0)","(33, 3)"
160,60,0.5,bot2,burned,72,2799346121036816381,13328830980545100283,"(20, 20)","(40, 0)","(33, 3)"
160,60,0.5,bot3,burned,72,2799346121036816381,13328830980545100283,"(20, 20)","(40, 0)","(33, 3)"
160,60,0.5,bot4,burned,72,2799346121036816381,13328830980545100283,"(20, 20)","(40, 0)","(33, 3)"
161,60,0.3,bot1,success,68,16497638351452034136,347315591187297591,"(4, 13)","(44, 39)","(12, 56)"
161,60,0.3,bot2,success,68,16497638351452034136,347315591187297591,"(4, 13)","(44, 39)","(12, 56)"
161,60,0.3,bot3,success,68,16497638351452034136,347315591187297591,"(4, 13)","(44, 39)","(12, 56)"
161,60,0.3,bot4,success,68,16497638351452034136,347315591187297591,"(4, 13)","(44, 39)","(12, 56)"
161,60,0.4,bot1,success,68,16497638351452034136,347315591187297591,"(4, 13)","(44, 39)","(12, 56)"
161,60,0.4,bot2,success,68,16497638351452034136,347315591187297591,"(4, 13)","(44, 39)","(12, 56)"
161,60,0.4,bot3,success,68,16497638351452034136,347315591187297591,"(4, 13)","(44, 39)","(12, 56)"
161,60,0.4,bot4,success,68,16497638351452034136,347315591187297591,"(4, 13)","(44, 39)","(12, 56)"
161,60,0.5,bot1,success,68,16497638351452034136,347315591187297591,"(4, 13)","(44, 39)","(12, 56)"
161,60,0.5,bot2,success,68,16497638351452034136,347315591187297591,"(4, 13)","(44, 39)","(12, 56)"
161,60,0.5,bot3,success,68,16497638351452034136,347315591187297591,"(4, 13)","(44, 39)","(12, 56)"
161,60,0.5,bot4,success,68,16497638351452034136,347315591187297591,"(4, 13)","(44, 39)","(12, 56)"
162,60,0.3,bot1,success,22,15563674485288317490,13742749256799850224,"(58, 59)","(48, 47)","(44, 16)"
162,60,0.3,bot2,success,22,15563674485288317490,13742749256799850224,"(58, 59)","(48, 47)","(44, 16)"
162,60,0.3,bot3,success,22,15563674485288317490,13742749256799850224,"(58, 59)","(48, 47)","(44, 16)"
162,60,0.3,bot4,success,22,15563674485288317490,13742749256799850224,"(58, 59)","(48, 47)","(44, 16)"
162,60,0.4,bot1,success,22,15563674485288317490,13742749256799850224,"(58, 59)","(48, 47)","(44, 16)"
162,60,0.4,bot2,success,22,15563674485288317490,13742749256799850224,"(58, 59)","(48, 47)","(44, 16)"
162,60,0.4,bot3,success,22,15563674485288317490,13742749256799850224,"(58, 59)","(48, 47)","(44, 16)"
162,60,0.4,bot4,success,22,15563674485288317490,13742749256799850224,"(58, 59)","(48, 47)","(44, 16)"
162,60,0.5,bot1,success,22,15563674485288317490,13742749256799850224,"(58, 59)","(48, 47)","(44, 16)"
162,60,0.5,bot2,success,22,15563674485288317490,13742749256799850224,"(58, 59)","(48, 47)","(44, 16)"
162,60,0.5,bot3,success,22,15563674485288317490,13742749256799850224,"(58, 59)","(48, 47)","(44, 16)"
162,60,0.5,bot4,success,22,15563674485288317490,13742749256799850224,"(58, 59)","(48, 47)","(44, 16)"
163,60,0.3,bot1,success,72,13429370609877778157,15359392363125959622,"(9, 15)","(54, 42)","(39, 2)"
163,60,0.3,bot2,success,72,13429370609877778157,15359392363125959622,"(9, 15)","(54, 42)","(39, 2)"
163,60,0.3,bot3,success,72,13429370609877778157,15359392363125959622,"(9, 15)","(54, 42)","(39, 2)"
163,60,0.3,bot4,success,72,13429370609877778157,15359392363125959622,"(9, 15)","(54, 42)","(39, 2)"
163,60,0.4,bot1,success,72,13429370609877778157,15359392363125959622,"(9, 15)","(54, 42)","(39, 2)"
163,60,0.4,bot2,success,72,13429370609877778157,15359392363125959622,"(9, 15)","(54, 42)","(39, 2)"
163,60,0.4,bot3,success,72,13429370609877778157,15359392363125959622,"(9, 15)","(54, 42)","(39, 2)"
163,60,0.4,bot4,success,72,13429370609877778157,15359392363125959622,"(9, 15)","(54, 42)","(39, 2)"
163,60,0.5,bot1,success,72,13429370609877778157,15359392363125959622,"(9, 15)","(54, 42)","(39, 2)"
163,60,0.5,bot2,success,72,13429370609877778157,15359392363125959622,"(9, 15)","(54, 42)","(39, 2)"
163,60,0.5,bot3,success,72,13429370609877778157,15359392363125959622,"(9, 15)","(54, 42)","(39, 2)"
163,60,0.5,bot4,success,72,13429370609877778157,15359392363125959622,"(9, 15)","(54, 42)","(39, 2)"
164,60,0.3,bot1,success,28,13887172818299624768,11013084515969817804,"(44, 28)","(50, 12)","(29, 51)"
164,60,0.3,bot2,success,28,13887172818299624768,11013084515969817804,"(44, 28)","(50, 12)","(29, 51)"
164,60,0.3,bot3,success,28,13887172818299624768,11013084515969817804,"(44, 28)","(50, 12)","(29, 51)"
164,60,0.3,bot4,success,28,13887172818299624768,11013084515969817804,"(44, 28)","(50, 12)","(29, 51)"
164,60,0.4,bot1,success,28,13887172818299624768,11013084515969817804,"(44, 28)","(50, 12)","(29, 51)"
164,60,0.4,bot2,success,28,13887172818299624768,11013084515969817804,"(44, 28)","(50, 12)","(29, 51)"
164,60,0.4,bot3,success,28,13887172818299624768,11013084515969817804,"(44, 28)","(50, 12)","(29, 51)"
164,60,0.4,bot4,success,28,13887172818299624768,11013084515969817804,"(44, 28)","(50, 12)","(29, 51)"
164,60,0.5,bot1,success,28,13887172818299624768,11013084515969817804,"(44, 28)","(50, 12)","(29, 51)"
164,60,0.5,bot2,success,28,13887172818299624768,11013084515969817804,"(44, 28)","(50, 12)","(29, 51)"
164,60,0.5,bot3,success,28,13887172818299624768,11013084515969817804,"(44, 28)","(50, 12)","(29, 51)"
164,60,0.5,bot4,success,28,13887172818299624768,11013084515969817804,"(44, 28)","(50, 12)","(29, 51)"
165,60,0.3,bot1,burned,30,15255221691100279529,5188825258071295915,"(51, 44)","(14, 7)","(27, 30)"
165,60,0.3,bot2,success,96,15255221691100279529,5188825258071295915,"(51, 44)","(14, 7)","(27, 30)"
165,60,0.3,bot3,success,96,15255221691100279529,5188825258071295915,"(51, 44)","(14, 7)","(27, 30)"
165,60,0.3,bot4,success,82,15255221691100279529,5188825258071295915,"(51, 44)","(14, 7)","(27, 30)"
165,60,0.4,bot1,burned,26,15255221691100279529,5188825258071295915,"(51, 44)","(14, 7)","(27, 30)"
165,60,0.4,bot2,burned,100,15255221691100279529,5188825258071295915,"(51, 44)","(14, 7)","(27, 30)"
165,60,0.4,bot3,burned,100,15255221691100279529,5188825258071295915,"(51, 44)","(14, 7)","(27, 30)"
165,60,0.4,bot4,burned,100,15255221691100279529,5188825258071295915,"(51, 44)","(14, 7)","(27, 30)"
165,60,0.5,bot1,burned,28,15255221691100279529,5188825258071295915,"(51, 44)","(14, 7)","(27, 30)"
165,60,0.5,bot2,burned,32,15255221691100279529,5188825258071295915,"(51, 44)","(14, 7)","(27, 30)"
165,60,0.5,bot3,burned,61,15255221691100279529,5188825258071295915,"(51, 44)","(14, 7)","(27, 30)"
165,60,0.5,bot4,burned,32,15255221691100279529,5188825258071295915,"(51, 44)","(14, 7)","(27, 30)"
166,60,0.3,bot1,success,67,15638059293598610723,6153926469584847674,"(7, 54)","(45, 39)","(23, 8)"
166,60,0.3,bot2,success,67,15638059293598610723,6153926469584847674,"(7, 54)","(45, 39)","(23, 8)"
166,60,0.3,bot3,success,67,15638059293598610723,6153926469584847674,"(7, 54)","(45, 39)","(23, 8)"
166,60,0.3,bot4,success,67,15638059293598610723,6153926469584847674,"(7, 54)","(45, 39)","(23, 8)"
166,60,0.4,bot1,success,67,15638059293598610723,6153926469584847674,"(7, 54)","(45, 39)","(23, 8)"
166,60,0.4,bot2,success,67,15638059293598610723,6153926469584847674,"(7, 54)","(45, 39)","(23, 8)"
166,60,0.4,bot3,success,67,15638059293598610723,6153926469584847674,"(7, 54)","(45, 39)","(23, 8)"
166,60,0.4,bot4,success,67,15638059293598610723,6153926469584847674,"(7, 54)","(45, 39)","(23, 8)"
166,60,0.5,bot1,success,67,15638059293598610723,6153926469584847674,"(7, 54)","(45, 39)","(23, 8)"
166,60,0.5,bot2,success,67,15638059293598610723,6153926469584847674,"(7, 54)","(45, 39)","(23, 8)"
166,60,0.5,bot3,success,67,15638059293598610723,6153926469584847674,"(7, 54)","(45, 39)","(23, 8)"
166,60,0.5,bot4,success,67,15638059293598610723,6153926469584847674,"(7, 54)","(45, 39)","(23, 8)"
167,60,0.3,bot1,success,65,9744483309345898137,7942658740273397795,"(15, 45)","(7, 0)","(1, 36)"
167,60,0.3,bot2,success,65,9744483309345898137,7942658740273397795,"(15, 45)","(7, 0)","(1, 36)"
167,60,0.3,bot3,success,65,9744483309345898137,7942658740273397795,"(15, 45)","(7, 0)","(1, 36)"
167,60,0.3,bot4,success,65,9744483309345898137,7942658740273397795,"(15, 45)","(7, 0)","(1, 36)"
167,60,0.4,bot1,success,65,9744483309345898137,7942658740273397795,"(15, 45)","(7, 0)","(1, 36)"
167,60,0.4,bot2,success,65,9744483309345898137,7942658740273397795,"(15, 45)","(7, 0)","(1, 36)"
167,60,0.4,bot3,success,65,9744483309345898137,7942658740273397795,"(15, 45)","(7, 0)","(1, 36)"
167,60,0.4,bot4,success,65,9744483309345898137,7942658740273397795,"(15, 45)","(7, 0)","(1, 36)"
167,60,0.5,bot1,success,65,9744483309345898137,7942658740273397795,"(15, 45)","(7, 0)","(1, 36)"
167,60,0.5,bot2,success,65,9744483309345898137,7942658740273397795,"(15, 45)","(7, 0)","(1, 36)"
167,60,0.5,bot3,success,65,9744483309345898137,7942658740273397795,"(15, 45)","(7, 0)","(1, 36)"
167,60,0.5,bot4,success,65,9744483309345898137,7942658740273397795,"(15, 45)","(7, 0)","(1, 36)"
168,60,0.3,bot1,success,57,15749521861253454334,12817339802840590116,"(37, 49)","(50, 21)","(30, 59)"
168,60,0.3,bot2,success,57,15749521861253454334,12817339802840590116,"(37, 49)","(50, 21)","(30, 59)"
168,60,0.3,bot3,success,57,15749521861253454334,12817339802840590116,"(37, 49)","(50, 21)","(30, 59)"
168,60,0.3,bot4,success,57,15749521861253454334,12817339802840590116,"(37, 49)","(50, 21)","(30, 59)"
168,60,0.4,bot1,success,57,15749521861253454334,12817339802840590116,"(37, 49)","(50, 21)","(30, 59)"
168,60,0.4,bot2,success,57,15749521861253454334,12817339802840590116,"(37, 49)","(50, 21)","(30, 59)"
168,60,0.4,bot3,success,57,15749521861253454334,12817339802840590116,"(37, 49)","(50, 21)","(30, 59)"
168,60,0.4,bot4,success,57,15749521861253454334,12817339802840590116,"(37, 49)","(50, 21)","(30, 59)"
168,60,0.5,bot1,success,57,15749521861253454334,12817339802840590116,"(37, 49)","(50, 21)","(30, 59)"
168,60,0.5,bot2,success,57,15749521861253454334,12817339802840590116,"(37, 49)","(50, 21)","(30, 59)"
168,60,0.5,bot3,success,57,15749521861253454334,12817339802840590116,"(37, 49)","(50, 21)","(30, 59)"
168,60,0.5,bot4,success,57,15749521861253454334,12817339802840590116,"(37, 49)","(50, 21)","(30, 59)"
169,60,0.3,bot1,success,83,9878109320388715194,16567641298552674880,"(9, 34)","(51, 5)","(1, 30)"
169,60,0.3,bot2,success,83,9878109320388715194,16567641298552674880,"(9, 34)","(51, 5)","(1, 30)"
169,60,0.3,bot3,success,83,9878109320388715194,16567641298552674880,"(9, 34)","(51, 5)","(1, 30)"
169,60,0.3,bot4,success,83,9878109320388715194,16567641298552674880,"(9, 34)","(51, 5)","(1, 30)"
169,60,0.4,bot1,success,83,9878109320388715194,16567641298552674880,"(9, 34)","(51, 5)","(1, 30)"
169,60,0.4,bot2,success,83,9878109320388715194,16567641298552674880,"(9, 34)","(51, 5)","(1, 30)"
169,60,0.4,bot3,success,83,9878109320388715194,16567641298552674880,"(9, 34)","(51, 5)","(1, 30)"
169,60,0.4,bot4,success,83,9878109320388715194,16567641298552674880,"(9, 34)","(51, 5)","(1, 30)"
169,60,0.5,bot1,success,83,9878109320388715194,16567641298552674880,"(9, 34)","(51, 5)","(1, 30)"
169,60,0.5,bot2,success,83,9878109320388715194,16567641298552674880,"(9, 34)","(51, 5)","(1, 30)"
169,60,0.5,bot3,success,83,9878109320388715194,16567641298552674880,"(9, 34)","(51, 5)","(1, 30)"
169,60,0.5,bot4,success,83,9878109320388715194,16567641298552674880,"(9, 34)","(51, 5)","(1, 30)"
170,60,0.3,bot1,success,70,1255436125395550597,3469742258412159342,"(48, 47)","(30, 7)","(58, 26)"
170,60,0.3,bot2,success,70,1255436125395550597,3469742258412159342,"(48, 47)","(30, 7)","(58, 26)"
170,60,0.3,bot3,success,70,1255436125395550597,3469742258412159342,"(48, 47)","(30, 7)","(58, 26)"
170,60,0.3,bot4,success,70,1255436125395550597,3469742258412159342,"(48, 47)","(30, 7)","(58, 26)"
170,60,0.4,bot1,success,70,1255436125395550597,3469742258412159342,"(48, 47)","(30, 7)","(58, 26)"
170,60,0.4,bot2,success,70,1255436125395550597,3469742258412159342,"(48, 47)","(30, 7)","(58, 26)"
170,60,0.4,bot3,success,70,1255436125395550597,3469742258412159342,"(48, 47)","(30, 7)","(58, 26)"
170,60,0.4,bot4,success,70,1255436125395550597,3469742258412159342,"(48, 47)","(30, 7)","(58, 26)"
170,60,0.5,bot1,success,70,1255436125395550597,3469742258412159342,"(48, 47)","(30, 7)","(58, 26)"
170,60,0.5,bot2,success,70,1255436125395550597,3469742258412159342,"(48, 47)","(30, 7)","(58, 26)"
170,60,0.5,bot3,success,70,1255436125395550597,3469742258412159342,"(48, 47)","(30, 7)","(58, 26)"
170,60,0.5,bot4,success,70,1255436125395550597,3469742258412159342,"(48, 47)","(30, 7)","(58, 26)"
171,60,0.3,bot1,success,62,3140169509064660340,17103512752118064841,"(5, 35)","(50, 34)","(13, 46)"
171,60,0.3,bot2,success,62,3140169509064660340,17103512752118064841,"(5, 35)","(50, 34)","(13, 46)"
171,60,0.3,bot3,success,62,3140169509064660340,17103512752118064841,"(5, 35)","(50, 34)","(13, 46)"
171,60,0.3,bot4,success,62,3140169509064660340,17103512752118064841,"(5, 35)","(50, 34)","(13, 46)"
171,60,0.4,bot1,success,62,3140169509064660340,17103512752118064841,"(5, 35)","(50, 34)","(13, 46)"
171,60,0.4,bot2,success,62,3140169509064660340,17103512752118064841,"(5, 35)","(50, 34)","(13, 46)"
171,60,0.4,bot3,success,62,3140169509064660340,17103512752118064841,"(5, 35)","(50, 34)","(13, 46)"
171,60,0.4,bot4,success,62,3140169509064660340,17103512752118064841,"(5, 35)","(50, 34)","(13, 46)"
171,60,0.5,bot1,success,62,3140169509064660340,17103512752118064841,"(5, 35)","(50, 34)","(13, 46)"
171,60,0.5,bot2,success,62,3140169509064660340,17103512752118064841,"(5, 35)","(50, 34)","(13, 46)"
171,60,0.5,bot3,success,62,3140169509064660340,17103512752118064841,"(5, 35)","(50, 34)","(13, 46)"
171,60,0.5,bot4,success,62,3140169509064660340,17103512752118064841,"(5, 35)","(50, 34)","(13, 46)"
172,60,0.3,bot1,success,35,9251721860192191195,17055731364437399044,"(52, 33)","(45, 11)","(22, 49)"
172,60,0.3,bot2,success,35,9251721860192191195,17055731364437399044,"(52, 33)","(45, 11)","(22, 49)"
172,60,0.3,bot3,success,35,9251721860192191195,17055731364437399044,"(52, 33)","(45, 11)","(22, 49)"
172,60,0.3,bot4,success,35,9251721860192191195,17055731364437399044,"(52, 33)","(45, 11)","(22, 49)"
172,60,0.4,bot1,success,35,9251721860192191195,17055731364437399044,"(52, 33)","(45, 11)","(22, 49)"
172,60,0.4,bot2,success,35,9251721860192191195,17055731364437399044,"(52, 33)","(45, 11)","(22, 49)"
172,60,0.4,bot3,success,35,9251721860192191195,17055731364437399044,"(52, 33)","(45, 11)","(22, 49)"
172,60,0.4,bot4,success,35,9251721860192191195,17055731364437399044,"(52, 33)","(45, 11)","(22, 49)"
172,60,0.5,bot1,success,35,9251721860192191195,17055731364437399044,"(52, 33)","(45, 11)","(22, 49)"
172,60,0.5,bot2,success,35,9251721860192191195,17055731364437399044,"(52, 33)","(45, 11)","(22, 49)"
172,60,0.5,bot3,success,35,9251721860192191195,17055731364437399044,"(52, 33)","(45, 11)","(22, 49)"
172,60,0.5,bot4,success,35,9251721860192191195,17055731364437399044,"(52, 33)","(45, 11)","(22, 49)"
173,60,0.3,bot1,success,65,14246613905618920354,2208126876465038403,"(59, 55)","(17, 44)","(17, 17)"
173,60,0.3,bot2,success,65,14246613905618920354,2208126876465038403,"(59, 55)","(17, 44)","(17, 17)"
173,60,0.3,bot3,success,65,14246613905618920354,2208126876465038403,"(59, 55)","(17, 44)","(17, 17)"
173,60,0.3,bot4,success,65,14246613905618920354,2208126876465038403,"(59, 55)","(17, 44)","(17, 17)"
173,60,0.4,bot1,success,65,14246613905618920354,2208126876465038403,"(59, 55)","(17, 44)","(17, 17)"
173,60,0.4,bot2,success,65,14246613905618920354,2208126876465038403,"(59, 55)","(17, 44)","(17, 17)"
173,60,0.4,bot3,success,65,14246613905618920354,2208126876465038403,"(59, 55)","(17, 44)","(17, 17)"
173,60,0.4,bot4,success,65,14246613905618920354,2208126876465038403,"(59, 55)","(17, 44)","(17, 17)"
173,60,0.5,bot1,success,65,14246613905618920354,2208126876465038403,"(59, 55)","(17, 44)","(17, 17)"
173,60,0.5,bot2,success,65,14246613905618920354,2208126876465038403,"(59, 55)","(17, 44)","(17, 17)"
173,60,0.5,bot3,success,65,14246613905618920354,2208126876465038403,"(59, 55)","(17, 44)","(17, 17)"
173,60,0.5,bot4,success,65,14246613905618920354,2208126876465038403,"(59, 55)","(17, 44)","(17, 17)"
174,60,0.3,bot1,success,13,12157070005356332926,18145730219490952305,"(10, 19)","(16, 26)","(44, 24)"
174,60,0.3,bot2,success,13,12157070005356332926,18145730219490952305,"(10, 19)","(16, 26)","(44, 24)"
174,60,0.3,bot3,success,13,12157070005356332926,18145730219490952305,"(10, 19)","(16, 26)","(44, 24)"
174,60,0.3,bot4,success,13,12157070005356332926,18145730219490952305,"(10, 19)","(16, 26)","(44, 24)"
174,60,0.4,bot1,success,13,12157070005356332926,18145730219490952305,"(10, 19)","(16, 26)","(44, 24)"
174,60,0.4,bot2,success,13,12157070005356332926,18145730219490952305,"(10, 19)","(16, 26)","(44, 24)"
174,60,0.4,bot3,success,13,12157070005356332926,18145730219490952305,"(10, 19)","(16, 26)","(44, 24)"
174,60,0.4,bot4,success,13,12157070005356332926,18145730219490952305,"(10, 19)","(16, 26)","(44, 24)"
174,60,0.5,bot1,success,13,12157070005356332926,18145730219490952305,"(10, 19)","(16, 26)","(44, 24)"
174,60,0.5,bot2,success,13,12157070005356332926,18145730219490952305,"(10, 19)","(16, 26)","(44, 24)"
174,60,0.5,bot3,success,13,12157070005356332926,18145730219490952305,"(10, 19)","(16, 26)","(44, 24)"
174,60,0.5,bot4,success,13,12157070005356332926,18145730219490952305,"(10, 19)","(16, 26)","(44, 24)"
175,60,0.3,bot1,success,3,5443288532009588410,14766602171800467671,"(13, 59)","(15, 58)","(12, 43)"
175,60,0.3,bot2,success,3,5443288532009588410,14766602171800467671,"(13, 59)","(15, 58)","(12, 43)"
175,60,0.3,bot3,success,3,5443288532009588410,14766602171800467671,"(13, 59)","(15, 58)","(12, 43)"
175,60,0.3,bot4,success,3,5443288532009588410,14766602171800467671,"(13, 59)","(15, 58)","(12, 43)"
175,60,0.4,bot1,success,3,5443288532009588410,14766602171800467671,"(13, 59)","(15, 58)","(12, 43)"
175,60,0.4,bot2,success,3,5443288532009588410,14766602171800467671,"(13, 59)","(15, 58)","(12, 43)"
175,60,0.4,bot3,success,3,5443288532009588410,14766602171800467671,"(13, 59)","(15, 58)","(12, 43)"
175,60,0.4,bot4,success,3,5443288532009588410,14766602171800467671,"(13, 59)","(15, 58)","(12, 43)"
175,60,0.5,bot1,success,3,5443288532009588410,14766602171800467671,"(13, 59)","(15, 58)","(12, 43)"
175,60,0.5,bot2,success,3,5443288532009588410,14766602171800467671,"(13, 59)","(15, 58)","(12, 43)"
175,60,0.5,bot3,success,3,5443288532009588410,14766602171800467671,"(13, 59)","(15, 58)","(12, 43)"
175,60,0.5,bot4,success,3,5443288532009588410,14766602171800467671,"(13, 59)","(15, 58)","(12, 43)"
176,60,0.3,bot1,success,48,15936589104840595750,16307883595858037229,"(11, 57)","(41, 45)","(59, 33)"
176,60,0.3,bot2,success,48,15936589104840595750,16307883595858037229,"(11, 57)","(41, 45)","(59, 33)"
176,60,0.3,bot3,success,48,15936589104840595750,16307883595858037229,"(11, 57)","(41, 45)","(59, 33)"
176,60,0.3,bot4,success,48,15936589104840595750,16307883595858037229,"(11, 57)","(41, 45)","(59, 33)"
176,60,0.4,bot1,success,48,15936589104840595750,16307883595858037229,"(11, 57)","(41, 45)","(59, 33)"
176,60,0.4,bot2,success,48,15936589104840595750,16307883595858037229,"(11, 57)","(41, 45)","(59, 33)"
176,60,0.4,bot3,success,48,15936589104840595750,16307883595858037229,"(11, 57)","(41, 45)","(59, 33)"
176,60,0.4,bot4,success,48,15936589104840595750,16307883595858037229,"(11, 57)","(41, 45)","(59, 33)"
176,60,0.5,bot1,success,48,15936589104840595750,16307883595858037229,"(11, 57)","(41, 45)","(59, 33)"
176,60,0.5,bot2,success,48,15936589104840595750,16307883595858037229,"(11, 57)","(41, 45)","(59, 33)"
176,60,0.5,bot3,success,48,15936589104840595750,16307883595858037229,"(11, 57)","(41, 45)","(59, 33)"
176,60,0.5,bot4,success,48,15936589104840595750,16307883595858037229,"(11, 57)","(41, 45)","(59, 33)"
177,60,0.3,bot1,success,40,747322963572369692,11213686577215876826,"(19, 29)","(5, 45)","(32, 20)"
177,60,0.3,bot2,success,40,747322963572369692,11213686577215876826,"(19, 29)","(5, 45)","(32, 20)"
177,60,0.3,bot3,success,40,747322963572369692,11213686577215876826,"(19, 29)","(5, 45)","(32, 20)"
177,60,0.3,bot4,success,40,747322963572369692,11213686577215876826,"(19, 29)","(5, 45)","(32, 20)"
177,60,0.4,bot1,success,40,747322963572369692,11213686577215876826,"(19, 29)","(5, 45)","(32, 20)"
177,60,0.4,bot2,success,40,747322963572369692,11213686577215876826,"(19, 29)","(5, 45)","(32, 20)"
177,60,0.4,bot3,success,40,747322963572369692,11213686577215876826,"(19, 29)","(5, 45)","(32, 20)"
177,60,0.4,bot4,success,40,747322963572369692,11213686577215876826,"(19, 29)","(5, 45)","(32, 20)"
177,60,0.5,bot1,success,40,747322963572369692,11213686577215876826,"(19, 29)","(5, 45)","(32, 20)"
177,60,0.5,bot2,success,40,747322963572369692,11213686577215876826,"(19, 29)","(5, 45)","(32, 20)"
177,60,0.5,bot3,success,40,747322963572369692,11213686577215876826,"(19, 29)","(5, 45)","(32, 20)"
177,60,0.5,bot4,success,40,747322963572369692,11213686577215876826,"(19, 29)","(5, 45)","(32, 20)"
178,60,0.3,bot1,success,19,1261349247271475952,9733059895875381994,"(30, 17)","(27, 31)","(41, 25)"
178,60,0.3,bot2,success,19,1261349247271475952,9733059895875381994,"(30, 17)","(27, 31)","(41, 25)"
178,60,0.3,bot3,success,19,1261349247271475952,9733059895875381994,"(30, 17)","(27, 31)","(41, 25)"
178,60,0.3,bot4,success,19,1261349247271475952,9733059895875381994,"(30, 17)","(27, 31)","(41, 25)"
178,60,0.4,bot1,success,19,1261349247271475952,9733059895875381994,"(30, 17)","(27, 31)","(41, 25)"
178,60,0.4,bot2,success,19,1261349247271475952,9733059895875381994,"(30, 17)","(27, 31)","(41, 25)"
178,60,0.4,bot3,success,19,1261349247271475952,9733059895875381994,"(30, 17)","(27, 31)","(41, 25)"
178,60,0.4,bot4,success,19,1261349247271475952,9733059895875381994,"(30, 17)","(27, 31)","(41, 25)"
178,60,0.5,bot1,success,19,1261349247271475952,9733059895875381994,"(30, 17)","(27, 31)","(41, 25)"
178,60,0.5,bot2,success,19,1261349247271475952,9733059895875381994,"(30, 17)","(27, 31)","(41, 25)"
178,60,0.5,bot3,success,19,1261349247271475952,9733059895875381994,"(30, 17)","(27, 31)","(41, 25)"
178,60,0.5,bot4,success,19,1261349247271475952,9733059895875381994,"(30, 17)","(27, 31)","(41, 25)"
179,60,0.3,bot1,success,34,1093870218910664737,9322002982444760691,"(51, 42)","(42, 51)","(20, 13)"
179,60,0.3,bot2,success,34,1093870218910664737,9322002982444760691,"(51, 42)","(42, 51)","(20, 13)"
179,60,0.3,bot3,success,34,1093870218910664737,9322002982444760691,"(51, 42)","(42, 51)","(20, 13)"
179,60,0.3,bot4,success,34,1093870218910664737,9322002982444760691,"(51, 42)","(42, 51)","(20, 13)"
179,60,0.4,bot1,success,34,1093870218910664737,9322002982444760691,"(51, 42)","(42, 51)","(20, 13)"
179,60,0.4,bot2,success,34,1093870218910664737,9322002982444760691,"(51, 42)","(42, 51)","(20, 13)"
179,60,0.4,bot3,success,34,1093870218910664737,9322002982444760691,"(51, 42)","(42, 51)","(20, 13)"
179,60,0.4,bot4,success,34,1093870218910664737,9322002982444760691,"(51, 42)","(42, 51)","(20, 13)"
179,60,0.5,bot1,success,34,1093870218910664737,9322002982444760691,"(51, 42)","(42, 51)","(20, 13)"
179,60,0.5,bot2,success,34,1093870218910664737,9322002982444760691,"(51, 42)","(42, 51)","(20, 13)"
179,60,0.5,bot3,success,34,1093870218910664737,9322002982444760691,"(51, 42)","(42, 51)","(20, 13)"
179,60,0.5,bot4,success,34,1093870218910664737,9322002982444760691,"(51, 42)","(42, 51)","(20, 13)"
180,60,0.3,bot1,burned,9,15187655378902044981,6769385600780092527,"(1, 6)","(20, 5)","(5, 10)"
180,60,0.3,bot2,burned,87,15187655378902044981,6769385600780092527,"(1, 6)","(20, 5)","(5, 10)"
180,60,0.3,bot3,success,80,15187655378902044981,6769385600780092527,"(1, 6)","(20, 5)","(5, 10)"
180,60,0.3,bot4,success,80,15187655378902044981,6769385600780092527,"(1, 6)","(20, 5)","(5, 10)"
180,60,0.4,bot1,burned,8,15187655378902044981,6769385600780092527,"(1, 6)","(20, 5)","(5, 10)"
180,60,0.4,bot2,burned,14,15187655378902044981,6769385600780092527,"(1, 6)","(20, 5)","(5, 10)"
180,60,0.4,bot3,burned,14,15187655378902044981,6769385600780092527,"(1, 6)","(20, 5)","(5, 10)"
180,60,0.4,bot4,burned,14,15187655378902044981,6769385600780092527,"(1, 6)","(20, 5)","(5, 10)"
180,60,0.5,bot1,burned,8,15187655378902044981,6769385600780092527,"(1, 6)","(20, 5)","(5, 10)"
180,60,0.5,bot2,burned,21,15187655378902044981,6769385600780092527,"(1, 6)","(20, 5)","(5, 10)"
180,60,0.5,bot3,burned,21,15187655378902044981,6769385600780092527,"(1, 6)","(20, 5)","(5, 10)"
180,60,0.5,bot4,burned,21,15187655378902044981,6769385600780092527,"(1, 6)","(20, 5)","(5, 10)"
181,60,0.3,bot1,success,43,3390532834353988002,6902419709558933566,"(53, 0)","(57, 31)","(31, 26)"
181,60,0.3,bot2,success,43,3390532834353988002,6902419709558933566,"(53, 0)","(57, 31)","(31, 26)"
181,60,0.3,bot3,success,43,3390532834353988002,6902419709558933566,"(53, 0)","(57, 31)","(31, 26)"
181,60,0.3,bot4,success,43,3390532834353988002,6902419709558933566,"(53, 0)","(57, 31)","(31, 26)"
181,60,0.4,bot1,success,43,3390532834353988002,6902419709558933566,"(53, 0)","(57, 31)","(31, 26)"
181,60,0.4,bot2,success,43,3390532834353988002,6902419709558933566,"(53, 0)","(57, 31)","(31, 26)"
181,60,0.4,bot3,success,43,3390532834353988002,6902419709558933566,"(53, 0)","(57, 31)","(31, 26)"
181,60,0.4,bot4,success,43,3390532834353988002,6902419709558933566,"(53, 0)","(57, 31)","(31, 26)"
181,60,0.5,bot1,success,43,3390532834353988002,6902419709558933566,"(53, 0)","(57, 31)","(31, 26)"
181,60,0.5,bot2,success,43,3390532834353988002,6902419709558933566,"(53, 0)","(57, 31)","(31, 26)"
181,60,0.5,bot3,success,43,3390532834353988002,6902419709558933566,"(53, 0)","(57, 31)","(31, 26)"
181,60,0.5,bot4,success,43,3390532834353988002,6902419709558933566,"(53, 0)","(57, 31)","(31, 26)"
182,60,0.3,bot1,success,63,6096835162368371693,605209325010186530,"(25, 12)","(42, 52)","(32, 20)"
182,60,0.3,bot2,success,63,6096835162368371693,605209325010186530,"(25, 12)","(42, 52)","(32, 20)"
182,60,0.3,bot3,success,63,6096835162368371693,605209325010186530,"(25, 12)","(42, 52)","(32, 20)"
182,60,0.3,bot4,success,63,6096835162368371693,605209325010186530,"(25, 12)","(42, 52)","(32, 20)"
182,60,0.4,bot1,success,63,6096835162368371693,605209325010186530,"(25, 12)","(42, 52)","(32, 20)"
182,60,0.4,bot2,success,63,6096835162368371693,605209325010186530,"(25, 12)","(42, 52)","(32, 20)"
182,60,0.4,bot3,success,63,6096835162368371693,605209325010186530,"(25, 12)","(42, 52)","(32, 20)"
182,60,0.4,bot4,success,63,6096835162368371693,605209325010186530,"(25, 12)","(42, 52)","(32, 20)"
182,60,0.5,bot1,success,63,6096835162368371693,605209325010186530,"(25, 12)","(42, 52)","(32, 20)"
182,60,0.5,bot2,success,63,6096835162368371693,605209325010186530,"(25, 12)","(42, 52)","(32, 20)"
182,60,0.5,bot3,success,63,6096835162368371693,605209325010186530,"(25, 12)","(42, 52)","(32, 20)"
182,60,0.5,bot4,success,63,6096835162368371693,605209325010186530,"(25, 12)","(42, 52)","(32, 20)"
183,60,0.3,bot1,success,61,15220584240545111527,3430444380565571072,"(12, 11)","(43, 39)","(12, 32)"
183,60,0.3,bot2,success,61,15220584240545111527,3430444380565571072,"(12, 11)","(43, 39)","(12, 32)"
183,60,0.3,bot3,success,61,15220584240545111527,3430444380565571072,"(12, 11)","(43, 39)","(12, 32)"
183,60,0.3,bot4,success,61,15220584240545111527,3430444380565571072,"(12, 11)","(43, 39)","(12, 32)"
183,60,0.4,bot1,success,61,15220584240545111527,3430444380565571072,"(12, 11)","(43, 39)","(12, 32)"
183,60,0.4,bot2,success,61,15220584240545111527,3430444380565571072,"(12, 11)","(43, 39)","(12, 32)"
183,60,0.4,bot3,success,61,15220584240545111527,3430444380565571072,"(12, 11)","(43, 39)","(12, 32)"
183,60,0.4,bot4,success,61,15220584240545111527,3430444380565571072,"(12, 11)","(43, 39)","(12, 32)"
183,60,0.5,bot1,success,61,15220584240545111527,3430444380565571072,"(12, 11)","(43, 39)","(12, 32)"
183,60,0.5,bot2,success,61,15220584240545111527,3430444380565571072,"(12, 11)","(43, 39)","(12, 32)"
183,60,0.5,bot3,success,61,15220584240545111527,3430444380565571072,"(12, 11)","(43, 39)","(12, 32)"
183,60,0.5,bot4,success,61,15220584240545111527,3430444380565571072,"(12, 11)","(43, 39)","(12, 32)"
184,60,0.3,bot1,success,50,15397593000628518635,8250832337100168199,"(30, 30)","(8, 56)","(17, 36)"
184,60,0.3,bot2,success,50,15397593000628518635,8250832337100168199,"(30, 30)","(8, 56)","(17, 36)"
184,60,0.3,bot3,success,50,15397593000628518635,8250832337100168199,"(30, 30)","(8, 56)","(17, 36)"
184,60,0.3,bot4,success,50,15397593000628518635,8250832337100168199,"(30, 30)","(8, 56)","(17, 36)"
184,60,0.4,bot1,success,50,15397593000628518635,8250832337100168199,"(30, 30)","(8, 56)","(17, 36)"
184,60,0.4,bot2,success,50,15397593000628518635,8250832337100168199,"(30, 30)","(8, 56)","(17, 36)"
184,60,0.4,bot3,success,50,15397593000628518635,8250832337100168199,"(30, 30)","(8, 56)","(17, 36)"
184,60,0.4,bot4,success,50,15397593000628518635,8250832337100168199,"(30, 30)","(8, 56)","(17, 36)"
184,60,0.5,bot1,success,50,15397593000628518635,8250832337100168199,"(30, 30)","(8, 56)","(17, 36)"
184,60,0.5,bot2,success,50,15397593000628518635,8250832337100168199,"(30, 30)","(8, 56)","(17, 36)"
184,60,0.5,bot3,success,50,15397593000628518635,8250832337100168199,"(30, 30)","(8, 56)","(17, 36)"
184,60,0.5,bot4,success,50,15397593000628518635,8250832337100168199,"(30, 30)","(8, 56)","(17, 36)"
185,60,0.3,bot1,success,68,3872682254642063558,17006173185602091193,"(5, 52)","(53, 38)","(7, 17)"
185,60,0.3,bot2,success,68,3872682254642063558,17006173185602091193,"(5, 52)","(53, 38)","(7, 17)"
185,60,0.3,bot3,success,68,3872682254642063558,17006173185602091193,"(5, 52)","(53, 38)","(7, 17)"
185,60,0.3,bot4,success,68,3872682254642063558,17006173185602091193,"(5, 52)","(53, 38)","(7, 17)"
185,60,0.4,bot1,success,68,3872682254642063558,17006173185602091193,"(5, 52)","(53, 38)","(7, 17)"
185,60,0.4,bot2,success,68,3872682254642063558,17006173185602091193,"(5, 52)","(53, 38)","(7, 17)"
185,60,0.4,bot3,success,68,3872682254642063558,17006173185602091193,"(5, 52)","(53, 38)","(7, 17)"
185,60,0.4,bot4,success,68,3872682254642063558,17006173185602091193,"(5, 52)","(53, 38)","(7, 17)"
185,60,0.5,bot1,success,68,3872682254642063558,17006173185602091193,"(5, 52)","(53, 38)","(7, 17)"
185,60,0.5,bot2,success,68,3872682254642063558,17006173185602091193,"(5, 52)","(53, 38)","(7, 17)"
185,60,0.5,bot3,success,68,3872682254642063558,17006173185602091193,"(5, 52)","(53, 38)","(7, 17)"
185,60,0.5,bot4,success,68,3872682254642063558,17006173185602091193,"(5, 52)","(53, 38)","(7, 17)"
186,60,0.3,bot1,success,48,1811657686686151503,7419978838605441234,"(48, 23)","(18, 15)","(42, 15)"
186,60,0.3,bot2,success,48,1811657686686151503,7419978838605441234,"(48, 23)","(18, 15)","(42, 15)"
186,60,0.3,bot3,success,48,1811657686686151503,7419978838605441234,"(48, 23)","(18, 15)","(42, 15)"
186,60,0.3,bot4,success,48,1811657686686151503,7419978838605441234,"(48, 23)","(18, 15)","(42, 15)"
186,60,0.4,bot1,success,48,1811657686686151503,7419978838605441234,"(48, 23)","(18, 15)","(42, 15)"
186,60,0.4,bot2,success,48,1811657686686151503,7419978838605441234,"(48, 23)","(18, 15)","(42, 15)"
186,60,0.4,bot3,success,48,1811657686686151503,7419978838605441234,"(48, 23)","(18, 15)","(42, 15)"
186,60,0.4,bot4,success,48,1811657686686151503,7419978838605441234,"(48, 23)","(18, 15)","(42, 15)"
186,60,0.5,bot1,success,48,1811657686686151503,7419978838605441234,"(48, 23)","(18, 15)","(42, 15)"
186,60,0.5,bot2,success,48,1811657686686151503,7419978838605441234,"(48, 23)","(18, 15)","(42, 15)"
186,60,0.5,bot3,success,48,1811657686686151503,7419978838605441234,"(48, 23)","(18, 15)","(42, 15)"
186,60,0.5,bot4,success,48,1811657686686151503,7419978838605441234,"(48, 23)","(18, 15)","(42, 15)"
187,60,0.3,bot1,success,50,12031450520324793750,11020376213491195115,"(26, 33)","(47, 4)","(12, 47)"
187,60,0.3,bot2,success,50,12031450520324793750,11020376213491195115,"(26, 33)","(47, 4)","(12, 47)"
187,60,0.3,bot3,success,50,12031450520324793750,11020376213491195115,"(26, 33)","(47, 4)","(12, 47)"
187,60,0.3,bot4,success,50,12031450520324793750,11020376213491195115,"(26, 33)","(47, 4)","(12, 47)"
187,60,0.4,bot1,success,50,12031450520324793750,11020376213491195115,"(26, 33)","(47, 4)","(12, 47)"
187,60,0.4,bot2,success,50,12031450520324793750,11020376213491195115,"(26, 33)","(47, 4)","(12, 47)"
187,60,0.4,bot3,success,50,12031450520324793750,11020376213491195115,"(26, 33)","(47, 4)","(12, 47)"
187,60,0.4,bot4,success,50,12031450520324793750,11020376213491195115,"(26, 33)","(47, 4)","(12, 47)"
187,60,0.5,bot1,success,50,12031450520324793750,11020376213491195115,"(26, 33)","(47, 4)","(12, 47)"
187,60,0.5,bot2,success,50,12031450520324793750,11020376213491195115,"(26, 33)","(47, 4)","(12, 47)"
187,60,0.5,bot3,success,50,12031450520324793750,11020376213491195115,"(26, 33)","(47, 4)","(12, 47)"
187,60,0.5,bot4,success,50,12031450520324793750,11020376213491195115,"(26, 33)","(47, 4)","(12, 47)"
188,60,0.3,bot1,burned,76,13403167073210614420,17959676096139699303,"(24, 7)","(46, 57)","(29, 53)"
188,60,0.3,bot2,burned,111,13403167073210614420,17959676096139699303,"(24, 7)","(46, 57)","(29, 53)"
188,60,0.3,bot3,burned,111,13403167073210614420,17959676096139699303,"(24, 7)","(46, 57)","(29, 53)"
188,60,0.3,bot4,burned,111,13403167073210614420,17959676096139699303,"(24, 7)","(46, 57)","(29, 53)"
188,60,0.4,bot1,burned,73,13403167073210614420,17959676096139699303,"(24, 7)","(46, 57)","(29, 53)"
188,60,0.4,bot2,burned,89,13403167073210614420,17959676096139699303,"(24, 7)","(46, 57)","(29, 53)"
188,60,0.4,bot3,burned,89,13403167073210614420,17959676096139699303,"(24, 7)","(46, 57)","(29, 53)"
188,60,0.4,bot4,burned,89,13403167073210614420,17959676096139699303,"(24, 7)","(46, 57)","(29, 53)"
188,60,0.5,bot1,burned,67,13403167073210614420,17959676096139699303,"(24, 7)","(46, 57)","(29, 53)"
188,60,0.5,bot2,burned,83,13403167073210614420,17959676096139699303,"(24, 7)","(46, 57)","(29, 53)"
188,60,0.5,bot3,burned,83,13403167073210614420,17959676096139699303,"(24, 7)","(46, 57)","(29, 53)"
188,60,0.5,bot4,burned,83,13403167073210614420,17959676096139699303,"(24, 7)","(46, 57)","(29, 53)"
189,60,0.3,bot1,burned,27,6128140287801030550,11869650214903063268,"(9, 48)","(34, 3)","(27, 31)"
189,60,0.3,bot2,burned,97,6128140287801030550,11869650214903063268,"(9, 48)","(34, 3)","(27, 31)"
189,60,0.3,bot3,burned,100,6128140287801030550,11869650214903063268,"(9, 48)","(34, 3)","(27, 31)"
189,60,0.3,bot4,burned,97,6128140287801030550,11869650214903063268,"(9, 48)","(34, 3)","(27, 31)"
189,60,0.4,bot1,burned,27,6128140287801030550,11869650214903063268,"(9, 48)","(34, 3)","(27, 31)"
189,60,0.4,bot2,burned,56,6128140287801030550,11869650214903063268,"(9, 48)","(34, 3)","(27, 31)"
189,60,0.4,bot3,burned,62,6128140287801030550,11869650214903063268,"(9, 48)","(34, 3)","(27, 31)"
189,60,0.4,bot4,burned,56,6128140287801030550,11869650214903063268,"(9, 48)","(34, 3)","(27, 31)"
189,60,0.5,bot1,burned,23,6128140287801030550,11869650214903063268,"(9, 48)","(34, 3)","(27, 31)"
189,60,0.5,bot2,burned,53,6128140287801030550,11869650214903063268,"(9, 48)","(34, 3)","(27, 31)"
189,60,0.5,bot3,burned,61,6128140287801030550,11869650214903063268,"(9, 48)","(34, 3)","(27, 31)"
189,60,0.5,bot4,burned,53,6128140287801030550,11869650214903063268,"(9, 48)","(34, 3)","(27, 31)"
190,60,0.3,bot1,success,48,12960888006591484442,3679030569200028497,"(43, 51)","(42, 24)","(21, 52)"
190,60,0.3,bot2,success,48,12960888006591484442,3679030569200028497,"(43, 51)","(42, 24)","(21, 52)"
190,60,0.3,bot3,success,48,12960888006591484442,3679030569200028497,"(43, 51)","(42, 24)","(21, 52)"
190,60,0.3,bot4,success,48,12960888006591484442,3679030569200028497,"(43, 51)","(42, 24)","(21, 52)"
190,60,0.4,bot1,success,48,12960888006591484442,3679030569200028497,"(43, 51)","(42, 24)","(21, 52)"
190,60,0.4,bot2,success,48,12960888006591484442,3679030569200028497,"(43, 51)","(42, 24)","(21, 52)"
190,60,0.4,bot3,success,48,12960888006591484442,3679030569200028497,"(43, 51)","(42, 24)","(21, 52)"
190,60,0.4,bot4,success,48,12960888006591484442,3679030569200028497,"(43, 51)","(42, 24)","(21, 52)"
190,60,0.5,bot1,success,48,12960888006591484442,3679030569200028497,"(43, 51)","(42, 24)","(21, 52)"
190,60,0.5,bot2,success,48,12960888006591484442,3679030569200028497,"(43, 51)","(42, 24)","(21, 52)"
190,60,0.5,bot3,success,48,12960888006591484442,3679030569200028497,"(43, 51)","(42, 24)","(21, 52)"
190,60,0.5,bot4,success,48,12960888006591484442,3679030569200028497,"(43, 51)","(42, 24)","(21, 52)"
191,60,0.3,bot1,success,48,6356262570516478551,2559689722532802652,"(46, 31)","(29, 50)","(56, 4)"
191,60,0.3,bot2,success,48,6356262570516478551,2559689722532802652,"(46, 31)","(29, 50)","(56, 4)"
191,60,0.3,bot3,success,48,6356262570516478551,2559689722532802652,"(46, 31)","(29, 50)","(56, 4)"
191,60,0.3,bot4,success,48,6356262570516478551,2559689722532802652,"(46, 31)","(29, 50)","(56, 4)"
191,60,0.4,bot1,success,48,6356262570516478551,2559689722532802652,"(46, 31)","(29, 50)","(56, 4)"
191,60,0.4,bot2,success,48,6356262570516478551,2559689722532802652,"(46, 31)","(29, 50)","(56, 4)"
191,60,0.4,bot3,success,48,6356262570516478551,2559689722532802652,"(46, 31)","(29, 50)","(56, 4)"
191,60,0.4,bot4,success,48,6356262570516478551,2559689722532802652,"(46, 31)","(29, 50)","(56, 4)"
191,60,0.5,bot1,success,48,6356262570516478551,2559689722532802652,"(46, 31)","(29, 50)","(56, 4)"
191,60,0.5,bot2,success,48,6356262570516478551,2559689722532802652,"(46, 31)","(29, 50)","(56, 4)"
191,60,0.5,bot3,success,48,6356262570516478551,2559689722532802652,"(46, 31)","(29, 50)","(56, 4)"
191,60,0.5,bot4,success,48,6356262570516478551,2559689722532802652,"(46, 31)","(29, 50)","(56, 4)"
192,60,0.3,bot1,success,33,1604496273906489235,9606834233693440572,"(37, 39)","(54, 23)","(56, 49)"
192,60,0.3,bot2,success,33,1604496273906489235,9606834233693440572,"(37, 39)","(54, 23)","(56, 49)"
192,60,0.3,bot3,success,33,1604496273906489235,9606834233693440572,"(37, 39)","(54, 23)","(56, 49)"
192,60,0.3,bot4,success,33,1604496273906489235,9606834233693440572,"(37, 39)","(54, 23)","(56, 49)"
192,60,0.4,bot1,success,33,1604496273906489235,9606834233693440572,"(37, 39)","(54, 23)","(56, 49)"
192,60,0.4,bot2,success,33,1604496273906489235,9606834233693440572,"(37, 39)","(54, 23)","(56, 49)"
192,60,0.4,bot3,success,33,1604496273906489235,9606834233693440572,"(37, 39)","(54, 23)","(56, 49)"
192,60,0.4,bot4,success,33,1604496273906489235,9606834233693440572,"(37, 39)","(54, 23)","(56, 49)"
192,60,0.5,bot1,success,33,1604496273906489235,9606834233693440572,"(37, 39)","(54, 23)","(56, 49)"
192,60,0.5,bot2,success,33,1604496273906489235,9606834233693440572,"(37, 39)","(54, 23)","(56, 49)"
192,60,0.5,bot3,success,33,1604496273906489235,9606834233693440572,"(37, 39)","(54, 23)","(56, 49)"
192,60,0.5,bot4,success,33,1604496273906489235,9606834233693440572,"(37, 39)","(54, 23)","(56, 49)"
193,60,0.3,bot1,success,53,13921854179514394460,5393852042819603586,"(48, 15)","(21, 31)","(28, 9)"
193,60,0.3,bot2,success,53,13921854179514394460,5393852042819603586,"(48, 15)","(21, 31)","(28, 9)"
193,60,0.3,bot3,success,53,13921854179514394460,5393852042819603586,"(48, 15)","(21, 31)","(28, 9)"
193,60,0.3,bot4,success,53,13921854179514394460,5393852042819603586,"(48, 15)","(21, 31)","(28, 9)"
193,60,0.4,bot1,success,53,13921854179514394460,5393852042819603586,"(48, 15)","(21, 31)","(28, 9)"
193,60,0.4,bot2,success,53,13921854179514394460,5393852042819603586,"(48, 15)","(21, 31)","(28, 9)"
193,60,0.4,bot3,success,53,13921854179514394460,5393852042819603586,"(48, 15)","(21, 31)","(28, 9)"
193,60,0.4,bot4,success,53,13921854179514394460,5393852042819603586,"(48, 15)","(21, 31)","(28, 9)"
193,60,0.5,bot1,success,53,13921854179514394460,5393852042819603586,"(48, 15)","(21, 31)","(28, 9)"
193,60,0.5,bot2,success,53,13921854179514394460,5393852042819603586,"(48, 15)","(21, 31)","(28, 9)"
193,60,0.5,bot3,success,53,13921854179514394460,5393852042819603586,"(48, 15)","(21, 31)","(28, 9)"
193,60,0.5,bot4,success,53,13921854179514394460,5393852042819603586,"(48, 15)","(21, 31)","(28, 9)"
194,60,0.3,bot1,success,27,17718558694195613069,11768838686659876633,"(40, 41)","(49, 59)","(17, 23)"
194,60,0.3,bot2,success,27,17718558694195613069,11768838686659876633,"(40, 41)","(49, 59)","(17, 23)"
194,60,0.3,bot3,success,27,17718558694195613069,11768838686659876633,"(40, 41)","(49, 59)","(17, 23)"
194,60,0.3,bot4,success,27,17718558694195613069,11768838686659876633,"(40, 41)","(49, 59)","(17, 23)"
194,60,0.4,bot1,success,27,17718558694195613069,11768838686659876633,"(40, 41)","(49, 59)","(17, 23)"
194,60,0.4,bot2,success,27,17718558694195613069,11768838686659876633,"(40, 41)","(49, 59)","(17, 23)"
194,60,0.4,bot3,success,27,17718558694195613069,11768838686659876633,"(40, 41)","(49, 59)","(17, 23)"
194,60,0.4,bot4,success,27,17718558694195613069,11768838686659876633,"(40, 41)","(49, 59)","(17, 23)"
194,60,0.5,bot1,success,27,17718558694195613069,11768838686659876633,"(40, 41)","(49, 59)","(17, 23)"
194,60,0.5,bot2,success,27,17718558694195613069,11768838686659876633,"(40, 41)","(49, 59)","(17, 23)"
194,60,0.5,bot3,success,27,17718558694195613069,11768838686659876633,"(40, 41)","(49, 59)","(17, 23)"
194,60,0.5,bot4,success,27,17718558694195613069,11768838686659876633,"(40, 41)","(49, 59)","(17, 23)"
195,60,0.3,bot1,burned,55,17378820255284120279,10252707453767077480,"(38, 6)","(11, 54)","(20, 56)"
195,60,0.3,bot2,burned,175,17378820255284120279,10252707453767077480,"(38, 6)","(11, 54)","(20, 56)"
195,60,0.3,bot3,burned,175,17378820255284120279,10252707453767077480,"(38, 6)","(11, 54)","(20, 56)"
195,60,0.3,bot4,burned,175,17378820255284120279,10252707453767077480,"(38, 6)","(11, 54)","(20, 56)"
195,60,0.4,bot1,burned,47,17378820255284120279,10252707453767077480,"(38, 6)","(11, 54)","(20, 56)"
195,60,0.4,bot2,burned,105,17378820255284120279,10252707453767077480,"(38, 6)","(11, 54)","(20, 56)"
195,60,0.4,bot3,burned,105,17378820255284120279,10252707453767077480,"(38, 6)","(11, 54)","(20, 56)"
195,60,0.4,bot4,burned,105,17378820255284120279,10252707453767077480,"(38, 6)","(11, 54)","(20, 56)"
195,60,0.5,bot1,burned,46,17378820255284120279,10252707453767077480,"(38, 6)","(11, 54)","(20, 56)"
195,60,0.5,bot2,burned,90,17378820255284120279,10252707453767077480,"(38, 6)","(11, 54)","(20, 56)"
195,60,0.5,bot3,burned,89,17378820255284120279,10252707453767077480,"(38, 6)","(11, 54)","(20, 56)"
195,60,0.5,bot4,burned,90,17378820255284120279,10252707453767077480,"(38, 6)","(11, 54)","(20, 56)"
196,60,0.3,bot1,success,56,15676260043358577983,15543940016848846999,"(4, 37)","(30, 11)","(20, 58)"
196,60,0.3,bot2,success,56,15676260043358577983,15543940016848846999,"(4, 37)","(30, 11)","(20, 58)"
196,60,0.3,bot3,success,56,15676260043358577983,15543940016848846999,"(4, 37)","(30, 11)","(20, 58)"
196,60,0.3,bot4,success,56,15676260043358577983,15543940016848846999,"(4, 37)","(30, 11)","(20, 58)"
196,60,0.4,bot1,success,56,15676260043358577983,15543940016848846999,"(4, 37)","(30, 11)","(20, 58)"
196,60,0.4,bot2,success,56,15676260043358577983,15543940016848846999,"(4, 37)","(30, 11)","(20, 58)"
196,60,0.4,bot3,success,56,15676260043358577983,15543940016848846999,"(4, 37)","(30, 11)","(20, 58)"
196,60,0.4,bot4,success,56,15676260043358577983,15543940016848846999,"(4, 37)","(30, 11)","(20, 58)"
196,60,0.5,bot1,success,56,15676260043358577983,15543940016848846999,"(4, 37)","(30, 11)","(20, 58)"
196,60,0.5,bot2,success,56,15676260043358577983,15543940016848846999,"(4, 37)","(30, 11)","(20, 58)"
196,60,0.5,bot3,success,56,15676260043358577983,15543940016848846999,"(4, 37)","(30, 11)","(20, 58)"
196,60,0.5,bot4,success,56,15676260043358577983,15543940016848846999,"(4, 37)","(30, 11)","(20, 58)"
197,60,0.3,bot1,success,55,4497990399109919050,11613856857414829978,"(59, 41)","(22, 23)","(28, 58)"
197,60,0.3,bot2,success,55,4497990399109919050,11613856857414829978,"(59, 41)","(22, 23)","(28, 58)"
197,60,0.3,bot3,success,55,4497990399109919050,11613856857414829978,"(59, 41)","(22, 23)","(28, 58)"
197,60,0.3,bot4,success,55,4497990399109919050,11613856857414829978,"(59, 41)","(22, 23)","(28, 58)"
197,60,0.4,bot1,success,55,4497990399109919050,11613856857414829978,"(59, 41)","(22, 23)","(28, 58)"
197,60,0.4,bot2,success,55,4497990399109919050,11613856857414829978,"(59, 41)","(22, 23)","(28, 58)"
197,60,0.4,bot3,success,55,4497990399109919050,11613856857414829978,"(59, 41)","(22, 23)","(28, 58)"
197,60,0.4,bot4,success,55,4497990399109919050,11613856857414829978,"(59, 41)","(22, 23)","(28, 58)"
197,60,0.5,bot1,success,55,4497990399109919050,11613856857414829978,"(59, 41)","(22, 23)","(28, 58)"
197,60,0.5,bot2,success,55,4497990399109919050,11613856857414829978,"(59, 41)","(22, 23)","(28, 58)"
197,60,0.5,bot3,success,55,4497990399109919050,11613856857414829978,"(59, 41)","(22, 23)","(28, 58)"
197,60,0.5,bot4,success,55,4497990399109919050,11613856857414829978,"(59, 41)","(22, 23)","(28, 58)"
198,60,0.3,bot1,success,58,16705713756726235317,5148323129054523672,"(47, 54)","(9, 44)","(22, 27)"
198,60,0.3,bot2,success,58,16705713756726235317,5148323129054523672,"(47, 54)","(9, 44)","(22, 27)"
198,60,0.3,bot3,success,58,16705713756726235317,5148323129054523672,"(47, 54)","(9, 44)","(22, 27)"
198,60,0.3,bot4,success,58,16705713756726235317,5148323129054523672,"(47, 54)","(9, 44)","(22, 27)"
198,60,0.4,bot1,success,58,16705713756726235317,5148323129054523672,"(47, 54)","(9, 44)","(22, 27)"
198,60,0.4,bot2,success,58,16705713756726235317,5148323129054523672,"(47, 54)","(9, 44)","(22, 27)"
198,60,0.4,bot3,success,58,16705713756726235317,5148323129054523672,"(47, 54)","(9, 44)","(22, 27)"
198,60,0.4,bot4,success,58,16705713756726235317,5148323129054523672,"(47, 54)","(9, 44)","(22, 27)"
198,60,0.5,bot1,success,58,16705713756726235317,5148323129054523672,"(47, 54)","(9, 44)","(22, 27)"
198,60,0.5,bot2,success,58,16705713756726235317,5148323129054523672,"(47, 54)","(9, 44)","(22, 27)"
198,60,0.5,bot3,success,58,16705713756726235317,5148323129054523672,"(47, 54)","(9, 44)","(22, 27)"
198,60,0.5,bot4,success,58,16705713756726235317,5148323129054523672,"(47, 54)","(9, 44)","(22, 27)"
199,60,0.3,bot1,success,49,4105959435918783394,9041438238542487769,"(3, 34)","(30, 38)","(51, 3)"
199,60,0.3,bot2,success,49,4105959435918783394,9041438238542487769,"(3, 34)","(30, 38)","(51, 3)"
199,60,0.3,bot3,success,49,4105959435918783394,9041438238542487769,"(3, 34)","(30, 38)","(51, 3)"
199,60,0.3,bot4,success,49,4105959435918783394,9041438238542487769,"(3, 34)","(30, 38)","(51, 3)"
199,60,0.4,bot1,success,49,4105959435918783394,9041438238542487769,"(3, 34)","(30, 38)","(51, 3)"
199,60,0.4,bot2,success,49,4105959435918783394,9041438238542487769,"(3, 34)","(30, 38)","(51, 3)"
199,60,0.4,bot3,success,49,4105959435918783394,9041438238542487769,"(3, 34)","(30, 38)","(51, 3)"
199,60,0.4,bot4,success,49,4105959435918783394,9041438238542487769,"(3, 34)","(30, 38)","(51, 3)"
199,60,0.5,bot1,success,49,4105959435918783394,9041438238542487769,"(3, 34)","(30, 38)","(51, 3)"
199,60,0.5,bot2,success,49,4105959435918783394,9041438238542487769,"(3, 34)","(30, 38)","(51, 3)"
199,60,0.5,bot3,success,49,4105959435918783394,9041438238542487769,"(3, 34)","(30, 38)","(51, 3)"
199,60,0.5,bot4,success,49,4105959435918783394,9041438238542487769,"(3, 34)","(30, 38)","(51, 3)"
200,60,0.3,bot1,success,24,4738163730671247939,5523228796962255947,"(29, 24)","(35, 34)","(49, 33)"
200,60,0.3,bot2,success,24,4738163730671247939,5523228796962255947,"(29, 24)","(35, 34)","(49, 33)"
200,60,0.3,bot3,success,24,4738163730671247939,5523228796962255947,"(29, 24)","(35, 34)","(49, 33)"
200,60,0.3,bot4,success,24,4738163730671247939,5523228796962255947,"(29, 24)","(35, 34)","(49, 33)"
200,60,0.4,bot1,success,24,4738163730671247939,5523228796962255947,"(29, 24)","(35, 34)","(49, 33)"
200,60,0.4,bot2,success,24,4738163730671247939,5523228796962255947,"(29, 24)","(35, 34)","(49, 33)"
200,60,0.4,bot3,success,24,4738163730671247939,5523228796962255947,"(29, 24)","(35, 34)","(49, 33)"
200,60,0.4,bot4,success,24,4738163730671247939,5523228796962255947,"(29, 24)","(35, 34)","(49, 33)"
200,60,0.5,bot1,success,24,4738163730671247939,5523228796962255947,"(29, 24)","(35, 34)","(49, 33)"
200,60,0.5,bot2,success,24,4738163730671247939,5523228796962255947,"(29, 24)","(35, 34)","(49, 33)"
200,60,0.5,bot3,success,24,4738163730671247939,5523228796962255947,"(29, 24)","(35, 34)","(49, 33)"
200,60,0.5,bot4,success,24,4738163730671247939,5523228796962255947,"(29, 24)","(35, 34)","(49, 33)"
201,60,0.3,bot1,success,66,9845866928503793332,9841664455480833673,"(36, 42)","(6, 8)","(42, 47)"
201,60,0.3,bot2,success,66,9845866928503793332,9841664455480833673,"(36, 42)","(6, 8)","(42, 47)"
201,60,0.3,bot3,success,66,9845866928503793332,9841664455480833673,"(36, 42)","(6, 8)","(42, 47)"
201,60,0.3,bot4,success,66,9845866928503793332,9841664455480833673,"(36, 42)","(6, 8)","(42, 47)"
201,60,0.4,bot1,success,66,9845866928503793332,9841664455480833673,"(36, 42)","(6, 8)","(42, 47)"
201,60,0.4,bot2,success,66,9845866928503793332,9841664455480833673,"(36, 42)","(6, 8)","(42, 47)"
201,60,0.4,bot3,success,66,9845866928503793332,9841664455480833673,"(36, 42)","(6, 8)","(42, 47)"
201,60,0.4,bot4,success,66,9845866928503793332,9841664455480833673,"(36, 42)","(6, 8)","(42, 47)"
201,60,0.5,bot1,success,66,9845866928503793332,9841664455480833673,"(36, 42)","(6, 8)","(42, 47)"
201,60,0.5,bot2,success,66,9845866928503793332,9841664455480833673,"(36, 42)","(6, 8)","(42, 47)"
201,60,0.5,bot3,success,66,9845866928503793332,9841664455480833673,"(36, 42)","(6, 8)","(42, 47)"
201,60,0.5,bot4,success,66,9845866928503793332,9841664455480833673,"(36, 42)","(6, 8)","(42, 47)"
202,60,0.3,bot1,success,97,15115488767840511285,11271166409453574808,"(42, 59)","(57, 1)","(10, 28)"
202,60,0.3,bot2,success,97,15115488767840511285,11271166409453574808,"(42, 59)","(57, 1)","(10, 28)"
202,60,0.3,bot3,success,97,15115488767840511285,11271166409453574808,"(42, 59)","(57, 1)","(10, 28)"
202,60,0.3,bot4,success,97,15115488767840511285,11271166409453574808,"(42, 59)","(57, 1)","(10, 28)"
202,60,0.4,bot1,success,97,15115488767840511285,11271166409453574808,"(42, 59)","(57, 1)","(10, 28)"
202,60,0.4,bot2,success,97,15115488767840511285,11271166409453574808,"(42, 59)","(57, 1)","(10, 28)"
202,60,0.4,bot3,success,97,15115488767840511285,11271166409453574808,"(42, 59)","(57, 1)","(10, 28)"
202,60,0.4,bot4,success,97,15115488767840511285,11271166409453574808,"(42, 59)","(57, 1)","(10, 28)"
202,60,0.5,bot1,success,97,15115488767840511285,11271166409453574808,"(42, 59)","(57, 1)","(10, 28)"
202,60,0.5,bot2,success,97,15115488767840511285,11271166409453574808,"(42, 59)","(57, 1)","(10, 28)"
202,60,0.5,bot3,success,97,15115488767840511285,11271166409453574808,"(42, 59)","(57, 1)","(10, 28)"
202,60,0.5,bot4,success,97,15115488767840511285,11271166409453574808,"(42, 59)","(57, 1)","(10, 28)"
203,60,0.3,bot1,success,18,16444597337618410049,6149994955003732376,"(57, 52)","(47, 50)","(26, 0)"
203,60,0.3,bot2,success,18,16444597337618410049,6149994955003732376,"(57, 52)","(47, 50)","(26, 0)"
203,60,0.3,bot3,success,18,16444597337618410049,6149994955003732376,"(57, 52)","(47, 50)","(26, 0)"
203,60,0.3,bot4,success,18,16444597337618410049,6149994955003732376,"(57, 52)","(47, 50)","(26, 0)"
203,60,0.4,bot1,success,18,16444597337618410049,6149994955003732376,"(57, 52)","(47, 50)","(26, 0)"
203,60,0.4,bot2,success,18,16444597337618410049,6149994955003732376,"(57, 52)","(47, 50)","(26, 0)"
203,60,0.4,bot3,success,18,16444597337618410049,6149994955003732376,"(57, 52)","(47, 50)","(26, 0)"
203,60,0.4,bot4,success,18,16444597337618410049,6149994955003732376,"(57, 52)","(47, 50)","(26, 0)"
203,60,0.5,bot1,success,18,16444597337618410049,6149994955003732376,"(57, 52)","(47, 50)","(26, 0)"
203,60,0.5,bot2,success,18,16444597337618410049,6149994955003732376,"(57, 52)","(47, 50)","(26, 0)"
203,60,0.5,bot3,success,18,16444597337618410049,6149994955003732376,"(57, 52)","(47, 50)","(26, 0)"
203,60,0.5,bot4,success,18,16444597337618410049,6149994955003732376,"(57, 52)","(47, 50)","(26, 0)"
204,60,0.3,bot1,success,22,367376397621850540,5172619344240937723,"(15, 10)","(22, 25)","(12, 47)"
204,60,0.3,bot2,success,22,367376397621850540,5172619344240937723,"(15, 10)","(22, 25)","(12, 47)"
204,60,0.3,bot3,success,22,367376397621850540,5172619344240937723,"(15, 10)","(22, 25)","(12, 47)"
204,60,0.3,bot4,success,22,367376397621850540,5172619344240937723,"(15, 10)","(22, 25)","(12, 47)"
204,60,0.4,bot1,success,22,367376397621850540,5172619344240937723,"(15, 10)","(22, 25)","(12, 47)"
204,60,0.4,bot2,success,22,367376397621850540,5172619344240937723,"(15, 10)","(22, 25)","(12, 47)"
204,60,0.4,bot3,success,22,367376397621850540,5172619344240937723,"(15, 10)","(22, 25)","(12, 47)"
204,60,0.4,bot4,success,22,367376397621850540,5172619344240937723,"(15, 10)","(22, 25)","(12, 47)"
204,60,0.5,bot1,success,22,367376397621850540,5172619344240937723,"(15, 10)","(22, 25)","(12, 47)"
204,60,0.5,bot2,success,22,367376397621850540,5172619344240937723,"(15, 10)","(22, 25)","(12, 47)"
204,60,0.5,bot3,success,22,367376397621850540,5172619344240937723,"(15, 10)","(22, 25)","(12, 47)"
204,60,0.5,bot4,success,22,367376397621850540,5172619344240937723,"(15, 10)","(22, 25)","(12, 47)"
205,60,0.3,bot1,success,47,7960058627499015650,16418816409983430053,"(55, 51)","(28, 35)","(5, 20)"
205,60,0.3,bot2,success,47,7960058627499015650,16418816409983430053,"(55, 51)","(28, 35)","(5, 20)"
205,60,0.3,bot3,success,47,7960058627499015650,16418816409983430053,"(55, 51)","(28, 35)","(5, 20)"
205,60,0.3,bot4,success,47,7960058627499015650,16418816409983430053,"(55, 51)","(28, 35)","(5, 20)"
205,60,0.4,bot1,success,47,7960058627499015650,16418816409983430053,"(55, 51)","(28, 35)","(5, 20)"
205,60,0.4,bot2,success,47,7960058627499015650,16418816409983430053,"(55, 51)","(28, 35)","(5, 20)"
205,60,0.4,bot3,success,47,7960058627499015650,16418816409983430053,"(55, 51)","(28, 35)","(5, 20)"
205,60,0.4,bot4,success,47,7960058627499015650,16418816409983430053,"(55, 51)","(28, 35)","(5, 20)"
205,60,0.5,bot1,success,47,7960058627499015650,16418816409983430053,"(55, 51)","(28, 35)","(5, 20)"
205,60,0.5,bot2,success,47,7960058627499015650,16418816409983430053,"(55, 51)","(28, 35)","(5, 20)"
205,60,0.5,bot3,success,47,7960058627499015650,16418816409983430053,"(55, 51)","(28, 35)","(5, 20)"
205,60,0.5,bot4,success,47,7960058627499015650,16418816409983430053,"(55, 51)","(28, 35)","(5, 20)"
206,60,0.3,bot1,success,26,5528626228838140916,5372754535935239985,"(32, 37)","(25, 54)","(38, 29)"
206,60,0.3,bot2,success,26,5528626228838140916,5372754535935239985,"(32, 37)","(25, 54)","(38, 29)"
206,60,0.3,bot3,success,26,5528626228838140916,5372754535935239985,"(32, 37)","(25, 54)","(38, 29)"
206,60,0.3,bot4,success,26,5528626228838140916,5372754535935239985,"(32, 37)","(25, 54)","(38, 29)"
206,60,0.4,bot1,success,26,5528626228838140916,5372754535935239985,"(32, 37)","(25, 54)","(38, 29)"
206,60,0.4,bot2,success,26,5528626228838140916,5372754535935239985,"(32, 37)","(25, 54)","(38, 29)"
206,60,0.4,bot3,success,26,5528626228838140916,5372754535935239985,"(32, 37)","(25, 54)","(38, 29)"
206,60,0.4,bot4,success,26,5528626228838140916,5372754535935239985,"(32, 37)","(25, 54)","(38, 29)"
206,60,0.5,bot1,success,26,5528626228838140916,5372754535935239985,"(32, 37)","(25, 54)","(38, 29)"
206,60,0.5,bot2,success,26,5528626228838140916,5372754535935239985,"(32, 37)","(25, 54)","(38, 29)"
206,60,0.5,bot3,success,26,5528626228838140916,5372754535935239985,"(32, 37)","(25, 54)","(38, 29)"
206,60,0.5,bot4,success,26,5528626228838140916,5372754535935239985,"(32, 37)","(25, 54)","(38, 29)"
207,60,0.3,bot1,success,15,10208719689487087232,6947432634670266639,"(45, 13)","(42, 23)","(39, 13)"
207,60,0.3,bot2,success,15,10208719689487087232,6947432634670266639,"(45, 13)","(42, 23)","(39, 13)"
207,60,0.3,bot3,success,15,10208719689487087232,6947432634670266639,"(45, 13)","(42, 23)","(39, 13)"
207,60,0.3,bot4,success,15,10208719689487087232,6947432634670266639,"(45, 13)","(42, 23)","(39, 13)"
207,60,0.4,bot1,success,15,10208719689487087232,6947432634670266639,"(45, 13)","(42, 23)","(39, 13)"
207,60,0.4,bot2,success,15,10208719689487087232,6947432634670266639,"(45, 13)","(42, 23)","(39, 13)"
207,60,0.4,bot3,success,15,10208719689487087232,6947432634670266639,"(45, 13)","(42, 23)","(39, 13)"
207,60,0.4,bot4,success,15,10208719689487087232,6947432634670266639,"(45, 13)","(42, 23)","(39, 13)"
207,60,0.5,bot1,success,15,10208719689487087232,6947432634670266639,"(45, 13)","(42, 23)","(39, 13)"
207,60,0.5,bot2,success,15,10208719689487087232,6947432634670266639,"(45, 13)","(42, 23)","(39, 13)"
207,60,0.5,bot3,success,15,10208719689487087232,6947432634670266639,"(45, 13)","(42, 23)","(39, 13)"
207,60,0.5,bot4,success,15,10208719689487087232,6947432634670266639,"(45, 13)","(42, 23)","(39, 13)"
208,60,0.3,bot1,success,59,144836292808818571,3148724732501365196,"(33, 4)","(43, 47)","(1, 0)"
208,60,0.3,bot2,success,59,144836292808818571,3148724732501365196,"(33, 4)","(43, 47)","(1, 0)"
208,60,0.3,bot3,success,59,144836292808818571,3148724732501365196,"(33, 4)","(43, 47)","(1, 0)"
208,60,0.3,bot4,success,59,144836292808818571,3148724732501365196,"(33, 4)","(43, 47)","(1, 0)"
208,60,0.4,bot1,success,59,144836292808818571,3148724732501365196,"(33, 4)","(43, 47)","(1, 0)"
208,60,0.4,bot2,success,59,144836292808818571,3148724732501365196,"(33, 4)","(43, 47)","(1, 0)"
208,60,0.4,bot3,success,59,144836292808818571,3148724732501365196,"(33, 4)","(43, 47)","(1, 0)"
208,60,0.4,bot4,success,59,144836292808818571,3148724732501365196,"(33, 4)","(43, 47)","(1, 0)"
208,60,0.5,bot1,success,59,144836292808818571,3148724732501365196,"(33, 4)","(43, 47)","(1, 0)"
208,60,0.5,bot2,success,59,144836292808818571,3148724732501365196,"(33, 4)","(43, 47)","(1, 0)"
208,60,0.5,bot3,success,59,144836292808818571,3148724732501365196,"(33, 4)","(43, 47)","(1, 0)"
208,60,0.5,bot4,success,59,144836292808818571,3148724732501365196,"(33, 4)","(43, 47)","(1, 0)"
209,60,0.3,bot1,success,18,16040101495722254293,14995449937245238800,"(35, 46)","(29, 58)","(7, 12)"
209,60,0.3,bot2,success,18,16040101495722254293,14995449937245238800,"(35, 46)","(29, 58)","(7, 12)"
209,60,0.3,bot3,success,18,16040101495722254293,14995449937245238800,"(35, 46)","(29, 58)","(7, 12)"
209,60,0.3,bot4,success,18,16040101495722254293,14995449937245238800,"(35, 46)","(29, 58)","(7, 12)"
209,60,0.4,bot1,success,18,16040101495722254293,14995449937245238800,"(35, 46)","(29, 58)","(7, 12)"
209,60,0.4,bot2,success,18,16040101495722254293,14995449937245238800,"(35, 46)","(29, 58)","(7, 12)"
209,60,0.4,bot3,success,18,16040101495722254293,14995449937245238800,"(35, 46)","(29, 58)","(7, 12)"
209,60,0.4,bot4,success,18,16040101495722254293,14995449937245238800,"(35, 46)","(29, 58)","(7, 12)"
209,60,0.5,bot1,success,18,16040101495722254293,14995449937245238800,"(35, 46)","(29, 58)","(7, 12)"
209,60,0.5,bot2,success,18,16040101495722254293,14995449937245238800,"(35, 46)","(29, 58)","(7, 12)"
209,60,0.5,bot3,success,18,16040101495722254293,14995449937245238800,"(35, 46)","(29, 58)","(7, 12)"
209,60,0.5,bot4,success,18,16040101495722254293,14995449937245238800,"(35, 46)","(29, 58)","(7, 12)"
210,60,0.3,bot1,success,71,7248536742604651935,17736445473917387547,"(57, 34)","(53, 3)","(59, 50)"
210,60,0.3,bot2,success,71,7248536742604651935,17736445473917387547,"(57, 34)","(53, 3)","(59, 50)"
210,60,0.3,bot3,success,71,7248536742604651935,17736445473917387547,"(57, 34)","(53, 3)","(59, 50)"
210,60,0.3,bot4,success,71,7248536742604651935,17736445473917387547,"(57, 34)","(53, 3)","(59, 50)"
210,60,0.4,bot1,success,71,7248536742604651935,17736445473917387547,"(57, 34)","(53, 3)","(59, 50)"
210,60,0.4,bot2,success,71,7248536742604651935,17736445473917387547,"(57, 34)","(53, 3)","(59, 50)"
210,60,0.4,bot3,success,71,7248536742604651935,17736445473917387547,"(57, 34)","(53, 3)","(59, 50)"
210,60,0.4,bot4,success,71,7248536742604651935,17736445473917387547,"(57, 34)","(53, 3)","(59, 50)"
210,60,0.5,bot1,success,71,7248536742604651935,17736445473917387547,"(57, 34)","(53, 3)","(59, 50)"
210,60,0.5,bot2,success,71,7248536742604651935,17736445473917387547,"(57, 34)","(53, 3)","(59, 50)"
210,60,0.5,bot3,success,71,7248536742604651935,17736445473917387547,"(57, 34)","(53, 3)","(59, 50)"
210,60,0.5,bot4,success,71,7248536742604651935,17736445473917387547,"(57, 34)","(53, 3)","(59, 50)"
211,60,0.3,bot1,success,54,9534411095012537936,18324810933351423726,"(8, 19)","(41, 4)","(35, 43)"
211,60,0.3,bot2,success,54,9534411095012537936,18324810933351423726,"(8, 19)","(41, 4)","(35, 43)"
211,60,0.3,bot3,success,54,9534411095012537936,18324810933351423726,"(8, 19)","(41, 4)","(35, 43)"
211,60,0.3,bot4,success,54,9534411095012537936,18324810933351423726,"(8, 19)","(41, 4)","(35, 43)"
211,60,0.4,bot1,success,54,9534411095012537936,18324810933351423726,"(8, 19)","(41, 4)","(35, 43)"
211,60,0.4,bot2,success,54,9534411095012537936,18324810933351423726,"(8, 19)","(41, 4)","(35, 43)"
211,60,0.4,bot3,success,54,9534411095012537936,18324810933351423726,"(8, 19)","(41, 4)","(35, 43)"
211,60,0.4,bot4,success,54,9534411095012537936,18324810933351423726,"(8, 19)","(41, 4)","(35, 43)"
211,60,0.5,bot1,success,54,9534411095012537936,18324810933351423726,"(8, 19)","(41, 4)","(35, 43)"
211,60,0.5,bot2,success,54,9534411095012537936,18324810933351423726,"(8, 19)","(41, 4)","(35, 43)"
211,60,0.5,bot3,success,54,9534411095012537936,18324810933351423726,"(8, 19)","(41, 4)","(35, 43)"
211,60,0.5,bot4,success,54,9534411095012537936,18324810933351423726,"(8, 19)","(41, 4)","(35, 43)"
212,60,0.3,bot1,success,56,18089499797593477386,17187215538660163025,"(24, 27)","(58, 49)","(56, 26)"
212,60,0.3,bot2,success,56,18089499797593477386,17187215538660163025,"(24, 27)","(58, 49)","(56, 26)"
212,60,0.3,bot3,success,56,18089499797593477386,17187215538660163025,"(24, 27)","(58, 49)","(56, 26)"
212,60,0.3,bot4,success,56,18089499797593477386,17187215538660163025,"(24, 27)","(58, 49)","(56, 26)"
212,60,0.4,bot1,success,56,18089499797593477386,17187215538660163025,"(24, 27)","(58, 49)","(56, 26)"
212,60,0.4,bot2,success,56,18089499797593477386,17187215538660163025,"(24, 27)","(58, 49)","(56, 26)"
212,60,0.4,bot3,success,56,18089499797593477386,17187215538660163025,"(24, 27)","(58, 49)","(56, 26)"
212,60,0.4,bot4,success,56,18089499797593477386,17187215538660163025,"(24, 27)","(58, 49)","(56, 26)"
212,60,0.5,bot1,success,56,18089499797593477386,17187215538660163025,"(24, 27)","(58, 49)","(56, 26)"
212,60,0.5,bot2,success,56,18089499797593477386,17187215538660163025,"(24, 27)","(58, 49)","(56, 26)"
212,60,0.5,bot3,success,56,18089499797593477386,17187215538660163025,"(24, 27)","(58, 49)","(56, 26)"
212,60,0.5,bot4,success,56,18089499797593477386,17187215538660163025,"(24, 27)","(58, 49)","(56, 26)"
213,60,0.3,bot1,success,30,11970485509990904064,9378907798515237494,"(12, 22)","(27, 37)","(55, 14)"
213,60,0.3,bot2,success,30,11970485509990904064,9378907798515237494,"(12, 22)","(27, 37)","(55, 14)"
213,60,0.3,bot3,success,30,11970485509990904064,9378907798515237494,"(12, 22)","(27, 37)","(55, 14)"
213,60,0.3,bot4,success,30,11970485509990904064,9378907798515237494,"(12, 22)","(27, 37)","(55, 14)"
213,60,0.4,bot1,success,30,11970485509990904064,9378907798515237494,"(12, 22)","(27, 37)","(55, 14)"
213,60,0.4,bot2,success,30,11970485509990904064,9378907798515237494,"(12, 22)","(27, 37)","(55, 14)"
213,60,0.4,bot3,success,30,11970485509990904064,9378907798515237494,"(12, 22)","(27, 37)","(55, 14)"
213,60,0.4,bot4,success,30,11970485509990904064,9378907798515237494,"(12, 22)","(27, 37)","(55, 14)"
213,60,0.5,bot1,success,30,11970485509990904064,9378907798515237494,"(12, 22)","(27, 37)","(55, 14)"
213,60,0.5,bot2,success,30,11970485509990904064,9378907798515237494,"(12, 22)","(27, 37)","(55, 14)"
213,60,0.5,bot3,success,30,11970485509990904064,9378907798515237494,"(12, 22)","(27, 37)","(55, 14)"
213,60,0.5,bot4,success,30,11970485509990904064,9378907798515237494,"(12, 22)","(27, 37)","(55, 14)"
214,60,0.3,bot1,burned,25,94601681449152614,16442450859250515444,"(18, 41)","(35, 5)","(29, 22)"
214,60,0.3,bot2,success,77,94601681449152614,16442450859250515444,"(18, 41)","(35, 5)","(29, 22)"
214,60,0.3,bot3,success,73,94601681449152614,16442450859250515444,"(18, 41)","(35, 5)","(29, 22)"
214,60,0.3,bot4,success,69,94601681449152614,16442450859250515444,"(18, 41)","(35, 5)","(29, 22)"
214,60,0.4,bot1,burned,25,94601681449152614,16442450859250515444,"(18, 41)","(35, 5)","(29, 22)"
214,60,0.4,bot2,burned,74,94601681449152614,16442450859250515444,"(18, 41)","(35, 5)","(29, 22)"
214,60,0.4,bot3,burned,74,94601681449152614,16442450859250515444,"(18, 41)","(35, 5)","(29, 22)"
214,60,0.4,bot4,burned,74,94601681449152614,16442450859250515444,"(18, 41)","(35, 5)","(29, 22)"
214,60,0.5,bot1,burned,22,94601681449152614,16442450859250515444,"(18, 41)","(35, 5)","(29, 22)"
214,60,0.5,bot2,burned,66,94601681449152614,16442450859250515444,"(18, 41)","(35, 5)","(29, 22)"
214,60,0.5,bot3,burned,72,94601681449152614,16442450859250515444,"(18, 41)","(35, 5)","(29, 22)"
214,60,0.5,bot4,burned,66,94601681449152614,16442450859250515444,"(18, 41)","(35, 5)","(29, 22)"
215,60,0.3,bot1,success,63,15487443938742628294,5099672149626198171,"(9, 46)","(52, 30)","(7, 21)"
215,60,0.3,bot2,success,63,15487443938742628294,5099672149626198171,"(9, 46)","(52, 30)","(7, 21)"
215,60,0.3,bot3,success,63,15487443938742628294,5099672149626198171,"(9, 46)","(52, 30)","(7, 21)"
215,60,0.3,bot4,success,63,15487443938742628294,5099672149626198171,"(9, 46)","(52, 30)","(7, 21)"
215,60,0.4,bot1,success,63,15487443938742628294,5099672149626198171,"(9, 46)","(52, 30)","(7, 21)"
215,60,0.4,bot2,success,63,15487443938742628294,5099672149626198171,"(9, 46)","(52, 30)","(7, 21)"
215,60,0.4,bot3,success,63,15487443938742628294,5099672149626198171,"(9, 46)","(52, 30)","(7, 21)"
215,60,0.4,bot4,success,63,15487443938742628294,5099672149626198171,"(9, 46)","(52, 30)","(7, 21)"
215,60,0.5,bot1,success,63,15487443938742628294,5099672149626198171,"(9, 46)","(52, 30)","(7, 21)"
215,60,0.5,bot2,success,63,15487443938742628294,5099672149626198171,"(9, 46)","(52, 30)","(7, 21)"
215,60,0.5,bot3,success,63,15487443938742628294,5099672149626198171,"(9, 46)","(52, 30)","(7, 21)"
215,60,0.5,bot4,success,63,15487443938742628294,5099672149626198171,"(9, 46)","(52, 30)","(7, 21)"
216,60,0.3,bot1,success,81,8965185092044479676,2242708597172674940,"(58, 5)","(41, 45)","(18, 41)"
216,60,0.3,bot2,success,81,8965185092044479676,2242708597172674940,"(58, 5)","(41, 45)","(18, 41)"
216,60,0.3,bot3,success,81,8965185092044479676,2242708597172674940,"(58, 5)","(41, 45)","(18, 41)"
216,60,0.3,bot4,success,87,8965185092044479676,2242708597172674940,"(58, 5)","(41, 45)","(18, 41)"
216,60,0.4,bot1,success,81,8965185092044479676,2242708597172674940,"(58, 5)","(41, 45)","(18, 41)"
216,60,0.4,bot2,success,81,8965185092044479676,2242708597172674940,"(58, 5)","(41, 45)","(18, 41)"
216,60,0.4,bot3,success,81,8965185092044479676,2242708597172674940,"(58, 5)","(41, 45)","(18, 41)"
216,60,0.4,bot4,success,87,8965185092044479676,2242708597172674940,"(58, 5)","(41, 45)","(18, 41)"
216,60,0.5,bot1,burned,65,8965185092044479676,2242708597172674940,"(58, 5)","(41, 45)","(18, 41)"
216,60,0.5,bot2,burned,121,8965185092044479676,2242708597172674940,"(58, 5)","(41, 45)","(18, 41)"
216,60,0.5,bot3,burned,126,8965185092044479676,2242708597172674940,"(58, 5)","(41, 45)","(18, 41)"
216,60,0.5,bot4,burned,121,8965185092044479676,2242708597172674940,"(58, 5)","(41, 45)","(18, 41)"
217,60,0.3,bot1,success,43,2064974099409012190,16866506459011165206,"(54, 30)","(27, 34)","(5, 51)"
217,60,0.3,bot2,success,43,2064974099409012190,16866506459011165206,"(54, 30)","(27, 34)","(5, 51)"
217,60,0.3,bot3,success,43,2064974099409012190,16866506459011165206,"(54, 30)","(27, 34)","(5, 51)"
217,60,0.3,bot4,success,43,2064974099409012190,16866506459011165206,"(54, 30)","(27, 34)","(5, 51)"
217,60,0.4,bot1,success,43,2064974099409012190,16866506459011165206,"(54, 30)","(27, 34)","(5, 51)"
217,60,0.4,bot2,success,43,2064974099409012190,16866506459011165206,"(54, 30)","(27, 34)","(5, 51)"
217,60,0.4,bot3,success,43,2064974099409012190,16866506459011165206,"(54, 30)","(27, 34)","(5, 51)"
217,60,0.4,bot4,success,43,2064974099409012190,16866506459011165206,"(54, 30)","(27, 34)","(5, 51)"
217,60,0.5,bot1,success,43,2064974099409012190,16866506459011165206,"(54, 30)","(27, 34)","(5, 51)"
217,60,0.5,bot2,success,43,2064974099409012190,16866506459011165206,"(54, 30)","(27, 34)","(5, 51)"
217,60,0.5,bot3,success,43,2064974099409012190,16866506459011165206,"(54, 30)","(27, 34)","(5, 51)"
217,60,0.5,bot4,success,43,2064974099409012190,16866506459011165206,"(54, 30)","(27, 34)","(5, 51)"
218,60,0.3,bot1,success,24,8889273479187676863,9068605823126723,"(52, 32)","(57, 19)","(14, 0)"
218,60,0.3,bot2,success,24,8889273479187676863,9068605823126723,"(52, 32)","(57, 19)","(14, 0)"
218,60,0.3,bot3,success,24,8889273479187676863,9068605823126723,"(52, 32)","(57, 19)","(14, 0)"
218,60,0.3,bot4,success,24,8889273479187676863,9068605823126723,"(52, 32)","(57, 19)","(14, 0)"
218,60,0.4,bot1,success,24,8889273479187676863,9068605823126723,"(52, 32)","(57, 19)","(14, 0)"
218,60,0.4,bot2,success,24,8889273479187676863,9068605823126723,"(52, 32)","(57, 19)","(14, 0)"
218,60,0.4,bot3,success,24,8889273479187676863,9068605823126723,"(52, 32)","(57, 19)","(14, 0)"
218,60,0.4,bot4,success,24,8889273479187676863,9068605823126723,"(52, 32)","(57, 19)","(14, 0)"
218,60,0.5,bot1,success,24,8889273479187676863,9068605823126723,"(52, 32)","(57, 19)","(14, 0)"
218,60,0.5,bot2,success,24,8889273479187676863,9068605823126723,"(52, 32)","(57, 19)","(14, 0)"
218,60,0.5,bot3,success,24,8889273479187676863,9068605823126723,"(52, 32)","(57, 19)","(14, 0)"
218,60,0.5,bot4,success,24,8889273479187676863,9068605823126723,"(52, 32)","(57, 19)","(14, 0)"
219,60,0.3,bot1,burned,73,8168069972389276016,15569236733622917076,"(1, 8)","(50, 18)","(53, 2)"
219,60,0.3,bot2,burned,109,8168069972389276016,15569236733622917076,"(1, 8)","(50, 18)","(53, 2)"
219,60,0.3,bot3,burned,109,8168069972389276016,15569236733622917076,"(1, 8)","(50, 18)","(53, 2)"
219,60,0.3,bot4,burned,109,8168069972389276016,15569236733622917076,"(1, 8)","(50, 18)","(53, 2)"
219,60,0.4,bot1,burned,67,8168069972389276016,15569236733622917076,"(1, 8)","(50, 18)","(53, 2)"
219,60,0.4,bot2,burned,113,8168069972389276016,15569236733622917076,"(1, 8)","(50, 18)","(53, 2)"
219,60,0.4,bot3,burned,113,8168069972389276016,15569236733622917076,"(1, 8)","(50, 18)","(53, 2)"
219,60,0.4,bot4,burned,113,8168069972389276016,15569236733622917076,"(1, 8)","(50, 18)","(53, 2)"
219,60,0.5,bot1,burned,66,8168069972389276016,15569236733622917076,"(1, 8)","(50, 18)","(53, 2)"
219,60,0.5,bot2,burned,78,8168069972389276016,15569236733622917076,"(1, 8)","(50, 18)","(53, 2)"
219,60,0.5,bot3,burned,78,8168069972389276016,15569236733622917076,"(1, 8)","(50, 18)","(53, 2)"
219,60,0.5,bot4,burned,78,8168069972389276016,15569236733622917076,"(1, 8)","(50, 18)","(53, 2)"
220,60,0.3,bot1,success,52,14456772196881939030,4949213958294299997,"(40, 38)","(44, 2)","(28, 29)"
220,60,0.3,bot2,success,52,14456772196881939030,4949213958294299997,"(40, 38)","(44, 2)","(28, 29)"
220,60,0.3,bot3,success,52,14456772196881939030,4949213958294299997,"(40, 38)","(44, 2)","(28, 29)"
220,60,0.3,bot4,success,52,14456772196881939030,4949213958294299997,"(40, 38)","(44, 2)","(28, 29)"
220,60,0.4,bot1,success,52,14456772196881939030,4949213958294299997,"(40, 38)","(44, 2)","(28, 29)"
220,60,0.4,bot2,success,52,14456772196881939030,4949213958294299997,"(40, 38)","(44, 2)","(28, 29)"
220,60,0.4,bot3,success,52,14456772196881939030,4949213958294299997,"(40, 38)","(44, 2)","(28, 29)"
220,60,0.4,bot4,success,52,14456772196881939030,4949213958294299997,"(40, 38)","(44, 2)","(28, 29)"
220,60,0.5,bot1,success,52,14456772196881939030,4949213958294299997,"(40, 38)","(44, 2)","(28, 29)"
220,60,0.5,bot2,success,52,14456772196881939030,4949213958294299997,"(40, 38)","(44, 2)","(28, 29)"
220,60,0.5,bot3,success,52,14456772196881939030,4949213958294299997,"(40, 38)","(44, 2)","(28, 29)"
220,60,0.5,bot4,success,52,14456772196881939030,4949213958294299997,"(40, 38)","(44, 2)","(28, 29)"
221,60,0.3,bot1,success,49,4353041072600934432,9683292552886929386,"(18, 6)","(44, 27)","(36, 0)"
221,60,0.3,bot2,success,49,4353041072600934432,9683292552886929386,"(18, 6)","(44, 27)","(36, 0)"
221,60,0.3,bot3,success,49,4353041072600934432,9683292552886929386,"(18, 6)","(44, 27)","(36, 0)"
221,60,0.3,bot4,success,49,4353041072600934432,9683292552886929386,"(18, 6)","(44, 27)","(36, 0)"
221,60,0.4,bot1,success,49,4353041072600934432,9683292552886929386,"(18, 6)","(44, 27)","(36, 0)"
221,60,0.4,bot2,success,49,4353041072600934432,9683292552886929386,"(18, 6)","(44, 27)","(36, 0)"
221,60,0.4,bot3,success,49,4353041072600934432,9683292552886929386,"(18, 6)","(44, 27)","(36, 0)"
221,60,0.4,bot4,success,49,4353041072600934432,9683292552886929386,"(18, 6)","(44, 27)","(36, 0)"
221,60,0.5,bot1,success,49,4353041072600934432,9683292552886929386,"(18, 6)","(44, 27)","(36, 0)"
221,60,0.5,bot2,success,49,4353041072600934432,9683292552886929386,"(18, 6)","(44, 27)","(36, 0)"
221,60,0.5,bot3,success,49,4353041072600934432,9683292552886929386,"(18, 6)","(44, 27)","(36, 0)"
221,60,0.5,bot4,success,49,4353041072600934432,9683292552886929386,"(18, 6)","(44, 27)","(36, 0)"
222,60,0.3,bot1,success,63,9066255905281767753,1973836669133925533,"(2, 23)","(39, 49)","(13, 11)"
222,60,0.3,bot2,success,63,9066255905281767753,1973836669133925533,"(2, 23)","(39, 49)","(13, 11)"
222,60,0.3,bot3,success,63,9066255905281767753,1973836669133925533,"(2, 23)","(39, 49)","(13, 11)"
222,60,0.3,bot4,success,63,9066255905281767753,1973836669133925533,"(2, 23)","(39, 49)","(13, 11)"
222,60,0.4,bot1,success,63,9066255905281767753,1973836669133925533,"(2, 23)","(39, 49)","(13, 11)"
222,60,0.4,bot2,success,63,9066255905281767753,1973836669133925533,"(2, 23)","(39, 49)","(13, 11)"
222,60,0.4,bot3,success,63,9066255905281767753,1973836669133925533,"(2, 23)","(39, 49)","(13, 11)"
222,60,0.4,bot4,success,63,9066255905281767753,1973836669133925533,"(2, 23)","(39, 49)","(13, 11)"
222,60,0.5,bot1,success,63,9066255905281767753,1973836669133925533,"(2, 23)","(39, 49)","(13, 11)"
222,60,0.5,bot2,success,63,9066255905281767753,1973836669133925533,"(2, 23)","(39, 49)","(13, 11)"
222,60,0.5,bot3,success,63,9066255905281767753,1973836669133925533,"(2, 23)","(39, 49)","(13, 11)"
222,60,0.5,bot4,success,63,9066255905281767753,1973836669133925533,"(2, 23)","(39, 49)","(13, 11)"
223,60,0.3,bot1,success,19,11474462923412242062,13284409747811464972,"(21, 25)","(17, 30)","(3, 4)"
223,60,0.3,bot2,success,19,11474462923412242062,13284409747811464972,"(21, 25)","(17, 30)","(3, 4)"
223,60,0.3,bot3,success,19,11474462923412242062,13284409747811464972,"(21, 25)","(17, 30)","(3, 4)"
223,60,0.3,bot4,success,19,11474462923412242062,13284409747811464972,"(21, 25)","(17, 30)","(3, 4)"
223,60,0.4,bot1,success,19,11474462923412242062,13284409747811464972,"(21, 25)","(17, 30)","(3, 4)"
223,60,0.4,bot2,success,19,11474462923412242062,13284409747811464972,"(21, 25)","(17, 30)","(3, 4)"
223,60,0.4,bot3,success,19,11474462923412242062,13284409747811464972,"(21, 25)","(17, 30)","(3, 4)"
223,60,0.4,bot4,success,19,11474462923412242062,13284409747811464972,"(21, 25)","(17, 30)","(3, 4)"
223,60,0.5,bot1,success,19,11474462923412242062,13284409747811464972,"(21, 25)","(17, 30)","(3, 4)"
223,60,0.5,bot2,success,19,11474462923412242062,13284409747811464972,"(21, 25)","(17, 30)","(3, 4)"
223,60,0.5,bot3,success,19,11474462923412242062,13284409747811464972,"(21, 25)","(17, 30)","(3, 4)"
223,60,0.5,bot4,success,19,11474462923412242062,13284409747811464972,"(21, 25)","(17, 30)","(3, 4)"
224,60,0.3,bot1,success,13,10804764530728001298,2060549953797950340,"(57, 55)","(48, 53)","(10, 17)"
224,60,0.3,bot2,success,13,10804764530728001298,2060549953797950340,"(57, 55)","(48, 53)","(10, 17)"
224,60,0.3,bot3,success,13,10804764530728001298,2060549953797950340,"(57, 55)","(48, 53)","(10, 17)"
224,60,0.3,bot4,success,13,10804764530728001298,2060549953797950340,"(57, 55)","(48, 53)","(10, 17)"
224,60,0.4,bot1,success,13,10804764530728001298,2060549953797950340,"(57, 55)","(48, 53)","(10, 17)"
224,60,0.4,bot2,success,13,10804764530728001298,2060549953797950340,"(57, 55)","(48, 53)","(10, 17)"
224,60,0.4,bot3,success,13,10804764530728001298,2060549953797950340,"(57, 55)","(48, 53)","(10, 17)"
224,60,0.4,bot4,success,13,10804764530728001298,2060549953797950340,"(57, 55)","(48, 53)","(10, 17)"
224,60,0.5,bot1,success,13,10804764530728001298,2060549953797950340,"(57, 55)","(48, 53)","(10, 17)"
224,60,0.5,bot2,success,13,10804764530728001298,2060549953797950340,"(57, 55)","(48, 53)","(10, 17)"
224,60,0.5,bot3,success,13,10804764530728001298,2060549953797950340,"(57, 55)","(48, 53)","(10, 17)"
224,60,0.5,bot4,success,13,10804764530728001298,2060549953797950340,"(57, 55)","(48, 53)","(10, 17)"
225,60,0.3,bot1,success,64,9158722383490316549,2187894696151081747,"(22, 25)","(54, 55)","(3, 55)"
225,60,0.3,bot2,success,64,9158722383490316549,2187894696151081747,"(22, 25)","(54, 55)","(3, 55)"
225,60,0.3,bot3,success,64,9158722383490316549,2187894696151081747,"(22, 25)","(54, 55)","(3, 55)"
225,60,0.3,bot4,success,64,9158722383490316549,2187894696151081747,"(22, 25)","(54, 55)","(3, 55)"
225,60,0.4,bot1,success,64,9158722383490316549,2187894696151081747,"(22, 25)","(54, 55)","(3, 55)"
225,60,0.4,bot2,success,64,9158722383490316549,2187894696151081747,"(22, 25)","(54, 55)","(3, 55)"
225,60,0.4,bot3,success,64,9158722383490316549,2187894696151081747,"(22, 25)","(54, 55)","(3, 55)"
225,60,0.4,bot4,success,64,9158722383490316549,2187894696151081747,"(22, 25)","(54, 55)","(3, 55)"
225,60,0.5,bot1,success,64,9158722383490316549,2187894696151081747,"(22, 25)","(54, 55)","(3, 55)"
225,60,0.5,bot2,success,64,9158722383490316549,2187894696151081747,"(22, 25)","(54, 55)","(3, 55)"
225,60,0.5,bot3,success,64,9158722383490316549,2187894696151081747,"(22, 25)","(54, 55)","(3, 55)"
225,60,0.5,bot4,success,64,9158722383490316549,2187894696151081747,"(22, 25)","(54, 55)","(3, 55)"
226,60,0.3,bot1,burned,53,3249580672757665612,1680016068026823146,"(46, 2)","(16, 47)","(25, 37)"
226,60,0.3,bot2,burned,135,3249580672757665612,1680016068026823146,"(46, 2)","(16, 47)","(25, 37)"
226,60,0.3,bot3,burned,135,3249580672757665612,1680016068026823146,"(46, 2)","(16, 47)","(25, 37)"
226,60,0.3,bot4,burned,135,3249580672757665612,1680016068026823146,"(46, 2)","(16, 47)","(25, 37)"
226,60,0.4,bot1,burned,50,3249580672757665612,1680016068026823146,"(46, 2)","(16, 47)","(25, 37)"
226,60,0.4,bot2,burned,84,3249580672757665612,1680016068026823146,"(46, 2)","(16, 47)","(25, 37)"
226,60,0.4,bot3,burned,84,3249580672757665612,1680016068026823146,"(46, 2)","(16, 47)","(25, 37)"
226,60,0.4,bot4,burned,84,3249580672757665612,1680016068026823146,"(46, 2)","(16, 47)","(25, 37)"
226,60,0.5,bot1,burned,47,3249580672757665612,1680016068026823146,"(46, 2)","(16, 47)","(25, 37)"
226,60,0.5,bot2,burned,88,3249580672757665612,1680016068026823146,"(46, 2)","(16, 47)","(25, 37)"
226,60,0.5,bot3,burned,88,3249580672757665612,1680016068026823146,"(46, 2)","(16, 47)","(25, 37)"
226,60,0.5,bot4,burned,88,3249580672757665612,1680016068026823146,"(46, 2)","(16, 47)","(25, 37)"
227,60,0.3,bot1,success,38,12515346058518501379,9310631519512323360,"(19, 51)","(27, 31)","(44, 27)"
227,60,0.3,bot2,success,38,12515346058518501379,9310631519512323360,"(19, 51)","(27, 31)","(44, 27)"
227,60,0.3,bot3,success,38,12515346058518501379,9310631519512323360,"(19, 51)","(27, 31)","(44, 27)"
227,60,0.3,bot4,success,40,12515346058518501379,9310631519512323360,"(19, 51)","(27, 31)","(44, 27)"
227,60,0.4,bot1,success,38,12515346058518501379,9310631519512323360,"(19, 51)","(27, 31)","(44, 27)"
227,60,0.4,bot2,success,38,12515346058518501379,9310631519512323360,"(19, 51)","(27, 31)","(44, 27)"
227,60,0.4,bot3,success,38,12515346058518501379,9310631519512323360,"(19, 51)","(27, 31)","(44, 27)"
227,60,0.4,bot4,success,40,12515346058518501379,9310631519512323360,"(19, 51)","(27, 31)","(44, 27)"
227,60,0.5,bot1,success,38,12515346058518501379,9310631519512323360,"(19, 51)","(27, 31)","(44, 27)"
227,60,0.5,bot2,success,38,12515346058518501379,9310631519512323360,"(19, 51)","(27, 31)","(44, 27)"
227,60,0.5,bot3,success,38,12515346058518501379,9310631519512323360,"(19, 51)","(27, 31)","(44, 27)"
227,60,0.5,bot4,success,40,12515346058518501379,9310631519512323360,"(19, 51)","(27, 31)","(44, 27)"
228,60,0.3,bot1,success,70,11253899501272154571,17673298938291354507,"(40, 6)","(3, 13)","(49, 19)"
228,60,0.3,bot2,success,70,11253899501272154571,17673298938291354507,"(40, 6)","(3, 13)","(49, 19)"
228,60,0.3,bot3,success,70,11253899501272154571,17673298938291354507,"(40, 6)","(3, 13)","(49, 19)"
228,60,0.3,bot4,success,70,11253899501272154571,17673298938291354507,"(40, 6)","(3, 13)","(49, 19)"
228,60,0.4,bot1,success,70,11253899501272154571,17673298938291354507,"(40, 6)","(3, 13)","(49, 19)"
228,60,0.4,bot2,success,70,11253899501272154571,17673298938291354507,"(40, 6)","(3, 13)","(49, 19)"
228,60,0.4,bot3,success,70,11253899501272154571,17673298938291354507,"(40, 6)","(3, 13)","(49, 19)"
228,60,0.4,bot4,success,70,11253899501272154571,17673298938291354507,"(40, 6)","(3, 13)","(49, 19)"
228,60,0.5,bot1,success,70,11253899501272154571,17673298938291354507,"(40, 6)","(3, 13)","(49, 19)"
228,60,0.5,bot2,success,70,11253899501272154571,17673298938291354507,"(40, 6)","(3, 13)","(49, 19)"
228,60,0.5,bot3,success,70,11253899501272154571,17673298938291354507,"(40, 6)","(3, 13)","(49, 19)"
228,60,0.5,bot4,success,70,11253899501272154571,17673298938291354507,"(40, 6)","(3, 13)","(49, 19)"
229,60,0.3,bot1,success,19,10805488389610315188,9786298131177510307,"(34, 39)","(45, 31)","(32, 22)"
229,60,0.3,bot2,success,19,10805488389610315188,9786298131177510307,"(34, 39)","(45, 31)","(32, 22)"
229,60,0.3,bot3,success,19,10805488389610315188,9786298131177510307,"(34, 39)","(45, 31)","(32, 22)"
229,60,0.3,bot4,success,19,10805488389610315188,9786298131177510307,"(34, 39)","(45, 31)","(32, 22)"
229,60,0.4,bot1,success,19,10805488389610315188,9786298131177510307,"(34, 39)","(45, 31)","(32, 22)"
229,60,0.4,bot2,success,19,10805488389610315188,9786298131177510307,"(34, 39)","(45, 31)","(32, 22)"
229,60,0.4,bot3,success,19,10805488389610315188,9786298131177510307,"(34, 39)","(45, 31)","(32, 22)"
229,60,0.4,bot4,success,19,10805488389610315188,9786298131177510307,"(34, 39)","(45, 31)","(32, 22)"
229,60,0.5,bot1,success,19,10805488389610315188,9786298131177510307,"(34, 39)","(45, 31)","(32, 22)"
229,60,0.5,bot2,success,19,10805488389610315188,9786298131177510307,"(34, 39)","(45, 31)","(32, 22)"
229,60,0.5,bot3,success,19,10805488389610315188,9786298131177510307,"(34, 39)","(45, 31)","(32, 22)"
229,60,0.5,bot4,success,19,10805488389610315188,9786298131177510307,"(34, 39)","(45, 31)","(32, 22)"
230,60,0.3,bot1,success,38,14573094810121441530,5828822647285013217,"(12, 28)","(1, 47)","(7, 57)"
230,60,0.3,bot2,success,38,14573094810121441530,5828822647285013217,"(12, 28)","(1, 47)","(7, 57)"
230,60,0.3,bot3,success,38,14573094810121441530,5828822647285013217,"(12, 28)","(1, 47)","(7, 57)"
230,60,0.3,bot4,success,38,14573094810121441530,5828822647285013217,"(12, 28)","(1, 47)","(7, 57)"
230,60,0.4,bot1,success,38,14573094810121441530,5828822647285013217,"(12, 28)","(1, 47)","(7, 57)"
230,60,0.4,bot2,success,38,14573094810121441530,5828822647285013217,"(12, 28)","(1, 47)","(7, 57)"
230,60,0.4,bot3,success,38,14573094810121441530,5828822647285013217,"(12, 28)","(1, 47)","(7, 57)"
230,60,0.4,bot4,success,38,14573094810121441530,5828822647285013217,"(12, 28)","(1, 47)","(7, 57)"
230,60,0.5,bot1,burned,34,14573094810121441530,5828822647285013217,"(12, 28)","(1, 47)","(7, 57)"
230,60,0.5,bot2,burned,54,14573094810121441530,5828822647285013217,"(12, 28)","(1, 47)","(7, 57)"
230,60,0.5,bot3,burned,54,14573094810121441530,5828822647285013217,"(12, 28)","(1, 47)","(7, 57)"
230,60,0.5,bot4,burned,54,14573094810121441530,5828822647285013217,"(12, 28)","(1, 47)","(7, 57)"
231,60,0.3,bot1,success,45,2868167495243870376,4479946132443205074,"(35, 30)","(58, 16)","(2, 59)"
231,60,0.3,bot2,success,45,2868167495243870376,4479946132443205074,"(35, 30)","(58, 16)","(2, 59)"
231,60,0.3,bot3,success,45,2868167495243870376,4479946132443205074,"(35, 30)","(58, 16)","(2, 59)"
231,60,0.3,bot4,success,45,2868167495243870376,4479946132443205074,"(35, 30)","(58, 16)","(2, 59)"
231,60,0.4,bot1,success,45,2868167495243870376,4479946132443205074,"(35, 30)","(58, 16)","(2, 59)"
231,60,0.4,bot2,success,45,2868167495243870376,4479946132443205074,"(35, 30)","(58, 16)","(2, 59)"
231,60,0.4,bot3,success,45,2868167495243870376,4479946132443205074,"(35, 30)","(58, 16)","(2, 59)"
231,60,0.4,bot4,success,45,2868167495243870376,4479946132443205074,"(35, 30)","(58, 16)","(2, 59)"
231,60,0.5,bot1,success,45,2868167495243870376,4479946132443205074,"(35, 30)","(58, 16)","(2, 59)"
231,60,0.5,bot2,success,45,2868167495243870376,4479946132443205074,"(35, 30)","(58, 16)","(2, 59)"
231,60,0.5,bot3,success,45,2868167495243870376,4479946132443205074,"(35, 30)","(58, 16)","(2, 59)"
231,60,0.5,bot4,success,45,2868167495243870376,4479946132443205074,"(35, 30)","(58, 16)","(2, 59)"
232,60,0.3,bot1,success,45,16964355504817567623,2706429331906508499,"(31, 36)","(37, 59)","(17, 51)"
232,60,0.3,bot2,success,45,16964355504817567623,2706429331906508499,"(31, 36)","(37, 59)","(17, 51)"
232,60,0.3,bot3,success,45,16964355504817567623,2706429331906508499,"(31, 36)","(37, 59)","(17, 51)"
232,60,0.3,bot4,success,45,16964355504817567623,2706429331906508499,"(31, 36)","(37, 59)","(17, 51)"
232,60,0.4,bot1,success,45,16964355504817567623,2706429331906508499,"(31, 36)","(37, 59)","(17, 51)"
232,60,0.4,bot2,success,45,16964355504817567623,2706429331906508499,"(31, 36)","(37, 59)","(17, 51)"
232,60,0.4,bot3,success,45,16964355504817567623,2706429331906508499,"(31, 36)","(37, 59)","(17, 51)"
232,60,0.4,bot4,success,45,16964355504817567623,2706429331906508499,"(31, 36)","(37, 59)","(17, 51)"
232,60,0.5,bot1,success,45,16964355504817567623,2706429331906508499,"(31, 36)","(37, 59)","(17, 51)"
232,60,0.5,bot2,success,45,16964355504817567623,2706429331906508499,"(31, 36)","(37, 59)","(17, 51)"
232,60,0.5,bot3,success,45,16964355504817567623,2706429331906508499,"(31, 36)","(37, 59)","(17, 51)"
232,60,0.5,bot4,success,45,16964355504817567623,2706429331906508499,"(31, 36)","(37, 59)","(17, 51)"
233,60,0.3,bot1,success,84,13006218253194332909,11009657017326376697,"(6, 45)","(59, 44)","(31, 57)"
233,60,0.3,bot2,success,84,13006218253194332909,11009657017326376697,"(6, 45)","(59, 44)","(31, 57)"
233,60,0.3,bot3,success,84,13006218253194332909,11009657017326376697,"(6, 45)","(59, 44)","(31, 57)"
233,60,0.3,bot4,success,84,13006218253194332909,11009657017326376697,"(6, 45)","(59, 44)","(31, 57)"
233,60,0.4,bot1,success,84,13006218253194332909,11009657017326376697,"(6, 45)","(59, 44)","(31, 57)"
233,60,0.4,bot2,success,84,13006218253194332909,11009657017326376697,"(6, 45)","(59, 44)","(31, 57)"
233,60,0.4,bot3,success,84,13006218253194332909,11009657017326376697,"(6, 45)","(59, 44)","(31, 57)"
233,60,0.4,bot4,success,84,13006218253194332909,11009657017326376697,"(6, 45)","(59, 44)","(31, 57)"
233,60,0.5,bot1,success,84,13006218253194332909,11009657017326376697,"(6, 45)","(59, 44)","(31, 57)"
233,60,0.5,bot2,success,84,13006218253194332909,11009657017326376697,"(6, 45)","(59, 44)","(31, 57)"
233,60,0.5,bot3,success,84,13006218253194332909,11009657017326376697,"(6, 45)","(59, 44)","(31, 57)"
233,60,0.5,bot4,success,90,13006218253194332909,11009657017326376697,"(6, 45)","(59, 44)","(31, 57)"
234,60,0.3,bot1,success,17,6248453531366456814,1189631896793974419,"(51, 11)","(42, 19)","(56, 0)"
234,60,0.3,bot2,success,17,6248453531366456814,1189631896793974419,"(51, 11)","(42, 19)","(56, 0)"
234,60,0.3,bot3,success,17,6248453531366456814,1189631896793974419,"(51, 11)","(42, 19)","(56, 0)"
234,60,0.3,bot4,success,17,6248453531366456814,1189631896793974419,"(51, 11)","(42, 19)","(56, 0)"
234,60,0.4,bot1,success,17,6248453531366456814,1189631896793974419,"(51, 11)","(42, 19)","(56, 0)"
234,60,0.4,bot2,success,17,6248453531366456814,1189631896793974419,"(51, 11)","(42, 19)","(56, 0)"
234,60,0.4,bot3,success,17,6248453531366456814,1189631896793974419,"(51, 11)","(42, 19)","(56, 0)"
234,60,0.4,bot4,success,17,6248453531366456814,1189631896793974419,"(51, 11)","(42, 19)","(56, 0)"
234,60,0.5,bot1,success,17,6248453531366456814,1189631896793974419,"(51, 11)","(42, 19)","(56, 0)"
234,60,0.5,bot2,success,17,6248453531366456814,1189631896793974419,"(51, 11)","(42, 19)","(56, 0)"
234,60,0.5,bot3,success,17,6248453531366456814,1189631896793974419,"(51, 11)","(42, 19)","(56, 0)"
234,60,0.5,bot4,success,17,6248453531366456814,1189631896793974419,"(51, 11)","(42, 19)","(56, 0)"
235,60,0.3,bot1,success,68,13763944478624608206,13187364510915550846,"(0, 16)","(28, 56)","(51, 36)"
235,60,0.3,bot2,success,68,13763944478624608206,13187364510915550846,"(0, 16)","(28, 56)","(51, 36)"
235,60,0.3,bot3,success,68,13763944478624608206,13187364510915550846,"(0, 16)","(28, 56)","(51, 36)"
235,60,0.3,bot4,success,68,13763944478624608206,13187364510915550846,"(0, 16)","(28, 56)","(51, 36)"
235,60,0.4,bot1,success,68,13763944478624608206,13187364510915550846,"(0, 16)","(28, 56)","(51, 36)"
235,60,0.4,bot2,success,68,13763944478624608206,13187364510915550846,"(0, 16)","(28, 56)","(51, 36)"
235,60,0.4,bot3,success,68,13763944478624608206,13187364510915550846,"(0, 16)","(28, 56)","(51, 36)"
235,60,0.4,bot4,success,68,13763944478624608206,13187364510915550846,"(0, 16)","(28, 56)","(51, 36)"
235,60,0.5,bot1,success,68,13763944478624608206,13187364510915550846,"(0, 16)","(28, 56)","(51, 36)"
235,60,0.5,bot2,success,68,13763944478624608206,13187364510915550846,"(0, 16)","(28, 56)","(51, 36)"
235,60,0.5,bot3,success,68,13763944478624608206,13187364510915550846,"(0, 16)","(28, 56)","(51, 36)"
235,60,0.5,bot4,success,68,13763944478624608206,13187364510915550846,"(0, 16)","(28, 56)","(51, 36)"
236,60,0.3,bot1,success,40,12394415994391917302,15377668868159541497,"(4, 50)","(35, 43)","(3, 49)"
236,60,0.3,bot2,success,40,12394415994391917302,15377668868159541497,"(4, 50)","(35, 43)","(3, 49)"
236,60,0.3,bot3,success,42,12394415994391917302,15377668868159541497,"(4, 50)","(35, 43)","(3, 49)"
236,60,0.3,bot4,success,42,12394415994391917302,15377668868159541497,"(4, 50)","(35, 43)","(3, 49)"
236,60,0.4,bot1,success,40,12394415994391917302,15377668868159541497,"(4, 50)","(35, 43)","(3, 49)"
236,60,0.4,bot2,success,40,12394415994391917302,15377668868159541497,"(4, 50)","(35, 43)","(3, 49)"
236,60,0.4,bot3,success,42,12394415994391917302,15377668868159541497,"(4, 50)","(35, 43)","(3, 49)"
236,60,0.4,bot4,success,40,12394415994391917302,15377668868159541497,"(4, 50)","(35, 43)","(3, 49)"
236,60,0.5,bot1,success,40,12394415994391917302,15377668868159541497,"(4, 50)","(35, 43)","(3, 49)"
236,60,0.5,bot2,success,40,12394415994391917302,15377668868159541497,"(4, 50)","(35, 43)","(3, 49)"
236,60,0.5,bot3,success,42,12394415994391917302,15377668868159541497,"(4, 50)","(35, 43)","(3, 49)"
236,60,0.5,bot4,success,40,12394415994391917302,15377668868159541497,"(4, 50)","(35, 43)","(3, 49)"
237,60,0.3,bot1,burned,42,14435151918896167975,11068766058802475585,"(55, 10)","(11, 24)","(40, 23)"
237,60,0.3,bot2,success,68,14435151918896167975,11068766058802475585,"(55, 10)","(11, 24)","(40, 23)"
237,60,0.3,bot3,success,66,14435151918896167975,11068766058802475585,"(55, 10)","(11, 24)","(40, 23)"
237,60,0.3,bot4,success,64,14435151918896167975,11068766058802475585,"(55, 10)","(11, 24)","(40, 23)"
237,60,0.4,bot1,burned,33,14435151918896167975,11068766058802475585,"(55, 10)","(11, 24)","(40, 23)"
237,60,0.4,bot2,success,64,14435151918896167975,11068766058802475585,"(55, 10)","(11, 24)","(40, 23)"
237,60,0.4,bot3,burned,100,14435151918896167975,11068766058802475585,"(55, 10)","(11, 24)","(40, 23)"
237,60,0.4,bot4,success,64,14435151918896167975,11068766058802475585,"(55, 10)","(11, 24)","(40, 23)"
237,60,0.5,bot1,burned,32,14435151918896167975,11068766058802475585,"(55, 10)","(11, 24)","(40, 23)"
237,60,0.5,bot2,burned,79,14435151918896167975,11068766058802475585,"(55, 10)","(11, 24)","(40, 23)"
237,60,0.5,bot3,burned,77,14435151918896167975,11068766058802475585,"(55, 10)","(11, 24)","(40, 23)"
237,60,0.5,bot4,burned,79,14435151918896167975,11068766058802475585,"(55, 10)","(11, 24)","(40, 23)"
238,60,0.3,bot1,success,57,15968771127539513907,4090299780478096666,"(31, 22)","(59, 9)","(21, 18)"
238,60,0.3,bot2,success,57,15968771127539513907,4090299780478096666,"(31, 22)","(59, 9)","(21, 18)"
238,60,0.3,bot3,success,57,15968771127539513907,4090299780478096666,"(31, 22)","(59, 9)","(21, 18)"
238,60,0.3,bot4,success,57,15968771127539513907,4090299780478096666,"(31, 22)","(59, 9)","(21, 18)"
238,60,0.4,bot1,success,57,15968771127539513907,4090299780478096666,"(31, 22)","(59, 9)","(21, 18)"
238,60,0.4,bot2,success,57,15968771127539513907,4090299780478096666,"(31, 22)","(59, 9)","(21, 18)"
238,60,0.4,bot3,success,57,15968771127539513907,4090299780478096666,"(31, 22)","(59, 9)","(21, 18)"
238,60,0.4,bot4,success,57,15968771127539513907,4090299780478096666,"(31, 22)","(59, 9)","(21, 18)"
238,60,0.5,bot1,success,57,15968771127539513907,4090299780478096666,"(31, 22)","(59, 9)","(21, 18)"
238,60,0.5,bot2,success,57,15968771127539513907,4090299780478096666,"(31, 22)","(59, 9)","(21, 18)"
238,60,0.5,bot3,success,57,15968771127539513907,4090299780478096666,"(31, 22)","(59, 9)","(21, 18)"
238,60,0.5,bot4,success,57,15968771127539513907,4090299780478096666,"(31, 22)","(59, 9)","(21, 18)"
239,60,0.3,bot1,success,58,8130669395245375131,5333274019796856291,"(28, 19)","(59, 28)","(53, 53)"
239,60,0.3,bot2,success,58,8130669395245375131,5333274019796856291,"(28, 19)","(59, 28)","(53, 53)"
239,60,0.3,bot3,success,58,8130669395245375131,5333274019796856291,"(28, 19)","(59, 28)","(53, 53)"
239,60,0.3,bot4,success,58,8130669395245375131,5333274019796856291,"(28, 19)","(59, 28)","(53, 53)"
239,60,0.4,bot1,success,58,8130669395245375131,5333274019796856291,"(28, 19)","(59, 28)","(53, 53)"
239,60,0.4,bot2,success,58,8130669395245375131,5333274019796856291,"(28, 19)","(59, 28)","(53, 53)"
239,60,0.4,bot3,success,58,8130669395245375131,5333274019796856291,"(28, 19)","(59, 28)","(53, 53)"
239,60,0.4,bot4,success,58,8130669395245375131,5333274019796856291,"(28, 19)","(59, 28)","(53, 53)"
239,60,0.5,bot1,success,58,8130669395245375131,5333274019796856291,"(28, 19)","(59, 28)","(53, 53)"
239,60,0.5,bot2,success,58,8130669395245375131,5333274019796856291,"(28, 19)","(59, 28)","(53, 53)"
239,60,0.5,bot3,success,58,8130669395245375131,5333274019796856291,"(28, 19)","(59, 28)","(53, 53)"
239,60,0.5,bot4,success,58,8130669395245375131,5333274019796856291,"(28, 19)","(59, 28)","(53, 53)"
240,60,0.3,bot1,success,91,16183233801834396757,10624955606338643488,"(14, 53)","(51, 1)","(25, 8)"
240,60,0.3,bot2,success,91,16183233801834396757,10624955606338643488,"(14, 53)","(51, 1)","(25, 8)"
240,60,0.3,bot3,success,91,16183233801834396757,10624955606338643488,"(14, 53)","(51, 1)","(25, 8)"
240,60,0.3,bot4,success,91,16183233801834396757,10624955606338643488,"(14, 53)","(51, 1)","(25, 8)"
240,60,0.4,bot1,burned,82,16183233801834396757,10624955606338643488,"(14, 53)","(51, 1)","(25, 8)"
240,60,0.4,bot2,burned,100,16183233801834396757,10624955606338643488,"(14, 53)","(51, 1)","(25, 8)"
240,60,0.4,bot3,burned,100,16183233801834396757,10624955606338643488,"(14, 53)","(51, 1)","(25, 8)"
240,60,0.4,bot4,burned,105,16183233801834396757,10624955606338643488,"(14, 53)","(51, 1)","(25, 8)"
240,60,0.5,bot1,burned,81,16183233801834396757,10624955606338643488,"(14, 53)","(51, 1)","(25, 8)"
240,60,0.5,bot2,burned,97,16183233801834396757,10624955606338643488,"(14, 53)","(51, 1)","(25, 8)"
240,60,0.5,bot3,burned,97,16183233801834396757,10624955606338643488,"(14, 53)","(51, 1)","(25, 8)"
240,60,0.5,bot4,burned,97,16183233801834396757,10624955606338643488,"(14, 53)","(51, 1)","(25, 8)"
241,60,0.3,bot1,burned,39,6643100887318103621,17280320239597253745,"(10, 58)","(39, 1)","(21, 38)"
241,60,0.3,bot2,success,114,6643100887318103621,17280320239597253745,"(10, 58)","(39, 1)","(21, 38)"
241,60,0.3,bot3,success,110,6643100887318103621,17280320239597253745,"(10, 58)","(39, 1)","(21, 38)"
241,60,0.3,bot4,success,104,6643100887318103621,17280320239597253745,"(10, 58)","(39, 1)","(21, 38)"
241,60,0.4,bot1,burned,36,6643100887318103621,17280320239597253745,"(10, 58)","(39, 1)","(21, 38)"
241,60,0.4,bot2,success,104,6643100887318103621,17280320239597253745,"(10, 58)","(39, 1)","(21, 38)"
241,60,0.4,bot3,success,104,6643100887318103621,17280320239597253745,"(10, 58)","(39, 1)","(21, 38)"
241,60,0.4,bot4,success,104,6643100887318103621,17280320239597253745,"(10, 58)","(39, 1)","(21, 38)"
241,60,0.5,bot1,burned,34,6643100887318103621,17280320239597253745,"(10, 58)","(39, 1)","(21, 38)"
241,60,0.5,bot2,burned,109,6643100887318103621,17280320239597253745,"(10, 58)","(39, 1)","(21, 38)"
241,60,0.5,bot3,burned,106,6643100887318103621,17280320239597253745,"(10, 58)","(39, 1)","(21, 38)"
241,60,0.5,bot4,burned,109,6643100887318103621,17280320239597253745,"(10, 58)","(39, 1)","(21, 38)"
242,60,0.3,bot1,success,37,15341547881639069762,8123966254778807425,"(16, 36)","(2, 15)","(14, 19)"
242,60,0.3,bot2,success,37,15341547881639069762,8123966254778807425,"(16, 36)","(2, 15)","(14, 19)"
242,60,0.3,bot3,success,37,15341547881639069762,8123966254778807425,"(16, 36)","(2, 15)","(14, 19)"
242,60,0.3,bot4,success,39,15341547881639069762,8123966254778807425,"(16, 36)","(2, 15)","(14, 19)"
242,60,0.4,bot1,burned,23,15341547881639069762,8123966254778807425,"(16, 36)","(2, 15)","(14, 19)"
242,60,0.4,bot2,burned,41,15341547881639069762,8123966254778807425,"(16, 36)","(2, 15)","(14, 19)"
242,60,0.4,bot3,burned,48,15341547881639069762,8123966254778807425,"(16, 36)","(2, 15)","(14, 19)"
242,60,0.4,bot4,burned,41,15341547881639069762,8123966254778807425,"(16, 36)","(2, 15)","(14, 19)"
242,60,0.5,bot1,burned,21,15341547881639069762,8123966254778807425,"(16, 36)","(2, 15)","(14, 19)"
242,60,0.5,bot2,burned,40,15341547881639069762,8123966254778807425,"(16, 36)","(2, 15)","(14, 19)"
242,60,0.5,bot3,burned,40,15341547881639069762,8123966254778807425,"(16, 36)","(2, 15)","(14, 19)"
242,60,0.5,bot4,burned,40,15341547881639069762,8123966254778807425,"(16, 36)","(2, 15)","(14, 19)"
243,60,0.3,bot1,success,64,3524749310634803076,16896808083058323924,"(57, 20)","(42, 59)","(29, 41)"
243,60,0.3,bot2,success,64,3524749310634803076,16896808083058323924,"(57, 20)","(42, 59)","(29, 41)"
243,60,0.3,bot3,success,64,3524749310634803076,16896808083058323924,"(57, 20)","(42, 59)","(29, 41)"
243,60,0.3,bot4,success,70,3524749310634803076,16896808083058323924,"(57, 20)","(42, 59)","(29, 41)"
243,60,0.4,bot1,burned,44,3524749310634803076,16896808083058323924,"(57, 20)","(42, 59)","(29, 41)"
243,60,0.4,bot2,burned,45,3524749310634803076,16896808083058323924,"(57, 20)","(42, 59)","(29, 41)"
243,60,0.4,bot3,burned,59,3524749310634803076,16896808083058323924,"(57, 20)","(42, 59)","(29, 41)"
243,60,0.4,bot4,burned,88,3524749310634803076,16896808083058323924,"(57, 20)","(42, 59)","(29, 41)"
243,60,0.5,bot1,burned,41,3524749310634803076,16896808083058323924,"(57, 20)","(42, 59)","(29, 41)"
243,60,0.5,bot2,burned,55,3524749310634803076,16896808083058323924,"(57, 20)","(42, 59)","(29, 41)"
243,60,0.5,bot3,burned,53,3524749310634803076,16896808083058323924,"(57, 20)","(42, 59)","(29, 41)"
243,60,0.5,bot4,burned,55,3524749310634803076,16896808083058323924,"(57, 20)","(42, 59)","(29, 41)"
244,60,0.3,bot1,success,17,12100301713589917021,6038623307573570284,"(37, 53)","(40, 55)","(58, 55)"
244,60,0.3,bot2,success,17,12100301713589917021,6038623307573570284,"(37, 53)","(40, 55)","(58, 55)"
244,60,0.3,bot3,success,17,12100301713589917021,6038623307573570284,"(37, 53)","(40, 55)","(58, 55)"
244,60,0.3,bot4,success,17,12100301713589917021,6038623307573570284,"(37, 53)","(40, 55)","(58, 55)"
244,60,0.4,bot1,success,17,12100301713589917021,6038623307573570284,"(37, 53)","(40, 55)","(58, 55)"
244,60,0.4,bot2,success,17,12100301713589917021,6038623307573570284,"(37, 53)","(40, 55)","(58, 55)"
244,60,0.4,bot3,success,17,12100301713589917021,6038623307573570284,"(37, 53)","(40, 55)","(58, 55)"
244,60,0.4,bot4,success,17,12100301713589917021,6038623307573570284,"(37, 53)","(40, 55)","(58, 55)"
244,60,0.5,bot1,success,17,12100301713589917021,6038623307573570284,"(37, 53)","(40, 55)","(58, 55)"
244,60,0.5,bot2,success,17,12100301713589917021,6038623307573570284,"(37, 53)","(40, 55)","(58, 55)"
244,60,0.5,bot3,success,17,12100301713589917021,6038623307573570284,"(37, 53)","(40, 55)","(58, 55)"
244,60,0.5,bot4,success,17,12100301713589917021,6038623307573570284,"(37, 53)","(40, 55)","(58, 55)"
245,60,0.3,bot1,success,12,5516555024961048535,6493469983626002008,"(13, 33)","(4, 36)","(18, 35)"
245,60,0.3,bot2,success,12,5516555024961048535,6493469983626002008,"(13, 33)","(4, 36)","(18, 35)"
245,60,0.3,bot3,success,12,5516555024961048535,6493469983626002008,"(13, 33)","(4, 36)","(18, 35)"
245,60,0.3,bot4,success,12,5516555024961048535,6493469983626002008,"(13, 33)","(4, 36)","(18, 35)"
245,60,0.4,bot1,success,12,5516555024961048535,6493469983626002008,"(13, 33)","(4, 36)","(18, 35)"
245,60,0.4,bot2,success,12,5516555024961048535,6493469983626002008,"(13, 33)","(4, 36)","(18, 35)"
245,60,0.4,bot3,success,12,5516555024961048535,6493469983626002008,"(13, 33)","(4, 36)","(18, 35)"
245,60,0.4,bot4,success,12,5516555024961048535,6493469983626002008,"(13, 33)","(4, 36)","(18, 35)"
245,60,0.5,bot1,success,12,5516555024961048535,6493469983626002008,"(13, 33)","(4, 36)","(18, 35)"
245,60,0.5,bot2,success,12,5516555024961048535,6493469983626002008,"(13, 33)","(4, 36)","(18, 35)"
245,60,0.5,bot3,success,12,5516555024961048535,6493469983626002008,"(13, 33)","(4, 36)","(18, 35)"
245,60,0.5,bot4,success,12,5516555024961048535,6493469983626002008,"(13, 33)","(4, 36)","(18, 35)"
246,60,0.3,bot1,burned,25,461402906244998476,8120880262966386210,"(0, 39)","(51, 9)","(20, 35)"
246,60,0.3,bot2,burned,37,461402906244998476,8120880262966386210,"(0, 39)","(51, 9)","(20, 35)"
246,60,0.3,bot3,success,123,461402906244998476,8120880262966386210,"(0, 39)","(51, 9)","(20, 35)"
246,60,0.3,bot4,success,93,461402906244998476,8120880262966386210,"(0, 39)","(51, 9)","(20, 35)"
246,60,0.4,bot1,burned,25,461402906244998476,8120880262966386210,"(0, 39)","(51, 9)","(20, 35)"
246,60,0.4,bot2,success,123,461402906244998476,8120880262966386210,"(0, 39)","(51, 9)","(20, 35)"
246,60,0.4,bot3,success,119,461402906244998476,8120880262966386210,"(0, 39)","(51, 9)","(20, 35)"
246,60,0.4,bot4,burned,54,461402906244998476,8120880262966386210,"(0, 39)","(51, 9)","(20, 35)"
246,60,0.5,bot1,burned,22,461402906244998476,8120880262966386210,"(0, 39)","(51, 9)","(20, 35)"
246,60,0.5,bot2,burned,24,461402906244998476,8120880262966386210,"(0, 39)","(51, 9)","(20, 35)"
246,60,0.5,bot3,burned,102,461402906244998476,8120880262966386210,"(0, 39)","(51, 9)","(20, 35)"
246,60,0.5,bot4,burned,24,461402906244998476,8120880262966386210,"(0, 39)","(51, 9)","(20, 35)"
247,60,0.3,bot1,success,43,11178203144427960730,13462668660421825557,"(26, 27)","(1, 37)","(32, 6)"
247,60,0.3,bot2,success,43,11178203144427960730,13462668660421825557,"(26, 27)","(1, 37)","(32, 6)"
247,60,0.3,bot3,success,43,11178203144427960730,13462668660421825557,"(26, 27)","(1, 37)","(32, 6)"
247,60,0.3,bot4,success,43,11178203144427960730,13462668660421825557,"(26, 27)","(1, 37)","(32, 6)"
247,60,0.4,bot1,success,43,11178203144427960730,13462668660421825557,"(26, 27)","(1, 37)","(32, 6)"
247,60,0.4,bot2,success,43,11178203144427960730,13462668660421825557,"(26, 27)","(1, 37)","(32, 6)"
247,60,0.4,bot3,success,43,11178203144427960730,13462668660421825557,"(26, 27)","(1, 37)","(32, 6)"
247,60,0.4,bot4,success,43,11178203144427960730,13462668660421825557,"(26, 27)","(1, 37)","(32, 6)"
247,60,0.5,bot1,success,43,11178203144427960730,13462668660421825557,"(26, 27)","(1, 37)","(32, 6)"
247,60,0.5,bot2,success,43,11178203144427960730,13462668660421825557,"(26, 27)","(1, 37)","(32, 6)"
247,60,0.5,bot3,success,43,11178203144427960730,13462668660421825557,"(26, 27)","(1, 37)","(32, 6)"
247,60,0.5,bot4,success,43,11178203144427960730,13462668660421825557,"(26, 27)","(1, 37)","(32, 6)"
248,60,0.3,bot1,success,43,16478650996869912895,11741505913829804878,"(42, 22)","(15, 16)","(56, 36)"
248,60,0.3,bot2,success,43,16478650996869912895,11741505913829804878,"(42, 22)","(15, 16)","(56, 36)"
248,60,0.3,bot3,success,43,16478650996869912895,11741505913829804878,"(42, 22)","(15, 16)","(56, 36)"
248,60,0.3,bot4,success,43,16478650996869912895,11741505913829804878,"(42, 22)","(15, 16)","(56, 36)"
248,60,0.4,bot1,success,43,16478650996869912895,11741505913829804878,"(42, 22)","(15, 16)","(56, 36)"
248,60,0.4,bot2,success,43,16478650996869912895,11741505913829804878,"(42, 22)","(15, 16)","(56, 36)"
248,60,0.4,bot3,success,43,16478650996869912895,11741505913829804878,"(42, 22)","(15, 16)","(56, 36)"
248,60,0.4,bot4,success,43,16478650996869912895,11741505913829804878,"(42, 22)","(15, 16)","(56, 36)"
248,60,0.5,bot1,success,43,16478650996869912895,11741505913829804878,"(42, 22)","(15, 16)","(56, 36)"
248,60,0.5,bot2,success,43,16478650996869912895,11741505913829804878,"(42, 22)","(15, 16)","(56, 36)"
248,60,0.5,bot3,success,43,16478650996869912895,11741505913829804878,"(42, 22)","(15, 16)","(56, 36)"
248,60,0.5,bot4,success,43,16478650996869912895,11741505913829804878,"(42, 22)","(15, 16)","(56, 36)"
249,60,0.3,bot1,success,109,10850551788657450376,6747576145528490934,"(5, 1)","(52, 59)","(11, 34)"
249,60,0.3,bot2,success,109,10850551788657450376,6747576145528490934,"(5, 1)","(52, 59)","(11, 34)"
249,60,0.3,bot3,success,109,10850551788657450376,6747576145528490934,"(5, 1)","(52, 59)","(11, 34)"
249,60,0.3,bot4,success,109,10850551788657450376,6747576145528490934,"(5, 1)","(52, 59)","(11, 34)"
249,60,0.4,bot1,success,109,10850551788657450376,6747576145528490934,"(5, 1)","(52, 59)","(11, 34)"
249,60,0.4,bot2,success,109,10850551788657450376,6747576145528490934,"(5, 1)","(52, 59)","(11, 34)"
249,60,0.4,bot3,success,109,10850551788657450376,6747576145528490934,"(5, 1)","(52, 59)","(11, 34)"
249,60,0.4,bot4,success,109,10850551788657450376,6747576145528490934,"(5, 1)","(52, 59)","(11, 34)"
249,60,0.5,bot1,success,109,10850551788657450376,6747576145528490934,"(5, 1)","(52, 59)","(11, 34)"
249,60,0.5,bot2,success,109,10850551788657450376,6747576145528490934,"(5, 1)","(52, 59)","(11, 34)"
249,60,0.5,bot3,success,109,10850551788657450376,6747576145528490934,"(5, 1)","(52, 59)","(11, 34)"
249,60,0.5,bot4,success,109,10850551788657450376,6747576145528490934,"(5, 1)","(52, 59)","(11, 34)"
250,60,0.3,bot1,success,40,28803176233984282,15827063213545404111,"(28, 50)","(47, 51)","(1, 35)"
250,60,0.3,bot2,success,40,28803176233984282,15827063213545404111,"(28, 50)","(47, 51)","(1, 35)"
250,60,0.3,bot3,success,40,28803176233984282,15827063213545404111,"(28, 50)","(47, 51)","(1, 35)"
250,60,0.3,bot4,success,40,28803176233984282,15827063213545404111,"(28, 50)","(47, 51)","(1, 35)"
250,60,0.4,bot1,success,40,28803176233984282,15827063213545404111,"(28, 50)","(47, 51)","(1, 35)"
250,60,0.4,bot2,success,40,28803176233984282,15827063213545404111,"(28, 50)","(47, 51)","(1, 35)"
250,60,0.4,bot3,success,40,28803176233984282,15827063213545404111,"(28, 50)","(47, 51)","(1, 35)"
250,60,0.4,bot4,success,40,28803176233984282,15827063213545404111,"(28, 50)","(47, 51)","(1, 35)"
250,60,0.5,bot1,success,40,28803176233984282,15827063213545404111,"(28, 50)","(47, 51)","(1, 35)"
250,60,0.5,bot2,success,40,28803176233984282,15827063213545404111,"(28, 50)","(47, 51)","(1, 35)"
250,60,0.5,bot3,success,40,28803176233984282,15827063213545404111,"(28, 50)","(47, 51)","(1, 35)"
250,60,0.5,bot4,success,40,28803176233984282,15827063213545404111,"(28, 50)","(47, 51)","(1, 35)"
251,60,0.3,bot1,success,23,2580707714368797953,15806648219238481872,"(18, 45)","(3, 53)","(17, 57)"
251,60,0.3,bot2,success,23,2580707714368797953,15806648219238481872,"(18, 45)","(3, 53)","(17, 57)"
251,60,0.3,bot3,success,23,2580707714368797953,15806648219238481872,"(18, 45)","(3, 53)","(17, 57)"
251,60,0.3,bot4,success,23,2580707714368797953,15806648219238481872,"(18, 45)","(3, 53)","(17, 57)"
251,60,0.4,bot1,success,23,2580707714368797953,15806648219238481872,"(18, 45)","(3, 53)","(17, 57)"
251,60,0.4,bot2,success,23,2580707714368797953,15806648219238481872,"(18, 45)","(3, 53)","(17, 57)"
251,60,0.4,bot3,success,23,2580707714368797953,15806648219238481872,"(18, 45)","(3, 53)","(17, 57)"
251,60,0.4,bot4,success,23,2580707714368797953,15806648219238481872,"(18, 45)","(3, 53)","(17, 57)"
251,60,0.5,bot1,success,23,2580707714368797953,15806648219238481872,"(18, 45)","(3, 53)","(17, 57)"
251,60,0.5,bot2,success,23,2580707714368797953,15806648219238481872,"(18, 45)","(3, 53)","(17, 57)"
251,60,0.5,bot3,success,23,2580707714368797953,15806648219238481872,"(18, 45)","(3, 53)","(17, 57)"
251,60,0.5,bot4,success,23,2580707714368797953,15806648219238481872,"(18, 45)","(3, 53)","(17, 57)"
252,60,0.3,bot1,burned,8,5677777592626948052,8573888556309682788,"(34, 36)","(44, 9)","(40, 30)"
252,60,0.3,bot2,success,63,5677777592626948052,8573888556309682788,"(34, 36)","(44, 9)","(40, 30)"
252,60,0.3,bot3,success,61,5677777592626948052,8573888556309682788,"(34, 36)","(44, 9)","(40, 30)"
252,60,0.3,bot4,success,51,5677777592626948052,8573888556309682788,"(34, 36)","(44, 9)","(40, 30)"
252,60,0.4,bot1,burned,11,5677777592626948052,8573888556309682788,"(34, 36)","(44, 9)","(40, 30)"
252,60,0.4,bot2,burned,20,5677777592626948052,8573888556309682788,"(34, 36)","(44, 9)","(40, 30)"
252,60,0.4,bot3,burned,14,5677777592626948052,8573888556309682788,"(34, 36)","(44, 9)","(40, 30)"
252,60,0.4,bot4,burned,80,5677777592626948052,8573888556309682788,"(34, 36)","(44, 9)","(40, 30)"
252,60,0.5,bot1,burned,10,5677777592626948052,8573888556309682788,"(34, 36)","(44, 9)","(40, 30)"
252,60,0.5,bot2,burned,17,5677777592626948052,8573888556309682788,"(34, 36)","(44, 9)","(40, 30)"
252,60,0.5,bot3,burned,17,5677777592626948052,8573888556309682788,"(34, 36)","(44, 9)","(40, 30)"
252,60,0.5,bot4,burned,17,5677777592626948052,8573888556309682788,"(34, 36)","(44, 9)","(40, 30)"
253,60,0.3,bot1,success,50,10787302105534422761,7762458894096185727,"(26, 39)","(0, 21)","(57, 46)"
253,60,0.3,bot2,success,50,10787302105534422761,7762458894096185727,"(26, 39)","(0, 21)","(57, 46)"
253,60,0.3,bot3,success,50,10787302105534422761,7762458894096185727,"(26, 39)","(0, 21)","(57, 46)"
253,60,0.3,bot4,success,50,10787302105534422761,7762458894096185727,"(26, 39)","(0, 21)","(57, 46)"
253,60,0.4,bot1,success,50,10787302105534422761,7762458894096185727,"(26, 39)","(0, 21)","(57, 46)"
253,60,0.4,bot2,success,50,10787302105534422761,7762458894096185727,"(26, 39)","(0, 21)","(57, 46)"
253,60,0.4,bot3,success,50,10787302105534422761,7762458894096185727,"(26, 39)","(0, 21)","(57, 46)"
253,60,0.4,bot4,success,50,10787302105534422761,7762458894096185727,"(26, 39)","(0, 21)","(57, 46)"
253,60,0.5,bot1,success,50,10787302105534422761,7762458894096185727,"(26, 39)","(0, 21)","(57, 46)"
253,60,0.5,bot2,success,50,10787302105534422761,7762458894096185727,"(26, 39)","(0, 21)","(57, 46)"
253,60,0.5,bot3,success,50,10787302105534422761,7762458894096185727,"(26, 39)","(0, 21)","(57, 46)"
253,60,0.5,bot4,success,50,10787302105534422761,7762458894096185727,"(26, 39)","(0, 21)","(57, 46)"
254,60,0.3,bot1,burned,15,9094145046834546372,5143501597771631013,"(47, 31)","(7, 17)","(33, 37)"
254,60,0.3,bot2,burned,15,9094145046834546372,5143501597771631013,"(47, 31)","(7, 17)","(33, 37)"
254,60,0.3,bot3,success,100,9094145046834546372,5143501597771631013,"(47, 31)","(7, 17)","(33, 37)"
254,60,0.3,bot4,success,72,9094145046834546372,5143501597771631013,"(47, 31)","(7, 17)","(33, 37)"
254,60,0.4,bot1,burned,12,9094145046834546372,5143501597771631013,"(47, 31)","(7, 17)","(33, 37)"
254,60,0.4,bot2,success,90,9094145046834546372,5143501597771631013,"(47, 31)","(7, 17)","(33, 37)"
254,60,0.4,bot3,success,88,9094145046834546372,5143501597771631013,"(47, 31)","(7, 17)","(33, 37)"
254,60,0.4,bot4,success,72,9094145046834546372,5143501597771631013,"(47, 31)","(7, 17)","(33, 37)"
254,60,0.5,bot1,burned,13,9094145046834546372,5143501597771631013,"(47, 31)","(7, 17)","(33, 37)"
254,60,0.5,bot2,burned,52,9094145046834546372,5143501597771631013,"(47, 31)","(7, 17)","(33, 37)"
254,60,0.5,bot3,burned,57,9094145046834546372,5143501597771631013,"(47, 31)","(7, 17)","(33, 37)"
254,60,0.5,bot4,success,72,9094145046834546372,5143501597771631013,"(47, 31)","(7, 17)","(33, 37)"
255,60,0.3,bot1,success,25,1175159670253017629,2846930720799014339,"(36, 33)","(38, 48)","(50, 10)"
255,60,0.3,bot2,success,25,1175159670253017629,2846930720799014339,"(36, 33)","(38, 48)","(50, 10)"
255,60,0.3,bot3,success,25,1175159670253017629,2846930720799014339,"(36, 33)","(38, 48)","(50, 10)"
255,60,0.3,bot4,success,25,1175159670253017629,2846930720799014339,"(36, 33)","(38, 48)","(50, 10)"
255,60,0.4,bot1,success,25,1175159670253017629,2846930720799014339,"(36, 33)","(38, 48)","(50, 10)"
255,60,0.4,bot2,success,25,1175159670253017629,2846930720799014339,"(36, 33)","(38, 48)","(50, 10)"
255,60,0.4,bot3,success,25,1175159670253017629,2846930720799014339,"(36, 33)","(38, 48)","(50, 10)"
255,60,0.4,bot4,success,25,1175159670253017629,2846930720799014339,"(36, 33)","(38, 48)","(50, 10)"
255,60,0.5,bot1,success,25,1175159670253017629,2846930720799014339,"(36, 33)","(38, 48)","(50, 10)"
255,60,0.5,bot2,success,25,1175159670253017629,2846930720799014339,"(36, 33)","(38, 48)","(50, 10)"
255,60,0.5,bot3,success,25,1175159670253017629,2846930720799014339,"(36, 33)","(38, 48)","(50, 10)"
255,60,0.5,bot4,success,25,1175159670253017629,2846930720799014339,"(36, 33)","(38, 48)","(50, 10)"
256,60,0.3,bot1,burned,19,5757860891808135321,11835494372019519895,"(54, 50)","(4, 41)","(38, 40)"
256,60,0.3,bot2,burned,42,5757860891808135321,11835494372019519895,"(54, 50)","(4, 41)","(38, 40)"
256,60,0.3,bot3,burned,78,5757860891808135321,11835494372019519895,"(54, 50)","(4, 41)","(38, 40)"
256,60,0.3,bot4,burned,63,5757860891808135321,11835494372019519895,"(54, 50)","(4, 41)","(38, 40)"
256,60,0.4,bot1,burned,18,5757860891808135321,11835494372019519895,"(54, 50)","(4, 41)","(38, 40)"
256,60,0.4,bot2,burned,66,5757860891808135321,11835494372019519895,"(54, 50)","(4, 41)","(38, 40)"
256,60,0.4,bot3,burned,66,5757860891808135321,11835494372019519895,"(54, 50)","(4, 41)","(38, 40)"
256,60,0.4,bot4,burned,66,5757860891808135321,11835494372019519895,"(54, 50)","(4, 41)","(38, 40)"
256,60,0.5,bot1,burned,15,5757860891808135321,11835494372019519895,"(54, 50)","(4, 41)","(38, 40)"
256,60,0.5,bot2,burned,48,5757860891808135321,11835494372019519895,"(54, 50)","(4, 41)","(38, 40)"
256,60,0.5,bot3,burned,48,5757860891808135321,11835494372019519895,"(54, 50)","(4, 41)","(38, 40)"
256,60,0.5,bot4,burned,48,5757860891808135321,11835494372019519895,"(54, 50)","(4, 41)","(38, 40)"
257,60,0.3,bot1,success,61,12338829736766099038,17539930462084489329,"(14, 7)","(36, 36)","(19, 29)"
257,60,0.3,bot2,success,61,12338829736766099038,17539930462084489329,"(14, 7)","(36, 36)","(19, 29)"
257,60,0.3,bot3,success,61,12338829736766099038,17539930462084489329,"(14, 7)","(36, 36)","(19, 29)"
257,60,0.3,bot4,success,61,12338829736766099038,17539930462084489329,"(14, 7)","(36, 36)","(19, 29)"
257,60,0.4,bot1,burned,57,12338829736766099038,17539930462084489329,"(14, 7)","(36, 36)","(19, 29)"
257,60,0.4,bot2,burned,58,12338829736766099038,17539930462084489329,"(14, 7)","(36, 36)","(19, 29)"
257,60,0.4,bot3,burned,58,12338829736766099038,17539930462084489329,"(14, 7)","(36, 36)","(19, 29)"
257,60,0.4,bot4,burned,61,12338829736766099038,17539930462084489329,"(14, 7)","(36, 36)","(19, 29)"
257,60,0.5,bot1,burned,43,12338829736766099038,17539930462084489329,"(14, 7)","(36, 36)","(19, 29)"
257,60,0.5,bot2,burned,46,12338829736766099038,17539930462084489329,"(14, 7)","(36, 36)","(19, 29)"
257,60,0.5,bot3,burned,46,12338829736766099038,17539930462084489329,"(14, 7)","(36, 36)","(19, 29)"
257,60,0.5,bot4,burned,46,12338829736766099038,17539930462084489329,"(14, 7)","(36, 36)","(19, 29)"
258,60,0.3,bot1,success,44,6409944431082704808,13751938190499853316,"(18, 19)","(33, 34)","(4, 17)"
258,60,0.3,bot2,success,44,6409944431082704808,13751938190499853316,"(18, 19)","(33, 34)","(4, 17)"
258,60,0.3,bot3,success,44,6409944431082704808,13751938190499853316,"(18, 19)","(33, 34)","(4, 17)"
258,60,0.3,bot4,success,44,6409944431082704808,13751938190499853316,"(18, 19)","(33, 34)","(4, 17)"
258,60,0.4,bot1,success,44,6409944431082704808,13751938190499853316,"(18, 19)","(33, 34)","(4, 17)"
258,60,0.4,bot2,success,44,6409944431082704808,13751938190499853316,"(18, 19)","(33, 34)","(4, 17)"
258,60,0.4,bot3,success,44,6409944431082704808,13751938190499853316,"(18, 19)","(33, 34)","(4, 17)"
258,60,0.4,bot4,success,44,6409944431082704808,13751938190499853316,"(18, 19)","(33, 34)","(4, 17)"
258,60,0.5,bot1,success,44,6409944431082704808,13751938190499853316,"(18, 19)","(33, 34)","(4, 17)"
258,60,0.5,bot2,success,44,6409944431082704808,13751938190499853316,"(18, 19)","(33, 34)","(4, 17)"
258,60,0.5,bot3,success,44,6409944431082704808,13751938190499853316,"(18, 19)","(33, 34)","(4, 17)"
258,60,0.5,bot4,success,44,6409944431082704808,13751938190499853316,"(18, 19)","(33, 34)","(4, 17)"
259,60,0.3,bot1,success,55,13541178900071674729,13922625526899908024,"(17, 6)","(1, 31)","(23, 23)"
259,60,0.3,bot2,success,55,13541178900071674729,13922625526899908024,"(17, 6)","(1, 31)","(23, 23)"
259,60,0.3,bot3,success,55,13541178900071674729,13922625526899908024,"(17, 6)","(1, 31)","(23, 23)"
259,60,0.3,bot4,success,55,13541178900071674729,13922625526899908024,"(17, 6)","(1, 31)","(23, 23)"
259,60,0.4,bot1,success,55,13541178900071674729,13922625526899908024,"(17, 6)","(1, 31)","(23, 23)"
259,60,0.4,bot2,success,55,13541178900071674729,13922625526899908024,"(17, 6)","(1, 31)","(23, 23)"
259,60,0.4,bot3,success,55,13541178900071674729,13922625526899908024,"(17, 6)","(1, 31)","(23, 23)"
259,60,0.4,bot4,success,55,13541178900071674729,13922625526899908024,"(17, 6)","(1, 31)","(23, 23)"
259,60,0.5,bot1,success,55,13541178900071674729,13922625526899908024,"(17, 6)","(1, 31)","(23, 23)"
259,60,0.5,bot2,success,55,13541178900071674729,13922625526899908024,"(17, 6)","(1, 31)","(23, 23)"
259,60,0.5,bot3,success,55,13541178900071674729,13922625526899908024,"(17, 6)","(1, 31)","(23, 23)"
259,60,0.5,bot4,success,55,13541178900071674729,13922625526899908024,"(17, 6)","(1, 31)","(23, 23)"
260,60,0.3,bot1,burned,50,14504931604116602010,7739931683316839887,"(51, 34)","(7, 0)","(10, 16)"
260,60,0.3,bot2,burned,91,14504931604116602010,7739931683316839887,"(51, 34)","(7, 0)","(10, 16)"
260,60,0.3,bot3,burned,91,14504931604116602010,7739931683316839887,"(51, 34)","(7, 0)","(10, 16)"
260,60,0.3,bot4,burned,91,14504931604116602010,7739931683316839887,"(51, 34)","(7, 0)","(10, 16)"
260,60,0.4,bot1,burned,44,14504931604116602010,7739931683316839887,"(51, 34)","(7, 0)","(10, 16)"
260,60,0.4,bot2,burned,58,14504931604116602010,7739931683316839887,"(51, 34)","(7, 0)","(10, 16)"
260,60,0.4,bot3,burned,58,14504931604116602010,7739931683316839887,"(51, 34)","(7, 0)","(10, 16)"
260,60,0.4,bot4,burned,58,14504931604116602010,7739931683316839887,"(51, 34)","(7, 0)","(10, 16)"
260,60,0.5,bot1,burned,40,14504931604116602010,7739931683316839887,"(51, 34)","(7, 0)","(10, 16)"
260,60,0.5,bot2,burned,65,14504931604116602010,7739931683316839887,"(51, 34)","(7, 0)","(10, 16)"
260,60,0.5,bot3,burned,65,14504931604116602010,7739931683316839887,"(51, 34)","(7, 0)","(10, 16)"
260,60,0.5,bot4,burned,65,14504931604116602010,7739931683316839887,"(51, 34)","(7, 0)","(10, 16)"
261,60,0.3,bot1,success,70,6758970518507359983,1490165973096347366,"(56, 4)","(38, 50)","(51, 53)"
261,60,0.3,bot2,success,70,6758970518507359983,1490165973096347366,"(56, 4)","(38, 50)","(51, 53)"
261,60,0.3,bot3,success,70,6758970518507359983,1490165973096347366,"(56, 4)","(38, 50)","(51, 53)"
261,60,0.3,bot4,success,70,6758970518507359983,1490165973096347366,"(56, 4)","(38, 50)","(51, 53)"
261,60,0.4,bot1,burned,49,6758970518507359983,1490165973096347366,"(56, 4)","(38, 50)","(51, 53)"
261,60,0.4,bot2,burned,90,6758970518507359983,1490165973096347366,"(56, 4)","(38, 50)","(51, 53)"
261,60,0.4,bot3,burned,90,6758970518507359983,1490165973096347366,"(56, 4)","(38, 50)","(51, 53)"
261,60,0.4,bot4,burned,90,6758970518507359983,1490165973096347366,"(56, 4)","(38, 50)","(51, 53)"
261,60,0.5,bot1,burned,48,6758970518507359983,1490165973096347366,"(56, 4)","(38, 50)","(51, 53)"
261,60,0.5,bot2,burned,52,6758970518507359983,1490165973096347366,"(56, 4)","(38, 50)","(51, 53)"
261,60,0.5,bot3,burned,52,6758970518507359983,1490165973096347366,"(56, 4)","(38, 50)","(51, 53)"
261,60,0.5,bot4,burned,52,6758970518507359983,1490165973096347366,"(56, 4)","(38, 50)","(51, 53)"
262,60,0.3,bot1,success,67,10991171881002601842,10416490113471378321,"(37, 7)","(9, 42)","(42, 29)"
262,60,0.3,bot2,success,67,10991171881002601842,10416490113471378321,"(37, 7)","(9, 42)","(42, 29)"
262,60,0.3,bot3,success,67,10991171881002601842,10416490113471378321,"(37, 7)","(9, 42)","(42, 29)"
262,60,0.3,bot4,success,67,10991171881002601842,10416490113471378321,"(37, 7)","(9, 42)","(42, 29)"
262,60,0.4,bot1,success,67,10991171881002601842,10416490113471378321,"(37, 7)","(9, 42)","(42, 29)"
262,60,0.4,bot2,success,67,10991171881002601842,10416490113471378321,"(37, 7)","(9, 42)","(42, 29)"
262,60,0.4,bot3,success,67,10991171881002601842,10416490113471378321,"(37, 7)","(9, 42)","(42, 29)"
262,60,0.4,bot4,success,67,10991171881002601842,10416490113471378321,"(37, 7)","(9, 42)","(42, 29)"
262,60,0.5,bot1,success,67,10991171881002601842,10416490113471378321,"(37, 7)","(9, 42)","(42, 29)"
262,60,0.5,bot2,success,67,10991171881002601842,10416490113471378321,"(37, 7)","(9, 42)","(42, 29)"
262,60,0.5,bot3,success,67,10991171881002601842,10416490113471378321,"(37, 7)","(9, 42)","(42, 29)"
262,60,0.5,bot4,success,67,10991171881002601842,10416490113471378321,"(37, 7)","(9, 42)","(42, 29)"
263,60,0.3,bot1,success,51,12507198930828691346,14968948344490164861,"(14, 12)","(34, 13)","(18, 45)"
263,60,0.3,bot2,success,51,12507198930828691346,14968948344490164861,"(14, 12)","(34, 13)","(18, 45)"
263,60,0.3,bot3,success,51,12507198930828691346,14968948344490164861,"(14, 12)","(34, 13)","(18, 45)"
263,60,0.3,bot4,success,51,12507198930828691346,14968948344490164861,"(14, 12)","(34, 13)","(18, 45)"
263,60,0.4,bot1,success,51,12507198930828691346,14968948344490164861,"(14, 12)","(34, 13)","(18, 45)"
263,60,0.4,bot2,success,51,12507198930828691346,14968948344490164861,"(14, 12)","(34, 13)","(18, 45)"
263,60,0.4,bot3,success,51,12507198930828691346,14968948344490164861,"(14, 12)","(34, 13)","(18, 45)"
263,60,0.4,bot4,success,51,12507198930828691346,14968948344490164861,"(14, 12)","(34, 13)","(18, 45)"
263,60,0.5,bot1,success,51,12507198930828691346,14968948344490164861,"(14, 12)","(34, 13)","(18, 45)"
263,60,0.5,bot2,success,51,12507198930828691346,14968948344490164861,"(14, 12)","(34, 13)","(18, 45)"
263,60,0.5,bot3,success,51,12507198930828691346,14968948344490164861,"(14, 12)","(34, 13)","(18, 45)"
263,60,0.5,bot4,success,51,12507198930828691346,14968948344490164861,"(14, 12)","(34, 13)","(18, 45)"
264,60,0.3,bot1,success,33,17047809297899825874,15231846197354268801,"(11, 11)","(25, 2)","(1, 41)"
264,60,0.3,bot2,success,33,17047809297899825874,15231846197354268801,"(11, 11)","(25, 2)","(1, 41)"
264,60,0.3,bot3,success,33,17047809297899825874,15231846197354268801,"(11, 11)","(25, 2)","(1, 41)"
264,60,0.3,bot4,success,33,17047809297899825874,15231846197354268801,"(11, 11)","(25, 2)","(1, 41)"
264,60,0.4,bot1,success,33,17047809297899825874,15231846197354268801,"(11, 11)","(25, 2)","(1, 41)"
264,60,0.4,bot2,success,33,17047809297899825874,15231846197354268801,"(11, 11)","(25, 2)","(1, 41)"
264,60,0.4,bot3,success,33,17047809297899825874,15231846197354268801,"(11, 11)","(25, 2)","(1, 41)"
264,60,0.4,bot4,success,33,17047809297899825874,15231846197354268801,"(11, 11)","(25, 2)","(1, 41)"
264,60,0.5,bot1,success,33,17047809297899825874,15231846197354268801,"(11, 11)","(25, 2)","(1, 41)"
264,60,0.5,bot2,success,33,17047809297899825874,15231846197354268801,"(11, 11)","(25, 2)","(1, 41)"
264,60,0.5,bot3,success,33,17047809297899825874,15231846197354268801,"(11, 11)","(25, 2)","(1, 41)"
264,60,0.5,bot4,success,33,17047809297899825874,15231846197354268801,"(11, 11)","(25, 2)","(1, 41)"
265,60,0.3,bot1,success,8,12054718443956785924,4010741308379939840,"(52, 45)","(57, 46)","(56, 52)"
265,60,0.3,bot2,success,8,12054718443956785924,4010741308379939840,"(52, 45)","(57, 46)","(56, 52)"
265,60,0.3,bot3,success,8,12054718443956785924,4010741308379939840,"(52, 45)","(57, 46)","(56, 52)"
265,60,0.3,bot4,success,8,12054718443956785924,4010741308379939840,"(52, 45)","(57, 46)","(56, 52)"
265,60,0.4,bot1,success,8,12054718443956785924,4010741308379939840,"(52, 45)","(57, 46)","(56, 52)"
265,60,0.4,bot2,success,8,12054718443956785924,4010741308379939840,"(52, 45)","(57, 46)","(56, 52)"
265,60,0.4,bot3,success,8,12054718443956785924,4010741308379939840,"(52, 45)","(57, 46)","(56, 52)"
265,60,0.4,bot4,success,8,12054718443956785924,4010741308379939840,"(52, 45)","(57, 46)","(56, 52)"
265,60,0.5,bot1,success,8,12054718443956785924,4010741308379939840,"(52, 45)","(57, 46)","(56, 52)"
265,60,0.5,bot2,success,8,12054718443956785924,4010741308379939840,"(52, 45)","(57, 46)","(56, 52)"
265,60,0.5,bot3,success,8,12054718443956785924,4010741308379939840,"(52, 45)","(57, 46)","(56, 52)"
265,60,0.5,bot4,success,8,12054718443956785924,4010741308379939840,"(52, 45)","(57, 46)","(56, 52)"
266,60,0.3,bot1,success,30,5551479242832652398,4914593971689990446,"(20, 43)","(4, 53)","(32, 35)"
266,60,0.3,bot2,success,30,5551479242832652398,4914593971689990446,"(20, 43)","(4, 53)","(32, 35)"
266,60,0.3,bot3,success,30,5551479242832652398,4914593971689990446,"(20, 43)","(4, 53)","(32, 35)"
266,60,0.3,bot4,success,30,5551479242832652398,4914593971689990446,"(20, 43)","(4, 53)","(32, 35)"
266,60,0.4,bot1,success,30,5551479242832652398,4914593971689990446,"(20, 43)","(4, 53)","(32, 35)"
266,60,0.4,bot2,success,30,5551479242832652398,4914593971689990446,"(20, 43)","(4, 53)","(32, 35)"
266,60,0.4,bot3,success,30,5551479242832652398,4914593971689990446,"(20, 43)","(4, 53)","(32, 35)"
266,60,0.4,bot4,success,30,5551479242832652398,4914593971689990446,"(20, 43)","(4, 53)","(32, 35)"
266,60,0.5,bot1,success,30,5551479242832652398,4914593971689990446,"(20, 43)","(4, 53)","(32, 35)"
266,60,0.5,bot2,success,30,5551479242832652398,4914593971689990446,"(20, 43)","(4, 53)","(32, 35)"
266,60,0.5,bot3,success,30,5551479242832652398,4914593971689990446,"(20, 43)","(4, 53)","(32, 35)"
266,60,0.5,bot4,success,30,5551479242832652398,4914593971689990446,"(20, 43)","(4, 53)","(32, 35)"
267,60,0.3,bot1,burned,38,9422936523676561419,16018666651566944958,"(27, 57)","(8, 22)","(9, 30)"
267,60,0.3,bot2,burned,51,9422936523676561419,16018666651566944958,"(27, 57)","(8, 22)","(9, 30)"
267,60,0.3,bot3,burned,58,9422936523676561419,16018666651566944958,"(27, 57)","(8, 22)","(9, 30)"
267,60,0.3,bot4,burned,51,9422936523676561419,16018666651566944958,"(27, 57)","(8, 22)","(9, 30)"
267,60,0.4,bot1,burned,35,9422936523676561419,16018666651566944958,"(27, 57)","(8, 22)","(9, 30)"
267,60,0.4,bot2,burned,78,9422936523676561419,16018666651566944958,"(27, 57)","(8, 22)","(9, 30)"
267,60,0.4,bot3,burned,78,9422936523676561419,16018666651566944958,"(27, 57)","(8, 22)","(9, 30)"
267,60,0.4,bot4,burned,78,9422936523676561419,16018666651566944958,"(27, 57)","(8, 22)","(9, 30)"
267,60,0.5,bot1,burned,32,9422936523676561419,16018666651566944958,"(27, 57)","(8, 22)","(9, 30)"
267,60,0.5,bot2,burned,58,9422936523676561419,16018666651566944958,"(27, 57)","(8, 22)","(9, 30)"
267,60,0.5,bot3,burned,58,9422936523676561419,16018666651566944958,"(27, 57)","(8, 22)","(9, 30)"
267,60,0.5,bot4,burned,58,9422936523676561419,16018666651566944958,"(27, 57)","(8, 22)","(9, 30)"
268,60,0.3,bot1,success,47,6380179943439057073,16470093554631509945,"(36, 24)","(10, 11)","(38, 12)"
268,60,0.3,bot2,success,47,6380179943439057073,16470093554631509945,"(36, 24)","(10, 11)","(38, 12)"
268,60,0.3,bot3,success,47,6380179943439057073,16470093554631509945,"(36, 24)","(10, 11)","(38, 12)"
268,60,0.3,bot4,success,47,6380179943439057073,16470093554631509945,"(36, 24)","(10, 11)","(38, 12)"
268,60,0.4,bot1,success,47,6380179943439057073,16470093554631509945,"(36, 24)","(10, 11)","(38, 12)"
268,60,0.4,bot2,success,47,6380179943439057073,16470093554631509945,"(36, 24)","(10, 11)","(38, 12)"
268,60,0.4,bot3,success,47,6380179943439057073,16470093554631509945,"(36, 24)","(10, 11)","(38, 12)"
268,60,0.4,bot4,success,47,6380179943439057073,16470093554631509945,"(36, 24)","(10, 11)","(38, 12)"
268,60,0.5,bot1,success,47,6380179943439057073,16470093554631509945,"(36, 24)","(10, 11)","(38, 12)"
268,60,0.5,bot2,success,47,6380179943439057073,16470093554631509945,"(36, 24)","(10, 11)","(38, 12)"
268,60,0.5,bot3,success,47,6380179943439057073,16470093554631509945,"(36, 24)","(10, 11)","(38, 12)"
268,60,0.5,bot4,success,47,6380179943439057073,16470093554631509945,"(36, 24)","(10, 11)","(38, 12)"
269,60,0.3,bot1,success,36,17895305271639714552,16347858435539654836,"(14, 22)","(30, 4)","(47, 8)"
269,60,0.3,bot2,success,36,17895305271639714552,16347858435539654836,"(14, 22)","(30, 4)","(47, 8)"
269,60,0.3,bot3,success,36,17895305271639714552,16347858435539654836,"(14, 22)","(30, 4)","(47, 8)"
269,60,0.3,bot4,success,36,17895305271639714552,16347858435539654836,"(14, 22)","(30, 4)","(47, 8)"
269,60,0.4,bot1,success,36,17895305271639714552,16347858435539654836,"(14, 22)","(30, 4)","(47, 8)"
269,60,0.4,bot2,success,36,17895305271639714552,16347858435539654836,"(14, 22)","(30, 4)","(47, 8)"
269,60,0.4,bot3,success,36,17895305271639714552,16347858435539654836,"(14, 22)","(30, 4)","(47, 8)"
269,60,0.4,bot4,success,36,17895305271639714552,16347858435539654836,"(14, 22)","(30, 4)","(47, 8)"
269,60,0.5,bot1,success,36,17895305271639714552,16347858435539654836,"(14, 22)","(30, 4)","(47, 8)"
269,60,0.5,bot2,success,36,17895305271639714552,16347858435539654836,"(14, 22)","(30, 4)","(47, 8)"
269,60,0.5,bot3,success,36,17895305271639714552,16347858435539654836,"(14, 22)","(30, 4)","(47, 8)"
269,60,0.5,bot4,success,36,17895305271639714552,16347858435539654836,"(14, 22)","(30, 4)","(47, 8)"
270,60,0.3,bot1,success,52,2419772753888865198,16345532327766217670,"(51, 41)","(23, 19)","(4, 5)"
270,60,0.3,bot2,success,52,2419772753888865198,16345532327766217670,"(51, 41)","(23, 19)","(4, 5)"
270,60,0.3,bot3,success,52,2419772753888865198,16345532327766217670,"(51, 41)","(23, 19)","(4, 5)"
270,60,0.3,bot4,success,52,2419772753888865198,16345532327766217670,"(51, 41)","(23, 19)","(4, 5)"
270,60,0.4,bot1,success,52,2419772753888865198,16345532327766217670,"(51, 41)","(23, 19)","(4, 5)"
270,60,0.4,bot2,success,52,2419772753888865198,16345532327766217670,"(51, 41)","(23, 19)","(4, 5)"
270,60,0.4,bot3,success,52,2419772753888865198,16345532327766217670,"(51, 41)","(23, 19)","(4, 5)"
270,60,0.4,bot4,success,52,2419772753888865198,16345532327766217670,"(51, 41)","(23, 19)","(4, 5)"
270,60,0.5,bot1,success,52,2419772753888865198,16345532327766217670,"(51, 41)","(23, 19)","(4, 5)"
270,60,0.5,bot2,success,52,2419772753888865198,16345532327766217670,"(51, 41)","(23, 19)","(4, 5)"
270,60,0.5,bot3,success,52,2419772753888865198,16345532327766217670,"(51, 41)","(23, 19)","(4, 5)"
270,60,0.5,bot4,success,52,2419772753888865198,16345532327766217670,"(51, 41)","(23, 19)","(4, 5)"
271,60,0.3,bot1,success,74,330038185212336069,11523214042283111169,"(19, 8)","(19, 56)","(11, 21)"
271,60,0.3,bot2,success,74,330038185212336069,11523214042283111169,"(19, 8)","(19, 56)","(11, 21)"
271,60,0.3,bot3,success,74,330038185212336069,11523214042283111169,"(19, 8)","(19, 56)","(11, 21)"
271,60,0.3,bot4,success,74,330038185212336069,11523214042283111169,"(19, 8)","(19, 56)","(11, 21)"
271,60,0.4,bot1,success,74,330038185212336069,11523214042283111169,"(19, 8)","(19, 56)","(11, 21)"
271,60,0.4,bot2,success,74,330038185212336069,11523214042283111169,"(19, 8)","(19, 56)","(11, 21)"
271,60,0.4,bot3,success,74,330038185212336069,11523214042283111169,"(19, 8)","(19, 56)","(11, 21)"
271,60,0.4,bot4,success,74,330038185212336069,11523214042283111169,"(19, 8)","(19, 56)","(11, 21)"
271,60,0.5,bot1,success,74,330038185212336069,11523214042283111169,"(19, 8)","(19, 56)","(11, 21)"
271,60,0.5,bot2,success,74,330038185212336069,11523214042283111169,"(19, 8)","(19, 56)","(11, 21)"
271,60,0.5,bot3,success,74,330038185212336069,11523214042283111169,"(19, 8)","(19, 56)","(11, 21)"
271,60,0.5,bot4,success,74,330038185212336069,11523214042283111169,"(19, 8)","(19, 56)","(11, 21)"
272,60,0.3,bot1,success,54,16681829145979538270,8881081418407336151,"(34, 33)","(3, 44)","(2, 55)"
272,60,0.3,bot2,success,54,16681829145979538270,8881081418407336151,"(34, 33)","(3, 44)","(2, 55)"
272,60,0.3,bot3,success,54,16681829145979538270,8881081418407336151,"(34, 33)","(3, 44)","(2, 55)"
272,60,0.3,bot4,success,54,16681829145979538270,8881081418407336151,"(34, 33)","(3, 44)","(2, 55)"
272,60,0.4,bot1,success,54,16681829145979538270,8881081418407336151,"(34, 33)","(3, 44)","(2, 55)"
272,60,0.4,bot2,success,54,16681829145979538270,8881081418407336151,"(34, 33)","(3, 44)","(2, 55)"
272,60,0.4,bot3,success,54,16681829145979538270,8881081418407336151,"(34, 33)","(3, 44)","(2, 55)"
272,60,0.4,bot4,success,54,16681829145979538270,8881081418407336151,"(34, 33)","(3, 44)","(2, 55)"
272,60,0.5,bot1,burned,48,16681829145979538270,8881081418407336151,"(34, 33)","(3, 44)","(2, 55)"
272,60,0.5,bot2,burned,55,16681829145979538270,8881081418407336151,"(34, 33)","(3, 44)","(2, 55)"
272,60,0.5,bot3,burned,55,16681829145979538270,8881081418407336151,"(34, 33)","(3, 44)","(2, 55)"
272,60,0.5,bot4,burned,55,16681829145979538270,8881081418407336151,"(34, 33)","(3, 44)","(2, 55)"
273,60,0.3,bot1,burned,53,9065105184525815251,8775104176531581040,"(10, 15)","(48, 41)","(51, 34)"
273,60,0.3,bot2,burned,122,9065105184525815251,8775104176531581040,"(10, 15)","(48, 41)","(51, 34)"
273,60,0.3,bot3,burned,122,9065105184525815251,8775104176531581040,"(10, 15)","(48, 41)","(51, 34)"
273,60,0.3,bot4,burned,122,9065105184525815251,8775104176531581040,"(10, 15)","(48, 41)","(51, 34)"
273,60,0.4,bot1,burned,44,9065105184525815251,8775104176531581040,"(10, 15)","(48, 41)","(51, 34)"
273,60,0.4,bot2,burned,107,9065105184525815251,8775104176531581040,"(10, 15)","(48, 41)","(51, 34)"
273,60,0.4,bot3,burned,107,9065105184525815251,8775104176531581040,"(10, 15)","(48, 41)","(51, 34)"
273,60,0.4,bot4,burned,107,9065105184525815251,8775104176531581040,"(10, 15)","(48, 41)","(51, 34)"
273,60,0.5,bot1,burned,43,9065105184525815251,8775104176531581040,"(10, 15)","(48, 41)","(51, 34)"
273,60,0.5,bot2,burned,104,9065105184525815251,8775104176531581040,"(10, 15)","(48, 41)","(51, 34)"
273,60,0.5,bot3,burned,104,9065105184525815251,8775104176531581040,"(10, 15)","(48, 41)","(51, 34)"
273,60,0.5,bot4,burned,104,9065105184525815251,8775104176531581040,"(10, 15)","(48, 41)","(51, 34)"
274,60,0.3,bot1,success,32,1161488948497240205,11952236510325437296,"(37, 57)","(59, 47)","(19, 52)"
274,60,0.3,bot2,success,32,1161488948497240205,11952236510325437296,"(37, 57)","(59, 47)","(19, 52)"
274,60,0.3,bot3,success,32,1161488948497240205,11952236510325437296,"(37, 57)","(59, 47)","(19, 52)"
274,60,0.3,bot4,success,32,1161488948497240205,11952236510325437296,"(37, 57)","(59, 47)","(19, 52)"
274,60,0.4,bot1,success,32,1161488948497240205,11952236510325437296,"(37, 57)","(59, 47)","(19, 52)"
274,60,0.4,bot2,success,32,1161488948497240205,11952236510325437296,"(37, 57)","(59, 47)","(19, 52)"
274,60,0.4,bot3,success,32,1161488948497240205,11952236510325437296,"(37, 57)","(59, 47)","(19, 52)"
274,60,0.4,bot4,success,32,1161488948497240205,11952236510325437296,"(37, 57)","(59, 47)","(19, 52)"
274,60,0.5,bot1,success,32,1161488948497240205,11952236510325437296,"(37, 57)","(59, 47)","(19, 52)"
274,60,0.5,bot2,success,32,1161488948497240205,11952236510325437296,"(37, 57)","(59, 47)","(19, 52)"
274,60,0.5,bot3,success,32,1161488948497240205,11952236510325437296,"(37, 57)","(59, 47)","(19, 52)"
274,60,0.5,bot4,success,32,1161488948497240205,11952236510325437296,"(37, 57)","(59, 47)","(19, 52)"
275,60,0.3,bot1,success,19,13426581920200091318,6492362118471329781,"(38, 15)","(24, 18)","(24, 15)"
275,60,0.3,bot2,success,19,13426581920200091318,6492362118471329781,"(38, 15)","(24, 18)","(24, 15)"
275,60,0.3,bot3,success,19,13426581920200091318,6492362118471329781,"(38, 15)","(24, 18)","(24, 15)"
275,60,0.3,bot4,success,19,13426581920200091318,6492362118471329781,"(38, 15)","(24, 18)","(24, 15)"
275,60,0.4,bot1,success,19,13426581920200091318,6492362118471329781,"(38, 15)","(24, 18)","(24, 15)"
275,60,0.4,bot2,success,19,13426581920200091318,6492362118471329781,"(38, 15)","(24, 18)","(24, 15)"
275,60,0.4,bot3,success,19,13426581920200091318,6492362118471329781,"(38, 15)","(24, 18)","(24, 15)"
275,60,0.4,bot4,success,19,13426581920200091318,6492362118471329781,"(38, 15)","(24, 18)","(24, 15)"
275,60,0.5,bot1,success,19,13426581920200091318,6492362118471329781,"(38, 15)","(24, 18)","(24, 15)"
275,60,0.5,bot2,success,19,13426581920200091318,6492362118471329781,"(38, 15)","(24, 18)","(24, 15)"
275,60,0.5,bot3,success,19,13426581920200091318,6492362118471329781,"(38, 15)","(24, 18)","(24, 15)"
275,60,0.5,bot4,success,19,13426581920200091318,6492362118471329781,"(38, 15)","(24, 18)","(24, 15)"
276,60,0.3,bot1,success,22,5334446630650939080,11507737525363696805,"(28, 51)","(42, 47)","(44, 54)"
276,60,0.3,bot2,success,22,5334446630650939080,11507737525363696805,"(28, 51)","(42, 47)","(44, 54)"
276,60,0.3,bot3,success,22,5334446630650939080,11507737525363696805,"(28, 51)","(42, 47)","(44, 54)"
276,60,0.3,bot4,success,22,5334446630650939080,11507737525363696805,"(28, 51)","(42, 47)","(44, 54)"
276,60,0.4,bot1,success,22,5334446630650939080,11507737525363696805,"(28, 51)","(42, 47)","(44, 54)"
276,60,0.4,bot2,success,22,5334446630650939080,11507737525363696805,"(28, 51)","(42, 47)","(44, 54)"
276,60,0.4,bot3,success,22,5334446630650939080,11507737525363696805,"(28, 51)","(42, 47)","(44, 54)"
276,60,0.4,bot4,success,22,5334446630650939080,11507737525363696805,"(28, 51)","(42, 47)","(44, 54)"
276,60,0.5,bot1,success,22,5334446630650939080,11507737525363696805,"(28, 51)","(42, 47)","(44, 54)"
276,60,0.5,bot2,success,22,5334446630650939080,11507737525363696805,"(28, 51)","(42, 47)","(44, 54)"
276,60,0.5,bot3,success,22,5334446630650939080,11507737525363696805,"(28, 51)","(42, 47)","(44, 54)"
276,60,0.5,bot4,success,22,5334446630650939080,11507737525363696805,"(28, 51)","(42, 47)","(44, 54)"
277,60,0.3,bot1,success,43,8021250424303083370,8338002160674501263,"(45, 17)","(16, 17)","(59, 50)"
277,60,0.3,bot2,success,43,8021250424303083370,8338002160674501263,"(45, 17)","(16, 17)","(59, 50)"
277,60,0.3,bot3,success,43,8021250424303083370,8338002160674501263,"(45, 17)","(16, 17)","(59, 50)"
277,60,0.3,bot4,success,43,8021250424303083370,8338002160674501263,"(45, 17)","(16, 17)","(59, 50)"
277,60,0.4,bot1,success,43,8021250424303083370,8338002160674501263,"(45, 17)","(16, 17)","(59, 50)"
277,60,0.4,bot2,success,43,8021250424303083370,8338002160674501263,"(45, 17)","(16, 17)","(59, 50)"
277,60,0.4,bot3,success,43,8021250424303083370,8338002160674501263,"(45, 17)","(16, 17)","(59, 50)"
277,60,0.4,bot4,success,43,8021250424303083370,8338002160674501263,"(45, 17)","(16, 17)","(59, 50)"
277,60,0.5,bot1,success,43,8021250424303083370,8338002160674501263,"(45, 17)","(16, 17)","(59, 50)"
277,60,0.5,bot2,success,43,8021250424303083370,8338002160674501263,"(45, 17)","(16, 17)","(59, 50)"
277,60,0.5,bot3,success,43,8021250424303083370,8338002160674501263,"(45, 17)","(16, 17)","(59, 50)"
277,60,0.5,bot4,success,43,8021250424303083370,8338002160674501263,"(45, 17)","(16, 17)","(59, 50)"
278,60,0.3,bot1,success,58,4872780107255301493,7191417119299147462,"(6, 17)","(16, 57)","(59, 4)"
278,60,0.3,bot2,success,58,4872780107255301493,7191417119299147462,"(6, 17)","(16, 57)","(59, 4)"
278,60,0.3,bot3,success,58,4872780107255301493,7191417119299147462,"(6, 17)","(16, 57)","(59, 4)"
278,60,0.3,bot4,success,58,4872780107255301493,7191417119299147462,"(6, 17)","(16, 57)","(59, 4)"
278,60,0.4,bot1,success,58,4872780107255301493,7191417119299147462,"(6, 17)","(16, 57)","(59, 4)"
278,60,0.4,bot2,success,58,4872780107255301493,7191417119299147462,"(6, 17)","(16, 57)","(59, 4)"
278,60,0.4,bot3,success,58,4872780107255301493,7191417119299147462,"(6, 17)","(16, 57)","(59, 4)"
278,60,0.4,bot4,success,58,4872780107255301493,7191417119299147462,"(6, 17)","(16, 57)","(59, 4)"
278,60,0.5,bot1,success,58,4872780107255301493,7191417119299147462,"(6, 17)","(16, 57)","(59, 4)"
278,60,0.5,bot2,success,58,4872780107255301493,7191417119299147462,"(6, 17)","(16, 57)","(59, 4)"
278,60,0.5,bot3,success,58,4872780107255301493,7191417119299147462,"(6, 17)","(16, 57)","(59, 4)"
278,60,0.5,bot4,success,58,4872780107255301493,7191417119299147462,"(6, 17)","(16, 57)","(59, 4)"
279,60,0.3,bot1,burned,46,17511999972014424128,2461542243904267255,"(46, 32)","(8, 1)","(11, 8)"
279,60,0.3,bot2,burned,66,17511999972014424128,2461542243904267255,"(46, 32)","(8, 1)","(11, 8)"
279,60,0.3,bot3,burned,75,17511999972014424128,2461542243904267255,"(46, 32)","(8, 1)","(11, 8)"
279,60,0.3,bot4,burned,66,17511999972014424128,2461542243904267255,"(46, 32)","(8, 1)","(11, 8)"
279,60,0.4,bot1,burned,40,17511999972014424128,2461542243904267255,"(46, 32)","(8, 1)","(11, 8)"
279,60,0.4,bot2,burned,72,17511999972014424128,2461542243904267255,"(46, 32)","(8, 1)","(11, 8)"
279,60,0.4,bot3,burned,72,17511999972014424128,2461542243904267255,"(46, 32)","(8, 1)","(11, 8)"
279,60,0.4,bot4,burned,72,17511999972014424128,2461542243904267255,"(46, 32)","(8, 1)","(11, 8)"
279,60,0.5,bot1,burned,40,17511999972014424128,2461542243904267255,"(46, 32)","(8, 1)","(11, 8)"
279,60,0.5,bot2,burned,69,17511999972014424128,2461542243904267255,"(46, 32)","(8, 1)","(11, 8)"
279,60,0.5,bot3,burned,69,17511999972014424128,2461542243904267255,"(46, 32)","(8, 1)","(11, 8)"
279,60,0.5,bot4,burned,69,17511999972014424128,2461542243904267255,"(46, 32)","(8, 1)","(11, 8)"
280,60,0.3,bot1,success,17,14091508064472171680,7756946983324150146,"(21, 33)","(16, 43)","(13, 33)"
280,60,0.3,bot2,success,17,14091508064472171680,7756946983324150146,"(21, 33)","(16, 43)","(13, 33)"
280,60,0.3,bot3,success,17,14091508064472171680,7756946983324150146,"(21, 33)","(16, 43)","(13, 33)"
280,60,0.3,bot4,success,17,14091508064472171680,7756946983324150146,"(21, 33)","(16, 43)","(13, 33)"
280,60,0.4,bot1,success,17,14091508064472171680,7756946983324150146,"(21, 33)","(16, 43)","(13, 33)"
280,60,0.4,bot2,success,17,14091508064472171680,7756946983324150146,"(21, 33)","(16, 43)","(13, 33)"
280,60,0.4,bot3,success,17,14091508064472171680,7756946983324150146,"(21, 33)","(16, 43)","(13, 33)"
280,60,0.4,bot4,success,17,14091508064472171680,7756946983324150146,"(21, 33)","(16, 43)","(13, 33)"
280,60,0.5,bot1,success,17,14091508064472171680,7756946983324150146,"(21, 33)","(16, 43)","(13, 33)"
280,60,0.5,bot2,success,17,14091508064472171680,7756946983324150146,"(21, 33)","(16, 43)","(13, 33)"
280,60,0.5,bot3,success,17,14091508064472171680,7756946983324150146,"(21, 33)","(16, 43)","(13, 33)"
280,60,0.5,bot4,success,17,14091508064472171680,7756946983324150146,"(21, 33)","(16, 43)","(13, 33)"
281,60,0.3,bot1,success,66,10736438077459730018,10331519646736426832,"(32, 11)","(40, 55)","(32, 7)"
281,60,0.3,bot2,success,66,10736438077459730018,10331519646736426832,"(32, 11)","(40, 55)","(32, 7)"
281,60,0.3,bot3,success,66,10736438077459730018,10331519646736426832,"(32, 11)","(40, 55)","(32, 7)"
281,60,0.3,bot4,success,66,10736438077459730018,10331519646736426832,"(32, 11)","(40, 55)","(32, 7)"
281,60,0.4,bot1,success,66,10736438077459730018,10331519646736426832,"(32, 11)","(40, 55)","(32, 7)"
281,60,0.4,bot2,success,66,10736438077459730018,10331519646736426832,"(32, 11)","(40, 55)","(32, 7)"
281,60,0.4,bot3,success,66,10736438077459730018,10331519646736426832,"(32, 11)","(40, 55)","(32, 7)"
281,60,0.4,bot4,success,66,10736438077459730018,10331519646736426832,"(32, 11)","(40, 55)","(32, 7)"
281,60,0.5,bot1,success,66,10736438077459730018,10331519646736426832,"(32, 11)","(40, 55)","(32, 7)"
281,60,0.5,bot2,success,66,10736438077459730018,10331519646736426832,"(32, 11)","(40, 55)","(32, 7)"
281,60,0.5,bot3,success,66,10736438077459730018,10331519646736426832,"(32, 11)","(40, 55)","(32, 7)"
281,60,0.5,bot4,success,66,10736438077459730018,10331519646736426832,"(32, 11)","(40, 55)","(32, 7)"
282,60,0.3,bot1,success,72,16519239527627859713,10943659146684294865,"(29, 37)","(2, 4)","(55, 37)"
282,60,0.3,bot2,success,72,16519239527627859713,10943659146684294865,"(29, 37)","(2, 4)","(55, 37)"
282,60,0.3,bot3,success,72,16519239527627859713,10943659146684294865,"(29, 37)","(2, 4)","(55, 37)"
282,60,0.3,bot4,success,72,16519239527627859713,10943659146684294865,"(29, 37)","(2, 4)","(55, 37)"
282,60,0.4,bot1,success,72,16519239527627859713,10943659146684294865,"(29, 37)","(2, 4)","(55, 37)"
282,60,0.4,bot2,success,72,16519239527627859713,10943659146684294865,"(29, 37)","(2, 4)","(55, 37)"
282,60,0.4,bot3,success,72,16519239527627859713,10943659146684294865,"(29, 37)","(2, 4)","(55, 37)"
282,60,0.4,bot4,success,72,16519239527627859713,10943659146684294865,"(29, 37)","(2, 4)","(55, 37)"
282,60,0.5,bot1,success,72,16519239527627859713,10943659146684294865,"(29, 37)","(2, 4)","(55, 37)"
282,60,0.5,bot2,success,72,16519239527627859713,10943659146684294865,"(29, 37)","(2, 4)","(55, 37)"
282,60,0.5,bot3,success,72,16519239527627859713,10943659146684294865,"(29, 37)","(2, 4)","(55, 37)"
282,60,0.5,bot4,success,72,16519239527627859713,10943659146684294865,"(29, 37)","(2, 4)","(55, 37)"
283,60,0.3,bot1,burned,29,2104403293421552209,11129446453252795350,"(44, 19)","(20, 37)","(28, 36)"
283,60,0.3,bot2,burned,107,2104403293421552209,11129446453252795350,"(44, 19)","(20, 37)","(28, 36)"
283,60,0.3,bot3,burned,107,2104403293421552209,11129446453252795350,"(44, 19)","(20, 37)","(28, 36)"
283,60,0.3,bot4,burned,107,2104403293421552209,11129446453252795350,"(44, 19)","(20, 37)","(28, 36)"
283,60,0.4,bot1,burned,28,2104403293421552209,11129446453252795350,"(44, 19)","(20, 37)","(28, 36)"
283,60,0.4,bot2,burned,73,2104403293421552209,11129446453252795350,"(44, 19)","(20, 37)","(28, 36)"
283,60,0.4,bot3,burned,73,2104403293421552209,11129446453252795350,"(44, 19)","(20, 37)","(28, 36)"
283,60,0.4,bot4,burned,73,2104403293421552209,11129446453252795350,"(44, 19)","(20, 37)","(28, 36)"
283,60,0.5,bot1,burned,26,2104403293421552209,11129446453252795350,"(44, 19)","(20, 37)","(28, 36)"
283,60,0.5,bot2,burned,64,2104403293421552209,11129446453252795350,"(44, 19)","(20, 37)","(28, 36)"
283,60,0.5,bot3,burned,64,2104403293421552209,11129446453252795350,"(44, 19)","(20, 37)","(28, 36)"
283,60,0.5,bot4,burned,64,2104403293421552209,11129446453252795350,"(44, 19)","(20, 37)","(28, 36)"
284,60,0.3,bot1,success,21,555789702067254289,2997743231642428618,"(52, 22)","(40, 31)","(52, 26)"
284,60,0.3,bot2,success,21,555789702067254289,2997743231642428618,"(52, 22)","(40, 31)","(52, 26)"
284,60,0.3,bot3,success,21,555789702067254289,2997743231642428618,"(52, 22)","(40, 31)","(52, 26)"
284,60,0.3,bot4,success,21,555789702067254289,2997743231642428618,"(52, 22)","(40, 31)","(52, 26)"
284,60,0.4,bot1,success,21,555789702067254289,2997743231642428618,"(52, 22)","(40, 31)","(52, 26)"
284,60,0.4,bot2,success,21,555789702067254289,2997743231642428618,"(52, 22)","(40, 31)","(52, 26)"
284,60,0.4,bot3,success,21,555789702067254289,2997743231642428618,"(52, 22)","(40, 31)","(52, 26)"
284,60,0.4,bot4,success,21,555789702067254289,2997743231642428618,"(52, 22)","(40, 31)","(52, 26)"
284,60,0.5,bot1,success,21,555789702067254289,2997743231642428618,"(52, 22)","(40, 31)","(52, 26)"
284,60,0.5,bot2,success,21,555789702067254289,2997743231642428618,"(52, 22)","(40, 31)","(52, 26)"
284,60,0.5,bot3,success,21,555789702067254289,2997743231642428618,"(52, 22)","(40, 31)","(52, 26)"
284,60,0.5,bot4,success,21,555789702067254289,2997743231642428618,"(52, 22)","(40, 31)","(52, 26)"
285,60,0.3,bot1,success,51,8345086986788429498,9122956224712054580,"(52, 44)","(21, 32)","(58, 18)"
285,60,0.3,bot2,success,51,8345086986788429498,9122956224712054580,"(52, 44)","(21, 32)","(58, 18)"
285,60,0.3,bot3,success,51,8345086986788429498,9122956224712054580,"(52, 44)","(21, 32)","(58, 18)"
285,60,0.3,bot4,success,51,8345086986788429498,9122956224712054580,"(52, 44)","(21, 32)","(58, 18)"
285,60,0.4,bot1,success,51,8345086986788429498,9122956224712054580,"(52, 44)","(21, 32)","(58, 18)"
285,60,0.4,bot2,success,51,8345086986788429498,9122956224712054580,"(52, 44)","(21, 32)","(58, 18)"
285,60,0.4,bot3,success,51,8345086986788429498,9122956224712054580,"(52, 44)","(21, 32)","(58, 18)"
285,60,0.4,bot4,success,51,8345086986788429498,9122956224712054580,"(52, 44)","(21, 32)","(58, 18)"
285,60,0.5,bot1,success,51,8345086986788429498,9122956224712054580,"(52, 44)","(21, 32)","(58, 18)"
285,60,0.5,bot2,success,51,8345086986788429498,9122956224712054580,"(52, 44)","(21, 32)","(58, 18)"
285,60,0.5,bot3,success,51,8345086986788429498,9122956224712054580,"(52, 44)","(21, 32)","(58, 18)"
285,60,0.5,bot4,success,51,8345086986788429498,9122956224712054580,"(52, 44)","(21, 32)","(58, 18)"
286,60,0.3,bot1,success,46,3089311584480846784,850696107797640797,"(17, 47)","(22, 14)","(33, 9)"
286,60,0.3,bot2,success,46,3089311584480846784,850696107797640797,"(17, 47)","(22, 14)","(33, 9)"
286,60,0.3,bot3,success,46,3089311584480846784,850696107797640797,"(17, 47)","(22, 14)","(33, 9)"
286,60,0.3,bot4,success,46,3089311584480846784,850696107797640797,"(17, 47)","(22, 14)","(33, 9)"
286,60,0.4,bot1,burned,46,3089311584480846784,850696107797640797,"(17, 47)","(22, 14)","(33, 9)"
286,60,0.4,bot2,burned,49,3089311584480846784,850696107797640797,"(17, 47)","(22, 14)","(33, 9)"
286,60,0.4,bot3,burned,49,3089311584480846784,850696107797640797,"(17, 47)","(22, 14)","(33, 9)"
286,60,0.4,bot4,burned,49,3089311584480846784,850696107797640797,"(17, 47)","(22, 14)","(33, 9)"
286,60,0.5,bot1,burned,42,3089311584480846784,850696107797640797,"(17, 47)","(22, 14)","(33, 9)"
286,60,0.5,bot2,burned,53,3089311584480846784,850696107797640797,"(17, 47)","(22, 14)","(33, 9)"
286,60,0.5,bot3,burned,53,3089311584480846784,850696107797640797,"(17, 47)","(22, 14)","(33, 9)"
286,60,0.5,bot4,burned,53,3089311584480846784,850696107797640797,"(17, 47)","(22, 14)","(33, 9)"
287,60,0.3,bot1,burned,9,13033896442345737878,16878648061920003776,"(53, 1)","(40, 52)","(50, 7)"
287,60,0.3,bot2,burned,25,13033896442345737878,16878648061920003776,"(53, 1)","(40, 52)","(50, 7)"
287,60,0.3,bot3,success,70,13033896442345737878,16878648061920003776,"(53, 1)","(40, 52)","(50, 7)"
287,60,0.3,bot4,success,78,13033896442345737878,16878648061920003776,"(53, 1)","(40, 52)","(50, 7)"
287,60,0.4,bot1,burned,9,13033896442345737878,16878648061920003776,"(53, 1)","(40, 52)","(50, 7)"
287,60,0.4,bot2,burned,24,13033896442345737878,16878648061920003776,"(53, 1)","(40, 52)","(50, 7)"
287,60,0.4,bot3,burned,24,13033896442345737878,16878648061920003776,"(53, 1)","(40, 52)","(50, 7)"
287,60,0.4,bot4,success,78,13033896442345737878,16878648061920003776,"(53, 1)","(40, 52)","(50, 7)"
287,60,0.5,bot1,burned,8,13033896442345737878,16878648061920003776,"(53, 1)","(40, 52)","(50, 7)"
287,60,0.5,bot2,burned,24,13033896442345737878,16878648061920003776,"(53, 1)","(40, 52)","(50, 7)"
287,60,0.5,bot3,burned,22,13033896442345737878,16878648061920003776,"(53, 1)","(40, 52)","(50, 7)"
287,60,0.5,bot4,success,78,13033896442345737878,16878648061920003776,"(53, 1)","(40, 52)","(50, 7)"
288,60,0.3,bot1,success,57,18272879836354525200,600325091095987384,"(24, 9)","(53, 35)","(23, 10)"
288,60,0.3,bot2,success,57,18272879836354525200,600325091095987384,"(24, 9)","(53, 35)","(23, 10)"
288,60,0.3,bot3,success,57,18272879836354525200,600325091095987384,"(24, 9)","(53, 35)","(23, 10)"
288,60,0.3,bot4,success,57,18272879836354525200,600325091095987384,"(24, 9)","(53, 35)","(23, 10)"
288,60,0.4,bot1,success,57,18272879836354525200,600325091095987384,"(24, 9)","(53, 35)","(23, 10)"
288,60,0.4,bot2,success,57,18272879836354525200,600325091095987384,"(24, 9)","(53, 35)","(23, 10)"
288,60,0.4,bot3,success,57,18272879836354525200,600325091095987384,"(24, 9)","(53, 35)","(23, 10)"
288,60,0.4,bot4,success,57,18272879836354525200,600325091095987384,"(24, 9)","(53, 35)","(23, 10)"
288,60,0.5,bot1,success,57,18272879836354525200,600325091095987384,"(24, 9)","(53, 35)","(23, 10)"
288,60,0.5,bot2,success,57,18272879836354525200,600325091095987384,"(24, 9)","(53, 35)","(23, 10)"
288,60,0.5,bot3,success,57,18272879836354525200,600325091095987384,"(24, 9)","(53, 35)","(23, 10)"
288,60,0.5,bot4,success,57,18272879836354525200,600325091095987384,"(24, 9)","(53, 35)","(23, 10)"
289,60,0.3,bot1,success,54,16330859207314867875,4096498834277155165,"(26, 43)","(43, 10)","(16, 8)"
289,60,0.3,bot2,success,54,16330859207314867875,4096498834277155165,"(26, 43)","(43, 10)","(16, 8)"
289,60,0.3,bot3,success,54,16330859207314867875,4096498834277155165,"(26, 43)","(43, 10)","(16, 8)"
289,60,0.3,bot4,success,54,16330859207314867875,4096498834277155165,"(26, 43)","(43, 10)","(16, 8)"
289,60,0.4,bot1,success,54,16330859207314867875,4096498834277155165,"(26, 43)","(43, 10)","(16, 8)"
289,60,0.4,bot2,success,54,16330859207314867875,4096498834277155165,"(26, 43)","(43, 10)","(16, 8)"
289,60,0.4,bot3,success,54,16330859207314867875,4096498834277155165,"(26, 43)","(43, 10)","(16, 8)"
289,60,0.4,bot4,success,54,16330859207314867875,4096498834277155165,"(26, 43)","(43, 10)","(16, 8)"
289,60,0.5,bot1,success,54,16330859207314867875,4096498834277155165,"(26, 43)","(43, 10)","(16, 8)"
289,60,0.5,bot2,success,54,16330859207314867875,4096498834277155165,"(26, 43)","(43, 10)","(16, 8)"
289,60,0.5,bot3,success,54,16330859207314867875,4096498834277155165,"(26, 43)","(43, 10)","(16, 8)"
289,60,0.5,bot4,success,54,16330859207314867875,4096498834277155165,"(26, 43)","(43, 10)","(16, 8)"
290,60,0.3,bot1,success,62,1488086464828645191,2128772255539125637,"(46, 38)","(8, 24)","(58, 0)"
290,60,0.3,bot2,success,62,1488086464828645191,2128772255539125637,"(46, 38)","(8, 24)","(58, 0)"
290,60,0.3,bot3,success,62,1488086464828645191,2128772255539125637,"(46, 38)","(8, 24)","(58, 0)"
290,60,0.3,bot4,success,62,1488086464828645191,2128772255539125637,"(46, 38)","(8, 24)","(58, 0)"
290,60,0.4,bot1,success,62,1488086464828645191,2128772255539125637,"(46, 38)","(8, 24)","(58, 0)"
290,60,0.4,bot2,success,62,1488086464828645191,2128772255539125637,"(46, 38)","(8, 24)","(58, 0)"
290,60,0.4,bot3,success,62,1488086464828645191,2128772255539125637,"(46, 38)","(8, 24)","(58, 0)"
290,60,0.4,bot4,success,62,1488086464828645191,2128772255539125637,"(46, 38)","(8, 24)","(58, 0)"
290,60,0.5,bot1,success,62,1488086464828645191,2128772255539125637,"(46, 38)","(8, 24)","(58, 0)"
290,60,0.5,bot2,success,62,1488086464828645191,2128772255539125637,"(46, 38)","(8, 24)","(58, 0)"
290,60,0.5,bot3,success,62,1488086464828645191,2128772255539125637,"(46, 38)","(8, 24)","(58, 0)"
290,60,0.5,bot4,success,62,1488086464828645191,2128772255539125637,"(46, 38)","(8, 24)","(58, 0)"
291,60,0.3,bot1,success,61,16017407963364277905,3248662188590609011,"(23, 32)","(52, 8)","(57, 41)"
291,60,0.3,bot2,success,61,16017407963364277905,3248662188590609011,"(23, 32)","(52, 8)","(57, 41)"
291,60,0.3,bot3,success,61,16017407963364277905,3248662188590609011,"(23, 32)","(52, 8)","(57, 41)"
291,60,0.3,bot4,success,61,16017407963364277905,3248662188590609011,"(23, 32)","(52, 8)","(57, 41)"
291,60,0.4,bot1,success,61,16017407963364277905,3248662188590609011,"(23, 32)","(52, 8)","(57, 41)"
291,60,0.4,bot2,success,61,16017407963364277905,3248662188590609011,"(23, 32)","(52, 8)","(57, 41)"
291,60,0.4,bot3,success,61,16017407963364277905,3248662188590609011,"(23, 32)","(52, 8)","(57, 41)"
291,60,0.4,bot4,success,61,16017407963364277905,3248662188590609011,"(23, 32)","(52, 8)","(57, 41)"
291,60,0.5,bot1,success,61,16017407963364277905,3248662188590609011,"(23, 32)","(52, 8)","(57, 41)"
291,60,0.5,bot2,success,61,16017407963364277905,3248662188590609011,"(23, 32)","(52, 8)","(57, 41)"
291,60,0.5,bot3,success,61,16017407963364277905,3248662188590609011,"(23, 32)","(52, 8)","(57, 41)"
291,60,0.5,bot4,success,61,16017407963364277905,3248662188590609011,"(23, 32)","(52, 8)","(57, 41)"
292,60,0.3,bot1,burned,22,10967463084087144596,17215291017486355471,"(39, 22)","(47, 37)","(43, 38)"
292,60,0.3,bot2,burned,72,10967463084087144596,17215291017486355471,"(39, 22)","(47, 37)","(43, 38)"
292,60,0.3,bot3,burned,81,10967463084087144596,17215291017486355471,"(39, 22)","(47, 37)","(43, 38)"
292,60,0.3,bot4,burned,81,10967463084087144596,17215291017486355471,"(39, 22)","(47, 37)","(43, 38)"
292,60,0.4,bot1,burned,18,10967463084087144596,17215291017486355471,"(39, 22)","(47, 37)","(43, 38)"
292,60,0.4,bot2,burned,67,10967463084087144596,17215291017486355471,"(39, 22)","(47, 37)","(43, 38)"
292,60,0.4,bot3,burned,69,10967463084087144596,17215291017486355471,"(39, 22)","(47, 37)","(43, 38)"
292,60,0.4,bot4,burned,67,10967463084087144596,17215291017486355471,"(39, 22)","(47, 37)","(43, 38)"
292,60,0.5,bot1,burned,18,10967463084087144596,17215291017486355471,"(39, 22)","(47, 37)","(43, 38)"
292,60,0.5,bot2,burned,43,10967463084087144596,17215291017486355471,"(39, 22)","(47, 37)","(43, 38)"
292,60,0.5,bot3,burned,43,10967463084087144596,17215291017486355471,"(39, 22)","(47, 37)","(43, 38)"
292,60,0.5,bot4,burned,43,10967463084087144596,17215291017486355471,"(39, 22)","(47, 37)","(43, 38)"
293,60,0.3,bot1,success,13,17275107457517073066,9904222798774335841,"(46, 53)","(45, 47)","(23, 10)"
293,60,0.3,bot2,success,13,17275107457517073066,9904222798774335841,"(46, 53)","(45, 47)","(23, 10)"
293,60,0.3,bot3,success,13,17275107457517073066,9904222798774335841,"(46, 53)","(45, 47)","(23, 10)"
293,60,0.3,bot4,success,13,17275107457517073066,9904222798774335841,"(46, 53)","(45, 47)","(23, 10)"
293,60,0.4,bot1,success,13,17275107457517073066,9904222798774335841,"(46, 53)","(45, 47)","(23, 10)"
293,60,0.4,bot2,success,13,17275107457517073066,9904222798774335841,"(46, 53)","(45, 47)","(23, 10)"
293,60,0.4,bot3,success,13,17275107457517073066,9904222798774335841,"(46, 53)","(45, 47)","(23, 10)"
293,60,0.4,bot4,success,13,17275107457517073066,9904222798774335841,"(46, 53)","(45, 47)","(23, 10)"
293,60,0.5,bot1,success,13,17275107457517073066,9904222798774335841,"(46, 53)","(45, 47)","(23, 10)"
293,60,0.5,bot2,success,13,17275107457517073066,9904222798774335841,"(46, 53)","(45, 47)","(23, 10)"
293,60,0.5,bot3,success,13,17275107457517073066,9904222798774335841,"(46, 53)","(45, 47)","(23, 10)"
293,60,0.5,bot4,success,13,17275107457517073066,9904222798774335841,"(46, 53)","(45, 47)","(23, 10)"
294,60,0.3,bot1,success,63,5937000127876260530,5654742905835773828,"(59, 46)","(38, 8)","(22, 31)"
294,60,0.3,bot2,success,63,5937000127876260530,5654742905835773828,"(59, 46)","(38, 8)","(22, 31)"
294,60,0.3,bot3,success,63,5937000127876260530,5654742905835773828,"(59, 46)","(38, 8)","(22, 31)"
294,60,0.3,bot4,success,63,5937000127876260530,5654742905835773828,"(59, 46)","(38, 8)","(22, 31)"
294,60,0.4,bot1,success,63,5937000127876260530,5654742905835773828,"(59, 46)","(38, 8)","(22, 31)"
294,60,0.4,bot2,success,63,5937000127876260530,5654742905835773828,"(59, 46)","(38, 8)","(22, 31)"
294,60,0.4,bot3,success,63,5937000127876260530,5654742905835773828,"(59, 46)","(38, 8)","(22, 31)"
294,60,0.4,bot4,success,63,5937000127876260530,5654742905835773828,"(59, 46)","(38, 8)","(22, 31)"
294,60,0.5,bot1,success,63,5937000127876260530,5654742905835773828,"(59, 46)","(38, 8)","(22, 31)"
294,60,0.5,bot2,success,63,5937000127876260530,5654742905835773828,"(59, 46)","(38, 8)","(22, 31)"
294,60,0.5,bot3,success,63,5937000127876260530,5654742905835773828,"(59, 46)","(38, 8)","(22, 31)"
294,60,0.5,bot4,success,63,5937000127876260530,5654742905835773828,"(59, 46)","(38, 8)","(22, 31)"
295,60,0.3,bot1,success,43,880470927850544205,924013196239114419,"(3, 6)","(19, 29)","(0, 55)"
295,60,0.3,bot2,success,43,880470927850544205,924013196239114419,"(3, 6)","(19, 29)","(0, 55)"
295,60,0.3,bot3,success,43,880470927850544205,924013196239114419,"(3, 6)","(19, 29)","(0, 55)"
295,60,0.3,bot4,success,43,880470927850544205,924013196239114419,"(3, 6)","(19, 29)","(0, 55)"
295,60,0.4,bot1,success,43,880470927850544205,924013196239114419,"(3, 6)","(19, 29)","(0, 55)"
295,60,0.4,bot2,success,43,880470927850544205,924013196239114419,"(3, 6)","(19, 29)","(0, 55)"
295,60,0.4,bot3,success,43,880470927850544205,924013196239114419,"(3, 6)","(19, 29)","(0, 55)"
295,60,0.4,bot4,success,43,880470927850544205,924013196239114419,"(3, 6)","(19, 29)","(0, 55)"
295,60,0.5,bot1,success,43,880470927850544205,924013196239114419,"(3, 6)","(19, 29)","(0, 55)"
295,60,0.5,bot2,success,43,880470927850544205,924013196239114419,"(3, 6)","(19, 29)","(0, 55)"
295,60,0.5,bot3,success,43,880470927850544205,924013196239114419,"(3, 6)","(19, 29)","(0, 55)"
295,60,0.5,bot4,success,43,880470927850544205,924013196239114419,"(3, 6)","(19, 29)","(0, 55)"
296,60,0.3,bot1,success,39,3984792133046514834,15869494926482358505,"(18, 48)","(4, 27)","(58, 27)"
296,60,0.3,bot2,success,39,3984792133046514834,15869494926482358505,"(18, 48)","(4, 27)","(58, 27)"
296,60,0.3,bot3,success,39,3984792133046514834,15869494926482358505,"(18, 48)","(4, 27)","(58, 27)"
296,60,0.3,bot4,success,39,3984792133046514834,15869494926482358505,"(18, 48)","(4, 27)","(58, 27)"
296,60,0.4,bot1,success,39,3984792133046514834,15869494926482358505,"(18, 48)","(4, 27)","(58, 27)"
296,60,0.4,bot2,success,39,3984792133046514834,15869494926482358505,"(18, 48)","(4, 27)","(58, 27)"
296,60,0.4,bot3,success,39,3984792133046514834,15869494926482358505,"(18, 48)","(4, 27)","(58, 27)"
296,60,0.4,bot4,success,39,3984792133046514834,15869494926482358505,"(18, 48)","(4, 27)","(58, 27)"
296,60,0.5,bot1,success,39,3984792133046514834,15869494926482358505,"(18, 48)","(4, 27)","(58, 27)"
296,60,0.5,bot2,success,39,3984792133046514834,15869494926482358505,"(18, 48)","(4, 27)","(58, 27)"
296,60,0.5,bot3,success,39,3984792133046514834,15869494926482358505,"(18, 48)","(4, 27)","(58, 27)"
296,60,0.5,bot4,success,39,3984792133046514834,15869494926482358505,"(18, 48)","(4, 27)","(58, 27)"
297,60,0.3,bot1,success,80,10599846752692575170,6688987885743811733,"(3, 38)","(49, 12)","(29, 35)"
297,60,0.3,bot2,success,80,10599846752692575170,6688987885743811733,"(3, 38)","(49, 12)","(29, 35)"
297,60,0.3,bot3,success,80,10599846752692575170,6688987885743811733,"(3, 38)","(49, 12)","(29, 35)"
297,60,0.3,bot4,success,80,10599846752692575170,6688987885743811733,"(3, 38)","(49, 12)","(29, 35)"
297,60,0.4,bot1,success,80,10599846752692575170,6688987885743811733,"(3, 38)","(49, 12)","(29, 35)"
297,60,0.4,bot2,success,80,10599846752692575170,6688987885743811733,"(3, 38)","(49, 12)","(29, 35)"
297,60,0.4,bot3,success,80,10599846752692575170,6688987885743811733,"(3, 38)","(49, 12)","(29, 35)"
297,60,0.4,bot4,success,80,10599846752692575170,6688987885743811733,"(3, 38)","(49, 12)","(29, 35)"
297,60,0.5,bot1,burned,44,10599846752692575170,6688987885743811733,"(3, 38)","(49, 12)","(29, 35)"
297,60,0.5,bot2,burned,61,10599846752692575170,6688987885743811733,"(3, 38)","(49, 12)","(29, 35)"
297,60,0.5,bot3,burned,63,10599846752692575170,6688987885743811733,"(3, 38)","(49, 12)","(29, 35)"
297,60,0.5,bot4,success,80,10599846752692575170,6688987885743811733,"(3, 38)","(49, 12)","(29, 35)"
298,60,0.3,bot1,success,32,4811318223870514428,13104738690460245878,"(13, 38)","(32, 51)","(9, 45)"
298,60,0.3,bot2,success,32,4811318223870514428,13104738690460245878,"(13, 38)","(32, 51)","(9, 45)"
298,60,0.3,bot3,success,32,4811318223870514428,13104738690460245878,"(13, 38)","(32, 51)","(9, 45)"
298,60,0.3,bot4,success,32,4811318223870514428,13104738690460245878,"(13, 38)","(32, 51)","(9, 45)"
298,60,0.4,bot1,success,32,4811318223870514428,13104738690460245878,"(13, 38)","(32, 51)","(9, 45)"
298,60,0.4,bot2,success,32,4811318223870514428,13104738690460245878,"(13, 38)","(32, 51)","(9, 45)"
298,60,0.4,bot3,success,32,4811318223870514428,13104738690460245878,"(13, 38)","(32, 51)","(9, 45)"
298,60,0.4,bot4,success,32,4811318223870514428,13104738690460245878,"(13, 38)","(32, 51)","(9, 45)"
298,60,0.5,bot1,success,32,4811318223870514428,13104738690460245878,"(13, 38)","(32, 51)","(9, 45)"
298,60,0.5,bot2,success,32,4811318223870514428,13104738690460245878,"(13, 38)","(32, 51)","(9, 45)"
298,60,0.5,bot3,success,32,4811318223870514428,13104738690460245878,"(13, 38)","(32, 51)","(9, 45)"
298,60,0.5,bot4,success,32,4811318223870514428,13104738690460245878,"(13, 38)","(32, 51)","(9, 45)"
299,60,0.3,bot1,success,21,1433341461232095321,6367854899338357422,"(49, 38)","(57, 27)","(48, 18)"
299,60,0.3,bot2,success,21,1433341461232095321,6367854899338357422,"(49, 38)","(57, 27)","(48, 18)"
299,60,0.3,bot3,success,21,1433341461232095321,6367854899338357422,"(49, 38)","(57, 27)","(48, 18)"
299,60,0.3,bot4,success,21,1433341461232095321,6367854899338357422,"(49, 38)","(57, 27)","(48, 18)"
299,60,0.4,bot1,success,21,1433341461232095321,6367854899338357422,"(49, 38)","(57, 27)","(48, 18)"
299,60,0.4,bot2,success,21,1433341461232095321,6367854899338357422,"(49, 38)","(57, 27)","(48, 18)"
299,60,0.4,bot3,success,21,1433341461232095321,6367854899338357422,"(49, 38)","(57, 27)","(48, 18)"
299,60,0.4,bot4,success,21,1433341461232095321,6367854899338357422,"(49, 38)","(57, 27)","(48, 18)"
299,60,0.5,bot1,success,21,1433341461232095321,6367854899338357422,"(49, 38)","(57, 27)","(48, 18)"
299,60,0.5,bot2,success,21,1433341461232095321,6367854899338357422,"(49, 38)","(57, 27)","(48, 18)"
299,60,0.5,bot3,success,21,1433341461232095321,6367854899338357422,"(49, 38)","(57, 27)","(48, 18)"
299,60,0.5,bot4,success,21,1433341461232095321,6367854899338357422,"(49, 38)","(57, 27)","(48, 18)"
